# Resource object code (Python 3)
# Created by: object code
# Created by: The Resource Compiler for Qt version 6.11.1
# WARNING! All changes made in this file will be lost!

from PySide6 import QtCore

qt_resource_data = b"\
\x00\x00\x7f0\
\x89\
PNG\x0d\x0a\x1a\x0a\x00\x00\x00\x0dIHDR\x00\
\x00\x02\x00\x00\x00\x02\x00\x08\x06\x00\x00\x00\xf4x\xd4\xfa\
\x00\x00\x00\x09pHYs\x00\x00\x0e\xc3\x00\x00\x0e\xc3\
\x01\xc7o\xa8d\x00\x00\x00\x19tEXtSof\
tware\x00www.inksca\
pe.org\x9b\xee<\x1a\x00\x00 \x00ID\
ATx\x9c\xec\x9dw\xdceUu\xf7\x7f\x1b\xa60\
C\x87Az\x17\x10\x05A\x05\x91\xa2\x82\x05\x0b\xd6\xd8\
\xd0X\x13K4\x1a5\xe6\x8d\x1aI\xe2k\x125\xb1\
$\xf8j\xec\xbd`\x01{C\x14\x91\x0eRD\xaa\xd2\
\x86\xce\xc0\xc0\x0cLc\xea\xf7\xfdc\x9f\x07\x1e\x86\xa7\
\xdc{\xd7:g\xdfs\xcf\xfa~>\xf73\xcf<\xcf\
=\xfb\xac\xbd\xef\xbe{\xaf\xb3\xd6\xdakIA\x10\x04\
A\x10\x04A\x10\x04A\x10\x04A\x10\x04A\x10\x04A\
\x10\x04A\x10\x04A\x10\x04A\x10\x04A\x10\x04A\x10\
\xb4\x83TZ\x80 \x08\xa6\x07\x98)i\x0bI[N\
\xf0\xef\x96\x926\x97\xb4A\xf5\xaf$\xcd\x954{\x82\
\xdf\xcd\x90t\xef$\xb7Y,\x89\xea\xe7%\x92\x96I\
Z.iQ\xf5\xf32IK%\xddS\xfd|\xb7\xa4\
;SJ\x0b=\xfa\x18\x04A\xb3\x84\x02\x10\x04\x05\x01\
6\x91\xb4\xb3\xa4\xed%\xed(i\x87\xea\xb5c\xf5\xbb\
\x9d$m%i\x93R2\xf6\xc0\x1aIwV\xaf\x05\
\xd5k\xa1\xa4;$\xdd*\xe9FI\xf3%\xdd\x9cR\
Z]H\xc6 \x08\xd6#\x14\x80 \xa8\x19`\x07I\
{Iz\xf8\xb8\x7f\x1f.i\x0fI\x9b\x16\x14\xadi\
\xd6*+\x04\xf3\xc7\xbdn\xa8\xfe\xbd:\xa5tc!\
\xb9\x82\xa0\x93\x84\x02\x10\x04\x0e\x00\x1b*o\xea\x8f\x96\
t\x80\xa4}\xf4\xc0\x86\xbfqA\xd1\xda\xc4\x12IW\
I\xbaR\xd2\x15\xd5\xcfWH\xba.\xa5\xb4\xb6\xa4`\
A0\x8a\x84\x02\x10\x04}\x02l.i\x7f\xe5\x8d~\
\xec\xb5\x9f\xb2\x8f=\xf0g\xa5\xa4?K\xbaL\xd2\x85\
\xd5\xeb\xe2\x94\xd2=E\xa5\x0a\x82\x96\x13\x0a@\x10L\
A\x15|w\xa0\xa4C\xab\xd7!\x92v/*T \
\xe5`\xc5k\xf4\x80Bp\xa1\xa4\x8bB)\x08\x82\xde\
\x09\x05 \x08\xc6\x01<Ly\xa3?\xac\xfa\xf7 I\
s\x8a\x0a\x15\xf4\x0a\x92\xae\x96t\xb6\xa4\xd3%\x9d\x99\
R\xba\xba\xacHA0\xbc\x84\x02\x10t\x1a`;I\
O\x95\xf44IG(\xfb\xed\x83\xd1\xe1vIgV\
\xaf3$]\x12\xf1\x04A\x90\x09\x05 \xe8\x14\xd5\xb1\
\xbb'\xeb\x81M\x7f?\xc5\xf7\xa0K,\x91t\x96\xa4\
\xdfH:9\xa5tiay\x82\xa0\x18\xb1\xf0\x05#\
\x0d\xb0\x81\xb2\xdf\xfe\xe9\xca\x1b\xfe\x13$\xcd,*T\
0L\xdc*\xe9dI\xbf\x92tJJ\xe9\xae\xc2\xf2\
\x04Ac\x84\x02\x10\x8c\x1c\xc0F\xca\x9b\xfd\xf3%=\
W\xd2\xb6e%\x0aZ\xc2:I\x17(+\x03'K\
:'\xdc\x05\xc1(\x13\x0a@0\x12\x00[*o\xfa\
\xcfU\xde\xf87++Q0\x02\xdc-\xe9g\x92~\
\x22\xe9\xe7)\xa5e\x85\xe5\x09\x02WB\x01\x08ZK\
\x95a\xef%\xca\x1b\xfe\x13\x95\xf3\xdc\x07A\x1d,\x95\
\xf4\x0bI?PV\x06\xe2\xb8a\xd0zB\x01\x08Z\
\x05\xb0\x85\xa4\xbf\x90\xf4\x97\x92\x8eT.v\x13\x04M\
\xb2J\xd2\xa9\xca\xca\xc0\x0fRJw\x16\x96'\x08\x06\
\x22\x14\x80`\xe8\x01fK:Z\xf9i\xffE\x8a\x8c\
{\xc1\xf0\xb0V\xd2o%}]\xd2\xf7SJK\x0b\
\xcb\x13\x04=\x13\x0a@0\x94T\xd1\xfbG*?\xe9\
\xff\x85r\xe9\xdb \x18f\x96H\xfa\xa1\xa4oJ\xfa\
u\x04\x10\x06\xc3N(\x00\xc1PQ\xf9\xf5_'\xe9\
\x0d\x92v-,N\x10\x0c\xca\xed\x92\xbe-\xe9\x9b)\
\xa5\x0bJ\x0b\x13\x04\x13\x11\x0a@P\x9c\xeai\xffh\
IoT\x8e\xe2\x8f`>_V)'\xbf9C\xd2\
\xe5\xca\xd5\xf6\x16+?\xb1J\xf9\xc4\xc4\x16\x92\xf6U\
N\x8ct\x84\xa4\xc3\x15\xf9\x12\xbc\xb8T\xd2\xe7$}\
#\xa5\xb4\xb8\xb40A0F(\x00A1\xaa4\xbc\
\x7f%\xe9\xf5\x8a\x02;\xde\xac\x93t\x8a\xa4/J\xfa\
E\xbf\xbei`SI\xcf\x96\xf4\xd7\xcaY\x13#\xd8\
\xd2\xcerI\xdf\x95\xf4\xb9\x94\xd29\xa5\x85\x09\x82P\
\x00\x82\xc6\x01\x9e\x22\xe9-\x92\x9e\xa7x\xca\xf4f\x95\
\xa4/K\xfa\xcf\x94\xd2\xf5\x1e\x0d\x02{Hz\xaf\xa4\
\xd7(>//\xc2*\x10\x14'\x14\x80\xa0\x11\xaa\xb2\
\xba/\x95\xf4.I\x8f),\xce\xa8r\x82\xa4\x7fJ\
)\xcd\xaf\xa3\xf1J\x11\xf8\xb0\xf2i\x8c\xc0\x871\xab\
\xc0'RJ\x17\x97\x16&\xe8\x16\xa1\x00\x04\xb5\x02l\
\xae\xec\xdb\xff;I;\x15\x16gT\xb9N\xd2[R\
J'7q3\xe0\x18I\x9fR\x04izs\x9a\xa4\
\xff\x96\xf4\xd3\x94\xd2\xba\xc2\xb2\x04\x1d \x14\x80\xa0\x16\
\x80\xdd$\xbd]\xd9\x87\xbciYi\x8a\xb1P\xd2I\
\x92\xf6Q>\xd2X\x07\xdf\x90\xf4\xe6\xa6\xcf\x9f\x03\x9b\
I\xfa\xac\xa4ck\xba\xc5\x19\x92\xae\x91\xf4Bu\xef\
\x08\xe8\xd5\x92\x8e\x97\xf4\x95H?\x1c\xd4I(\x00\x81\
+\xc0c%\xfd\xa3r\xc2\x9e.F\xf3/\x91t\xa2\
\xa4\xef(\x97\x9c}\xb2rq\x19\xef \xba\x15\xcaO\
\xfd_qn\xb7/\x807H\xfa\x84\xa4\x8d\x9c\x9b^\
\xa7\x5c\xdb\xe1,I\xcf\x90\xf42ee\xa0KI\xa0\
\x16)\xc7\x09|2\xa5tsia\x82\xd1#\x14\x80\
\xc0\x05\xe01\x92\xde\xaf|\x8c\xafk\xf3\x0aI\xa7K\
\xfa\x92\xa4\x93\xc6\x9e\xda\x80\x87I\xfa\x83\xa4\xed\x9d\xef\
w\xa7\xa4\xe7\xa5\x94\xceunw \x80#\x94\x13\xe0\
l\xed\xdc\xf4\xad\x92\x0e\x1cK\xb5[Y\x1d^\xa6\x9c\
'\xe2P\xe7{\x0d3\xab\x95\x15\xca\x0f\xa5\x94\xae(\
-L\x10\x04\x81\xa4\xbc\xf1\x03?\x04\xd6\xd1=\xee\x04\
>\x0c\xec9\xc1\xb8$\xe0\x175\xdc\xf3O\x13\xdd\xaf\
4\xc0^\xc0\xd55\xf4\xf7\xa7\xc0C\x14J\xe0\x11\xc0\
\x7f\x03\x8bj\xb8\xe7\xb0\xb2\x16\xf8\x1ep@\x89\xcf8\
\x08\x82@\x92\x04\xec\x0f|\x97nn\xfc\x17\x00o\x04\
&5G\x03\xffX\xc3}\xaf$gJ\x1cJ\x80m\
\x81\xcbj\xe8\xf7;\xa6\xb8\xe7F\xc0\xab\x81?\xd4p\
\xdfa\xe6\x14\xe0\x90&?\xdf \x08:\x0ep \xf0\
\x03\xba\xb7\xf1\xaf%\xf7\xfb\xb0\x1e\xc6\xe8 `\x95\xf3\
\xfd/\x01\xb6i\xe23\xb6\x00l\x07\x5c\xee\xdc\xf7\xfb\
\xc8.\xa6\xe9\xee}\x14\xf0s\xba57\x7f\x01\x1c\xde\
\xc4g\x1b\x04AG\x01\xf6\x00\xbeM\xb7\x16W\xc8\x9b\
\xcf\xe7\x81}z\x1c\xa7\x99\xe4\xcd\xda\x93?\xd1\x82\xcd\
\x7f\x0c\xb2\x12p\xad\xf3\x18\x5c\x04\xf4\x14TJ\xb6N\
}\x15\x7f%l\x989\x95P\x04\x82 \xf0\x04\xd8\x92\
\xec\xe7^Qv}k\x9c\x95\xc0g\x81\x1d\xfb\x1c\xaf\
\x7fv\x96\xe3V\xf2\x91\xcaV\x01\xec\x09\xdc\xee<\x16\
\xef\xe9S\x86]\x80\xe3\xe9\xd6\xdc=\x058\xb0\xae\xcf\
5\x08\x82\x0e\x00\xcc\x02\xfe\x1e\xb8\xab\xecz\xd68+\
\xc8\x9bF\xdf\xbev`_\xb2\xc5\xc0\x8b{i\xf1b\
Nv\x85,u\x1c\x8f\xe5\xc0\xde\x03\xc8\xb1+Y\x99\
[\xe9(\xcb0\xb3\x16\xf8\x0a\x10\x89\x9a\x82 \xe8\x1d\
r\xf4\xfaK\xf17\xe1\x0e;k\x80/\xd0\xe7\x13\xff\
\xb8q\xdb\x008\xd3Q\x9e\xb5\xc0\xf3\xbd?\xdf\xa6\x01\
^\x82\xaf\xdb\xe84&8\x15\xd0\xa3,\xbb\x01\xdf\xa8\
\xc6\xb6\x0b\xdc\x07|\x1c\x98\xe7\xfd\xb9\x06A0b\x00\
\x87\x03\xe7\x94]\xb3\x8a\xf0#\xe0\x91\xc6\xb1{\xab\xb3\
L\xff\xea\xf5\xb9\x96\x06\xf8\x0f\xe7\xb1y\x93Q\x9e\x03\
\x81\x93\x9de\x1af\xee!\xbb\xa66\xf1\xfaL\x83 \
\x18\x11\xc8A[_\xa7{\x01~\x97\x00Or\x18\xbf\
\x1d\xc8\xe6z/~\xc8\x80O\xb9\xc3\x08\xd9:\xf2s\
\xc7\xf1YL.%m\x95\xeb\xe9\xe4\xa3\x95]\xe1\x16\
\xe0U\x8c\xd0\xdc\x0a\x82`@\xc8\x0b\xf3\xab\x81\x85E\
\x97\xa5\xe6Y\x0a\xbc\x1f\x98\xe54\x8e_s\x94\xed&\
\xc0;\xa3^q\x80y\xe4\x0d\xc8\x8b/8\xc95\x13\
x;\xbe\x0a\xdc\xb0\xf3{\xa0K\x99\x14\x83 \x18\x0f\
\xf0X\xe0\xdc\xc2\x0bQ\x09~\x02\xec\xec<\x8e^>\
\xe5\xb5\xc0Q^\xb2\x0d\x1b\xc0\x93\xc9\xb1\x16^cu\
\x90\xa3l;\xe2\xab\xc8\x0d;\xeb\xc8\xfd\xdd\xd6k\x0c\
\x83 \x18r\xc8\xc7\xfa>Mw\x02\xa1\xc6\xb8\x02x\
\x8a\xf3X&\xe0,G\x19G\xc6\xef?\x19\xf8\xc6\x03\
\xfc\xae\x06\xf9\x9eE=)\x8d\x87\x95\xc5\xc0;\x81\x99\
\xdec\x19\x04\xc1\x90@\xde\xac^\x03,(\xb9\xdaT\
4\x19k\xb0\x14x75,p\xc0\xcb\x1d\xe5\xbc\x80\
\x1e\x13\xdd\xb4\x19\xf2\xf1R\xcfDI/\xaeA\xc6\x8d\
\x80\x7f%\x1f;l\x0a/\xcb\xc8\xa0\x5c\x01\x1c\xed=\
\x96A\x10\x14\x86\x9c\x94\xe5\xb4\xc2\x0b\x0c\xe4\x9c\x02_\
 \xfb\xb9\x9b\xe07\xd4t\x16\x1a\x98\x0b\xdc\xe8$\xe7\
J`\xff:\xe4\x1cF\xc8n\x13\xaf,}\xd7\x01\xde\
\xa5\x88\xc7\xe4\xdc\x13\xdf\xa3\x9dSq=\xf0\x19\xca\xc7\
\xe3|\x93\x5c\xc52\x08\x826C~\xea\x7f+\xbe\xc9\
X\x06\xe1vrq\x9c'\x0277p\xbf\x15\xc0;\
\x80\x0dj\x1c[\xcf\x8c\x7f\xc7\xd5%\xe7\xb0\x02\xfc\x9b\
\xe3\xf8\xbd\xb7F97\x04\xdeC3I\x84n\x04\x0e\
\x05\xdeE\xce\x00Y\x8a\x85\xc0k\x89\xd3\x02A\xd0N\
\xc8\xb9\xfb\x7f[p\x11\x01\xb8\x81\xac\x80\xcc!\xfbV\
\x9b\x88\xb4\xbe\x10\xe3\x99\xfe\x1e\xc6v+\xf2\xd9j\x0f\
\xfeH\x07L\xff\xeb\x03\xcc\x06\xaer\x1a\xc3E\xc0\x16\
5\xcb{\x00p\xa9\x93\xbcS\xb1\x18x\x1a\xd9\x0d\xf1\
\x16\xb2e\xa0\x14\xbf\x01\x1e^\xe7\xb8\x06A\xe0\x08\xf9\
\xa9\xffo\x81%\x05\x17\x8e[\x807S\x1d\xb3#\x97\
\xce]]\xf3=W\x03\xffN\x03\xc1L\xc0\x07\x9dd\
^\x07<\xb1ny\x87\x15\xe0\xa9N\xe3\x08\xf0\x81\x06\
\xe4\x9d\x0d|\x84\xfa\x03hW\x01\xaf\xab\xee9\x8b\xfc\
]j\xc2r6\x11\xcb\x81\xf7\x12A\x82A0\xdc\x00\
\xbb\x93\xab\x82\x95\xe2N\xe0\x1f\x809\xe3d\xf24\xf5\
N\xc6\x9f\x81'44\xc6\xdb\xe0\xa7\x5c}\xb5\x09\x99\
\x87\x19\xe0\x04\xa7\xb1\xbc\x87\x86\xf2'\x90\x8f3\xcew\
\x92{*\x8e\x1bw\xcf9\xe4\xda\x1cw4p\xdf\x89\
\xb8\x04x|\x13\xe3\x1b\x04A\x1f\x90\x9f\xfa\xdfB\xb9\
\xa7\xfe{\xc8Q\xd3\x9b\x8d\x93i\x03\xe0\x93\x0d\xdc\xfb\
\xb3\xc0\xc6\x0d\x8e\xf5G\x9d\xe4^D\x04[\x8deQ\
\xf4r\xa7|\xb8A\xb97\xa3\x99\xbc\x01\x1fg\x9c/\
\x1e\xd8\x04x\x1fy\xfe4\xcd\x1a\xb2\xf5\xcb%\x81V\
\x10\x04F\xc8\x19\xd6~Z`1\x80\x1c\x18\xf5Q\xd6\
{\xf2\x02f\x90S\x0b\xd7\xc9r\xe0\xd5\x0d\x8f\xf5\xf6\
\xc02'\xf9\xdf\xd5\xa4\xec\xc3\x0c9\xc8\xce\x83\xa54\
\x9c\xd8\x06x\x13\xbe\x15 '\xe2K\xc0\x86\xeb\xddw\
K\xf2w\xaf\xee{O\xc4\xc5\xc0~M\x8es\x10\x04\
\xeb\x01\x1cI9\xdf\xe0O\x80='\x90i6pR\
\xcd\xf7\xbe\x118\xb8\xc0x\x1f\xef$\xffu\xc0\xec\xa6\
\xe5\x1fV\xc8\x01o^&\xf5\x8f\x17\x90\xff\xb1\xd4\x1f\
\xac\xf7#&8\xee\x08\xecL\xb6D4]\xc7c\x15\
9\x9d\xf6\x86\x13\x8dI\x10\x045A~\xc2\xfe7\xca\
$\x0f9\x0f8|\x12\xb96\xa5\xfe\x93\x07\xbf\x00\xb6\
*0\xe6;\x90\x8f\x17z\xf0\x92\xa6\xe5\x1fv\x80\xbf\
t\x1a\xdb\xe58\x14\x0a\x1a@\xfem\xc8Q\xf3ur\
\x0a\x93\xb8\xbb\x80'\xe0\x9b\x95\xb2W~\x07\xec\xde\xf4\
x\x07A'\x01v\x01\xce(\xf0E\xbf\x01x\x05\x93\
\x9c\x0d&o\xfeu&MY\x07|\x80\x1a\xcf\xf6O\
\x05\xf0\x9fN\xfd8\x8b8_\xfd\x10\xc8q,\xe7;\
\x8d\xf1\x07\x0b\xf5a\x06\xf0_\xd4\xfb4~\x1a\x93+\
\x01\x09x\x09\xcd\x04(\x8e\xe7^\xe0\xaf\x9b\x1e\xef \
\xe8\x14\xc0\x0b\x81\xbb\x1b\xfer\xdfG\xdex\xe7L!\
\xd7f\xd4\xfb\xf4\xb1\x08xn\x93c=A\xff\x16;\
\xf5\xe5\xc9\xa5\xfa1\xec\x90\xcb\xf3zp7\xb0i\xc1\
~\xbc\x98zs^\xfc\x0e\xd8d\x8a\xfb\xcf%[\x08\
\xbd,V\xbd\xf2C\x0aX\xe7\x82`\xa4!\xfbH?\
\xd5\xf0\x97\x19\xb2\xb9}\xcaD \xd4\xbf\xf9_6\x9d\
\x0cuC>\xda\xe8\xc1\xafK\xf6\xa3\x0d\x9077\x0f\
\xdeY\xb8\x1f\xfb\x02\x7fr\xea\xcbDL\xa9\x04T2\
<\x1c\xf8Y\x8d2L\xc4\x0dD\xa9\xe1 \xf0\x01\xd8\
\x89\xecwo\x92\x9b\xe9!\xc2\x1e\xd8\x18\xbf\x05{\x22\
N\xa5\xe6\x0co=\xf4q&~9\xff;\x9b\xf4\xa7\
W\x80#\x9c\xc6\xfa&\x0a\x1fW#G\xea\x9f\xee\xd4\
\x9f\x898\x93\x1e,\x1d\xc0s\x81kk\x94c}V\
\x93\x03\x04\x8b\xb8\xeb\x82`$\x00\x9eB\xb3\x89?V\
\x01\x1f\xa2\x87s\xf5d\x9f\xff\xd95\xca\xf2-\x86 \
R\x9e\x9c\x13\xdd\x83\x9f\x95\xeeK[\x00Nv\x1a\xf3\
W\x0dA_\xe6\x00':\xf5g\x22N\x07\xe6\xf6(\
\xc7\x07\xf1+\xc2\xd4\x0b?\xa5\xa1\xe4LA0R\x90\
\xb3~\xd5\x9d>w<\xe7\x03\x8f\xeeQ\xb6\x8d\xa87\
\xe2\xf9?\x19\x82@9rP\xd5eN}\x0a\xb3h\
\x8f\x00\x879\x8d\xf9%\x0c\xc7<\xda\x00\xf8\x1f\xa7>\
M\xc4/\xe9\xd1\xdaA\xaei\xe0\x15l\xd9\x0b72\
\xc9\xa9\xa1 \x08\xd6\x83\x1c\xc0\xf3\xcd\x06\xbf\xa0\xcb\xc8\
\xcaFO\xe7y\xc9\x91\xce?\xacI\x965\xc0[\xea\
\x1e\xe3^\x01\x8eq\xea\xd7\x19\xa5\xfb\xd26\xf0+_\
\xfd\x8c\xd2}\x19\x83\xfc=\xab\xab\x8e\xc0\x89\xf4\xfe\x1d\
\xde\x10x'\xcdU\x09]\x0d\xbc\x9b!P\xc6\x82`\
h!\xe7\xf2\xffCC_J\xc8\xe7\x8a\xf7\xe8C\xbe\
\x0d\xa8/\xc3\xdf2\xe0\xf9u\x8eo\xbf\x00?w\xea\
\xdb\xf3J\xf7\xa5m\x00\xcfp\x1a\xfb\x9f\x94\xee\xcbx\
\x80\x97R_t\xfe\x97\xe8c\x93\x05v#\x07\xfa6\
\xc5\x8f\x18\x97.<\x08\x82\x0a\xe0hr\x1d\xee&X\
\x04\xbc\x8e>5r\xea\xcb\xed\x7f\x07pH]c;\
\x08\xc0\x9e\xf8<\xad]I\x04C\x0d\x04p\x81\xc3\xf8\
\xaf\x01v+\xdd\x97\xf1\x00O\x04\xeer\xe8\xdbD\xfc\
\xf7\x00\xf2\xbc\x1e\xbfz\x0c\xd3q\x05\xb0w\x1d\xe3\x1a\
\x04\xad\x04x\x17\xcde\xf5;\x05\xd8y\x00\x19\xeb\xaa\
\xeaw\x13C\xb8 \x90\x13\xbax\x10\x09R\x06\x84|\
\x9e\xde\x83\x0f\x95\xee\xcb\xfa\x00\x8f\x02ns\xea\xdf\xfa\
\xfc\xcb\x00\xf2\xecFs\x95D\x17\x01\xcf\xaac\x5c\x83\
\xa05\x90}qMT\xcc\x83lv|7\x03<\x8d\
\x92\x9f\x10\xea\xe0F\x0a\x9f\xf1\x9f\x08r\xc4\xb4\x875\
\xe6v&\xc8\xdf\x1e\xf4\x06\xf9\xfb\xe1q|\xed\xcea\
\xfc\x1c\x80\xbd\xa9\xa7\x96\xc7:\xe0u\x03\xc8\x93\x807\
\xd2Ll\xc0:\xf2Q\xc1\x88\x0b\x08\xba\x07\xb9\xacg\
SU\xfc~\x0f\xec;\xa0\x9c\xc7P\xcfi\x84\xf9\xf4\
\x11\x7f\xd0$\xc0\xab\x9d\xfa\xf8\x9e\xd2}i;\xe4`\
5\x0f^Y\xba/\x13A}J\xc0*\x06\x0c\x80\xac\
d:\xa7\x06\x99&\xe2\x04z8\xc6\x18\x04#\x03\xb9\
\xac\xec\x85\x0d|\xb9V\x03\xff\x17\x989\xa0\x9c\x8f\x03\
\x96\xd4 \xd7\xf5\x0c\x99_v<\xc0\xb9\x0e}\xbc\x97\
\xc2I\x8cF\x01`s|\xd2\xea\x9eU\xba/\x93A\
\xce\xd8\xe7\x95lj<\xf7\x02\x07\x0e(\xd3\x0c\xe0\xdf\
\xa9\xef\xd4\xc2x.\x06v\xf5\x1e\xd7 \x18:\x80\xfd\
\xc8\xe92\xeb\xe6F\x0c\x99\xe7\xc8'\x12\xea\xf0Q^\
\x0b\xec\xe29\xa6\x9e\x90K\xbbz\xf0\xb1\xd2}\x19\x15\
\xf0;C?\xd0f\xd8\x04\xc0\x1e\xd4S\xc4\xe7\x16\x0c\
\xdf7\xe0(\x9a)9\xbe\x80!\x0b\x04\x0e\x02W\x80\
\xa7\xe2WTf*~\x84!\x03\x17\xb0\x159z\xdd\
\x9b\xab\x19 \x00\xb1I\x80\xcf:\xf4s\x0d\xf1D\xe3\
\x06\xf9D\x86G\x85\xbdO\x97\xee\xcbT\x90\x03\xf1\xae\
w\xe8\xe7\xfa\x5c\x06ln\x90k\x1eyM\xa9\x9b\xa1\
;\x0a\x1c\x04.\x90S\xca\xd6\x9d\x86\xf3>\xe0\xed\x18\
\x02k\xc8\xa6\xbfSj\x90\xedO\xc0\x8e\x9ec\xea\x0d\
9\xf8\xcfCA\xfby\xe9\xbe\x8c\x1a\xc0\xaf\x1d>\x97\
\xbb\x19\xc2`\xc0\xf1\x90\xcb}\xd7\x91\xb7\xff\x17\xf4\x98\
(h\x12\xb9\x12\xf0\xb7\xd4_ap\x0d\xf06\xcf1\
\x0d\x82\xa2\x00\xc7Qo\x8dp\xc8O\xd7\x8fs\x90\xf5\
\x135\xc8v\x1d\xb0\x83\xc7X\xd6\x09\xf0r\xa7\xfe\xbe\
\xb0t_F\x0d\xe0eN\x9f\xcd\xcbJ\xf7e:\x80\
\x9d\xa9\xc7MhvK\x91]dM\x14\x16\xfa(\x91\
?#h3d\xad\xf9#\x0d|Y\xbe\x8fC\x86-\
\xe0\x0d5\xc8\xb6\x00\xd8\xcbc<\xeb\x06\x9f\x224\xb7\
1`\xd0e09\xc0l\xf2q>+\xad\xb0\xce\x00\
\x8fp\xea\xef\xfa\xbc\xd6A\xb6-\x81\x9f\xd4 \xdb\xfa\
|\x8f!\xb7\xd8\x04\xc1\x84\x907\xff:\x9e\xa6\xc7\xb3\
\x0e\xf80\x0e\x9a2p8\xd9\x85\xe0\xc9\xbd8X%\
\x9a\x00\xd8\x11\x9fdLC\x97tfT\x00>\xe6\xf0\
\xf9\xac\x05v*\xdd\x97^\x00\x0e\xc6\xff\x14\xce*\xe0\
\xc9\x0e\xb2%\xb2\xbb\xb1\xee\x82e\xe7\x00\xdbx\x8cg\
\x104\x02\xb9\x86\xfc\xb7j\xfeb,\x04\x8ev\x92w\
7\xfc\xcb\x0e\xdf\x07<\xc5C\xbe&\x00\xde\xeb\xd0\xe7\
u\x0cab\xa3Q\x01\xd8\xd7\xe13\x02\xf8\xc7\xd2}\
\xe9\x15rM\x04\xef\xd8\xa1\xdbq:\x89C\x0el^\
\xe0,\xdf\xfa\xfc\x89\x08\xaa\x0d\xda\x00\xb9T\xee\x8fk\
\xfeB\x5c\x84\xd39zr\xe0\xdb\xc5\xce\xf2\xad\x01^\
\xec!_S\x00W9\xf4\xfb7\xa5\xfb1\xea\x00g\
8|NW\x94\xeeG?\x00\xaf\xc0\xff<\xfe\xef\x81\
\xd9N\xf2\xedT\xb5W'72\x84)\xc3\x83\xe0~\
\xc8\xd9\xfd~S\xf3\x17\xe1k\xc0\x1cG\x99\xbfT\x83\
\x8c\x7f\xe3%_\x13\xe0W\x7f\xfe\xe5\xa5\xfb2\xea\xe0\
\x97\xa5\xf1\xf1\xa5\xfb\xd2\x0fds\xbb7\x9fu\x94o\
\x0e\xf5[=o\x07\x1e\xed%s\x10\xb8A\x0e\x8c\xa9\
3}\xe6Z\xe0\xdd\xce2\xd7\x91\xe3\xbf\xefB$\xa5\
\x01\xfe\xd7\xa1\xdf\x0bqz\xa2\x0a&\x87\xbc\xd1,r\
\xf8\xbc\xfe_\xe9\xbe\xf4\x0b\xf0A\x87~\xaf\xcfk\x1c\
\xe5KdWZ\x9d\xd9\x03\xef\x22\x12\x06\x05\xc3\x04\xb0\
\x0d\xf0\x87\x1a'\xfd\x12\xe0\x05\xce2?\x16\xff3\xbd\
\x9f\xf2\x94\xb1\x09\xc8y\x0f<|\x98}\x97a\x0d\x06\
\x03\x9f\x02Z\xb7a8\x17_\x02\xf2\x06\xfb\x05\x87\xbe\
\x8fg\x19\xceO\xd5\xc0s\xf1I\xdf<\x19\xf7\x02G\
z\xca\x1c\x04\x03\x01l\x0d\x5cR\xe3d\xbf\x11\xe7\x14\
\xa6dk\xc5u\xcer\x9a\x12\x8d\x94\x02x\x9aS\xff\
\x1fU\xba/]\x018\xc0\xe93kM\x90\xea\x18d\
\x85\xd5\xdb\xcd\xf8g\x0c\x99\x02'\x91\xf3Q\xf8\xaf1\
\xe3Y\x0e\x1c\xe3)s\x10\xf4\x05\xb0\x05pA\x8d\x93\
\xfc\x5c`;g\x99\x13\xfeU\x08\xaf\xa2\xa5\x85o\x80\
\xcf;\xf4\xff\xe2\xd2\xfd\xe8\x1a\xe4\xf4\xb6V>S\xba\
\x1f\x83@~\xe8\xb8\xc6\xa1\xff\xe3\xf9>\xce\xa5y\x81\
m\x81\xf3\x9c\xe5\x1c\xcfJ\xe0\xa5\x9e2\x07AO\x00\
\x9b\xe1S5n2jI\x82\x81_y\xd51\x16\x01\
\xfbx\xcb\xd9\x04\xe4\xe3\x9a\x0b\x1d\xc6 \xca\xfe6\x0c\
\xf0\xcf\x0e\x9f\xdb\x9d\xc0\x8c\xd2}\x19\x04\xf2\x13\xb6\xb7\
\x99\xfdok\x90s.\xf0Cg9\xc7\xb3\x068\xd6\
[\xee \x98\x94jR\x9fV\xe3\xa4\xfe\x045\xa4\xc1\
\x04\xf6\xc7\xd7\xef\xbf\x96\x16\x9b\xe1\x80g9\x8c\xc1:\
\x86\xb8\xb4\xf1\xa8B.\x10\xe4\x81K.\x8d\x12\x00\xcf\
\xc4'y\xd5\x18+\x80\x03j\x90sC\xeaM\x8a\x16\
J@\xd0\x0c\xe4(\xe4Sk\x9a\xc8\xeb\x80\xf7\xd7$\
\xf7\xc6\xf8W\xf8{W\x1d\xb26\x05\xf0\x15\x8718\
\xa7t?\xba\x0ap\xa1\xc3\xe7\xf7\xc5\xd2\xfd\xb0\x00\xbc\
\xcfa\x0c\xc6s90\xb7&Y\xdfN}'\x04V\
\x11\x95\x04\x83:!'\xf9\xf9UM\x13x%\xf0\xca\
\x1ae\xf7\xf0u\x8f\xe7\xabu\xc9\xda\x04\xe4\xdc\xf2\x1e\
\xc7\xc9\xdeY\xba/]\x05\xf8G\x87\xcf\xefn`V\
\xe9\xbe\x0c\x0a9\xa6\xe7\xdb\x0e\xe30\x9e\xda\xca&\x93\
\x8b:\xadt\x96w\x8c\xfb\x80g\xd7%{\xd0a\x80\
Y\xf8\x07\xcf\x8dq/\xf0\xf4\x1ae\x7f\xb1\xb3\xbc\xe7\
\xd0\xf2\x22\x1d\xc0s\x1c\xc6a-C^\xe2x\x94!\
\xa7\xb0\xf6\xa8\xb2\xd9Z7\x96t\xbfK\xd2\xc3\x1a2\
\x9e\xda*Z\x92\xd3\x1b/u\x96w\x8c\x15\xd4\xb8\x96\
\x06\x1d\x84\xec\xc3\xfa~M\x13\xf6N\xe0\xa0\x1ae\xdf\
\x89\xfc\x94\xe3\xc5\xcd\xc0\xf6u\xc9\xdb\x14\xf8\x9c\xa7\xfe\
]\xe9~t\x1d|\x92o}\xbet?\xac\x90K\x08\
\xdf\xe60\x16c\xdcE\x8d\xca-9\xfb\xa6\xe7\xba4\
\x9ee\xc0Qu\xc9\x1et\x0c\xe035M\xd4[\xa9\
\xf1\xfc8\xd9<\xe8Q\xe2v\x8c\xd5\xc0\x11u\xc9\xdb\
\x14\xc0\x06\xe4\xb4\xa2V\xdeR\xba/]\x07\x9f\x14\xb9\
\xb71\x02\xb5\xe7\x81#\xf1\x0d\x0a\xfc9\xceG\x03\xd7\
\x93w\x7f\xf2\x1aX\x07K\x81'\xd6%{\xd0\x11\x80\
\x7f\xa9i\x82\xce\xa7\xe6\xcaq\xc0\x9b\x9de\xfe\xa7:\
\xe5m\x0ar\xe9c+\xab\x81\x87\x95\xeeK\xd7\x01v\
\xc0'\xb0\xec\xd0\xd2}\xf1\x00x\xbf\xc3X\x8c\xe7\x0d\
5\xcb\xbb\x07p\xad\xb3\xccc,\xa6\x86S\x0dAG\
\xa0\x9e\x5c\xf9\x90\xcb[\xee\x5c\xb3\xec\xbb\xe3{N\xf8\
TZ\x98\xe9o\x22\x80\x8f8\x8c\xc7\xc9\xa5\xfb\x11d\
\xf09\x92\xfb\xa1\xd2\xfd\xf0\x80l\xdd\xfa\xb5\xc3x\x8c\
\xb1\x14\xd8\xb3f\x99\xb7#\x9f>\xa8\x83\x05\xc0^u\
\xca\x1f\x8c \xe4 \xb1\xd55L\xc8\xcb\x81\x1dj\x96\
}\x03|\xf3\x14,`\x04\xfc\xfec\x90\x150+\x7f\
U\xba\x1fA\x06\x1fKW\xabJ\x04O\x059\x03\x9f\
\x87\x8bk\x8c3\xa8\xd9ER\xc9\xec\x91\xddq\x22\xae\
\x01\xb6\xadS\xfe`\x84\x00\x0e%\x07\x92xs1\xb0\
u\x03\xf2\xbf\xcbQ\xe6\xb5\x8cPT-\xf0\x08\x871\
Y\x03lU\xba/A\x86\xbcyx\xb8\x01F\xe6I\
\x11x6>'$\xc6x{\x032oG}J\xc0\
y\xc0\xc6u\xf7!h9\xe4\x0d\xc2#=\xec\xfa\x5c\
\x02\xcck@\xfe}\xf0\xcd\xf6\xf7\x1fu\xcb\xdc$\xc0\
\xbb\x1d\xc6\xe4\xf4\xd2\xfd\x08\x1e\x0c>i\xb9\xff\xa1t\
?<\xc1\xc7\xd55\xc62j\x8eY\xaad~\x18\xf0\
GG\xb9\xc7\xf3s`f\xdd}\x08Z\x0a9\xa0h\
~\x0d\x13\xefR`\x9b\x06\xe4O\xc0\xef\x1c\xe5>\x83\
\x96\xe6J\x9f\x0c\xe0l\x87q\xf9\xc7\xd2\xfd\x08\x1e\x0c\
p\x9c\xc3\xe7zF\xe9~xB\xaeu\xe1Y\xaf\xe4\
7\xd4x*`\x9c\xdc\xf3\xa8\xaf\xbc\xfaW\x9b\xe8C\
\xd02\xc8\xc5}\xea(\xeb{9\x0dE\x8b\x03op\
\x94\xfb.j\x0eTl\x1a\xf2\xd3\x85\x87\xa98J\xff\
\x0e\x19\xc0\x81\x0e\x9f\xeb\x1a\x1ap\xd15\x099\x18\xd8\
#\xe3\xe5\x18\xafkH\xeem\xa8/0\xf0?\x9b\xe8\
C\xd0\x12\xc8As?\xa9a\xa2]\x89s9\xdf)\
\xfa\xb0\x1d\xbe_\xf4\x174!w\x93\x00\x7f\xe90.\
\xd7\x95\xeeG\xf0P\xc8\xd6\xaf\x9b\x1c>\xdf\x91+*\
\x03\xbc\xd4a\x5c\xc6\xb8\x8b\xe6\x1ehv\x00\xaev\x94\
}<on\xa2\x0f\xc3N\xeb\x93_8\xf1AI\xcf\
qn\xf3ZIOI)\xdd\xee\xdc\xeed|B\xd2\
\x16Nm}#\xa5\xf4C\xa7\xb6\x86\x89g8\xb4\xf1\
S\x876\x02gRJ\xc8\xe7\xb3\xf1\x98#CEJ\
\xe9\xbb\x92\xbe\xe3\xd4\xdcV\x92\x8ewjkJRJ\
\xb7Jz\x9a\xa4\x1bkh\xfex\xe0\xa95\xb4\x1b\xb4\
\x09\xe0\x955h\x97\xb7\x00\xbb7\xd8\x87g;\xca~\
+#\x18\xe1N~B\xf48\x1a\xd5\xda\xf2\xb1\xa3\x0e\
>\xf5\x1dnc\x04}\xc4\xc0\xd6\xf8\x1e\x0d|n\x83\
\xb2?\x9c\xbc\xa6zs\x17#t\xf2#\xe8\x13\xe0\x10\
|#\xe6!\x9f h\xccG\x0cl\x02\xdc\xe8(\xff\
\xf3\x9a\x92\xbdI\x80\xc7:\x8c\xcd\x12`v\xe9\xbe\x04\
\x13C.\xd5\xedq|\xf7\xd1\xa5\xfbR\x07\xc0\x8b\x1c\
\xc6f\x8c\xf94x\xac\x0ex\x14\xb9n\x8a7W\x02\
^\x96\xd3\xd6\xd1Y\x17\x009\xb1\xcdI\x92<\xab\xda\
-\x97\xf4\xfc\x94\xd2\xe5\x8emN\xc7q\x92\xbc\x82\xf5\
\xbe\x9eR\xfa\xb1S[\xc3\xc63\x1d\xda89\xa5\xb4\
\xd2\xa1\x9d\xa0\x06RJ+$\xfd\xc6\xa1)\x8f\xb92\
t\xa4\x94N\x92\x9f+`WI\xefujkZ\xaa\
5\xf5Y\x92\x96:7\xfd\x08I\xdfe\xc4N;\x05\
S\x00lDN\x0c\xe1\xc9J\xa0Q\xff!\xb0\x17\xb9\
\x06\xb6\x07\xb71\x82\xa6\xff1\xf09\x1e\xd9H\x04t\
08\xc0\x9b\x1c>g\x0f%b(\xc1\xd7\x15\xb0\x12\
\xd8\xbba\xf9\x9f\x8a\xdf\x9a7\x9eF\xe2\x1a\x82\xc2\x90\
}\xc1'8O\x9e5\xc0_\x14\xe8\x8bg\xa5\xbf\xe7\
7-\x7fS\x90\x8fx\xae2\x8e\xcfZ\x1a:\xd1\x11\
\x0c\x0e\xb9\xfc\xb55\x03\xdeJ`\x93\xd2}\xa9\x0b|\
]\x01?+ \xff\xab\xf0\xcdr8\xc6\x9b\x9a\xeeK\
\xd00\xc0\xfbj\x988o+\xd0\x8f\xbfp\x94\xff\x9b\
M\xcb\xdf$\xc0\x0b\x1c\xc6\xe8\xbc\xd2\xfd\x08z\x03\xb8\
\xc8\xe1\xf3n,\xc8\xad\x04\xc0\xb7\x1d\xc6h\x8c\xc6\xe3\
\x86\x80\x7fp\x94\x7f\x8cU\xc0\x93\x9b\xeeK\xd0\x10\xc0\
1\xf8$\x82\x19\xcf\xc7\x0a\xf4c.~\x19\x0boc\
\xc4\x92\x9f\xac\x0f\xf0\xbf\x0e\xe3\xf4/\xa5\xfb\x11\xf4\x06\
\xf0\x01\x87\xcf\xfb\x13\xa5\xfbQ'\xe4l{\x0b\x1c\xc6\
\x09\xe0:`N\x81>|\xccI\xfe\xf1\xdc\xce\x08\x15\
>\x0b*\x80]\xf1\xcf\xf1\x7f\x225W\xc9\x9a\xa4/\
\x1e\x0b\xdc\x18\x8d\xbb.\x9a\x06\xb8\xc2a\x9cF\xa2^\
|\x17\x00\x9e\xe8\xf0y_Z\xba\x1fu\x03\xbc\xc4a\
\x9c\xc6\xf8\xd7\x02\xf2'\xe0\xbb\x8e}\x18\xe3wDP\
\xe0\xe8@\xce\x89}\x96\xf3$9\x1f\x98[\xa0/;\
\xe1W\xa9p\xe4k\xda\x03\xdbc\xf7\x17\xdeK\x14\x11\
i\x0d\xc0,r\x1d{\x0b\xeb\xe8@\x09Yr\x81\x1c\
\x0f\x96S u8\xf9\xe8\xe79N}\x18O\xa4\x0b\
\x1e\x15\x80\xffq\x9e\x1c\xd7\xd2P:\xcc\x09\xfa\xf2u\
\xa7>\xdcG\xc3\x11\xbc%\x00^\xe10V\x91\xfd\xaf\
e\xe0\x13 \xfb\x92\xd2\xfd\xa8\x1br\x92\x1d\xaf\xa8\xfa\
/\x17\xea\xc3v\xf8\x17q[G\x07\xac\xa3#\x9f\x07\
\x00x\x91\xa4\xbfslr\xb1\xa4g\xa5\x94\xeepl\
\xb3'\x80\xc7Iz\x85Ss\x1fI)\xfd\xd9\xa9\xad\
a\xe6H\x876Nuh#h\x16\x8f\xcf\xec(\x87\
6\x86\x9a\x94\xd25\x92>\xee\xd4\xdc\xab\x81\xc78\xb5\
\xd53U\xba\xf5\xe7JZ\xe2\xd9\xac\xa4/\x02{8\
\xb6\x194\x09Y\xbb]\xec\xa8\x15\xae\x01\x9e]\xb0?\
\xbfv\xea\xc7\x0d4\x98\xc5\xab$\xc05\x0e\xe3u`\
\xe9~\x04\xfd\x01\x1c\xec\xf0\xb9_Y\xba\x1fM@\x0e\
*\xbe\xdea\xbc\x00~[\xb0\x1f\xcf\x04V;\xf5c\
\x8cK(\x10\xe0\x18\x18!'\xfb\xf18\x0e4\x9e\xbf\
/\xd8\x9f\xe79\xf6cd\xcf\xfc\x8f\x07\xd8\xd9a\xac\
\x16R \xd03\xb0\x01l\x88Ou\xccND\x84\xe3\
\x9b\x1b\xc0\xbb\xb0Z?\xfdx\xbbc?\xc6\xf8l\xa9\
\xfe\x04\x03\x02|\xd6y\x12|\xa5`_f\x90sV\
{\xd0x\xe2\x8eR\x00\xafv\x18\xaf\xef\x95\xeeG0\
\x18\xc0\x0f\x1d>\xff\x97\x97\xeeGS\xe0\x97X\xec\x0a\
\x0aF\xd1\x03_u\xea\xc7x\xbc\x5c\xafC\xc5H>\
\xd9\x00\xaf\x94\xf4F\xc7&\xcf\x95T2K\xd4\xeb\x95\
sV[\xb9O\xd2\xdb\x1d\xdai\x0b\x1e>\xdc\xf0\xff\
\xb7\x97\x88\x03\xe8\x8f\xbf\x93\xb4\xca\xa1\x9d}%\xfd\xb5\
C;\x83\xf27\x92.tn\xf3S\xc0.\xcem\x06\
\xde\x90\xf3\xe3/q\xd4\xfcn\xa6\xa0\x19\x90|\xcc\xc5\
\xab\x14\xe6\x07J\xf5\xa3\x04\xf8\xf85=\x14\xaf\xa0\x00\
\xc0~\x0e\x9f\x7f\x17\x02e\xef\x07\xf8\xa0\xc3\x98\x01\xdc\
\x04x\x16Z\xeb\xb7\x1f\xbb\x00w8\xf5e\x8c\xd3\x08\
w\xe0\xf0B6\x95{\x9e\x09]\x05\x1cQ\xb8O^\
)/;\x13\xf8'I\xc0\x8e\x0ecvK\xe9~\x04\
\x83CN\x14\xe3Q\xf8\xa635 \xf0\x0d\x08|g\
\xe1\xbe\x1cN\xae\xeb\xe0\xc9\xbbK\xf6)\x98\x02\xe0_\
\x9c?\xecw\x14\xee\xcf\xa6\xf8\xd5\xc0~Y\xc9\xbe4\
\x0d\xf0R\x871\xfbz\xe9~\x046\xf0)\xfc\xf5\xc2\
\xd2\xfdh\x12\xe0/\x1d\xc6\x0c\xf2\x13x\xd1\xa2J\xf8\
\x07\x05\xae\xa4\xc0Q\xc7\xba\x18\x19s\x06\xf9\x8c\xfcq\
\x8eM\xfeHR\xe9\x12\x91\xef\x944\xcf\xa1\x9d\x0b$\
}\xd7\xa1\x9d6q\xb8C\x1b#[\x16\xb6Cx\x1c\
K\xf3\x98Km\xe2\x04I\x179\xb4\xb3\x8d\x0a\xc7\x1c\
\xa5\x94\x8e\x97\xf4-\xc7&gI\xfa&q4px\
 \x9b\xad\xaer\xd4\xf2\xfe\x0cl^\xb8O[\x00w\
;\xf5\xe7i%\xfbR\x02\xe0\x02\x87q\xdb\xb5t?\
\x02\x1b\xe4\x5c V\xce)\xdd\x8f\xa6!\x9f\xa9\xf7`\
1\xb0U\xe1\xbel\x82\xdf)\xaa1F\xbaXT\xab\
\x00>\xe5\xf8\xc1.\x03\xf6\x1f\x82>}\xd8\xa9?\xbf\
*\xdd\x97\xa6!+\x84\xab\x8c\xe3vm\xe9~\x04>\
\x007\x1a\xe7\xc2J:\xf8\xc4\x07\x9cj\x1c\xb71>\
8\x04}9\x80\x5c\xaf\xc0\x8bu\xc03K\xf7\xab\xf3\
\x905Uk\xb1\x97\xf1\xbcv\x08\xfa4\x0f{1\x13\
\xc8\xe3\xf2\xd8\xd2\xfdi\x1a\xe0H\x87\xb1\x0b\xff\xff\x88\
\x00|\xdba><\xb1t?\x9a\x86\x9cM\xd1cm\
]\xc2\x10\x94\x1c\x07\xde\xe0\xd0\x97\xf1\xdc\x0alY\xba\
_\x16Z\x1d\x03PM\xaa/)\xe7m\xf6\xe0[)\
\xa5\xaf8\xb5e\xe1\x1d\x92<\x22\xf6\xbf\x9dR\xf2\xf0\
\xe5\xb5\x0d\x0f\x9fm\xe7\xcc\xbe#\x8c\xc7gy\x98C\
\x1b\xad\x22\xa5\xf4{I':4\xb5\x89\x86 \xffH\
J\xe9\xf3\x92\xbe\xe9\xd8\xe4\xf6\x92>\xea\xd8^\xd0\x0f\
\xc0w\x1c\xb5\xb9\xeb(\xec\xf7\xaf\xfa\xb49>)L\
W\x01{\x96\xeeO\x09\xf0)q\x1a\xf9\xffG\x04\xe0\
\xf1\x0e\xf3\xe1\xc7\xa5\xfbQ\x02r^\x15\xab;\x0dr\
,\xc0\x16C\xd0\x9fM\xc81^^\xac\x03\x9e^\xba\
_\x9d\x03x\x95\xe3\x87\xb8\x1a8\xb4t\x9f$\x098\
\xce\xa9O\xff\xaft_J\x00l\x80=xr\x09\x05\
S\x99\x06\xbe\x003\xb1\xfb\x7f\x17\x02^\x96\xc6V\x01\
|\xda8vc\xbc\xaft_$\x09x\x02\xbeE\x83\
\xae\x01\xe6\x96\xeeWg\x00\x1e\x06\xdc\xe5\xf8\x01z\x1e\
\x1f\x1c\x18\xb2v\xba\xd0\xa1?K\x80mK\xf7\xa7\x04\
\xc0\xbe\x0e\xe3\x17\xe9\x7fG\x0c\xe0t\x87y\xb1w\xe9\
~\x94\x00\xd8\x1e\x9f\x98\xa4;\x19\x92dd\xc0\xfb\x1c\
\xfa3\x9e\x8f\x94\xee\xd3 \xb45\x06\xe0\x7f$y\x1d\
-9]\xd2\x87\x9c\xda\xb2\xf27\x92<\x82e>\x96\
RZ\xe0\xd0N\x1b9\xd8\xa1\x8d\xf0\xff\x8f\x1e\x1e\x9f\
\xa9\xc7\xdcj\x1d)\xa5\xdb\x94\xd7\x5c+\xf3\x94\xd7\xb8\
a\xe0\xc3\xcak\xbf\x17\xef \xe7\xa2i\x15\xadS\x00\
\x80gI\xf2\xac\xd0\xb5\x9f\xa4\xd7S8\xc739o\
\xf6\xbb\x1c\x9aZ,\xe9\xbf\x1d\xdai+\xa1\x00\x04\x13\
\x11\x0a\x80\x8d\x8fI\xba\xd7\xa1\x9dwQ\xb0F\x80\x94\
\xdd\x84\xca\xc5\x8a\xf6slv\x86\xa4/\xd02\xd7a\
\xab\x14\x00\xb2\x9f\xe5\x93\xce\xcdn%\xe93\x92~\x0f\
<\xde\xb9\xed~x\x8d$\x8f\x9c\xe3\x9fL)\xdd\xe3\
\xd0N[\xb1~\x86(W\x7f\x0cF\x8b\xb3\x1d\xda\xe8\
\xac\x02\x90RZ$\xe9\x7f\x1d\x9a\xda^\xd2\xab\x1c\xda\
\x19\x08rp\xef\x99\x92>+?+\xf2\x18\x07J\xfa\
\x07\xe76\x831\x80\x8f9\xfbm\xd6g\x0d\xf0\x09\x1a\
>\x0d@\x0e\x5c\xf3\xc8T\xb5\x14\xf0H\x1d\xdcJ\x80\
Y\xc0\x0a\xe3\x18^U\xba\x1fA=\x90\x83\xb5,,\
\xa7eOx\x9e\x90c\xaf\x96\x19\xc7\x10\xf2Z\xd7h\
@%\xf9t\xd5'\xc8k|\x9d\xac\x00\xf6j\xb2o\
\x16Zc\x01\x00\x0eP\xaeW]'\x1bJz\x9b\xa4\
\xab\x80W78I\x9f#\xc9\xa3\xec\xecgSJ\x0b\
\x1d\xdai+\x8f\x96d5/z<)\x06\xc3\x89\xd5\
\x0d0G\xbef\xe3V\x91R\xbaC\xd2\x17\x1c\x9az\
\x84\xa4c\x1c\xda\xe9\x09\xe0\xb9\x92.S^\xdb7\xac\
\xf9v\x1bI\xfaT\xcd\xf7p\xa3\x15\x0a\x00Y\xeb\xfe\
\x92\xb2\x9f\xa5\x09\xb6\x93\xf4UI\xbf\xa5\x99\xc0\x8e\xbf\
whc\xa5\xb2\x9f\xae\xcb\x1c\xe4\xd0F\x98\xffG\x97\
\x88\x03\xb0\xf3\x11I\xab\x1c\xda\xf1\x88w\x9a\x12\xe0 \
\xe0w\x92~,i\xa7\xba\xef7\x8e\xa7WJ\xc7\xd0\
\xd3\x0a\x05@9\x8bT\x89\x94\xb6O\x96t>\xf0u\
`\x97:n\x00\x1cT\xdd\xc7\xca\x97SJ\xb7:\xb4\
\xd3f\x22\x000\x98\x8aP\x00\x8c\xa4\x94nV~8\
\xb2rd]\x0fW\xc0.\xc07$\x9d/\xe9Iu\
\xdc\xa3\x07>\x0e\xcc.t\xef\xd1\x01\xd8\x16\xb8\xa7f\
\xbfM/\xac\x04\x8e\xc79>\x00\x9f<\xe5\xab\x80\xdd\
=\xe5j#\xc0\xa5\xc6q\xbc\x87\xc2\xa7A\x82\xfa\x00\
6$\xe7\xc8\xb0pq\xe9~\x94\x06\xd8\x03\x9fD:\
\x9eez\x05l\x0c\xbc\x1f\xdf\xa2?\x16\xde\xe3\xd9\xbf\
N\x02|\xa5\xf4\xa7\xb8\x1e\x0b\x807\xe3\x10\x0c\x04\xec\
\x8a\xcf\x17\xe9+\x0eC\xddj\xc8_~k\x80O\xe7\
*'v\x0d\xe07\xc69\xb2\x8a\x0eV\x06\x5c\x1f\xe0\
\x1b\xc6q\x84\xbc\xf6\x99-\xab\xc0\x0c\xe0-\xc0\x1d\x0e\
2y\xb2\x04\xd8\xd1c\xbc\xebb\xa8\x9fv\x80C$\
\xbd\xba\xb4\x1c\xeb\xf10\xe5\xe30\x97\x03\xaf\x04,A\
%o\x96=\xaea\x9drR\x8b\xaes\x80\xec\x01>\
\xe7y\x08\x12\x0c5\xe7\x1b\xaf\x9f)\xa9x\xb9\xf0!\
\xe0C\xcak\x8f\x85\x19\xcak\xe0@\x90-:\xaf\x92\
t\x85r\xe0\xdd6Fy\xbc\xd9D\xd2\x7f\x96\x16b\
*\x86V\x01 \x9bb?!\xbfJ\x7f\xde\xec-\xe9\
\xeb\x92Md\xf3\x95\x00\x00 \x00IDAT\xae\x06\
\xde\xd8\xaf\x22@\xf6\x0f\xbd\xceA\x8e\x93RJqt\
-\x9f\xc1\xb5\xd2\xc5\xca\x89]\xc3\xe33\xee|\xa1\xa8\
\x94\xd2\xe5\x92~\xe4\xd0\xd4\xeb\xe931\x10\xf9\xd8\xf4\
K\x94#\xfb\xbf&i\x98\x8f\xdd\xbd\x02(\x15\x870\
-C\xab\x00('\xc6)\x99\x98\xa7WvWN*\
q)p,\xbd\xfb\x90_\xa6lM\xb02\xd4\x1af\
\x83\x1c\xe0\xd0F\xe7\xfd\xbb\x1d\xc0\xe33\xee\xbc\x02P\
\xe1ay\x9c'\xe9\xa5\xbd\xbc\xb1\xda\xf8\x8fU\xde\xf8\
\xbf+\x9f\xa3\xd3u\x93$\xfd\x8f\xd1R\xdc-\x80\xcd\
\x80\xdb\x1a\xf5\xd6\xf8q\x19\xf02\xa6\xf9\xc0\x81s\x1d\
\xeeuVS\x9f\xc9\xb0\xe30\x9ew\xd1\xd1jo]\
\x02H\xe4\xd2\xb4\xf1\xbds\xc0\xe1{\x070\xe5\xd1[\
\xb2\xa9\xffX\xf2\xda\xdaV^\xdf\xd4g\xd2\x0f\xc3j\
\x01\xf8\x17\xf9\xa4\xc5-\xc1\xa3$}[\xd25\xc0\xdb\
\x99\xa0\xfa\x15\xf0\x18I\x878\xdc\xeb\x13\x0em\xb4\x1e\
\xb2\xb2e\xf5\xcb^\x94R\xc2C\x9e`x\xa9>\xe3\
?\x18\x9b9\x808-2\x86G\xd9\xf1C\x80\x87\x1c\
\xaf\x04f\x03\xafV\xf6\xf1\x9f\xa0\xbc\xb6\xb6\x95\xff\xcb\
\x10\x96\x0c\x1e\xbaIL.\xb9\xf96\xa7\xe6N\x93t\
\xa7S[\xfd\xb2\x9br\x05\xad\x1b\x81\x7f\xe7\xc1\xe5y\
\xdf\xea\xd0\xfe\xad\x92\xbe\xef\xd0\xce(\xb0\x97$\xeb\x97\
\xcb\xba)\x04\xed\xc1\x1a\x07\xb0\xb1\xa4\x87{\x082\x02\
|O\xd2m\x0e\xed\xbce\xec\x07\xf2\xd1\xef\x7f\x93t\
\x8br\xce\x81Re\x98\x17*\xef!\x1e\xec\xa0q}\
\x1c\x16\x86N\x01\x90\xf4AI\xb3\x1c\xdaY$\xe9%\
\xca~\xa2\xcf\xc9\x1e\xb1:([Iz\x9f\xa4\xf9\xc0\
\xe7\x80\xc3\xe4S\xcd\xf03)\xa5\xd5\x0e\xed\x8c\x02\x1e\
>\xd9\xf0\xffw\x07\x8f\xcf\xda#\xe6\xa4\xf5\xa4\x94V\
)\xc7@Yy\x19p\x18\xf09I\xf3%\x1d'\x9f\
\xd2\xe8\x83\xb0N\xd2\xe7%\xed\xa3\xbc\x87\xdc\xed\xd4\xee\
{h\xb8\xceL\xab\x00\x0e\x06\xd69\xf9\x5c\xde\xba^\
\xdb\x8f\x05\xcesj\xbb4+y\xb0E\xa1\xd3\x00\x1f\
v\x18\xd3}J\xf7#h\x06`?\x87\xf9\xf2\xef\xa5\
\xfb1,\x90\x8b\x04\xdd\xe70\xa6\xc3\xc0\x1f\x80C\xd7\
\xeb\xdf[\x1d\xdb\x1f\xaay3l\x16\x80\x0f\xcb\xe7\xd8\
\xdf\x15\xca%~\xef'\xa5t\x91\xa4C%\xbdI>\
u\xadK\xf2\x9d\x94\xd2\x82\xd2B\x0c\x11V\x0b\xc0R\
IW{\x08\x12\xb4\x82+%-7\xb6\x11'\x01*\
\xaa\x22A'\x96\x96\xc3\xc82I\xef\x91tPJi\
\xfd\x94\xd1\x9f\x96\xf4G\xa7\xfb\xbc\x03\x18\x9a\xf8\xb6\xa1\
Q\x00\x80gHz\x8aSsoK)\xadY\xff\x97\
)\xa5u)\xa5\xcfI\xdaW\xd2w\x9c\xeeU\x82O\
\x96\x16`\xc8\xb0\x9ac/I)\x95r\x11\x05\x0d\x93\
RZ+\xe9Rc3\xa1\x00<\x18\x8f`\xc0R|\
[\xd2^)\xa5\xff\x9cd\xdfX+\xe9\x9dN\xf7\xda\
X\xd9\xbd1\x14\x0c\x85\x02@\x8e\xa8\xfd\x90Ss'\
\xa6\x94N\x9d\xea\x0d)\xa5[SJ\xc7*+\x1cm\
K\xfer^J\xc9\x9a\xcdld\x00\xe6\xc9~b$\
\xfc\xff\xdd\xc3\xfa\x99\xef\x08l\xe5\x22\xc9\x08\x90R:\
O\xf6,\x8bMs\xa1\xa4\xa3RJ/O)M\x19\
\xc8X\xed)'9\xdd\xf7\x8d\xc0\x1eNm\x99\x18\x0a\
\x05@\xd2\xb1\x92\x1e\xe3\xd0\xce\x0aI\xff\xa7\xd77\xa7\
\x94~\xab\x5c\xdd\xeb\xd5\x92nr\xb8\x7f\x13\xb4Y\xd3\
\xae\x03\x8f\xa3A\xa1\x00t\x0f\x0f\xc5\xbf\xcd\xc7\xd2\xea\
\xa0-k\xd3M\xcak\xfe\xe3SJ\xa7\xf5q\xdd?\
(\xef1VfJ\xfa\x80C;f\x8a+\x00\xc0,\
\xf9\x0d\xc6\xf1)\xa5\xf9\xfd\x5cP\xb9\x05\xbe\xae\x1c\xf1\
\xf9O\x1a\xee\xf8\x80\xdb\x95\x8f\xdd\x04\x0f\xe0\xb1\x08\xb7\
\xcd\x0a\x14\xd8\xf1P\xfa\x1e\xe9\xd0\xc6(\xf1]\xe55\
jX\xb9Wy\x8d\xdf'\xa5\xf4\xf5~\xdd~\xd5\xde\
\xe2\x95{\xe5\xe5@\xf1\xf9S\x5c\x01\x90\xf4\x06I{\
:\xb4s\x97\x0ciqSJ+RJ\x1fR>S\
\xfeiI\x0f\xf1\x05\x0d\x01[J\xfa\x16\xf0B\xa2\xd6\
\xf4\x18\xd6/\xd1J\xe5\xa0\xd1\xa0[\x5c*\xc9z\x8c\
6,\x00\xba?a\xcf\x0b%}Ky\x8d\x1a6\xd6\
(\xaf\xe9{\xa5\x94>\x94R\xb2<\xc5\x7fX>\xc7\
\x027P\x0e:\xec.\xd5\xc4\xb9\xd9\xe9x\xc5\xdf;\
\xcb\xf6\x08\xe0D\xfc\x8e%z\xb3\x08\xf8\x02p$\x1d\
\xceJ\x06\xfc\xd68\x8e\x17\x96\xeeCP\x06\xf2\x91/\
\x0b\xbf)\xdd\x87R\x90\xf3\xf2\x1fE^\x83\x16\x19\xc7\
\xb1.\xd6\x01'\x01\xfb:\xf7\xfd]N\xf2\xadfH\
b\x01\x8a\x00\xbc\xd9i \xe7S\xd3\x131\xf0h\xf2\
$\x1aVE\x00\xe0&\xe0#@\xe7\x22\x93\xb1\xd7\x00\
\xff|\xe9>\x04e\x00\xbel\x9c;\x1e\x19\xf0Z\x05\
9\x9f\xcaG\xf1{p\xab\x83u\xc0\xf7\x81Z\x925\
\x01\x1b\x0178\xc9\xfa\x99\xe9\xef8\x82\x003\xc9\x1b\
\xb7\x07\xafj@\xde\x03\xc8\x93j\x98\x15\x01\x80?\x03\
\x1f\x04\x1e[\xf7\x98\x94\x06\xd8\xc6a\xbc\xbc\xd2N\x07\
-\x03x\x87\xc3\xfc)\x95\xad\xae1\x80\xc7\x01\x1f\x02\
\xaev\x18\xaf:Y\x07\xfc\x80\x06\x1e\x84\x80W;\xc9\
|\x1f\xb0c\xdd\xf2\x0e\x1d\xc0\xeb\x9d\x06\xf0\x12\x1a4\
\x81\x93\xb3\x88}\x97\xe1W\x04 +X\xc7\x03G0\
\x82\x95\xee\xc8\xee\x0f+^\xb9'\x82\x96\x01\x1c\xed0\
\x7f\x9eX\xba\x1fu\x00<\x0ax?\xf0'\x871j\
\x82S\x80\x83\x1a\x1c\x9f\x0d\x80\x8b\x9cd\xffXSr\
\x0f\x05\xc0\x0c\xe0\x1a\xa7\xc1{v\xa1><\x86\xac\x08\
\xacq\xeaG\xdd\x5cO6\xdd\x1d\xc1\x88\xd4\xa6\x06\xfe\
\xd6a\x5c\xb6/\xdd\x8f\xa0\x0c\xc0N\x0e\xf3\xe7oJ\
\xf7\xc3\x03r\xc9\xdd'\x02\x1f\xc3\xcf2[7k\x80\
\xefQ\xc8\xda\x09\x1c\xe3\xd4\x8f\xa5\xe4|&\xdd\x00?\
\xf3\xc9\x05\x14~\xb2\x05v'\xe7\xa2\xb7\xd6\x18o\x92\
\xbb\xc8\xca\xcb\xabiqq\x0a\xe0\x7f\x8d\xe3\xe0U\xe4\
#h)\xd8\x03\xd8Z[\x92\x1b\x98\x0b<\x17\xf8,\
p\x9bq\x1c\x9a\xe4>\xe0k\x0cA\xfd\x0e\xfc\xea\xcb\
\xfc[\xe9\xbe4\x02Y\xd3\xbc\xd2i\xd0\x9eU\xba?\
c\x00[\x01\xffD\xbb\xbeH\x90\xbfL\xbf\x04\xde\x02\
\xecRz\x1c\xfb\x018\xd5\xd8\xf73J\xf7!(\x0b\
p\xb6q\x0e\xfd\xbat\x1f\xfa\x01\xd8\x95l9;\x99\
\x5cT\xacM\xdc\x0e\x1c\xc7\x10\xc5]\x00\xcfv\xea\xdb\
\x22Z\xfc0\xd63\xc0\xcb\x9c\x06\xec\xdc\xd2}\x99\x08\
\xf2\xd1\xc6\xbf\x02.w\xeag\xd3\x5c\x02\xfc\x17\xf0T\
\x86<\xd7\x00\xf6Hd\x8f2\xa6A\x8b\x01>o\x9c\
C7\x96\xee\xc3T\x90#\xd6\x9fF>%\xf4Gc\
_Kq\x059fl(\xd7#\xfc\xac\x00\xff\xd8\xb4\
\xec\x8d\x9b\xcf\xc9\xe7\xae=|6\xcfN)\xfd\xc2\xa1\
\x9dZ\x00f*''\xda\xb4\xb4,\x06\x96I\xfa\x9d\
\xa4_J:9\xa5\xf4\xe7\xc2\xf2\xdc\x0f\xb0\x89rf\
/\xcb\x1c~GJ\xe9x'\x91\x82\x16\x02\xbcS\xd2\
\xc7-MH\xda$\xa5d\xad.\xe8\x06\xd94\xfe\x8c\
\xeau\xa4\xa4\xb9E\x05\xb2\xb1T\xd2\xd6)\xa5U\xa5\
\x05\x99\x0cr\x1c\xda\xcf\x1c\x9a\xbaA\xd2\x9eU\xf1\xa1\
F\x98\xd1\xd4\x8d\xa4\x1c\xb5-\x9f\xcd\xff\xbca\xde\xfc\
+\x9e\xa8vo\xfeR\xae\x5c\xf5\xec\xea%\xe0zI\
\xa7H\xfa\xad\xa4\xd3RJ%\xd3~\xee%\xbb\x02{\
\xb9\x87 A\xab\xb1f\x81L\xcas\xf1\x12\x07Y\x06\
\x82\x5c^\xf6(\xe5\xcd\xfehI\xbb\x95\x92\xa5\x066\
Q^K\x876\xe9RJ\xe9\xe7\xc0\xf9\x92\x1eol\
jWI\xcf\x97\xf4}\xbbT\xbd\xd1\xa8\x02 \xc9+\
[\xdf\xfb\x9d\xda\xa9\x93\x17\x96\x16\xa0\x06v\x97\xf4\xc6\
\xea%\xe0:I\xbf\x96t\x96\xa4SSJ77(\
\xcb\xde\x0emD\x0a\xe0\xc0c\x0e\xec\xad\x06\x15\x00`\
\x1bIO\x90t\xb8\xa4\xa7)?T\x8d\xdc1\xdfq\
\xbc@C\xac\x00T|@\xd2O\x1d\xday\x9b\x1aT\
\x00\x1a\x9b4\xc0\xde\x92\xae\x94\xbd\xfe\xc0\x85)\xa5\xc6\
\xce{\x0e\x02\xf9d\xc2|I\xad\x0a\xaa3\x82\xf2\x13\
\xf5i\xca\x0a\xc1Y)\xa5\xda*,\x02\xc7I\xb2D\
\xce.N)\x0dc\xde\xf2\xa0A\xaa\xef\xea\x22I\x96\
\x00\xac\xe3RJ\xff\xe1$\xd2C\x00v\x96t\x84\xa4\
\xc3\x94\x9f\xf4\x1f\xa9\xd1\xde\xf0\xd7\xe7&I\xbb\xa6\x94\
(-\xc8T\x00\x17\xc9\xa7\xaa\xed\x01)\xa5?:\xb4\
3-MZ\x00\xde!\x9f\xe2C\xff\xe5\xd0F\xdd<\
N\xdd\xda\xfc\xa5\xbc \xedW\xbd\xde*I\xe4T\xa9\
\x17J:SY)\xf8}Ji\xa5\xd3\xfd\xac\x16\x80\
0\xff\x07J)\x01\x5c\xa9\xfcD=(\x1e\xd6(I\
\xf9\x94\x94\xa4G(?\xdd\x1fQ\xfd\xdb\xdd|\xf1\x99\
\x9d\x95\xd7\xd4\x0bJ\x0b2\x0d\x1fQ.\x88d\xe5m\
\xcaE\xf2j\xa7\x11\x05\x00\xd8J\xd2k\x1c\x9a\xbaN\
\xd2I\x0e\xed\xd4\xcd\xf3K\x0b0$l/\xe99\xd5\
K\x92\x96\x01\xbf\x97t\xae\xf2\x97\xf9\x82\x94\xd2\x0d\x03\
\xb6m]t\xc3\xfc\x1f\x8cq\xb9\x0a)\x00\xc0\xae\x92\
\x0e\xaa^\x87(\xfb\x9176\xc82\xaa<_\xc3\xaf\
\x00|O\xd2\x7f(\xbbJ-\xfc%\xf0\x9e\x94\xd2]\
\x0e2MIS\x16\x807\xc9'\x12\xf5\xe3MFH\
\x1ax\x81\xf1\xfa5\x92^[\xb5\xf3\x1cI\x1bY\x05\
\x1a\x126V\x0eT:r\xec\x17\xc0\x9d\xaa\x94\x01=\
\xa0\x14\xdc\xdaC[\xa1\x00\x04^X\xe7BOs\x11\
\xd8A\x0fl\xf6c\xafm\x8c\xf7\x1efV(\xfb\xc5\
\x7f \xe9\xab\x92f\x1a\xdaz\x81\xa4\x7f\xf6\x10\xaa.\
RJk\x80\xff\x96dM\x0e5G\xd2\xebe(o\
\xdf+\xb5\xfb\x91\x80Y\x92\xae\x97\xb4\x83\xb1\xa9\x85\xca\
~\xa0\xa19n3\x11\xc0\xc3%]ml\xe6\xb7)\
\xa5\xa7T\xedm.\xe9/$\xbdB\xd9\xff7\x12i\
|\xa7\xe16\xe5z\xed\x97H\xfac\xf5\xba2\xa5\xb4\
Z\xba?\x08\xea\x0e\xe3=\x9e\x91R\xfa\x95\xb1\x8d`\
\x04\x00\x9e)\xc9z\xaah\x9b\x94\xd2\xc2\xaa\xbdY\x92\
\xf6\x95\xb4\xbf\xa4GK:\xa0\xfaw;\xe3=\xda\xc0\
ZI\xa7J\xfa\xa6\xa4\x1f\xa4\x94\xee\x95$r\xc2\xa4\
\xa7\x1a\xdb\xde+\xa5t\x8d\xb1\x8dZ\x016V>\xce\
gMVt\xa3\xf2\x91\xc05v\xa9&\xa7\x09\x0b\xc0\
\x8bd\xdf\xfc%\xe9\x93\xc3\xbe\xf9WX\x9f\xfe%\xe9\
Gc?\xa4\x94\xee\x91\xf4eI_\xae\x9e ^\xa6\
\xac\x0c\x0cu \xa4\x91\xed\xab\xd7\xd1\xe3~\xb7\xba\xf2\
\xd5\xfeQ\xd2=\x0e\xf7\x08\x0b@0\x86G<\xc8\xfb\
\x81-\x947\xfd}e{\xdam#\xe7+\xfb\xbf\xbf\
3\xc9\xf1\xe0\x1f\xc9\xae\x00\xbc@\xd2G\x8dm\xd4J\
Ji\x19\xf0)I\xffblj\x17I\xcfS\xcd'\
\x02\x9a\xb0\x00\x9c&\xe9\xc9\xc6f\x96+?\xfd/\xb4\
KT/\xc0\x99\xca\x81;\x16vO)\xcd\x9f\xe6>\
\xfbHz\x89\xb2\x82U{\xf9\xcb\x11\xe3\x1eI[\x0e\
{Tq\xd0\x0c\xd5I\x80\xc5\x926+-K\xcb\xb8\
H9&\xeb{)\xa5)\xad\x9eU\xac\xc3\xf5\xb2\xed\
9g\xa5\x94\x8e0\x5c\xdf\x08\x95\x85\xf2\x06eS\xbe\
\x85\x9f\xa7\x94\x8eq\x10iRjU\x00\xaaM\xeaJ\
\x87\xfb|.\xa5\xf4&\x07\x91j\x05\xd8V\xd2\xad\xb2\
\x9dv\xb88\xa5\xd4W\xb2$`7\xe5 \x99\x97(\
\x1f\x15\xea\xd2\x11\xa1A8'\xa5tXi!\x82\xe1\
\x81\x9cZ\xfc\x90\xd2r\xb4\x80+\x94\x83\xddNH)\
\xfd\xa9\x9f\x0b\x1d\x8e\xc9\xad\x93\xb4c\xe1\x04d=\x01\
|^\xd9\x8foa\xad\xa4\xdd\xea\xcc\xafR\xb7\x0b\xe0\
\x8d\xf2\xd9\x8c\xfe\xd7\xa1\x8d&x\x9e\xecG\x1d\x7f\xdc\
\xef\x05\x95\xb5\xe0xI\xc7\x03\xbbKzq\xf5:X\
\xa1\x0cL\xc4\xc1\xc0M\xca~\xb6\x9b$\xdd2\xc1\xcf\
\x0bRJ\xeb\xca\x89\x18x\x01l\xa0\xec\x7f\xdfY\xd2\
N\xd5k\x97\xf5~\xee\x82\x7f~\x10\x90t\x9e\xa4\x13\
%\x9d4\x9der\x1a~$\x9b\x02\xb0\x81rP\xf4\
\x17\x0cm4\xc5\xa7dW\x006\x94\xf4JI\x1f\xb6\
\x8b31\xb5m\x0e\xc0F\x92n\x96=\x18\xe2\xf4\x94\
\x92\xd5\x85\xd0\x08\xc0\xf7e\xcf\x00\xf8\xd8\x94\xd2\xc5N\
\xf2\xec\xa4\xfc\x85y\x9er\x00\xe1\xa8\x9c&h\x82\xd5\
\xca\xd6\x9c1E\xe1\xe6\xea5\xf6\xf3\xad\x92\x16\x8e\x05\
&\x06e\xa8\x02\xee\xb6\x96\xb4\xa3\x1e\xba\xb1\xef\x5c\xbd\
vP\xf7|\xf2\x16V(\x07\xf2\xfdD\xd2OSJ\
\xb7x4\x0a\x1c(\xc9\xba\xb6}?\xa5\xf4\x22\x0fy\
\xea\x86\x5cm\xd4\xea\xb2\xf8\x93\xa4}\xebrW\xd6\xa9\
\x00\xbcR\xd2\xd7\x1d\x9azIJ\xe9D\x87vj\xa5\
J\xe0q\xa7$Kv\xb9\x1b\x94\xfd\xff\xee\x1f60\
G9m\xe8s$=W9\xc8.\xb0s\x9fr&\
\xb9E\xcaJ\xc1m\xe3\xfe?\xd1\xefn\x0f\xcb\xc2\xe4\
T\xf3t\xcb\xea\xb5\xbd\xf2\xe6\xbd\xe5\x14\xbf\xdbV>\
\x09\xc6\xba\xceB\xe5\x93\x10?\x91\xf4\xcb\x94\xd2\x92:\
nR\xa5\x0f\xb7\x9c\x93_,i^\x1b\x8e\x83\x03\xc7\
J:\xc1\xa1\xa9\xc3SJg;\xb4\xf3\x10\xeaT\x00\
NW.\xe2`\xe1\x16\xe5\x0dq\xe8\x9f\xb2\x80\xc3\x94\
\xb3\xddY\xf8DJ\xe9\xed\x1e\xf2LEe\x12}\x82\
\xb2\x22\xf0,\xe5#J\xe1*h\x86\x95\xcaU\x22\x17\
*/f\xcb\x94+\x9e\xddS\xfd\xbc\xbc\xfayi\xf5\
\xffe\xe3\xde\xb7\x5c\xb9\x02\xe2\x12I\xcb\x86\xe5TL\
u\xf4i\xaer\xf1\xab\xcd\x94\xf3=\xcc\x95\xb4\x85r\
1\x97\xb9\xd5\xbf\x9b\x8f\xfb\xdb\xe6\xd5\xfb\xc7\xde7\xaf\
z\xcdjX\xfc\xae\x82\xa4?\xe8\x81M\xff\xfc&\x14\
S\xe0xI\x7fgl\xe6\xb0\x94\xd29\x1e\xf2\xd4I\
U\x11\xf6\x06\xd9\x1f\xb6\xbe\x98R\xb2\xba\x13&\xa4\x96\
E\x1fx\xa4|\x8e\xd6\xfcsJ\xe9\xdf\x1d\xda\xa9\x1d\
\xe0_e/R\xf4\xd4\x94\xd2\xa9\x0e\xe2\xf4EUM\
\xech\xe5\xf2\xa1O\xd7h''\x19E\xeeU\x0e\x18\
\x1ac\xa9\xb2\x0bc\x8c\xe5\xca\x8a\xc7\x18\xf7)\x9by\
\xc73G\x0fv\x11\xcd\xd6\x83\x93w\xcd\xd2\x833\xd4\
\xcdP\xfb\xab]v\x8d;\x94\xaby\x9e,\xe9W)\
\xa5\x05M\x0b\x00<E\xf6\xc2>\xff\x9aR\xfa\x80\x87\
<u\x03\xbc_\xd2\xbf\x1a\x9bY\x22i\xfb\x94\xd22\
\xbbD\x0f\xa6.\x05\xe0\xe3\x92\xdeilf\x95\xa4]\
JL\xd2A\x00\xceR\x8e\xc0\x1f\x94\xbb%m[w\
\xe2\x87\xe9\xa8\xac\x03\x8fQV\x06\x8eV\xeeS\xf8O\
\x83\xa0}\xac\x96t\xb6\xf2\x86\x7f\xb2\xa4?\x94v?\
UO\xc5\x0bds\x95\xb6\xe28\xa0t\x7f\xf6\xc7\xf9\
\xb2\xaf\xa1\xafM)}\xd5.\xd1\x83qW\x00*_\
\xf8\xcd\xb2G\xd5\x9e\x94Rz\xb1\x83H\xb5Se\xeb\
[(\xdb\xa9\x8a\x13RJ\xafp\x12\xc9\x0d`\x13\xe5\
@\x96#\xab\xd7\xe3\xd4|\x19\xe9 \x08\xa6g\x8dr\
\xf1\xad\xd3\xaa\xd7\x99)\xa5\xa5%\x05\x9a\x08\xe0\x04I\
\xc7\x1a\x9aX#i\xeb\xb1,\x83\xc3\x0e\xf0C\xd9\xeb\
\xc3\xfc.\xa5t\xa4\x838\x0f\xa2\x8e\x85\xfci\xf29\
R\xf3%\x876\x9a\xe2)\xb2\x8f\xe5\xaf=\x04\xf1\xa6\
Z@~Y\xbd\x04l*\xe9Iz@!x\x8c\xba\
\x91\x9e8\x08\x86\x8d\xb5\xca\xc9xN\xab^g\xd4\x15\
\xbc\xe7\xcc\xafeS\x00f(\x9fj\xfa\xd1to\x1c\
\x12\xbe$\xbb\x02\xf0$`WC\xf1\xb4\x09\xa9C\x01\
x\xa5C\x1b\xb7(\x9b\xac\xda\xc2\xd3\x1d\xda8\xc5\xa1\
\x8d\xda\xa9\x16\x98\x9fU\xaf1\xeb\xc7\x11\x92\x0eU\xce\
\x80x\xb0\xa2\x9aY\x10\xd4\xc12\xe5\x94\xbbgI:\
G\xf9\x09\xbf\x15O\xc1\xeb\xe1\xb1\xd6\x1d\xad\xf6(\x00\
?W>\x09d\x09\x06L\xca\xb9]>\xe6\x22\xd1\xb8\
F\xdd\xa8\xa2\x81oW\x8e\xf8\xb5\xf0\x1f)\xa5\xe3\x1c\
Dj\x04\xe0\x1aI{\x1a\x9a\xb8*\xa5\xb4\xaf\x97<\
%\x99\xa0\x9e\xf9\xe3$=\xb2\xa8PA\xd0NnS\
6\xe9\x9f\xa9\xbc\xe9\x9f\x9fRZUV$\x1f\x80?\
\xc9V\xd1\xf3\xea\x94\x92\xb5\x22hc\x00\x1f\x96\xf4n\
c3\xe7\xa5\x94,e\xab\x1f\x82\xb7\x02\xe0q\xf6\x1f\
\xe5\xaaO\xd7:\x88T;\xc0\x1e\x92\xac\xb2~2\xa5\
\xf46\x0fy\x86\x91*!\xd1!\xca\xca\xc0X\x19T\
K\x10P\x10\x8c\x1a\x8b\xf4\xe0\xb2\xd8\xe7y%\xe0\x19\
F\x80OJ\xfa[c3{\xa4\x94\xae\xf7\x90\xa7n\
\x80\xbd%]%\xdb\x9e\x8b\xf2\xb1x77\x80\xb7\x0b\
\xc0\xc3\xfc\xff\xbb\xb6l\xfe\x15GO\xff\x96i\x19\xe9\
\xb2\xb4U.\xeb\x9b\x95\x0b\x87H\xba?:\xf6q\xe3\
^\x87\xca\x9e52\x08\xda\xc0\x12\xe5\xaa\x96\x17\x8e{\
]\xd1\xb1\xe2T\xa7\xc8\xae\x00<]\xd2\xe7\x1cd\xa9\
\x9d\x94\xd2\x9f\xab\x93b\x96\xd3\x0b\xeen\x007\x0b@\
u\x96\xfc&\xd9\x95\x8a\xd7\xa4\x94\xbe\xe6 R#\x00\
'*W\xe4\x1b\x94\xd5\xca\x99\xad\xda\xe8\xcbs\xa3\xaa\
\xc8\xb6\x87rR\xa2\xfd\xf5@-\xf5=\x15A\x86A\
;Y\xabl\x1d\xfcc\xf5\xba\xb4\xfa\xf7\xfa\x8em\xf6\
\x0f\x01\xd8L9!\x96e\xbf81\xa5\xf4\x12'\x91\
j\x07x\x9d\xec\xc1\xed\xe7\xa6\x94\x0e\xf5\x90G\xf2U\
\x00\xde.\xe9\x7f\x8c\xcd\xacP>\x0b\xdf\x86HVI\
\x12\xb0@\xd2\xc3\x0cM\xb4\xe6Lk\x09\x80\xb9\xca1\
\x04\x07(g-lE\x1e\xf0\xa0\xb3\x9c\xa4\x9c]\xef\
\x12\xe5\xa7\xfa\xa1\xc8\xd68\x8c8\xe4N\xb9=\xa5\xd4\
\x9a\x94\xe6U\xc0\xf4\xed\xb2\xd5dA\xb9B\xe0\x8d\x1e\
2y\xe6\xd0\xf6\xd0\xc4~\xdc\xb2\xcd\x7fo\xd96\x7f\
i\xc4\xcd\xffVRJ\xcbSJ\x17\xa4\x94\xbe\xa8\x01\
*%\x06A\xc3\xfc(\xa5\xf4\xc5j\xce\xc6\xe6?5\
\xd6\xd3\x00\xdb\x01\x0fw\x91\xa4\x01RJ\xf7(\x9f\x08\
05\xa3\xec\x06p\xc1E\x01\x00\xb6U\xce-o\xc5\
\xa3pB\x93\x1c\xee\xd0F+\x8e\xff\x0d\x09\xad\xd1\xf6\
\x83\xce\x12s\xb4w<\xd6>\x8f5\xb8I<\xf68\
7\xb7\x87W\x10\xe0\x0bd\xf7\xd3.V\x95l\xa6E\
X'\xdf\xbd\xca\x11\xbfAoX\x17\xd7\xcfJz\xaf\
r\xac\xc1\x0eU{{\xac\xf7\xff]\x151\x07\xa3\xcc\
\x22\xe5\xe3u\xb7J\xba\xaez\x8d\xff\xff\xfb$\xfd\x95\
\xa1\xfdP\x00z\xe7<\xe5\xc2W\x9b\x1b\xda8\x5c\x92\
{\x8a\xdc\x1a\xf9\xa9\xec}>\xc4+)\x90\xa7\x02`\
\xe5\xfb)\xa5\x95\xd3\xbfm\xa8\xb0*\x00\xa7\xb7\xa1\xd2\
\xe1\x10a]\x5coO)-\xd2\x03\x91\xd7\x0f\x01\x98\
\xad\x07\xea\xc9\xef\xa2\x5cO~\xac\xb6\xfc.\xca\x8a\xc2\
<\xa3\x1cA=,TN\x22v\x93\xa4\x1b\x95O\x9e\
\xdc\xac\x5c\x91\xedfI\xb7L\xb7\xc6\x007\x19e\x08\
\x05\xa0GRJk\xaa8\x80g\x1b\x9ai\x95\x05 \
\xa5t_\x95\x1a\xf85\x96f\x94+\xb9~\xd2*\x8f\
Y\x01\xa8\x02\x1b\x9ebmG\xd2\xb7\x1c\xdah\x0c`\
\x9e\xa4}\x8c\xcdX\xcb\x07w\x8d\x1d\x8d\xd7\xdf:\xdd\
\x1b\xaa\x0d\xe2ZM\x93\xdb\x01\xd8R\xd3\xd7\xaa\x1f\xfb\
\xddN\x8a2\xb7\x830\xf6\xb4\xbeh\xdc\xeb\xd6I~\
w\xb3S\x92\x9c\xdb\x8c\xd7\xef\xe0 C\x97\xb0*\x00\
\xfb\x02\xf3RJ\x0b\xbd\x04j\x80\x13dS\x00\xa4\x1c\
\x10]^\x01\x90t\x8c\xec\x8b\xdb\x02\xe5\x5c\xd6m\xe2\
0\xd9OQ\x9c\xed!H\x87\xb0\xd6\x98\xb0.\xee\xf7\
SY\x12\x16\xf5\xfa~`\x0b\xe5\x80\xd1\xb1\xba\xf7\x9b\
)\xa7L\xdeB9s\xe6\xdc\xea\xdf-\xaa\x9f7\xae\
\xde\xb3\xd9\xb8\xffo\xe1%\x7f\xcd,VN[\xbbL\
\xf9\xcc\xfb\xbd\xd5\xcf\xcb\xab\xbf-\x1d\xf7\xf7\xb1\xf7\xde\
\xab\xfc\x04\xbfP\xd2\x1d)\xa5\xc5\xcd\x8b-\xc9>G\
\xc2\x02\xd0\x1f\xd6\x87\xa0\xa4\x9cC\xe4'\x0e\xb24\xc5\
o$\xdd)[\xd9\xf5\xa3\x809)\xa5\xf5\xcbz\xf7\
\x85\x87\x02\xf0B\x876~\x9cRZ;\xfd\xdb\x86\x0a\
\xab\xe9i\x95\xa4\xdf{\x08\xd2!\xacOWn\x0a@\
\xbfT\x1b\xdabI\x7f\xb6\xb4S\xa5\xdb\xdeXYY\
\xd8H\xd2\x9cq\x7f\x9e\xad\xac,\x8c1K\x0f\xae\xcb\
0S\x0fN\xd3=\xf6\xfd\x1f_\x82z\xa9rn\x8a\
1\x96)\xcf\xd51\x96K\x1aoF_!\xe9\xbe\xea\
\xbaeu\xd4,o\x98i\xadD\xd3\x10\x16\x80\xfe\xf8\
\xbd\xf2|\xb3\x94\xcb=L-R\x00*\xd7\xc7Od\
\x8b5\x99\xa3\x5c\x8c\xed\x17\x16YL\x0a\x000G\xd9\
\x14a\xe5\x07\x0em4\xcd\x13\x8d\xd7_d\xd5\xde\xba\
Der\x9f3\xed\x1b\xa7\xa6\xf5\xa9U\xab\x0dv\x99\
\xa4;J\xcb2\xa2X\x95\xc4\xb9\xc0\xe6\xd5\x91\xaf`\
\x1aRJ\xcb\x81\x8b%=\xde\xd0L\x1b\xf3\xa8\xfcP\
6\x05@\x92\x9e)\xa3\x02`=\x06x\x94\xec\x95\xdf\
\x96J\xfa\xad\xb1\x8dF\xa9\x02\xc5\x1ekl&\xfc\xff\
\xfda}\xb2Z\xab\xd84\x83\xe9Y\xa0<W,\x84\
\x1b\xa0?\xac\xae\xd0\x83\x01Kr\x9d\x12\xfcJ\xd9=\
f\xe19V!\xac\x0a\xc03\xac\x02H\xfaYJ\xe9\
>\x87v\x9a\xe4\xf1\xca\xe6V\x0b\xa1\x00\xf4\x87U\x01\
\xb8\xa3\x85n\xa6\xa0aRJk\x94\xe3\x10,\x84\x1b\
\xa0?\xack\xa1\xc7\x03Y\xa3T\xc1\xc6\xd6$p{\
\x00{Y\x1a\xb0*\x00\xcf4^/\xb53\xbb\x9bG\
.\xe6s\x1c\xda\xe8\x12C\x13\x00\x18\x8c<\x11\x08\xd8\
,\x1e\xc1\xd0\x96\x94\xc2\xa5\xf8\xa1C\x1b&\x17\xfc\xc0\
\x0a\x00\xb0\xbbl\xf5\x9c\xa5\x1c\xfcaM\x8dX\x82\xc7\
\x19\xaf\xbf&\xa5t\xbb\x8b$\xdd\xa1\xf6#\x80AP\
\x11\x81\x80\x0d\x92R\xbaU\x92\xb5\xaco\xab,\x00\x15\
?\xd5\x83\x03l\x07\xa1\x8c\x02 \x9f\xa7\xff\xd3\x0a\x1e\
\xf7\xb1p\xa0\xf1\xfa8\xfe\xd7?a\x01\x08\x9a\x22,\
\x00\xcdc]\x13\x1f\xe3\x22E\x83T{\xdf\xe9\xc6f\
\x8e\xac\x0a\xa6\x0dDi\x05\xc0\x14\xc1X\x02`SI\
\xd6\x02\x14\xe1\xff\xef\x9f\xd6\x1e\x01\x0cZG(\x00\xcd\
c]\x13\xf7\xaa\x8e\xc8\xb6\x0dk\xfa\xfb\x8dd8\x91\
6\x90\x02\x00\xccR>\x01`\xe5d\x876\x9a\xe6\x00\
\xd9c'\xce\xf5\x10\xa4cX\x17\xd5p\x01\x04\xbd\x12\
\xd9\x00\x9b\xc7\xba&n\xa8\xbc6\xb7\x0d\x8f=\xf0I\
\x83^8\xe8Fv\xb8\xa4M\x07\xbdi\xc5\xcd)\xa5\
+\x8cm\x94\xc0\xeakZ)\xe9J\x0fA:F\xc4\
\x00\x04Ma\x9d+a\x01\xe8\x9f\xcb\xf5\xe0\x04S\x83\
\xd0F7\xc0e\xca\xb5+,4k\x01\x90\xf4\xf4A\
o8\x8e\xd6\x99\xff+\xac\xfe\xff\xcb\xa2\x00\xd0@X\
c\x00\x22\xe82\xe8\x95p\x014LU\xc7\xc1\xfa@\
\xd8:\x05\xa0\xc2Z\x16\xf9\xf1UR\xbe\xbe\x19T\x01\
\x18\xd8\xe40\x8e\xb6\x95\xfe\x1d\xc3:\xc9.v\x91\xa2\
CTy\xf4\xadY\x00\xc3\x02\x10\xf4\x8aU\x01\xd8\xa4\
\x8a\x15\x0a\xfa\xc3\xba6\xb6U\x01\xb0\xee\x85\xb35`\
&\xc5\xbe\x15\x80J\xd38x\x90\x9b\x8dc\x8drA\
\x84VQ\xc5><\xd2\xd8L(\x00\xfdc-\xbf\xbb\
N9\xc3[\x10\xf4\xc2\xed\x920\xb6\xb1\xb5\x87 \x1d\
\xe3\x0f\xc6\xeb\xf7\xab\xd6\xe8\xb6\xf1k\xd9\xb3O\x0e\xf4\
P>\x88\x05\xe0\x10\xd9\xab\xff\x9d\xdb\xd2\x5c\xd9\xfb\xc9\
\xdew\xeb$\xef\x22[\x19\xaf\xbf\xab\xca\xf0\x16\x04\xd3\
R\x99\xa3{\xae\xf48\x09\xa1\x00\xf4\x8f\xf5\xe1\xc8\xe3\
\x01\xadq\xaa\xca\xa2\xd6\xc2p\x8d)\x00O\x1e\xe4F\
\xebq\xaaC\x1b%\xb0\x06\x00\xae\x93\xf4G\x0fA:\
\x86u1mS\xad\xf0`8\xb8\xcbx}(\x00\xfd\
\xf3\x07\xe55\xd2B\x1b\x13\x02I\xd2i\xc6\xeb\x0f\x1b\
\xc4\xfa1\x88\x02`\xad\x82'\xd9\x93\x1f\x94\xc2\xeac\
\xba:\xa5\xb4\xd4E\x92na]L\xad\x8by\xd0=\
B\x01h\x98jm\xbc\xd6\xd8L[\xe3\x00~g\xbc\
~\xae\x06\xe8{_\x0a\x000S\xd2\x13\xfa\xbd\xc9z\
\xacV{\xcf\xc1?\xdax}\x98\xff\x07\xc3\xea\x02\xb8\
\xdbE\x8a\xa0K\x84\x02P\x06\xab\x1b\xa0\x8d\xb9\x00\xa4\
\x9c\x08\xc9\xea\xa6\xec\xdb\x0d\xd0\xaf\x05\xe0\xb1\xb2\x97\xff\
\xbd\xa0\xaai\xdeF\x1ea\xbc>\x02\x00\x07\xc3\xba\x98\
\x86\x02\x10\xf4\x8bu\xce\x84\x020\x18\xd65\xd2\xbaF\
\x17!\xa5\xb4D\xf6\xbe\xf7m\x9d\xefW\x01\xe8\xac\xf9\
\x1f\xd8Z\xf6h\xf4\xb0\x00\x0cF\xb8\x00\x82\xa6\x09\x0b\
@\x19\xac\x9b\xe06\x80\xd5bX\x0a\xab\x1b\xa0\xef\xd3\
y\xfd*\x00\x87\xf4{\x83\x09\xb0v\xb2\x14\xfb8\xb4\
q\x89C\x1b]$\x14\x80\xa0iB\x01(\x83\xc7\x1a\
\xe9\xb1V\x97\xc0\xfap\xbc\x1d\xd0W\x1a\xea~\x15\x80\
\x83\xfa|\xff\xfa\xacU{\x0b\xe1XMK\x8b\xa2\x04\
\xf0\xc0\x84\x0b h\x9aP\x00\x0aP\xad\x91\xd6\x0a\xb1\
mU\x00\xce\x90\xfd\x14D_\xa5\xea{V\x00\x80y\
\x92v\xebW\x9a\xf5\xb8,\xa5t\xaf\xb1\x8dRX'\
\xd5\x9f\x5c\xa4\xe8&V\xd7K\x1c\x03\x0c\xfa%b\x00\
\xca\xf1g\xe3\xf5{\xbbH\xd10Uy`k\x9d\x98\
z\x14\x00\xd9\xb3\xffI\xd2y\x0em\x94\x22\x14\x80r\
\x84\x0b h\x9a\xb0\x00\x94\xc3\xbaV\xb62\x10\xb0\xe2\
|\xe3\xf5\xb5)\x00V\xf3\xbfd\xcfvT\x12\xeb\xa4\
\x0a\x05`p\xc2\x05\x104M(\x00\xe5\xb0\xae\x95m\
u\x01Hv\x05\xa0\xaf}\xba\x1f\x05\xa0/\xcdb\x12\
\xac\x9d+\x020C\xd2\x1e\xc6fB\x01\x18\x00`\xb6\
\xecGO\xc3\x02\x10\xf4\x8bu\xcel\xd6\xd2\xbc\xf4\xc3\
\x80u\xad|x\xb5f\xb7\x11\xeb\x1e\xb9\x1d\xd0s5\
\xca&-\x00\xcbd/\xf7X\x8a=%\xcd4\xb6\x11\
\x0a\xc0`x<I\x85\x05 \xe8\x17\x0f\xa5qK\x87\
6\xba\x88u\xad\x9c%iW\x0fA\x0ap\xa9\xa4\x15\
\xc66z~X\xefI\x01\x00\xb6\x93\xb4\xe3\xc0\xe2d\
.hqA\x16\xabIi\x9d\xec).\xbb\x8aU\x01\
X\x9eR\xb2~\xa1\x82\x8eQ%+\xbb\xcf\xd8L\xb8\
\x01\x06\xe3j\xd9\xab\xe3\xb5\xd2\x0d\x90RZ-{.\
\x04_\x05@>\xf9\x95\xdb\xec\xff\xb7N\xa6\xf9)%\
\xebb\xd2U\x22\x0dpP\x8a8\x09P\x80j\xad\xbc\
\xd1\xd8L\x04\x02\xf6@\xaf\x0a\x80G\x89\xc5\x8b\x1c\xda\
(\x85\xf5XI\x98\xff\x07'N\x00\x04\xa5\x88@\xc0\
rt\xf2(`\x85u\xaf\xec\xb9\x1eB\xaf\x0a\xc0\xa3\
\x06\x14d<\x97:\xb4Q\x8a]\x8c\xd7\x87\x0208\
V?jX\x00\x82A\xb1\xce\x9d\x88\x01\x18\x1c\xeb\x9a\
i]\xb3Kb-\x19\xbf3\xd0S\xe0tS\x16\x80\
\x95j\xf7&\xb8\xb3\xf1\xfa6\xf7\xbd4\x9b\x1a\xaf\x0f\
\x05 \x18\x14\xeb\xdc\xb1\xce\xdd.c]3\xadkv\
I\xaeR\xae\x9a;(I=Z@\xa6U\x00\x80$\
\xbb\x02pe\x15\xdc\xd0V\xac\x93\xe9z\x17)\xba\x89\
u\x11mk\xe6\xc9\xa0<K\x8c\xd7o\xe2\x22E7\
\x99o\xbc\xbe\xad\xa7\x00\x94R\xf2x`\xee)\x06\xa2\
\x17\x0b\xc0\xce\xb2/\xc2\xad5\xffW\x95\xa5\xac_\xe4\
\x9b<d\xe9(\xd6\xb1_\xea\x22E\xd0E\xacs'\
\x14\x80\xc1\xb1\xae\x99\x9b\x02\x9b\xbbHR\x06\xeb\x9e\xd9\
S\xe0z/\x0a@\xd7\xfd\xff\x1e\xa6\xa4\x9b\x1d\xda\xe8\
*\xa1\x00\x04\xa5\x08\x05\xa0\x1c\x1e\x0fMmv\x03X\
\xf7L7\x0b\x80\xc7\x09\x806+\x00\xd6`\x92\xc5-\
.\x804\x0cX\xadO\xa1\x00\x04\x83\x12\x0a@!\xaa\
\xc28\xd6u\xb3\xcd\x0a\x805\x10\xd0M\x01\xd8\xd7(\
\x88$]\xee\xd0F)v2^\x1fO\xff6\xc2\x02\
\x10\x94\xc2\x1a\x03\x10A\x806\xacV\x806\x9f\x04\xb8\
\xccx\xfd\xde\xc0\xb4\xfb{/\x0a\xc0\x9eFA\x96\xab\
\xdd\x9b\xa0u\x12Y\x13Zt\x9d\xb0\x00\x04\xa5Xf\
\xbc>,\x006\xac\x0a@\x9b-\x007\xc9\x96\x12x\
\x8ez\xd8\xbbzQ\x00\xacEp\xaeI)al\xa3\
$\xd6I\x14\x01\x806\xac\x8b\xa8\xf5).\xe8.a\
\x01(Kg\x15\x80\x94\xd2:I\xd7\x19\x9b\x99\xd6\x0d\
0\xa5\x02\x00\xcc\x94\xbd\x06\x805\xa3Si\xac\x16\x80\
P\x00l\x84\x05 (E\xc4\x00\x94\xa5\xb3\x0a@\xc5\
\xd5\xc6\xebm\x0a\x80\xf2Y\xca\x0d\x8dBX;Q\x1a\
k\x0c@(\x006\x22\x06 (EX\x00\xca\xd2\xe5\
\x18\x00\xc9\xfe\xf0<\xad\xfb~:\x05`w\xa3\x00R\
\x8b\x15\x80*\x09\x92\xd5\x02\x12\x0a\x80\x8dP\x00\x82R\
\x84\x05\xa0,\xd6\xf8)\xeb\xc3[i\xac{\xe7\xb4\x16\
\x90\xe9\x14\x00\xab\xff_j\xb7\x0b`\x0b\xe5\xda\xd2\x16\
\x22\x08\xd0\x86\xf5)*b\x00\x82A\x09\x05\xa0,\xd6\
\x87\xa7\xd9\xc0f.\x92\x94\xc1\xaa\x00\x98\x83\x00=,\
\x00\xd78\xb4Q\x0a\x8fj^\xb7;\xb4\xd1I\x80Y\
\xb2+`\xd6H\xee\xa0\xbbX\x15\x80\xb9\xc0\x0c\x17I\
\xba\xc9m\x0em\xccsh\xa3\x14\xad\xb7\x00\xdc'\xe9\
\x0ec\x1b%\xb1N\x9e\x15)\xa5\xd8\x80\x06\xc7\xc3\x87\
\x1a\x16\x80`P<\xdcG=Ue\x0b\x1eJJi\
\xa9lG\xe1\xa4v\x97d\xbeM\xb9\x90\xde\xa0\xcc\x03\
\xe6N\xf5\x86\xe9\x14\x00s\x12\x9c\x96\x1f\x01\xb4N\x9e\
\x85.Rt\x17\xab\x09u\x9dr\x1e\x8a \x18\x84\xa5\
\x92\xac\xebW\x04\x02\xda\xb8\xcbx}k-\x00\xd5\xde\
y\x8b\xb1\x99)\xf7\xf0\xe9\x14\x80\xed\x8d7o\xbb\xff\
\xdb:yB\x01\xb0a]<\x97U\xe7i\x83\xa0o\
RJke\x7f\x02\x8d8\x00\x1bV\x05\xa0\xcd\x16\x00\
\xc9\x9eDoJ7\xc0t\x0a\xc0\xb6\xc6\x9b\xb7=\x02\
>\x14\x80\xb2\xc4\x09\x80\xa04\x11\x08X\x16\xeb\x1a\xda\
Z\x0b@E\xad\xb9\x10&U\x00\xaaR\x8as\x8c7\
os\x0a`I\xda\xcax\xfd\xdd.Rt\x17\xeb\xfc\
\x8b\xf8\x8b\xc0\x8a9\x10\xd0E\x8a\xee\xd2u\x0b@\xad\
\xb9\x10\xa6\xb2\x00X\xcd\xffR\xb8\x00\xeet\x91\xa2\xbb\
\xcc6^\x7f\x9f\x8b\x14A\x97\xb1\x04aI\xf6S,\
]\xc7j\x01\xe8\xba\x020\xb0\x0b`;\xe3\x8d\xa5\xf6\
[\x00\xac\x0a\x80U{\xed:\xd6\xc5s\xb5\x8b\x14A\
\x97Ye\xbc>\x14\x00\x1b\x9d\x0d\x02\xac(\xa6\x00<\
\xccxc\xc9\xe7\x1cgI\xac\xdac(\x006f\x1a\
\xaf\x0f\x05 \xb0bU\x00\xacV\xac\xae\xd3\xf5\x18\x80\
[\x8d\xd7Oi\xc9\x9fJ\x01\xd8\xc1xc\xa9\xfd&\
\xf0p\x01\x94\xc5\xbaxZ\xcd\xb7A`U\x22\xadJ\
l\xd7\xe9z\x0c@\xad.\x90\xa9\x14\x80m\x8c7\x96\
\xda\x1f\x05\x1fA\x80e\x09\x0b@P\x9a\xb0\x00\x94\xa5\
\xeb\x0a\x80\xf5!r\xca=l*\x05`\x0b\xe3\x8d\x97\
\xa6\x94\xda\x1e\x84e=\xc2\x13.\x00\x1b\x11\x03\x10\x94\
&b\x00\xcab]C[\x9d\x88)\xa5\xb4\x5c\xb6d\
fs\xa6\xca\x06X\xa7\x02\xd0\xe6\x14\xc0cX\x8f\xf0\
\xc414\x1b\xd6\xa7'\xeb\xe2\x1d\x04V%2\x14\x00\
\x1b\xd65\xd4z\x94x\x18\xa8\xcd\x0a0\x95\x02\xb0\xb9\
\xf1\xa6\xad6\xff\x03\xb3%mhl&\xd2\xd0\xda\xb0\
.\x9e\xa1\x00\x04V\xc2\x02P\x16\xeb\x1a:\x13h{\
\x1cFmq\x00uZ\x00\xda\x1e\x00\xe7\x91\xc0#\x14\
\x00\x1b\xe1\x02\x08J\x13\x0a@Y<\xd6\xd0\xb6'c\
*b\x01\xb0\xd6Qn\xbb\xff\xdb\xc3td\xcd#\xde\
u\x22\x080(M(\x00e\xf1p\xa3\xb6]\x01h\
\xa5\x05\xe0^\xe3\xf5\xa5\xb1N\x1a\x14\x16\x00+\xe1\x02\
\x08J\x13\xc7\x00\xcb\xb2B\xf6\x8a\x8cmW\x00\xac%\
\xcd\x07R\x00\xac1\x00m/\xc4b\x9d4+Z^\
\x0ay\x18\x08\x05 (MX\x00\x0aRU\xf3\xb4\xe6\
\xf3h{ \xa0u/\xed\xcf\x05\x00l \xfb\x11\xb8\
\xb6G\xc0['M\x98\xff\xedD\x0c@P\x9a\xc8\x03\
P\x1e\xeb^\xb2\xb1\x8b\x14\xe5h\xdc\x02\xb0\xd1\x14\x7f\
\xeb\x95\xb6[\x00\xac\x0a@\x98\xff\xed\x84\x02\x10\x94&\
,\x00\xe5\xb1\xae\xa5]w\x01l9\xd9\x1f&\xdb\xe4\
=&\xadU\xe8\xd2X\xb5\xc6P\x00\xecX\xe7a\xa4\
\x02\x0e\xacD\x1e\x80\xf2X\xd7\xd2\xae\xbb\x00&\xed\x7f\
\x9d\x0a@X\x00\x02+a\x01\x08J\x13\x16\x80\xf2\x84\
\x05\xc0\xc6F\x93\xfda\xc6$\xbfw\x99\xb4\xc0\xa4\xa6\
\x87\x16`-\x04\xb4\xba\xe5\xfd\x1f\x06\xacV\x98\x19\xf1\
\x19\x04F\xac\xc9\xc06\x899h\xc6\xaa\x84m\xd3\xf1\
\xcf`\xd2\x87\xd94\xd1/\x81=$][\x9b8A\
\x10\x04A\x104\xc1i)\xa5\xa3&\xfa\xc3d.\x80\
\x88\x5c\x0d\x82 \x08\x82\xf6S$\x06 \x08\x82 \x08\
\x82\xb2L\x1a\x03\x10\x0a@\x10\x04A\x10\x8c.}[\
\x00\xac\x81/A\x10\x04A\x10\x94\xa7o\x0b\xc0\xba\x9a\
\x04\x09\x82 \x08\x82\xa09B\x01\x08\x82 \x08\x82\x0e\
\xd2\xb7\x0b`mM\x82\x04A\x10\x04A\xd0\x1ca\x01\
\x08\x82 \x08\x82\x0e2iL_X\x00\x82 \x08\x82\
`t\x994%zX\x00\x82 \x08\x82`tY3\
\xd9\x1f\xc2\x02\x10\x04A\x10\x04\xa3K(\x00A\x10\x04\
A\xd0A\xfaV\x00V\xd4$H\x10\x04A\x10\x04\xcd\
\xd1w\x0c\xc0\xd2\x9a\x04\x09\x82 \x08\x82\xa09\xfa\xb6\
\x00,\xabI\x90 \x08\x82 \x08\x9acR\x0b\xc0\x8c\
\x89~\x99RZ\x03\xdc\xa7)\x12\x08\xf4\xc0\xb1\x92~\
e\xb8\xbe4/\x93\xf4i\xc3\xf5\xe7H:\xc6I\x96\
\xae\xf2yI/2\x5c\xffAI\x1fu\x92%\xe8&\
\xef\x94\xf4\xcf\x86\xeb\xbf'\xe9MN\xb2t\x95\x93%\
\x1dl\xb8\xfe-\x92\xbe\xed$K\x09\x8e\x96M\xfeI\
c\xfa&T\x00*\x96\xc9\xa6\x00(\xa5\xb4\xc8r}\
I\x80\x85\xc6&f\xb5\xb9\xff\xc3\x00`\xb5DbN\
\xc3\xbc\x00\x00 \x00IDAT\xad\x89\xcf \xb0\x00\
X\x03\xa2\x97\xc6\x1c\xb4\x01X\xab\xd3.l\xf3g\x00\
X\x9b\x984\xa6o2\x17\x80$-7\xdet\x13\xe3\
\xf5\xa5\xb1\x06BN\x9a\x7f9\xe8\x99U\xc6\xebg\xba\
H\x11t\x19\xeb\xe6\xb3\xd2E\x8an3\xd7x}\xdb\
]\xda\x9b\x1a\xaf\xbfw\xb2?L\xa5\x00X\x03\x01\xdb\
\xae\x00X\x15 \xeb\xa4\x0d\xec\x0a\x80u\xf1\x0e\x02\xab\
\x12i\x9d\xc3\x81}-\xb5\xae\xe5\xa5\xb1*\x00K&\
\xfb\xc3T\x0a\x80Uk\xb2\x0a]\x1a\xab\x05 \x14\x00\
;a\x01\x08JcU\x22C\x01\xb0c]K\xdb~\
\xac\xdd\xfa0=\x90\x05`\xb1\xf1\xa6\x1b\x1b\xaf/M\
X\x00\xca\x13\x16\x80\xa04\xe1\x02(\x8fu/i\xbb\
\x05\xc0\xaa\x00\x0cd\x01\xb0\x06\xc1\x85\x0b \xb0\x12\x16\
\x80\xa04\xd694\xe9\x11\xac`z\x80\x19\xb2+a\
mW\x00\x8a\xc4\x00X\x15\x80\xcd\x8c\xd7\x97\xc6:i\
6\x00L\xa7(\x02\xb3\x020\xdbE\x8a\xa0\xcb\x84\x0b\
\xa0,\x1e\xc1\xd4]W\x00\x06\xb2\x00\xdce\xbc\xe9<\
\xe3\xf5\xa5\xf1\xf0\x1b\x85\x15\xc0\x86\xf5\xe9),\x00\x81\
\x95P\x00\xca\xe2\xe1Jn\xbb\x02\xb0\x8d\xf1\xfa\x22.\
\x00\xab\xd0\xa5\xf1\x984q\x14\xd0F\xb8\x00\x82\xd2\x84\
\x02P\x16\x8f\x87\xa8\xae+\x00\x03\xb9\x00\xee4\xde\xb4\
\xd5\x16\x80\x94\xd2J\xd9\xab\x22\xb6=\x10\xb24\xd6\x00\
\xaa\x08\x02\x0c\xac\xc41\xc0\xb2X\x15\x805)\xa5\xb6\
\xc7alm\xbc~\xd2$Ha\x01\x98\x1a\xab\x1b \
\x14\x00\x1bq\x0a (MX\x00\xca\xd2\xf5\x13\x00\x92\
}/]0\xd9\x1fj=\x050\x02Ap\x93\xfaN\
zd+\x17)\xbaK\xb8\x00\x82\xd2\x84\x02P\x16\xeb\
\x1aj]\xc3\x8b\x02\xcc\x95\xdd\x0ar\xc7d\x7f\xa8\xd3\
\x05 \xb5\xdf\x0a\xd0\xf5@\xc8\xd2\x84\x05 (M\xb8\
\x00\xcab]C\xadkxi<\xf6\xd0\x81,\x00\xb7\
\xcb\x1e\x85\xdd\xf6\x0d0\x14\x80\xb2\x84\x05 (MX\
\x00\xcab\xf5\x7f\xb7]\x01\xb0\xee!+5ER\xbf\
I\x15\x80\x94\xd2:I\xb7\x1ao\xbe\xbd\xf1\xfa\xd2X\
\xdd \xd6\xc9\xdbu\xe2\x18`P\x9a\xc8\x04X\x16\xeb\
\x06\xe8a\xc9.\xc9\x0e\xc6\xeb\x17\xa4\x94&-'8\
\x95\x05@\x92n2\xde|g\xe3\xf5\xa5\xb1j\x8f\xa1\
\x00\xd8\x08\x17@P\x9a\xb0\x00\x94\xa5\xeb.\x00\xeb\x1e\
:\xa9\xf9_\x0a\x05`:\xac\x16\x80p\x01\xd8\xb0>\
=E&\xc0\xc0J(\x00e\xe9\xba\x0b`'\xe3\xf5\
\x93\x06\x00J\xa1\x00LG\xc4\x00\x94\xc5z\x0c\xb3\xed\
\xf5(\x82\xf2X\xd3\xb0\x8e\xc21\xb4\x92X\xd7P\xeb\
C\x5civ1^\x1f\x16\x00\x03\x11\x03P\x16\xeb\x11\
\x9e\xb6\x97\xa4\x0e\xcacU\x22\xade\xd5\xbbNX\x00\
lL\x19\xc7\x17\x0a\xc0\xd4\x84\x05\xa0,K\x8d\xd7\xcf\
\x05\xa6\x9b\xe3A0!\xd5\xdc\xb1\x9e\xc1n\xf59\xf4\
! ,\x006\xae\x9f\xea\x8f\xd3-\x8e7\x1ao\xbe\
#\x90\x8cm\x94$b\x00\xcabU\x00\x92\x22\x1bc\
08\x1b+\xcf!\x0b\xd69\xdcu\xac\x89\x80Zk\
\x01\xa8\xf6N\xeb)\x80\xf9S\xfdq:\x05\xe0Z\xe3\
\xcd\xe7Hz\x98\xb1\x8d\x92X'\xcf\xc6#\x90\x0d\xb1\
$\x1eOO\x11\x07\x10\x0c\x8au\xee\xa0P\x00\x06\x06\
\xd8T\xf6@\xde\xd6*\x00\x92\xb6\x93\xbd\xff\xf3\xa7\xfa\
\xe3\x94\x0a@J\xe9^M\x13E\xd8\x03\x0f7^_\
\x12\x0f\xf3Q\xdbs!\x14#\xa5\xb4J\xf6(\xeaP\
\x00\x82A1\x07\x00V\xf9T\x82\xc1\xb0>\xfdJ\xed\
\xce\x03\xb0\x97\xf1\xfa\xb5\x9a\xc6\x8d\xdf\x8b\x7f\xf4\xcfF\
!\xf66^_\x92{d\xdf\x80\xac>\x9c\xae\x13\x81\
\x80A)\xac\xcac<\xfd\xdb\xb0\xc6\x90\xadT\xbb?\
\x03\xab\x02p\xcbt\x95\x10{Q\x00\xae6\x0aa\xed\
D1\xaa\x0cJ\xb7\x18\x9bi{ di\xac_\xe0\
\xb0\x00\x04\x83bU\x1e#\x00\xd0\x86\xf5\xe1\xe9\xa6\xa9\
\xb2\xe0\xb5\x00\xeb\xde9e\x00\xa0\x14\x0a@/t\xfd\
$DiB\x01\x08Ja\x9d;\xa1\x00\xd80+\x00\
.R\x94\xc3\xbaw\xce\x9f\xee\x0d\xa1\x00LO(\x00\
e\xb1.\xa2\xa1\x00\x04\x83\x12.\x80\xb2X\xd7\xce\xb6\
+\x00V\xf7\xf9\xfc\xe9\xde\xd0D\x0c\xc0^-?\x0a\
h=\x0a\x19\x0a\x80\x0d\xeb\x22\x1a1\x00\xc1\xa0\x84\x0b\
\xa0,\xd6\xb5\xd3\xbav\x17\xa3\xda3\xf746s\xcd\
to\xe8E\x01\xb8F\xf98\xcb\xa0\xcc\x95=\x9bQ\
I\xc2\x02P\x96\xb0\x00\x04\xa5\xb0\xe6\x90\x88,\x806\
\xac\xfb\xc6\xcd.R\x94ag\xe5c\xf4\x16\xae\x98\xee\
\x0d\xd3*\x00)\xa5\xe5\xea!\x98`\x1a\x1ee\xbc\xbe\
$\xa1\x00\x94%b\x00\x82R\x84\x05\xa0,\x9d\xb5\x00\
H\xda\xdfx\xfd:I\x7f\x9a\xeeM\xbd\xa6I\xbd\xc4\
&\x8b\x1em\xbc\xbe$V\x05`+ 6\xa1\xc1\x09\
\x0b@P\x8a\x08\x02,\x04\xb0\x95\xec\xe3\xdf\xe6\x18\x00\
\xab\x020?\xa54\xad\x05\xaaW\x05\xe0\x8fFa\xac\
\x9d)\x89\x87\x16\xd9f\x17Hi\xc2\x02\x10\x94\x22\x82\
\x00\xcb\xe1\x91?\xa5\xcb\x16\x80i\xcd\xffR(\x00\xd3\
\x92RZ$\xfb\x179\xdc\x00\x83\x13\x0a@P\x8aP\
\x00\xcaa]3\x97T\x99l\xdb\x8a\xd5j>T\x0a\
\xc0#\x80\x99\xc66Jb5%\xed\xe6!DG\xb1\
\x9aQ7s\x91\x22\xe8\x22\xd6\x18\x80P\x00\x06gW\
\xe3\xf5\xad}\xfa\x07fI\xda\xc7\xd8\xcc\x95\xbd\xbc\xa9\
W\x05\xe0:\xd9&\xf3l\xd9;T\x12\xab\x02\xd0\xe6\
\xbe\x97\xc6\xaa\x00l\xe9\x22E\xd0E\xacs'b\x00\
\x06\xc7z\x06\xbe\xcd\xfe\xffGH\xb2>0\xfb)\x00\
UA\x8bKM\xe2\xb4\xd8\x0d \xbb6\x19\x0a\xc0\xe0\
,2^\xbf\xb5\x8b\x14A\x17\xb1\xce\x1d\xeb\xdc\xed2\
\xd65\xb3\xb5\x16\x00\xd9\xcd\xff\xc8\xd9\x02 \xd9\xdd\x00\
\x8f5^_\x12k6\xc46\x17D*\x8d\xb5\x9cg\
(\x00\xc1\xa0\xcc3^\xefQM\xb4\xab<\xc2x\xbd\
5\x81]I\x1eg\xbc\xfe\xba^\xe3\x1f\xfaQ\x00.\
\x1aP\x981\x1eo\xbc\xbe$W\x19\xaf\xdf\xa3\xf2\xeb\
\x04\xfd\x13\x0a@P\x8a\xad\x8c\xd7\xb7\xb9\x16}1\x80\
9\xb2\x9f\x9c\x9a\xf6\x0c\xfc\x10c\xdd+/\xe8\xf5\x8d\
\xfd(\x00\xe7\x0d \xc8x\x0e\x02f\x18\xdb(\x85u\
2\xcd\x90\xb4\x87\x87 \x1d\xc4\xba\x88n\x04\xccu\x91\
$\xe8\x0c\xc0\xc6\x92626\x13\x0a\xc0`\xec\xad\xfe\
\xf6\xa6\x89h\xa5\x02P\x05\xcb?\xc6\xd8\xcc\x85\xbd\xbe\
\xb1\x9fA\xbeL\xb6@\xc0\xb9joF\xc0\xeb$M\
YW\xb9\x07\x22\x0e`0<\x16Q\xeb\x93\x5c\xd0=\
\xac\x96#$-\xf6\x10\xa4\x83X\xd7\xcaU\xb2g\xaf\
-\xc5\xfe\xb2\xa7\x00\xf6W\x00RJk\xd5Q7@\
Ji\xb5\xb2\x12`!\x14\x80\x01H)\xad\x92\xfd8\
U\xb8\x01\x82~\xb1\xce\x99\xc5)\xa55.\x92t\x0f\
k\xcc\xd4\xb5-\x1e{\xeb\x1e\x89\xa4?\xf4\xfa\xe6~\
\xcd,V7\xc0\xc1\xc6\xebKb5)\x85\x0208\
\x11\x07\x104M\xf8\xff\xcba]+[i\xfe\xaf\xb0\
*\x00\xd7\xa6\x94\xee\xee\xf5\xcdM+\x00\x87\x18\xaf/\
\x895\x100\x14\x80\xc1\x09\x05 h\x1a\xeb\x9c\x09\x05\
`pB\x01\x18\x9c\x9e\xcd\xffR\xf3\x0a\xc0\xa3\x80\xb6\
ff\x0b\x0b@9\xac\x8bi\xc4\x00\x04\xfdb\x9d3\
=?\x85\x05\x0f\xc1\xea\x02h\xa5\x02\x00l.\xfb\xf1\
\xc7\xbe\xdc\xf4})\x00)\xa5\x9b%\xdd\xd2\x978\x0f\
fCI\x87\x1b\xae/\x89uR\xcd\x03\xac\xe7\x8a\xbb\
JX\x00\x82\xa6\x09\x0b@\x01\x80\xed%mnl\xa6\
\x95\x0a\x80\xa4#\x94\xf7H\x0b=\x1f\x01\x94\x06;j\
q\xf6\x00\xd7\x8c\xe7\xc9\xc6\xebK\xe11\xa9\x0eph\
\xa3\x8bX\x9f\xa6B\x01\x08\xfa%\x14\x802x\xac\x91\
mU\x00\xac{\xe3\x1aI\xe7\xf7s\xc1 \x0a\xc0\xef\
\x06\xb8f<O2^_\x84\x94\xd2B\xd9\xbf\xd4\xd6\
\xf3\x9d]%,\x00A\xd3X\xe7Ld\x01\x1c\x0ck\
\xc6\xd8\x85)\xa5\xb6*_V\x05\xe0\xe2\x94R_'\
\xa6\x06Q\x00~;\xc05\xe39\xa8J\xb2\xd1Fz\
\xca\xaf<\x05\x07\xbaH\xd1=\x22\x06 h\x9a\x88\x01\
(\x83u\x8d\xb4\x06k\x17\x01\xd8Dv\xe5\xe7\x8c~\
/\x18D\x01\xb8R\xd2\x82\x01\xae\x1bc\xa6\xa4'\x18\
\xae/\xc9%\xc6\xeb\xc3\x020\x18a\x01\x08\x9a&\xea\
\x00\x94\xc1\xba\x09\xf6|\x06~\xc88\x5c9c\xac\x85\
\xd3\xfb\xbd\xa0o\x05 \xa5\xc4 7Z\x8fV\xba\x01\
$]l\xbc~\x9fHK;\x10\xa1\x00\x04M\x131\
\x00\x0dS\x9d\x10\xb3\xa6L\xb7\xae\xd1\xa5\xb0\xee\x89h\
\x80\xf8\xbcA\xf3-\x9f6\xe0uc<\xc5x})\
\xac\x93kC\xb5\xbb,r)\xc2\x05\x104\xcd\x96\xc6\
\xeb\xc3\x05\xd0?\x07HJ\xc66\xdaj\x018\xd2x\
\xfd\x95)\xa5;\xfb\xbdhP\x05\xc0\x1a\x08\xf8\x84\xea\
\xccc\xdb\xb8L9\xcf\xb4\x85\x88\x03\xe8\x1f\xb3\x05\xa0\
*\xb2\x11\x04\xd3R\xcd\x15\xab\xd2\x18.\x80\xfe\xb1\xba\
HW)\xaf\xd1\xad\x02\xd8B\xf6\x04@}\xfb\xff\xa5\
\xc1\x15\x80+$\xdd1\xe0\xb5R\xf6u<\xd5p}\
\x11\xaa\xbc\xf4W\x18\x9b\x898\x80\xfe\xb1*\x00\x1bH\
\xda\xd6C\x90\xa0\x13l'{5\xba\xb0\x00\xf4\x8f\xf5\
\xe1\xe8\x8aj\x8dn\x1bO\x93\xdd\xff\xdf\x9c\x02P\xc5\
\x01\x9c:\xc8\xb5\xe3x\x86\xf1\xfaRX\xdd\x00a\x01\
\xe8\x93\x94\xd2bI+\x8c\xcdl\xef!K\xd0\x09\xac\
seIJi\x99\x8b$\xdd\xc2\xfapd-VW\
\x0a\x8f\xbdp\xa0\xb8<\x8b\x96\xfbK\xc3\xb5\x92\xf4,\
\xe3\xf5\xa5\xb0*\x00\x8f\x06\xac\xda^\x17\xb9\xcdx\xfd\
\x0e.R\x04]\xc0:Wnu\x91\xa2C\x00\xb3$\
=\xd2\xd8L[\x15\x80\xa3\x8d\xd7_\x99R\xbai\x90\
\x0b\xad\x0a\x00\x86\xebw\x06\xf65\x5c_\x0a\xab\x020\
GQ\x17`\x10\xac\x0a@X\x00\x82^\xd9\xcex\xbd\
u\xaev\x91\xfd$\xcd2\xb6\xd1\xba\x00@\xe0\x91\x92\
v16\xf3\xabA/\x1cX\x01H)-\x90}3\
l\xa3\x1b\xe0\x0f\x92\xd6\x19\xdbhsU\xc4RX\x9f\
\xaaB\x01\x08z%,\x00\xcds\xa8\xf1\xfau\xb2\xe7\
i)\xc13\x1d\xda8y\xd0\x0b\xad\x81.\xbf0^\
\xdf:7@\x95j\xf1Zc3m-\x88T\x92p\
\x01\x04MaU\x16\xc3\x02\xd0?V\x05\xe0\xea~\xd3\
\xe0\x0e\x09\xd6\x87\xe0\xfbd8\x95gU\x00\xacq\x00\
GUG \xda\x86\xd5\xf2\x11\x0a@\xff\x84\x05 h\
\x8a\xb0\x004\xcf\x11\xc6\xeb[\xe7\xff\xaf\x8e\xc2\x1fi\
l\xe6\xcc\x94\xd2\xf2A/\xb6*\x00\xe7JZd\xb8\
~\xa6Zh\x05\x90}\xb2\xed\x1d\xa5\x81\xfb&,\x00\
ASXc\x00nw\x91\xa2#\x00;H\xda\xd5\xd8\
L\x1b3\x00\x1e#{\xdc\xc3\xc0\xfe\x7f\xc9\xa8\x00\xa4\
\x94\xd6H\xfa\xb5\xa5\x0dI/0^_\x02kI\xe4\
$\xe90\x0fA:DX\x00\x82\xa6\xd8\xd1x\xfd-\
.Rt\x07\xeb\xd3\xbf$\x9d\xe5\xd0F\xd3\xbc\xd0\xa1\
\x0d\x93\x15\xdej\x01\x90\xa4\x9f\x18\xaf\x7f\x160\xdbA\
\x8e&\xb9@\xd2Jc\x1b\xe1\x06\xe8\x0f\xab\x02\xf0\xb0\
8~\x19L\x07\xb0\xa1\xec\x85\x80\xc2\x02\xd0\x1fV\xff\
\xffJI\x17z\x08\xd2\x14\xc0F\xb2\x07\x00\xde&c\
\xe6C\x0f\x05\xe0\xa7\x92V\x1b\xae\xdfT-\xcb\x0a\x98\
RZ!\xbb\x1b \x14\x80\xfe\xb0\xba\x00\x22\x1b`\xd0\
\x0b\xdb*\xd7\xec\xb0\x101\x00\xfda]\x0b/H)\
Y\x1f\xc8\x9a\xe6i\x9261\xb6\xf1\xf3*)\xdf\xc0\
\x98\x9f\x88RJ\x8b\x80\xdf\xca\x96\xcc\xe0\x05\x92~n\
\x95\xa5a\xce\x94Ms=\x08\x98\xdd\xc2\x89[\x84j\
\x9e\xadP\xce\xa30(\xdbk\x04\xcc\xb3U\xed\xf0\xb9\
z\xf0\x02\xb2\x91\x1e<63\x94\x95\xeb\xf1\xac_\xe0\
f\xec\xefK\xd6\xfb\xfd\xfaq=K$\xad\x19\xf7\xff\
\x15\xca\xd1\xc7c,\x95\xb4\xbc\xa5Q\xd8\xebcu\x15\
-M)\xad?\x9e\xc1$T\xd5Q\xad\xd9Q\xdbh\
\xfe\xf7p}\xff\xc0\xda\x80\x97I\xf4\x07\xb2)\x00\xcf\
\x03\xde\x9cRZ\xeb$O\x13\x9c%\xe9\xff\x18\xae\x9f\
-\xe9q\xb2\xc7\x13t\x89\xdbd+\x17Z,\x10\xb0\
\xcat6o\xdck+\xe5M|cI\x9b)o\xc6\
\x1bW\xbf\xdbr\xdc\xdf6\xad\xfe>\xf6\xb7\xa1=5\
\x03H\xd2bI\xcb%-\x93t\xaf\xb2\xf2\xb0\xac\xfa\
\xdd\xa2q\x7f[R\xfd}\xecow+\x17\xd0Y(\
ia\xc1\x9c\xeeq\x04\xb0Y\x1e\xaf\x1c\x0cn\xa1U\
\x0a@\xe5\x8a|\x9e\xb1\x99%\xb2\xc7\xdf\xb9*\x00\x9f\
\xd4\xe0\xa6\xb3m%\x1d%\x87\x0e5\xc8Y\xca\x99\x10\
-\xe5+\x0fW(\x00\xfdp\xabl\x0a\x80[  \
0Gy\xa3\xde\xb2jw\x87q\xff\x9f\xe8w\xdb\xca\
\xc7\xe56\xecl!\x07%\x05\xb8OYaX\xa4\xfc\
\xb9\xdf6\xee\xff\x13\xfd\xee\xf6\x94\x925A\x97dW\
\x12[oaj\x18k\x00 j\xdf\x1a\xfaTI\xdb\
\x18\xdb\xf8\x99\x87\xf5\xd8E\x01H)-\x00\xce\x95\xcd\
\x97s\xacZ\xa4\x00\xa4\x94\x16\x02\x7f\x96-\xad\xef\xe1\
\x92>\xe2$R\x17\xa8=\x1dp\x15\x04\xb6\x9drz\
\xce\x9d\xaa\xd7\xfa?o#\xfbSK05\x1b)\x7f\
^\xdb\xab\xb7\x1c\xf1\xab\x81;%\xdd(\xe9\xe6\xea\xb5\
\xfe\xcf\xb7\xf7`e\xb4*\x89\x11\x00\xd8\x1f\xd6\x00\xc0\
\xabRJm+\xbd|\xacC\x1b?th\xc3\xcd\x02\
 I\xdf\x97M\x01x\x11\xf0\xb7-\xf3\x89\x9f)\x9b\
\x02\xf0$`\xc3\x96\xb9>Jb\x0d\xae\xda\x01\xd8^\
\x0fl\xe6;+o\xe8;\x8e\xfby{\xf9~/\x82\
f\x98\xa9\xfc\xf4>\xd5\x13\xfc\x1a\xe06=X1\xb8\
\xa9\xfa\xff-\xd5\xcfV\x0b@\xb8\x00z\x04\x98)\xbb\
\x05\xa0m\xe6\xff\x8dd?\xfe\xb7RN1s\xde\x0a\
\xc0G5\xb8I|\x0b\xe5\xa4@.\x9aMC\x9c-\
\xe9\xaf\x0d\xd7o\xa9\x1c\x07p\xbe\x8f8#\x8fuq\
}C\xf5\x0a\xba\xc9\x0ceEo\xe7\x1a\xef\x11'\x00\
z\xe7\x10\xe5\xf8\x16\x0bgz\x08\xd2 \xc7H\xda\xdc\
\xd8\xc6)^\x81\xa6n>\xc9\x94\xd2|\xe5\xf3\xf1\x16\
^\xee J\x93xL\xbe\xa7;\xb4\xd1\x15bq\x0d\
\x86\x9d\x98\xa3\xbd\xe3\xb1\xf6\xb5\xca\x02 \x9f=\xce\x1c\
\xfd?\x86wP\xd27\x8d\xd7?\x07X\xff\xe8\xd20\
s\xb5\xa4;\x8cm\x84\x020\x05\xc0,\xe0@\xe0U\
\xca\xdas\x10\x0c3\xcf\x05^Y\xcdYk\x9a\xd7Q\
\xe7i\xc6\xeb\xef\x90\xbd0[c\x00\x9bIz\xb6\xb1\
\x995\xb2'\xdf\xbb\x1fK\x04\xfbC\x00\xb6U\xf6\xa5\
Y\x12i\xbc&\xa5\xf45'\x91j\x078I\xd2_\
\x18\x9aX%i\xab\x94\xd22'\x91Z\x0b\xb0\xab\xa4\
\xfd\xab\xd7\xa3\xab\x7f\xf7Q\xf8\xe4\x83v\xb2Z\xd2\x9f\
$]*\xe9\x8f\xd5\xbf\x97\xa6\x94n,*\xd5\x10P\
\x15\xc2Y(\xdbw\xfb\xa4\x94\xd2\x8b\x9dD\xaa\x1d\xe0\
\xb5\x92\xbell\xe6\xe4\x94\x92G\x09aI\xce\x0bk\
u\x1a\xe07\xb2\xe5\x04x\xad\xa4\xd6(\x00\x92~#\
\x9b\x020K\xd2\x93d/\xad\xdc*\xaa\x02 \x8f\x1b\
\xf7:D\xf6\xa31A0L\xcc\x94\xb4_\xf5\xba\xdf\
\xf4\x0b\xdc\xab\xac\x0c\x5c8\xeeu\x855\xab[\xcb8\
J\xf6\xfd\xa75\xa7\xc6*^\xe7\xd0\xc67\x1c\xda\xb8\
\x9f:\x9e\xac\xbe)\x9b\x02p$\xb0gJ\xa9-\xa6\
\x9d\x93\x1d\xda8Z#\xac\x00\x00\xdb)o\xf0\x07)\
o\xf6\x07)6\xfb\xa0\xbbl\xa6|bj\xfc\xa9\xa9\
;\x80\x0b\x94\x95\x81\x0b$\x9d\x97RZPB\xb8\x86\
\xf0p}\x9a*\xe15\x09\xb0\x97\xa4'\x1a\x9bY&\
\xe7 yW\x17\x80$\x01\x1bKZ\xa0\x9c\xb9lP\
\xfe#\xa5t\x9c\x93H\xb5\x03\x5c+[\x82\x9a\xcbR\
J\xfb{\xc9S\x92\xea\x1c\xfd#\x947\xfa\xc3\x95\x8f\
\xf9\xec\xab\x1a\xe6Z\x10\x8c8\xb7)\x07\x1a\x9f\xa5\xac\
\x18\x9c\x97R\xb2\xd4]\x19\x1a\xaa\x1c*{\x19\x9a\xb8\
&\xa5d\xb9\xbeQ\x80\x0fIz\x8f\xb1\x99o\xa5\x94\
\xfe\xd2C\x9e1jY\x94\x81\x13dKvp\xb3\xa4\
\xdd\xdar>\x1e\xf8\xb4\xa4\xbf\xb14!i\xa7\x94R\
\xeb\x22\x88\xab\xa0\xcd\xc3\x95\x13z\x1c\xa6\xfc\xa4\xdf\xa6\
@\xce h\x0b\xf7J:O\xf9\xf8\xf1\xd9\x92\xcen\
c\xfd\x85*\xd6g\xbe\xb1\x99O\xa7\x94\xde\xe2 N\
\xedT\xa9\x7fo\x90=\xc7\xc41)%\xd7\x9a9u\
\x05W}S6\x05`'I\xcfP{\x0a\x04\x9d\x22\
\x9b\x02\x90\x94#b\x87>\xf6\xa1\xb2\xf0\x1c!\xe9\xc8\
\xeau\x90\x22H/\x08\x9a`3e\xd3\xf9\x98\xf9|\
\x0dp\xbe\xa4\xd3\xaa\xd7Y)\xa5\xe5eD\xeb\x8bN\
\x99\xff\x95\xf3\xdbX7\xff;\x95\xf7\x19W\xea\xb2\x00\
\xccP\xce\xaeeI\xab\xd9\x9a\x08O`\x0b\xe5\x0f\xc8\
\xb2\x11~#\xa5\xf4*'\x91\xdc\xa8\xaau\x1d\xa6\x07\
6|\x8f\xe2\x1dA\x10\xf8\xb3J9\xa9\xd8i\x92~\
+\xe9\x9c\xaat\xf9P\x01|G\xd2K\x0dM\xac\x91\
4/\xa5t\x8f\x93H\xb5\x02\xfc@\xf6\xea\x7f\x9fL\
)\xbd\xcdC\x9e\xf1\xd4\xe6\x97\x05>(\xe9\xbd\x86&\
VI\xda\xa5-\x810\xc0\xd9\xb2\xe5\xb5\xbeS\xd2\xf6\
\xa5\xdd\x1e@R>\x82w\xb4\xb2\x15\xe6\x08\xe5\xca\x85\
A\x10\xb4\x8b\xfb$\x9d\xa1\xfc\xb4|rJ\xe9\xd2\xc2\
\xf2\x8c\xa5\xff\xbdC\xb6\x82Qg\xa5\x94\xac)\x84\x1b\
\xa1J=~\x83\xec\x0fM\x87\xa6\x94\xceu\x10\xe9A\
\xd4i\xba\xfd\xa2r\xd0\xc3\xa0J\xc6,\xe5\xb4\xad\xff\
\xee&Q\xbd\x9c\x22\x9b\x02\xb0\x8d\xb2/\xfdt\x1fq\
z\x07\xd8F\xd9,7\xb6\xe9o\xd7\xb4\x0c\x81\x99E\
\xeb\xfd\x7f\x89\xf2\x93\xd2\x18+\x947\x841VK\x1a\
\xf3\x1fo\xa2\x07/P\x1bI\x9a3\xee\xff3\xf4\xd0\
\xb8\x8e-\x07\x964h\x8a\x8d\xf4\x80\xcb\xe0#\xc0\xad\
\xaa\x94\x01I\xbf.TD\xe7\xc9\xb2W\x8bt7\x85\
\xd7\xc8\x1be\xdf\xfc\xafR\x8e\xfdp\xa7\xd6\xc8\xec*\
'\xc0S\x0cM\xdc\xa2\x1c\x0c\xb8f\xdaw\x16\x068\
\x5c\xf6\xd4\xc0\x1fO)\xbd\xcbC\x9e\xa9\xa8\x9e\xf2\x0f\
\x96\xf4\x5ce\xff\xd4c\xd4\x8dR\xb5\xc3\xc0\x1a\xe5\x04\
(wI\xbaG\xd2r\xe5\xcd{Y\xf5\xf3\x92q\xbf\
_.i\xb1\xf2F\xbd\xbc\xfaw\xf1\xd8\xdf\x86\xc5\x04\
Z%u\x99[\xbd\xb6PV(\xe6V\xffn1\xee\
o\x9b++\x12s\x95O\x09m9\xee\xf7[K\x9a\
\xa7\x88'i\x8au\xca'\x0b~\xa1\x9cY\xee\xc2&\
\xf2\x10\x00\xffO\xd2[\x8d\xcd\x1c\x96R:\xc7C\x9e\
:\xa9\xac\x1d\xf3e\xf7\xff\xbf+\xa5\xf4q\xbbD\x0f\
\xa5n\x05\xe0\xe5\x92\xbeel\xe6\xa5)\xa5\xefy\xc8\
S'U\xdc\xc3B\xd9\x0a=\x5c\x9bRz\xb8\x93H\
\x0f\xa2\xaa_\x7f\xb8\xf2\xa6\xff\x22\xe5\x0ax\x81\x9d\xf1\
u\xeb{\xa9]\xbf\xa0\xb4\x9bg\x98\xa9\xe6\xe9\x96\xca\
\xf1C;T?o9\xc5\xef\xb6S\x1c1\xf5\xe0N\
I\xbfTV\x06~Q\xd7\xe9\x02\xe0zI\xbb\x19\x9a\
X,i\x9b\x96<\x14\x1e+\xe9\x04c3\xab\x94O\
\x88\xdd\xe9 \xd2C\xa8[\x01\x98\xad\xfc\x14\xbf\xb5\xa1\
\x99\xd3SJOv\x12\xa9V\x9c\x82=\xf6O)]\
\xe6$\xcfv\x92\x9e\xa3\xbc\xe9?M\xf9i+\xe8\x8d\
\xb5\xca\xb5\xdd\xd7\xaf)\x7fS\xf5\xf3-\x92\x16\xa6\x94\
\xee\x9b\xb4\x85\xa0v\xaa\xf2\xaa\xf3\x94\x15\xda\xf1%\x9e\
\xc7J>\xef\xa2\xac$X\xd2\x93w\x8de\xcaf\xf6\
\x9fH\xfaiJ\xc9Z\xefD\x92\x04<F\xd2E\xc6\
f\xbe\x9fRz\x91\x87<u\x03\x9c!{\xb9\xe3\x13\
RJ\xaf\xf0\x90g\x22j5\xb7\xa5\x94V\x02_\x97\
\xf4\x0eC3O\x02\x1e\x9dR\xfa\xa3\x97\x5c5\xf2\x0b\
\xd9\x15\x80\x17H\x1aX\x01\x00vQNM\xfcb\xe5\
\x98\x840\xedO\xcc\xed\x9axc\xbf\xa9z\xdd\xda\x86\
\xa7\x8c\xaeS)`c\x9f\xe3\x84~\xd2\xca:\xb7\xbd\
\xb22\xb0\xb3&V\x14\x22\xee\xe5\x016V^\x87^\
 i\x1dp\x96\xa4\x13\x957\xdf\x9b\x0d\xed>\xdfA\
\xb6VdL\x05\x0e\x90}\xf3\x97\xa4\xcf9\xb41)\
\xb5\x9b\xce\x80G)\xe7\xbd\xb6\xdc\xeb\xf3)\xa57:\
\x89T\x1bU\xc4\xe7\xcd\xb2m\xba\x17\xa4\x94\x0e\xee\xf3\
\xbe\xbb+o\xf8/R>\xa6\x17&\xd1\xa99'\xa5\
tXi!\x82\xe1\x018S\x0fN\xcd\x1b<\x14$\
\x9d\xab\xac\x0c\x9c\x94R\xba\xe1\xff\xb7w\xde\xe1vU\
\xd5\xde\xfeMzHP:\x86\x1a:R\x94f\x01\xe9\
\x8a\x0a^\xae\xa0\x14\x05\xc5\x0e\x16\x04E\x81+^\xaf\
\x0d\x05\x14\xe9E\xc0F\x11\x11\x0b(~ =\x8aH\
\x14P\x22\x10 \xf4\x92H\x0f\x10\x02\xa9\xe7\xfd\xfe\x98\
{\xc3\xe1\x98sr\xce\x9ec\xae\xb9\xd6\xde\xe3}\x9e\
\xf3$p\xb2\xe7\x1ac\xac\xb5\xd7\x9ak\xce1~c\
D\x1f\x86\x7fJ\xda4\xe1\xf8}\x92VnBe\x18\
p\xb6\xa4O&\x0e3Y\xd2\x069s3*yP\
\x18$\x03\xbe(i\x8dBY\xab#\xc2\xa0\x1c\x10\xc5\
\xf2\xc7!g\xda\xc0:\x92\xf6R|\xe8o\x91p\xbc\
^dZ\x08a\xd9\xd2F8\xf5\x01xJi[\x95\
\xbd\x06\x8a=\x0b~-\xe9\xd7!\x84\xfb\x87\xfc\xc70\
N\xd2\x03\x89\xc7lD\xf9\x1f\xb0\xbcb\xe9_\xea\x96\
\xeba!\x84\xe3\x0cL\x1a\x94\xaa\x96\x87ON\xfc\xfc\
\x92\x92>gaH\x05\xa46k\x08\x92\xfe{~\xbf\
\x00V\x02\x0e\x06&H\xbaG\xd2w\xd5;\x0f\xffy\
\x8a\xe50\x17I:;q\xaceZ\xad\xab\x1dG\xc0\
\x8aJ\x7f\xf8\x9f-\xe9W\x8a\xed\x7f{!\xc9\xb3]\
It\xac\xa4{\x81\xbf\x02\x07\xb5J\x8a\xe7\xc7|\xef\
i#\xc4\xb4\x11NF\x0eR\xfa\xc3\x7f\x96\xa4s\x0c\
l\x19\x92\xaaV\x00\x16V|`\xad\x990\xcc\x93\x8a\
%\x81\xb5\x96\xba\x04\xd6S\xbc\x09\xa4pe\x08\xe1]\
\xad\xf1\xc6H\xdaC\xd2\xbe\x8a\xf5\xbc\xbd\x90\xcc\xf4\xa4\
\xa4\x89j\xf5OW\xec\xa5~G;\xe1\xae\xf5\xf0~\
,\xf1\x18;\x84\x10\xfe\x948\x86\xd3\x05\x00\xdbIJ\
\xbd\x16Vlgj\xb7*\x196R\x14\xd4\xda\xa4\xf5\
\xe7\x1b\xd5\x1b+\x0cs\x15\xb5\x06.\x90tI\x08a\
\x86d\xb2\x0a,I\xeb\x85\x10\xeeI\x1c#+-\xe5\
\xd4\x87\x14\x13SS\xc8\x9a\xfc\xd7\xa6\x92\x9a\xdb\x10\xc2\
<\xe04I)\xcb\x19+(\xf6S>\xcd\xc6\xaa<\
\x84\x10&\x03\x93$m\x980\xcc\x0e\xc0^\x8a\x0f\xfe\
\xf7\xaa\xbb\xb3\xf7\x9fQ\x5cJ|\xf9'\x84\xf0\xc8P\
\x1f\x08!<\x0e<\xa7\xb4\x92\xcb\x0d\x94~\xd3w\xba\
\x83\x0d\x12??\xad\x7f\x99VK~\xb7}=\xbfL\
\xab\x09\xce\x96\x03~REq\xea\xc6\x22\x92vm\xfd\
\xcc\x00.\x91\xf4;I\xdb%\x8e{G\xdd\x1f\xfe-\
>\xae\xf4\x87\xbf$\x9dd0\xc6\x02\xa9,Y\x0cX\
F1\xbb:\xa5M\xf0\xfd\x8a\xb3\xc0Z/\xb1\x01\xdf\
\x91tdi;j\xc8K\x92nR\xcc\xd6n?\xec\
\x87\xdc;\x1c\x8cV\x13\x94\x11%K\x0e\xe0\x84\x10\xc2\
\xa1\x09\x9fw\xba\x04\xe0xI_L\x18\xe2o!\x84\
\xb7vx\xecu\xf4\xcad\xe0-\xad?\x97H\xb0\xa5\
[\xa9}\x8b\xf8V\xb5\xc9d\xa5\xadtK\xb1\xcbc\
%\x09\xa9\x95\xa9n\x85\x10\xa6\xb5J\x02S\xba\xe6\xad\
\xa5\x98\xed\xfeK\x1b\xab\xb2q\x89|\x02 \xc5e\xfa\
\x9b\xf5JO\xf3\x9bB\x08\xb3\x8c\xc6\x9e\xac\xb4\x09@\
\xea[\x9f\xd3=\xa4^\x0b\x1do\xf9\x85\x10\xee\x95t\
\xaf\xa4\x0b\xa5\x97\x1f\x22\xed\x12\xb2-\x14\xdf\x9c\xd7H\
\xb4\xaf\x1b\xb8\xb8\xb4\x01\xc3`o\xa5?\xfc%\xe9\x04\
\x831\x86E\xd5\xb2\x9b\xa7J:Pi+\x0f\x87\xa9\
\xfe\x13\x80\x9b\x15\xcb\x01W-mH\xc5LR\xab-\
\xa9b\xc6\xee\x88\xca\x84F\xc8\xe4\xc4\xcf\xfb\x04\xc0i\
\x93z-\x98-M\xb7\xb4'ni\xfdH\x92\x80\xb5\
\x14;r\xb6\xdbp\xafou\xbc\x86\xf0\xa8\xd2\x05\x84\
\xaa\xe0\xcb\x06c<\xac\x0a\x93\x1d+\x9d\x00\x84\x10\xee\
\x00\xae\x90\xf4\xee\x84a\xb6\x00v\x09!\xd4V\x10\x22\
\x84\x00\xf0;5\xa7r\xa1S&+\xb6\x1d\x1d/i\
|\x08!51o\xa4\xc7Na\x0d`T\x1d\xdb\xa5\
:\xd5\xd1J\xd8K}\xc3N\xbd\x16\x87\xa4\xb5Mv\
\xbf\xa4\xf3\xa5\x97\xf5Fvl\xfd\xec )\x8b|x\
\x8d\xf8]\x15}\x0aR\x00\xde\xa3\xd8S%\x95S\xaa\
\x14 \xab\x5c0\x06\xd8A\xf1\xa1\x91B\xc7{nU\
\x01\xbcC\xcd\xeaZ5\x1c\x1eQ\xf4\xe9:I\xd7\x85\
\x10\xa6\x942\x04\xd8\x5c\xfd\xde\x92:d\xd3\x10\xc2D\
\x0b{\x9cf\xd2Rl\xbb5q\x98\xcdB\x08\xa9c\
t\x0c\xb0\xaa^\x99\x10\xec\xac\xee[y\xdc9\x84p\
ui#\x86\xc2 'I\x8a\xcd\xbeV\x0b!<k\
`\xd2\xb0(\xa2\x18\x07\xdc()\xf5\x01\xbek\x9dW\
\x01\x80\xc5\x14;\xbe\x8d)mK\x02/)f\xca_\
\xa1\xd8O\xfc\xce\xc2\xf6\xbc\x0c\xb0\x94b\xd7\xbc\x94k\
\xf8\x03!\x84\xbao'9\x19\x01\xf6Qk\xff\xbd\xd3\
!$-\xd5.w\xab\x03\xc0\xc6z\xa5\xb5\xf7\xb6z\
uk\xe7\xa6\xf1\x82\xa4\xe5B\x08\xb3K\x1b2\x18\xc0\
\xae\x92\xfe\x9f\xc1P\xa7\x86\x10>o0\xce\xb0)\xa5\
\x13\x7f\xac\xc1\x18_7\x18\xc3\x1c`1\xe0#\x8ay\
\x00M|\xf8\xdf&\xe9\x07\x8a7\x90eC\x08\xbb\x84\
\x10N\xac\xd3\xc3_\x92B\x08\xd3\x15;\xec\xa5\xe0y\
\x00N\xea50\xa5N\x0f\x7fI\x0a!\xdc\x1eB8\
\xbe\xa5%\xb2\x9c\xe2\x96\xeb\x09\x8a9:Mc\x8c\xa4\
\x9b\x81\x8f\xb4^\xaa\xea\x88\xc5\xb3h\x9e\xd2\x05\xf3\x9a\
\x01\xb0\x100\x89tv)\xedK\x1b`\x19\xe0\x7f\x80\
)\x06~U\xc9,\xe0\x0a\xe0s\xc4:\xe5\xc6\x00\x5c\
\x97\xe8{j\xabN\xa7\xe1\x00\xbfH\xbc\x86\xae)\xed\
\xc3H\x00\xd6$\xaa\x89^\x05\xccN\xf4\xbdj\xa6\x00\
G\x00\xb5\xd1N\x00v5\xf2-e\x15\xaay\x00\x1f\
3\x08\xda\xcd@\xd1\xc67\xc4/\xd41\xc0\xb3\x06\xfe\
T\xc5\xd3\xc0E\xc0\xfe@\x8a\x98NQ\x803\x12\xe3\
\xd0\x84\xccb'#\xc0\xad\x89\xd7\xd0)\xa5}\xe8\x14\
`4\xb0\x1bp&\xf0Xb\x1c\xaad:\xd1\xe6\xf5\
j\x10\xc3\xbf\x19\xf8\xd3\x07\xbc\xa1\xb4/\x95B\x5c*\
\x7f\xd8 x\xbb\x16\xb2\x7f3\xe2Ct\xae\x81\x0fU\
\xf0\x10p<\xb0\x1dQ\x9a\xb9\xf1\x10\xb5\xc7S\x98\x01\
x\xbb\xe4\x1e\x85\xb8\x129#\xf1\x1a\xfaLi?,\
\x00\x16\x01v\x00N\x04\x1eI\x8cIU\xcc\x01.$\
&r\x96\x88\xd9{\x8c\xfch\x82\xc6\x81=\xc0\x17\x0c\
\x82w+\x15\xde\xc4\x817\x02\x17\x13gmu\xe7\x01\
\xe0\xfb\xc0[(\xbcR\x92\x03`G\x83\x18\x8d+\xed\
\x87S\x06`-\x83\xeb'U\xe2\xb6v\x00\x01\xd8\x0a\
\xf8\x01\xf0\xa0A\x8cr\xd3\x07\xfc\x1a\xd8\xa4\xc2\x18-\
\x04L4\xb2\x7f\xcb\xaa\xec\xae\x15\xc0\x12\xc0\xa3\x06\x01\
\xfcp\x05\xb6n\x0c\x9c\x0b\xcc3\xb07'\x0f\x02'\
\x01\xdb\xd0\x85\x0f\xfd\xfe\x10\xbb#\xa6\xb2{i?\x9c\
2\x00\xef3\xb8~,t\xdfk\x0d\xb0\x11\xf0\x0d\xe0\
n\x83x\xe5\xa4\x0f\xb8\x94X\x22\x9c;&\x1f1\xb2\
\xf9\xb2\xdc\xb6\xd6\x1a\xe0\xf3\x06A|\x10X<\x93}\
\x9b\x10g\x97u~\xe3\x9fJ\x5c\xde\xef\x95\xd6\xc0/\
\x03<\x99\x18\xbbZV\x938\xf9!>\xd4R\xa8R\
\xf8\xaa\x16\x00o\x22n\x13\xfc;1v9\x99\x07\xfc\
\x12\xd8(S\x0c\x96\xc0ne\xa4\x12\xcd\xff\xda\xd2\x0a\
\xa6\xc5\x9e\x93ic\x17`}\xe2\x1e\x7f]\xdf\xf8\x9f\
\x03~\x0a\xbc\x83.\xd9\xd3\xef\x04`|b\x1c{s\
\xff\xcd\x11pI\xe2\xb5\xd3\xa8\x0a\x00K\x80\x85\x81w\
\x02\xe7\x00\xcf'\xc61\x17\xf3\x889\x02\xa6\xc9\x82\xc0\
\x97\x8c\xec\xbb\xd6\xd2\xae\xc6\x02|\xc6 \x98OaP\
\x1e\x02\xac\x00\x9cJ=Kdf\x01\xbf\x03\xf6&J\
\x98\xf6<\xc0\xe9\x891}\xa0\xb4\x0fN\x19H\x7f\x8b\
kl\x05\x80%\xc0(`\x1f\xe0\xf7\xc4{T\xdd\x98\
\x0d\x9c\x8c\xc1v\x0d\xb04\xb1\x8a\xca\x82\x9d,\xe2\xdf\
x\x80E\x81\xfb\x0d\x02zt\x82\x0d\x8b\x01\x87P\xef\
r\xbe\xa9\xd4W\x0c\xa3\x08D\xfd\x82\x14\xfa\x88\xad\xaa\
\x9d\x1e\x82x#O\xdd\xd6;\xb0\xb4\x1fu\x82x\x1f\
\xb7\xc8\xe9\xca\xc5t\xe2\xb6O\xc7\xed\x96\x81c\x8dl\
\x19o\x18\xfa\x8e\xa9E\x09T\x08a\x8e\xa4\x8e\x1f\xde\
\xfd8\x84\x11\x8a\xd9\x103^\xf7S\xec\xe8u\xa2\xa4\
:\xd7\xc5\x8f\x95\xf4\xfe\xd2F\xd4\x8c;\x12?\x1f$\
\xf5V\x0d\xae#I\x9b*]\x0a\xbd\x89\xcaz9\xd9\
S\xd2*\xa5\x8d\x18\x821\x8a\xaa}w\x02\x1fd\x84\
I\xd2\xc4\x8a!\x0b\xa9^$\x1dn0N2\xb5\x98\
\x00\xb4\xf8\x99\xa4\xd4\xe5\xd8Q\x92\x8e\x1b\xee?\x06\xb6\
\x97\xf4w\xc5.[\xab'\x1e\xbb**\xd5\x8an\x00\
\x167\xe1M\x0d\xc6p\x9a\x85\xc59\xf7\x09\xc0\xabi\
\xca\xbdi\x9c\xa4\x0b$M\x00\xb6\x1d\xc1\xe7\xbe/\x9b\
\xbe\x0a\x97\x84\x10\xfen0N2\xb5\x99\x00\xb4V\x01\
\xbef0\xd4\x9e\xc0\x8eC\xfd\x03`,p\x81b\x1b\
\xdb\xa6\xd5`nE\xaf\xd6\x8d\xce\x87\x10\xc2\x13\x92\x1e\
O\x1c\xa6\x88\x90\x88S\x94\xd4s>5\x84\xf0\xb4\x89\
%]\x00\xf0&I[\x95\xb6c\x84\xbcY\xd2\x9f\x80\
\xf3\x81\xd7\x0d\xf5\x0f[\xcf\x94=\x0d\x8e9O\xd2\xff\
\x1a\x8ccBm&\x00-.Pz\x8bWI:\x05\
Xd\xe0\xff$\x8a7\xec/\xe9vI\x1f48N\
)\x9a2\xd3\xae\x8a\xd4V\xac\xbe\x02\xd0{\xa4\xf6n\
\xff\xa7\x89\x15\xdd\xc3\xc1\xa5\x0d\xe8\x90 i?Iw\
\x11s\xc0\xfe\xa3\xa2\xaa\xf5\xffN4:\xde9!\x84\
\xda\xac\x1c\xd5j\x02\x10B@\xd2\x97\x0d\x86\xdaH\xd2\
\xab\x12t\x88\xe2\x107J:G\xd2\xb2\x06\xc7(\xc9\
>\xc0J\xa5\x8d\xa8\x11\xa9\x13\x80\x8d\xf0\xe4\xca\x9e\xa1\
u\xae_\x9f8L\xea5\xd75\x00+\xca\xe6\xed\xb8\
$\xafU|\xc8\xdf\x0c\x0clU\xffi\xd9\xe4\x09\xcd\
\x96t\x94\xc18f\xd4j\x02 I!\x84\xf1\x92.\
7\x18\xea[\xc0r\xc4l\xdf\xd3%\xdd\xa4\xb8\xe4S\
\x8a\xd9\x92\xce\x95\xb4\xa3\xa4\x99\x89c-.\xe9S\xc9\
\x16u\x0f\x13\x13?\xbf\x98\xbc5p/\xf1z\xc5s\
\x9e\xc2\xbf,\x0c\xe9\x12\x0e\x94\xd4qf}\x8b\x99\x92\
\xb6\x97\xf4SI\xb3\x92-\xea\x9cM%\xdd@,/\
^\x1aXV\xd27\x8d\xc6>=\x84\xe0e\xc7\x0b\x82\
\xa8\xbeg\xd1d\xe7\x1a\xcaw\xb9z\x96X:\xb2J\
?\xff~f0\xee\xa3\xc0\xa2%\xcfS]\x0064\
\x88\xe7\xfe\xa5\xfdp\xaa\x01\x1b\x19\xd7\xe2\x9d\xe8\xea\x00\
\xb1\xf4\xcf\xa2\x05\xfaO\xfb\x8d9\x168\x1ax\xc6`\
\xdc\x14\x1e\x03\xae6\x1a\xeby`\x85\x92\xe7j~\xd4\
n\x05@\x92B\x08\xb7).\xd5\xa7\xb2\x93\xa4RK\
\xe5\xffV\x9c9\x8e\x0b!\x1c\x11B\x98\xd2\xefw'\
\x1b\x8c\xbf\x8a\xa4\xf7\x19\x8c\xd3\x0d\xdc-\xe9\xc5\xc41\
<\x11\xb0wH\xcd\xf9\x98!\xe9^\x0bC\xba\x80\xbd\
$\xadl0\xcei\xed\xbf\x84\x10\xfe\x1dB\xf8\x8ab\
e\xd6\x81\x92&\x1b\x8c\xdf\x09+Iz\xbb\xd1XG\
\x85\x10\x9e4\x1a\xab\xfb\x01V!\xbdUg\x09\xee\x02\
>\xc4\x02\xde\xce\x81\xbf\x1b\x1c\xeb/U\x9d\x8f\xbaC\
z_\xee\x9e\x95u\xed5\x80k\x13\xaf\x95\xbf\x96\xf6\
\xa1.\x00\x7fM\x8c%\xc0\x84\x05\x1cc\x11`_`\
\x92\xc1\xb1Jp\x0f\x99z\xd5\xa4R\xcb\x15\x00Ij\
\xbd1\x0f\xbb\xa6\xbf\x06\xdc#i\x7fI\x1b\x85\x10\xce\
o\x955\x0e\xc5i\x0b\xf8\xfdpx\x1b\x15t\xbej\
\x08\xa9y\x00\x9bSa[i\xa7\x0c\xads\x9c\xfa\x9d\
\xf1\x04@\x99\x96\xfe\x9d>\xd4/C\x08sC\x08\x17\
H\xdaX\xd2\x87\x14W\xfc\x9a\xc4\x97B\x08%\xf3\x1a\
\x06\xa5\xee7\xbcc$=X\xda\x88\x05\xf0\xa0\xe22\
\xd5\x86!\x84\xf3B\x08\xf3\x86\xf9\xb9\x0b%=ap\
\xfc#\x0c\xc6\xe8\x06Ro\xcaKKZ\xdf\xc2\x10\xa7\
\xd6\xbc^\xe9j\x9f>\x01\x88X\xdc{\x9e\x92t\xd1\
p\xfea\x08\xa1/\x84\xf0sI\x1bJ\xda[\xcd\x98\
\x08\x5c\x13B\xf8}i#\x06\xa3\xd6\x13\x80\x10\xc2K\
\x92\x0e+m\xc7 <\xa4\xf8\xe0_7\x84pV\x08\
a\xeeH>\xdc\x9a\x11\xfe\xcc\xc0\x8e=\x81\x0d\x0d\xc6\
i:\xa9+\x00\x924\xb0\xfc\xc7\xe9>,\xdeX{\
~\x02\x00l i\x0f\x83\xa1\xce\x0e!\x8c\xa8*\xaa\
5\x11\xf8\x95^\x99\x08\x94\xca\x11X\x10s%}\xa1\
\xb4\x11CQ\xeb\x09\x80$\x85\x10~-\xa9N\xfb\xb3\
O+\x9e\xd4\xf5:y\xf0\x0f\xe0\x0c\xc5\x8b$\x85\x85\
T\x13]\xe9\xc2LTT\xd9J\xc1'\x00\xddOj\
)\xf0\x5cI\xb7Y\x18\xd2p\x8eT\xfa\xf3c\xae\xa4\
\x1fv\xfa\xe1~\x13\x81\x8d\x15\xc5\xd1\x9eJ\xb4\xc7\x9a\
3B\x08\xb7\x976\xa2\xf1\x10\xcb\xbcJ\xb7\xe7\x9d\x0d\
\x9c\x89q)\x07\xb1_\xb5\x85mkZ\xda\xd5D\x80\
\xdb\x12\xe3h\xb1\x8a\xe0\xd4\x18\x83k\xa4\xe7\x15\x00\x81\
\xb5\x809\x89q\x048\xdf\xd8\xae1\xc4n\x7f/\x19\
\xd8\x96\xca\xd3\xc0r\x96\xfe\xe5\xa0\xf6+\x00\x92\xd4\x92\
N<\xb5\xd0\xe1Q\xdc\xa3Z?\xfe\x12,\x9d\x00\x00\
\x1e\x99IDAT\x84p`\x86R\x8e\x1f\x18\x8c\xb1\
\xa8\xea\xbbUR%7%~~#`)\x13K\x9c\
\xda\x01\xbcFq\xd98\x85\xd4k\xac\x1b8\x5c\xd2\x7f\
H\xadw\xc0\x09\x06c\xbcL\x08\xe1\x85\x10\xc27\x14\
E\xbd~\xa1x\xef.\xc5W\xbdW\x84!\xc0k\xa9\
^\xd4\xe7\x06\xfeS\x162\x87o\x7f2\xb0\xf5%\xc0\
\xa2\x1e\xb7\xb1\x00\x9f1\x88\xe3N\xa5\xfdp\xf2\x00\xbc\
\xdd\xe0\xfa8\xa0\xb4\x1f%!\x96g\xcf4\x88\xe3\xb5\
\x15\xd8\xfaf\xe0z\x03[G\xca\x04\x1aRQ\xd4\x08\
#%)\x84\xf0\x9c\xaa\xdb\xeb~B\xd2G%m\x13\
B\x18\xb2F\xd5\x08\x8bU\x80%$}\xc9`\x9c&\
c\xf1v\xe6y\x00\xdd\x8b\xc5\xb9\xed\xf5\x15\x80/)\
J\x91\xa7bq\xcf\x1b\x92V\xcb\xdd\xed$}X\xe9\
\x1dC\x87\xcb\x1cI\x07\x84\x10\xfa*:^o\x01\x5c\
\x99q\xe6\xd6\x07\x9c\x0b,_\xb1O\x01\x1b\x91\x8b\x17\
\xa8\xa1\xdcdU\x10eIS\xf7\xffj[\xb2\xe3\xa4\
\x01\xfc!\xf1\xdax\x89\x1e\x96\xdf&\xf6V\x99\x9e\x18\
C\x88bi\x95\xbe|\x12u\xfdO\xc2Fb~(\
\x8e\xa9\xd2\xaf\x9e\x03\x18G|\xd0Y\xf3O\xa0X?\
k\xe0\xd3F~|\xab\x94\x0fu\x80tE@\x0bm\
\x06\xa7f\x10'\xd9O&^\x1b7\x94\xf6\xa3$\xc0\
w\x12\xe3\xd7\xe6\x13\x05}\xd8\x0c\xb8\xd1\xc8\x8f\x81<\
\x08\x8c.\xe5[\xcf\x00\x1cax\xd2\x9e\x05\x0ef>\
}\xa0+\xf6i\x1469\x0e\xd3\x80T\xa1\x93\xc6\x02\
\x9cj\x10\xc3\xb5K\xfb\xe1\xd8\x02\xaccp]\x9cT\
\xda\x8fR\x10s\xb0\x9e5\x88\xe1T \xb5s`\xaa\
/\x0b\x01\x9f%\xde+-ywI\xbf:\xa119\
\x00\x03\xf8\x81l\x84_\xa4(\xeaq\xda\x08\x14\xfc\xb2\
\xd0\x12=:\xde`\xa8\xa5%}\xd1`\x9c\xa6\xe2y\
\x00\xce\xfc\xf0\xfd\xff4\x0eU\xba\x82\xa2$\x1d7R\
\xe1\x1fkZ\xfb\xf3?\x94dY\xd2ya\x08\xe1\x8f\
\x86\xe39C\x01\xbc\x09\xbb\xfd\x9c\xff+\xed\x8f$\x01\
K\x01O\x19\xf83\x1dX\xb1\xb4?%\xc0\xa65\xf0\
)\xa5\xfdpl\xc1fe\xa8'\xa5\xa2\x81\x95\xb0\xd9\
\xfb\x7f\x82\x9a,\x91c\xbb\x8a<\x0dx]i\x9fz\
\x0e\xe0D\xa3\x138\x17\xd8\xb6\xb4?\x92\x04|\xcd\xc8\
\xa7\x9e|\x88\x11\x97\xf7R\x97\xf6z\xf9M\xaf+\x01\
nN\xbc&\x9e\x06Bi?J\x00\x9c\x96\x18\xbb6\
_)\xed\x8b$\x01[\x02\xb3\x8c|\x82\x829\x0d=\
\x0dQ\xf9\xe9~\xa3\x93\xf805Pn\x22f\xab>\
g\xe0\xcf,zt/\x1b\xb8,1v\xb3qA\xa0\
\xae\x81\xb8\xb2\x96\xaa\x5cwii?J@\xcc\x9d\xb0\
Pa}\x86(\xc4T\xda\x9f\xa5\x80\xc9\x06\xfe\xb4\xb9\
\x9c\x06O\x0c\x9b\x9a\x03 )*?)\xd6xZ\xec\
\xdf\xaf&\xe9\x9c\xd2'3\x84\xf0\xaclT\x0f\x17\x93\
\xf4m\x83q\x9aHj\xbf\xf6E%\xbd\xcd\xc2\x10\xa7\
\x16l\xabt\xe5\xba\xbfX\x18\xd2@\xbe\xa3\xf8}H\
\xe5\xe4\x10\xc2\xf3\x06\xe3\xa4r\xba\xa4u\x8d\xc6zN\
\xb1\xe6\xbf\xa4\xe2\xa0\x03\x1co8\xa3\xfb|\x0d\xfc\xb1\
\xaa\xb7\xed\x03\xb6(\xedO\xd5\x00;\x1a\xc4\xee\xd8\xd2\
~86\x00\xdf7\xb8\x1e\xb6)\xedG\xd5\x10\x97\xca\
\xfb\x0cb7\x9d\x8a\xb5U\x06\xf1\xc7B)\xb4?\x1f\
)\xed\x93\xa3\x97K\xe8\xee2:\xa93\x81\xcdj\xe0\
\xd3\xb1F\xfe\x5cY\xda\x97\xaa\x01F\x93\xbe\xe4\xeby\
\x00]\x02\xe9\xfb\xff\xb3\x80Q\xa5\xfd\xa8\x1a\xe0\xea\xc4\
\xb8\xb59\xaa\x06\xbel\x86m\x93\xa0?\x94\xf6\xc9\xe9\
\x07\xb0\x05v\x1d\x03\xef\xa1\xf0\x1e0q\x15\xc0\x22\x17\
\x00\xe0\x1d%})\x01pSb\xcc\xe6\x02K\x97\xf6\
\xc3I\x83X\xbf\x9eZ-\x94\xba\xa5\xd48\x80w'\
\xc6\xac\xcd4`\xd9\xc2\xbe\x8c\xc1\xee\x05\xb1\xed\xd3\xaa\
%}\xb2\xa2\xd19\x00\xfd\x09!\xdc\x22\xe9\xfbF\xc3\
\xad#\xe9L\xa3\xb1:\xa2\xd5I\xcaB\x17@\x92\x8e\
\xa1\xc1\x89*\x1d\x92z\xd3^Xq\xef\xd8i6\xdb\
+\x9e\xcb\x14zj\x02@\x94\xe9\xfd\xae\xd1p\xc7\x85\
\x10\x9e1\x1a\xabS~\x22\xc9\xb2\x84\xf3\xa0\x10\xc2\xa3\
\x86\xe39\x16\x00\x8b\x01\x13\x0dgzE\x9b\xeb\x00\xaf\
!]\xbe\xb4\xcd>%}\xa9\x1a`o\x83\x98YM\
\xc0\x9cB\x00'\x18\x5c\x07{\x94\xf6\xa3J\x80}\x0d\
b\x06\xf080\xa6\xb0/\x07\x1b\xf9\xd2\xe6\x82\x92\xfe\
8\x0b\x00\xd8\x04\xbb\xbd\x9e9\xc0\xdb\x0b\xfbs\x98\x91\
/\x0f\xd0C\xfb\x98\xc4\xb6\xa5\xa9X*\x859\x05 \
\xf6\xf8He\xa5\xd2~T\x05\xb0$\xf0\x90A\xcc\x00\
\x8a*\x92\x02;`\xb7-\x0c\xf1\x1e\xda\xb32\xeb\x8d\
\x81\xa8\xf3l\xc5\x93\xc0\xb8\x82\xbe\x8c\x22\xeag[\xd0\
S\x8d\x82\x88_\xd8\x14\xe6Q\x03m\x08\xa73\x88y\
4\xf3\x12\xaf\x81\xc9\xa5\xfd\xa8\x12\xec\x1a\xfe<BA\
\xcd\x7f`u\xa2\xf2\xa0\x15s\x81\xae+\x0d\xee\x9a\x1c\
\x80\xfe\x84\x10N\x97t\x89\xd1p\xcbK\xba\x18X\xd2\
h\xbc\x11\xd1\xea\x11`\x95E{\x18\xb0\x8e\xd1XM\
`|\xe2\xe7\x17R\xec'\xee4\x93\xed\x95~\x8f\x1b\
o`G#\x00\xd6\x95d\xb5\xedyT)\xcd\x7f\xe2\
J\xe7\xc5\x92,[\xa3\x1f\x15B\xe8\xban\x90]9\
\x01h\xf1qI\x0f\x19\x8d\xb5\xa9\xa4\x1f\x19\x8d\xd5\x09\
gI\x9ad0\xce\x12\xb2\x11\x19j\x0a\xe3\x0d\xc6\xd8\
\xd1`\x0c\xa7\x0c\x16\xe7\xee:\x831\x9a\xc2\x89\x92\x16\
7\x18\xe7.I?6\x18\xa7SN\x93\xb4\xb9\xe1x\
7)\x0a\x229M\x02\xd8\x0e\xbb\x86A\x00\x87\x16\xf4\
\xe5\xbd\x86~\xbc\xb7\x94\x1fU\x02\xacf\x10\xab\xdbJ\
\xfb\xe1t\x06p\x9b\xc1\xf9\x1f[\xda\x8f*\x00\xf60\
\x88U\x9b\xff*\xe8\xc7\x17\x0d\xfd\x80\xd8\x02y\xcdR\
\xfe8\x89\x00\xdf4\xbc\x18\x8a&\x05\x02\xe3\x8d\xfc\xb8\
\x9f\x1eI\x08$j:\xa4\xd0G\x8fvVl2\xc0\
\x8a\xa4\xab\xd8\xddY\xda\x8f* &\xfe=\x98\x18\xab\
6W\x17\xf4\xe3]\xa4\x0b\x80\xf5\xa7\x8f.\xaf\x00\xe9\
\xe6-\x806\xdf\x96\x9d\x8e\xf7\x22\x92~I\xdc++\
\xc1\x97%\xf5\x19\x8c\xb3\xa6\xa4\xff1\x18\xa7\x09\xa4.\
\xe1\x06IE+A\x9c\x8ex\x87\xe2\xb9K\xa1W\x96\
\xff\xbf\x22i\x0d\x83q\xfa\x14\xefQ\x95\x03l\x22\xe9\
\x22\xa5\xf7|\xe8\xcf\x09!\x84\x8b\x0d\xc7sJ\x00\xbc\
\x0e\xbbLz\x80\xfb\x00\xcb\x04\x93\x91\xf8r\x9e\x91\x0f\
3\x81\xf5J\xf8P%\xd8\xd44\x9fW\xda\x0fgd\
\x00\xe7\x1b\x9c\xf7\xbdJ\xfb\x91\x1b`m\xec\xca\xa6\x7f\
R\xc8\x87\xd7a\xb7\x82\xd1\xe6F`\xb1\x12\xfe8\x19\
 \xd6\x84Z.\x0f]\x0fX$\xcc\x8c\xd4\x8fU\x81\
\x19F>\xfc\xb1j\xfb\xab\x06\x18k\x10\xa7'\x81T\
59\xa7\x22\x80\x85I\x17\xd0\xea\xa3\x07\xea\xff\x81?\
\xa4~9Z\xbc\x08\xacV\xc0\xfeQ\xc0\x04#\x1f\xda\
<\x0dX\xac\x888u\x028\xdc\xf8B\xf99\x05$\
v\x81o\x1b\xfa\xb0{\xd5\xf6W\x0dp\xa7A\x9c\xb6\
*\xed\x873<\x80\xad\x0d\xce\xf7\xed\xa5\xfd\xc8\x0d\xf0\
>\x838\xb5\xf9\xbf\x02\xf6/\x04\x5cl\xe8\x03D\xdd\
\x88wV\xed\x8bS\x01@\x00~k|\xc1|\xbb\x80\
\x1f\x96j]S)\xdc\xac#7\xc0\xe9\x06q\xaa\xfc\
<;\x9d\x01\x1cep\xbeO)\xedGN\x88\x22I\
\xff6\x88\x13\xc4-\xd1\xcaE\x7f\x80\x1f\x18\xd9\xdf\x9f\
\xafW\xed\x87S!\xc0R\xc0$\xe3\x8b\xe6\xe0\x02~\
\xecih\x7fW\xefqcS\xe2tKi?\x9c\xe1\
\x01\xdcjp\xbew+\xedGN\x80\x0b\x0cbT,\
V\xc0A\x86\xf6\xb7\xb9\x84\xd8\x08\xc9\xe9f\x80\x8d\x81\
\x17\x0c/\x9cy\x14H\x18\x02.7\xf4\xa1k\xcb]\
\x88\x93\xbeTM\xf0>`\x95\xd2\xbe8C\x03\xacL\
z\xf9\xdf,\x0a7\xb1\xc9\x09\xb0[b|\xfasE\
\x01\xfb\xf7%]\xe2y w\xe2:\xff\xbd\x03\xf0\x01\
\xd2o\x14\xfd\x99\x09T\xaa\x1a\x07l@\xbcYY\xd0\
\xd5[\x01\xc0\x9f\x0cb\xf4\x89\xd2~8C\x03\x1c`\
p\x9e\xaf-\xedG.\xb0]\xfa\x9fI\xc5\xd2\xe2\xc0\
.\xd86\xf8\x01x\xa6j?\xeaB\xcf.w\x84\x10\
.\x94\xad\xbc\xe3\xe2\x92.\x01,%(\x87$\x84p\
\x97\xa4\x93\x8c\x86\x1bk8V\x1d\xb1xS\xd9\xd5`\
\x0c'/\x16\xe7\xa8\x9b\xabcN\x91\xf4:\xa3\xb1\x8e\
\x0b!\xdck4\xd6\x02\x01\xde\xacX\xeb\xbf\xa8\xe1\xb0\
}\x92\xf6\xab\xd2\x0f\xa7&\x10\x93\x02\x7fc<\x9b|\
\x8c\x0a\xeb\xeb\x89\xcb\xdb\x8f\x18\xda\xff\xdfU\xd9^%\
\xc0\xe6\x06\xb1y\x1e\xaf\x0d\xae-\xc0\xe2\xc0t\x83\xf3\
\xfc\xc6\xd2\xbe\xe4\x00\xd8\xdd 6m\x1e\x04FWh\
\xfb\x86\xc0S\x86\xf6\xb7)\x22\x5c\xe4\xd4\x04`46\
=\xc3\xfb\xf30\x15\xb6\x10\xc6\xb6O@Wn\x05\x10\
'{\x8f\x19\xc4\xc7U\x01k\x0a\xf0N\x83\xf3;\x85\
\x02\xa5\xbd\xb9\xc1v\xe9\x1f\xa0\xb2\xd50`\x1c\xf1\x9e\
j\xcd9U\xf9PWzv\x0b\xa0M\x08a\x86\xa4\
\xf7H\x9ab8\xecj\x92\xae\x06V6\x1csPB\
\x08\xbf\x93\xf4[\xa3\xe1\xc6*v\x05\xeb*B\x08H\
\xba\xca`(\xdf\x06\xa8/\xef1\x18\xe3\x8a\xd6\xb5\xd2\
mX.\xfd\xff\x22\x84p\x99\xd1XC\x02\xac*\xe9\
\x1a\xc5{\xaa%\x7f\x96t\x80\xf1\x98NS\x01\xb6\x22\
&\xb5X2\x89\x8a$\x83\x89\x8aw\xd3\x0cm\xef:\
\x81 `?\x83\xb8L.\xed\x873\x7f\x88\xf5\xe8\xa9\
\xecS\xda\x0fk\xb0\x15\xfcy\x9a\x8a\x9ac\x11+:\
R\x9by\xcd\x8fI\xc02U\xf8\xe04\x08\xe0\xc3\xd8\
V\x06@\xdc^\xa8dI\x1d8\xd0\xd0\xee\xa7) \
\xed\x99\x13`\x05l\xca\x87\xbar\x8f\xb8\xc9`\x93\xe3\
1\x17X\xae\xb4/\x96\x00k\x10\xb3\xdc\xad\xf8XE\
v\xaf\x84\x8d\x82\xe7@\x1e\xc7\xdb\xfb:\x83\x01\xfco\
\x86\x8b\xee\x9f\xc0\xf2\x15\xd8\x1e\x80?\x1b\xda=\x01\xb0\
\xcc\xb8-\x0e\xf0W\x83\xb8\x1cU\xda\x0f\xe7\xd5\x00\xc7\
\x18\x9c\xd7?\x97\xf6\xc3\x12`\x11\xe0/\x06qis\
\x1d\x15\xe4G\x00\xcb\x03\xb7\x19\xda\xdd\xe6E\x5c\xd2\xdb\
Y\x10\xc0\x99\x19.\xbe\x7fR\xc1\xdb\x05Q\x1b\xc0\xaa\
\xbb\x17\x80e\xa9dq\x80#\x0cbrwi?\x9c\
W\x03\xdckp^\xbb*#\x1c8\xda &mf\
PA\xad<1Y\xd1:)\x1b\xe2\xca\xdf\xfbr\xdb\
\xeft\x01\xc4\x99\xf3\xa5\x19.\xc2[\xa9f%\xe00\
C\x9b\xe7\x01;\xe7\xb6\xb9*\x88\x13$\x0b6-\xed\
\x8b\x13\x01\xb60:\xa7\xeb\x96\xf6\xc5\x0a\xe0]\xd8\xaa\
\xe5\x1dR\x81\xcd+\x01\xff2\xb4\xb9?\x9f\xcfm\xbf\
\xd3E\x10\xcb\x03\xff\x96\xe1B\x9cH\xe6\xc4@b;\
T\xcb\xa5\xbf\xc7\x00\xab\x0c\xe2\xe2\x00w\x1b\xc4\xa4\xab\
VF\x9a\x0c6\xcb\xff\x93J\xfba\x051!\xf8q\
\x83\x98\xb4\x19Of\x8d|`\x15\xf2\xec\xf9\x03|+\
\xa7\xedN\x97B\xdc\x8b\xb2xX\x0c\xe4NbyK\
N\xdb\xd7\xc4F\x14\xa5\xcd\xb5\xc0\xc29m\xae\x0a\xe0\
{\x06\xf1\xb8\xaf\xb4\x1fN\x04\x9b\xe5\xff\xa3K\xfba\
\x01\xb1E\xeeU\x06\xf1h\xf3\x02\xb0vf\x9bW'\
O\xb6?\xc0\x199mw\xba\x1c`\x1d\xe0\x89\x0c\x17\
\xe6\xfd\xc0Z\x99m\xff\xac\xb1\xcdG\xe6\xb4\xb7*\x80\
\xb7\x19\xc5c\xb3\xd2\xbe\xf4:\xc0\x96F\xe7\xb2+\x92\
\xc3\x80\xaf\x19\xc5\xa3\xcd\x81\x99\xed]\x07\xbb\xd6\xe6\x03\
\xb9\x08\xef\xee\xe7\xa4\x02l\x06<\x9b\xe1\x02\x9d\x02l\
\x98\xd1\xee\x80\xed\xdb\xc0\x1c`\x9b\x5c\xf6V\x05q\x8b\
\xc4b\x89\xf4\xbb\xa5}\xe9u\x80c\x0d\xce\xe3ct\
\xc1\x83\x02\xd8\x8eX\xcah\xc5\x1f\xc9\x98\xf5\x0f\xbc\x9e\
x\x0f\xcc\xc1U\xb8l\xb7c\x05\xf1\xad\xd1\xb2\x85p\
\x9b'\x81-2\xda\xbd\x1a\xb6\x02A\x8fR\x91\xc2a\
N\x80\x1f\x1b\xc4\xc2\x1b\x88\x14\x848\xc1\xbd\xdf\xe0<\
\xfe\xa8\xb4/\xa9\x10\xf7\xd0\xa7\x1a\xc4\xa2\xcd3d\xdc\
\xa6\x04\xdeJ\x1em\x7f\x88\xb9[]\xdb\xce\xd9)\x04\
\xb03\xf6j\x81\x00\xcf\x91Qc\x1e\xd8\xdb\xd8\xde\x09\
\xc0\x12\xb9\xec\xad\x02\xecz\xa2W\xd6\xfd\xd1y5\xc0\
\x9b\x8c\xce\xe1\x7f\x95\xf6%\x05`\x14\xf0w\xa3X\xb4\
y\x7fF{w%\x96\x15\xe6\xe0\x16\x5c\xe5\xcf\xc9\x05\
\xb1\xa3\xd6\x9c\x0c\x17\xee,`\xdf\x8cv\xff\xc8\xd8\xde\
ss\xd9Z\x05\xc4\xceq\x16+#\xc7\x94\xf6\xa5W\
\xc1&\x99\xf3\x19\x1a\xbeT\x0c\x9co\x10\x87\xfe\x9c\x99\
\xd1\xd6\x8f\x90\xe7\xfe\x09\xb1\xc2\xaa\xab\x94\x1c\x9d\x1aB\
\xd4\x94\xb7\xac\xb1m\xd3\x07|#\x93\xcd\xa3\xb1/\xb3\
9,\x87\xadU\x01\xfc\xcc \x06\x8f\xd0%\xd5\x11M\
\x82\x98\xedn\xd1!\xee\xc7\xa5}I\x01\x1ba\xab\xfe\
\xdc\x01,\x99\xc9\xd6C\xc8s\xdf\x04\xb8\x8b.*U\
vj\x0e\xf0i\xec\xfb\x06\xb49\x8e\x0c\xc97\xc4d\
F\xcb-\x8c\xb9\xc0.\xd6vV\x05\xb0\x8bQ\x1c\xde\
U\xda\x97^\xc3\xcf\xdd\xcbK\xe9\x96I\x7f/\x01o\
\xc8`\xe7B\xc0\x09\x86v\x0e\xc4\x1f\xfeN\xf5\x00\x07\
\x91o\x12\xf0+`T\x06\x9b\xbf`l\xe7\xb3\xc0\x06\
\xd6vV\x01\xb0(\xb1\xe9Q*\xbf,\xedK\xafA\
\xfc~\xa4\xf2$\xb0Hi_:\x81\x98Ao]\x99\
tP\x06;G\x03\xbf5\xb6\xb3?\xf7\x00\xabX\xdb\
\xed8\xc3\x82Xk\x9fk\x12\xf07\x8cg\xb6\xc4\xcc\
ik\x99\xe3\xbbih\xe2\x0dp\xb6\x81\xff3\xa9\xa8\
\xe3\xa3\xf3\xb2@\xd7,\x83\xf3\xf6\xc3\xd2\xbet\x02\xb0\
\x0c0\xd9\xc0\xff\xfe\x5c\x8c\xf1\xaa#\xb1\x9d\xef\xcd\xc6\
v\xf6\xe7.2\x0b\xaa9\xce\x02\x01>I\xbe\xbd\xad\
G1\x16\x9c\x01\x96\xc6F=\xad?W\xd2\xc0\xb7)\
be\x87\x05\xe6oO\xce\xfc\xc1n\x15k\x87\xd2\xbe\
\x8c\x14\xa2\x86\xc5eF\xfe\xb7\xb9\x07x\xad\xb1\x9d\x9b\
\x90O\xe0\x07`\x12]P\x8e\xect\x09\xc0\xa7\xc87\
\x09x\x0e\xe3\xbdvb\xfft\xcb\xae\x81\xd0@\xd9M\
b\xe3'\x0b\xa5\xc7\x7f\x94\xf6\xa5W 6\xd5J\xe5\
\xdf40y\x13\xf8\xa1\x81\xef\xfdy\x11x\xa3\xb1\x8d\
\xbba+C>\x90\x7fPAS5\xc7\x19\x11\xc0'\
\xc87\x09\x98\x8bq\xd6}\xcb^k\xbeaic\x15\
\x00g\x18\xf9\xee\x1d\x023\x83]\xe7\xbfSJ\xfb2\
R\x80o\x1a\xf9\xde\x9f\x8f\x1a\xdbx(\xb6\x89\x89\x03\
\xf9\x1b\x0d\xddntz\x00\xe0c\x99\xbf\x00?\xc70\
9\x10\x1bE\xbc\x81|\xd6\xca\xbe*\x00\xb66\xf2\xfb\
\xe4\xd2\xbet;\xc0\xa9F\xe7\xea\xcd\xa5}\x19\x09\xd8\
\xf7\xf5\x008\xcb\xd0\xbe%\xb1\xd7#\x18\xc8\xf5\xc0k\
\xaclv\x9c,\x00{a\x93\xa44\x18\xb7\x00\xab\x19\
\xd9:\x8a\xb8\xa4f\xc9<`/\x0b\xfb\xaa\x02\x9b\xae\
\x8fO\x01\x8b\x97\xf6\xa5[\x01\x96 \x0a\xf7\xa4rG\
i_F\x02\xf1~b\xbd\xb2x3Fj\x9e\xc4\xce\
\xa3\xff4\xb6o \x97\x03\xa3-\xecu\x9c\xec\x00\xef\
$O\xef\x806\x8f\x03\xdb\x1b\xd9:\x0e\xfb\x8e\x873\
\xc9(ol\x0dp\xa4\x91\xdf{\x97\xf6\xa5[\x01>\
`t\x8e\x0e/\xed\xcbp\x01v\xc2^~\xfcq`\
u#\xfb\xdeI>M\xff6\xe7\x01\x8bZ\xd8\xeb8\
\x95\x01l\x85\xcd\x1b\xcb`\xcc\x01\x0e\xc7\xa0|\x07\xd8\
\x16\xfbU\x8b\xe7\xc9\xd8\xe8\xc8\x12`Ul\xde\xb2\xae\
,\xedK\xb7\x02\x5cmp~\xe6\xd2\x90\xecqb\xa2\
\xees\x06>\xf7g\x16\xf06\x03\xdb\x02Q\x850\xe7\
v'\xc0\x0f\xc8\xd8\x91\xd0q\xb2B,\x87\xb1\xec\xd2\
5?.\x01\x966\xb0\xf5S\x19l{\x1cX\xd7\x22\
\x96\xb9\x01\xae0\xf0\xb7\x8f\x8c-\x9e{\x15`cl\
\xf46.+\xed\xcbp\x00\xd6\xc1\xa6e\xf5@>n\
`\xdb\xd2\xe4\x15\xf7\x81x\xae\x1b\xb3R\xe38\x83\x02\
\xac\x05\xdc\x97\xf9\x0bs\x1f\x06z\x01\xc0I\x19l\xbb\
\x9f\x06\xa8u\x01\xfb\x1a\xf9\x9b\xad\x99J\xaf\x82\x8d`\
\x13\xc0>\xa5}Y\x10\xc0X\xf2\xdc/\x8e7\xb0\xed\
-\xc0\x03\x19l\xeb\xcf\x1c\xe0#\x16\xb1t\x9cZ@\
\xfcR['\xdb\x0d\xe4%\x123\xf0\x89u\xf1Wf\
\xb0m25W\xed\x22&DZ\xc8\xab\xbe\x88\xd7)\
\x9bAT\xfe{\xd1\xe0\xbc<C\xcd\xdbX\x03\xab\x10\
\x15\xee\xac\xf9#\x09\xba\x07\xc4%\xffC\x81\xd9\x19l\
\xeb\xcf\xf3\xc0\xbb-c\xea8\xb5\x00\x18\x83\xbd\x8a\xd7\
\xfc\xb8\x98\x04iZ\xa2\xd4\xa8u\xe7@\x88\xea\x83&\
\xc9G\xb9\x00\xce2\xf2\xf5\xc8\xd2\xbet\x0b\xc0W\x8d\
\xceI\xad\x85\xaa\x80\xd5\x88\xaa|\xd6\xdcA\xc2\x16!\
\xb0\x1c\xf6\xf2\xe1\xf3\xe3a24#r\x9c\xda@|\
\xc3\xb6V\xf3\x1a\xec\xcb\xb4]\x82\x9dk\x12\xd5\xd2\xac\
\xb9\x1fX\xc32\xa6\x96`'43\x85\x86\xf7\x99\xaf\
\x03\xc0b\xadXZP[\xa1&`\x0d\xf2,\xfbO\
%\xe1\xfbFL\x0e\xb6h\xbb\xbc n\x06\xc6Z\xc6\
\xd4qj\x0b1{?W\x13\xa16s\x81o\xd0\xa1\
F?\xf1a\x98C\xd2\xf3A`M\xeb\x98Z\x01L\
0\xf2s\xbf\xd2\xbe4\x1d\xe0CF\xe7\xe2\x86\xd2\xbe\
\x0c\x06\xb1\x0c\xf7\x01#?\xfb3\x9d\x0e\xf3\x82\x88\x13\
\xaf\xa3\xc9\x9f\xe5\x0f1\x89\xd9k\xfc\x9d\xde\x02\xd8\x1b\
{=\xfe\xf91\x01X\xafC\x1b\xdfCL\xca\xb1\xe6\
!`m\xeb\x98Z\x00\xeco\xe4\xe3M\xa5}i:\
\xc0MF\xe7\xe2C\xa5}\x99\x1f\xc0\xda\xe4i\x9a3\
\x87\x0e\xfb\x87\x00\x1b\x91?_\xa9\xcd\xf1\xc0B\xd6q\
u\x9cF\x00\xbc\x8d\xd8\x97<73\x80\xcf\xd1AM\
-p@&\x9b\x1e\xa1\x86%\x82D\xc59+q\x93\
mJ\xfb\xd3T\x80m\x8c\xce\xc1\x13\xd4P\xa1\x11X\
\x97\xf8\x1d\xc8\xc1';\xb0'\x10;-V\xf1R2\
\x13\x83\x92D\xc7i<\xc4\xfd\xf6\x89\x15|\xe9 \xd6\
\xba\x8f8\x1b\x1f\xf8v&{\xa6\x00\x1b\xe4\x88k\x0a\
\xc0\xf7\x8c\xfc\xfbui_\x9a\x0a\xf0k\xa3spt\
i_\x06\x02\xac\x8f]n\xc3@\xbe\xd9\x81=\xaba\
#\xb44\x1c\xa6\x00o\xcd\x11W\xc7i$\xc0h\xe0\
W\x15}\x01\x9f\x01>\xca\x08W\x03\xb0k\xc42\x90\
\xa7\x80\xads\xc5\xb6\x13\x88K\xb3\x16\xca\x80s\xa9\xe1\
\x04\xa7\xee\x00\x1b`\xb3\xff<\x17\x18W\xda\x9f\xfe\x10\
\x15Bs\xad\xfa\x8d\xa8!\x15\xf1\xad\xff\x00l\xca_\
\x87\xc3\x8d4D\x89\xd1q*\x85W\xe45s\xb5\x14\
\x1e\xc8x`\x9d\x11\xda\x97\xa3{ \xc4%\xc1Z\x89\
\xb4`W\xb2\xf9\xf3\xd2\xbe4\x0d\xe0\x02\xa3\xd8\xff\xbe\
\xb4/\xfd\x01v'n\xc7\xe5\xe0<F\xb0\x9fN\x5c\
y\xbc*\x93-\x83\xd9g\xd6\xc9\xd4q\xba\x12\xe0\xbf\
\x89\x82\x18U0\x1d8\x88a\xde8\x88e\x8c\x97d\
\xb2e\x1epp\xee\xf8\x0e\x17`WC\xbf\x5c\x1ex\
\x98\x00\x1bb7\x09~Wi\x7f\xda\x10\xbfg\xb9\xb2\
\xea/f\x98\xd5>\xc0\xc2\xc0\x17\xc97\x11\x19\xc8,\
\xe0s\xb9\xe3\xeb8]\x03\xf1&\x98C\x14d0\xae\
g\x98\x0f)b\x92\xdc5\x19m9\x8e\x1ad\x06\x13\
W<n7\xf2\xe9\xc2\xd2\xfe4\x05\xe0B\xa3\x98O\
\xa4\x06\x8dd\x88\xd7\x91UN\xc9\xfc\xb8\x8aa&9\
\x123\xfco\xcch\xcb@\x1e\x04\xde\x9c;\xc6\x8e\xd3\
u\x10\x9bn\x5c\x5c\xe1\x97u6\xf0]`\xc9a\xd8\
6\x06\xf8kF[.\xa4\x06\x99\xdb\xc4\x5c\x09\x0b\xe6\
\x01\x1b\x97\xf6\xa7\xee\x10\x9b\xfeX\xbd\xfd\x7f\xb8\x06\xfe\
,\x0e\xfc\xc2\xc8\x9f\xf9\xf1\x17`\xcc0\xec\x18\x0d\x1c\
\x83}\xc7\xcf\xa1\xf8\x03\x09\x8a\xa4\x8e\xd3\xf3\x10\xdf\x1e\
\x0e\xa9\xf8\x8b\xfb(\xf0\xfea\xd86\x9a\x98G\x90\x8b\
\xbfRXS\x1fX\x14;%\xb4\x8bJ\xfa\xd2\x04\xb0\
K\x84}\x84\xc2J\x8c\xc4\x09\xfcuF\xfe\xcc\x8f\x1b\
\x80\xa5\x86a\xc7n\xc47\xf1\xaah\x0b\x90\x15_\xc5\
s\x9c\xae\x00\xd8\x9aj$9\xfb\xf3\x1b\x16\xa0\xdd\x0f\
\xbc\x86x#\xca\xc5$:\x141\xb2\x028\xcc\xc8\x97\
y\xb8\xd6\xf9\xa0\x00o\xc0N\x1d\xf3\xd0\xc2\xbe\xac\x83\
\xdd\xf6\xd1\xfc\xf8\x0b\x0bx\xf8\xb7l\xb8<\xa3\x0d\xf3\
c*\xb0}Uqv\x9c\x9e\x81\xd8\x15\xad\x8afB\
\xfdy\x918\x9b\x1ft[\x00X\x8axC\xca\xc5s\
\xc0\xeeU\xc6z\x80\x7f\xaf\xc1\xaeL\xea7\xa5\xfc\xa8\
;\xd8\xf5\x98\x9f\xc60\xde\x8c3\xfa\xb1[\xcb\x86\x5c\
\x0c\xf9\xf0\x07\x96\x04\xbeI5\x82>\xfd\xf9\x03\xb0b\
\x95\xb1v\x9c\x9e\x02X\x088\x92j4\xba\xfb\xf3\x10\
\xb0\xf7\x10v\xe5\x9e\x04\xf4\x11\xf3\x13:ni\x9a\x02\
vI\x5c}t\xa8\xcf\xde\xcd\x00\x9bc\xf7\xf6\x7fL\
!\x1f\x16\x22\x0af\xe5\xec\xf11\xe8\xc3\x9f\xb8]\xf8\
!\xaa_)|\x91X\xe1P<\xe1\xd2qz\x02\xa2\
L\xea\x03\x15\x7f\xd1!\xee\xf9o>\x88MK\x91w\
\xcf\x13\xe0J\x0a\xe4\x05\x10\xfb\xb4\xcf4\xf2\xe1\xea\xaa\
\xed\xaf;\xd8U\x95\xbcD\x81\xaer\xc0\xb2\xc0\x1f\x8d\
|\x18\x8ck\x19\xfc\xe1\xbf\x0d\xf0\xf7\xcc\xc7\x9f\x1f\x13\
\x81\x8d\xaa\x8e\xb7\xe3\xf4<\xc4\xa5\xe93\x0b|\xe9\xfb\
\x80\x8b\x80\xb5\xe6c\xd3\xe2\xc4\xdc\x81\x9c<\x02\xbc\xa5\
@\xbcO6\xf4a\xb7\xaa\xed\xaf+Dq\x1c+N\
,`\xff\xa6\xe4i\xe5\xdb\x9fK\x99\x8f\x88\x0eQ\xc2\
\xf7\x5c\xf2w\x16\x1dH\x1f\xf1\xde\xb3\xc0\x8a!\xc7q\
2\x02|\x80\xbc{\x8e\x83\xf1\x12\xf0}`\x99\x01\xf6\
,B\xbc)\xe5>\xf6'*\x8e\xf3X\xe2r\xa7\x05\
w\x01\x8bVi\x7f\x1d!\xb6\x9d\x9dl\x14\xd3\x19\xc0\
\xeb*\xb6\xff\xa3\xe4\xdfk?\x8f\x01\x22?\xc0r\xc4\
\xef\x9e\xd5\xaa\xd4Hx\x84\x1a\x09,9N\xcfC|\
\x13\xb8\xae\xc0\xcd\x00\xe0ib\xa6\xfc\x92\xfd\xecY\x08\
8\xa5\x82c\xff\x84\x0a\x13\xbe\x88\x22EV\x1cR\x95\
\xddu\x058\xd40\x9e\xdf\xab\xd0\xee\xd1\xc0\xd9\x86\xb6\
\x0f\xc6)\xf4+\xa7#n\xb3}\x9d\x98\x18[\x82\x9f\
\x02KW\x15g\xc7q\x86\x09\xf1\xa1{8\xd5j\x06\
\xf4g*1\x19h\xf1~6}\xb3\x82\xe3\xdeGE\
mw\x81\x15\x89\xf2\xc9\x16<K\xc5o\xacu\x02X\
\x19\xbb\x07\xd9\xf3T\x94\x1bBl\xe6S\x85J\xe7\xb7\
\xfa\x1ds\x14\xf0%\xaai\x1d>?\xa6\x00\xef\xa9\x22\
\xbe\x8e\xe3$@TS+\x91\x10\xd4\xe6!\xe0\x93\xb4\
\x96\xb8\x89\xdd\xc6\xe6d>\xe6\x5c\xa2\xd2Yv\xf1\x17\
\xe0hC\xbb{\xb6Q\x10\xb6\x0ayGU`\xef\xa2\
\xc0Q\xe4\xaf\xc0\x99\x03\x1c\xd0\xef\x98\x9f&\x8as\x95\
\xe2\x5c\x06l\xf39\x8eSc\x88\x0d?\x0e\xc7n\xcf\
\xba\x13\xee\x05>N\xdc\xe7\xdd\x85j\x1a\x1c\xdd\x0al\
\x929\xb6\xcbb\xbb\x04\xbbSN{\xeb\x08\xf0\x0e\xc3\
\xf8M#\xf3\x03\x8a\xd8\x9b\xe3\x16C\x9b\x07c:\xf1\
\xbb\xb2\x04\xf09\xe2d\xba\x14\x8f\xe2\xc9\xaa\x8e\xd3\x5c\
\x80\xf5\xc9[\x9f?\x1c\x1e\x02>O\x5c:\x9dR\xc1\
\xf1f\x02_&\xa3\x14)\xf05C{\xef\xa2\x87\xda\
\xa4\x12\x97\xb3\xef6\x8c\xdfW3\xda\x1a\x80/P\x8d\
\xa8\xceT`[\xe2R\xff\xbf+8\xde`\xcc#\xe6\
\x1e\xbc&W\x5c\x1d\xc7\xa9\x08bn\xc0\xc1\xc0\x0b\x05\
o*\x00\x8f\x01\xa7R\x9d~\xc1\x9f\x8053\xc5t\
\x14\xb6og\x95%\xb0\x95\x06\xdbD\xca\x07\xc94y\
\x02V'o\xd7\xcb\xfe<BL*|\xaa\xa2\xe3\x0d\
\xc6\xadx\xf7>\xc7\xe9>\x80\xb5\xc8/V2\x1cr\
\xe7\x03\xf4g\x06\xf0\xbfd\xe8,\x08|\xd0\xd0\xce\xb9\
\xc0[\xadm\xac\x1b\xc4\x9e\x16\x96{\xe8\xfbd\xb0q\
Q\xe2\xf6Y\x95\x13f\xab\x0e\x88\x9d2\x83X\xc9\xb3\
\xc8\x82#\xe48Nc\x01\xf6\xa2lRQ\x09\xee\x06\
\xdei\x1c\xc7\x80m#\xa4I\xc0\x12\x966\xd6\x09\xe2\
\xaa\xc9]\x86\xf1\xba\x1ec\xf9Y`\xa7\xd6y\xe8%\
.%\xd3J\x99\xe385\x84\xd80\xe4\x1b\x94+\x19\
,\xc5\xa5\xc0\x1a\x86q\xdc\x1c\xdb\xb7\xb7S\xacl\xab\
\x1b\xc0\x19\x86q\x9a\x07\xbc\xc9\xd0\xb6\xb1\x94Q\xd4+\
\xc9=\xc0\x7fY\xc5\xd0q\x9c\x86Al\xc1Z:I\
\xb0jf\x10'?&\xdb\x02\xc09\xc6\xf6\xbd\xd7\xc2\
\xae:\x01\xeca\x1c\xa3\x9f\x18\xd9\xb5\x08p\x08\xe5\x84\
uJ`z\xfd;\xcd\xc5\xbb79\x22.\xa3~T\
\xd2\xb1\x92V(kM\xa5L\x92tp\x08\xe1\x9a\x94\
A\x80\x95%\xdd%\xc9J\x91\xf0iIo\x0c!L\
1\x1a\xaf(\xc0j\x92n\x95\xb4\xac\xd1\x90\xd3%m\
\x10B\x98\x9a2\x08\xb1o\xfd)\x92\xb2\x96\x8d\xd6\x08\
$\xfdB\xd2\xe1\xddrm9id+\x93r\x9aC\
\x08\x81\x10\xc2O%\xad+\xe9{\x92f\x156\xa9*\
6\x94t5p9\xf0\xc6N\x07i=\x88\x8e\xb43\
K\xcbI\xba\x88\x0aD\x8dr\xd3z\xcb\xbcHv\x0f\
\x7fI\xfaJ\xca\xc3\x1f\xd8\x08\xf8\xbd\xa4\xf1\xea\x9d\x87\
\xff\x04I\xdb\x86\x10\xf6\xf3\x87\xbf\xe38\x83\x02\xac\x09\
\xfc\x92\xde\xda\x0f\x9dG\xdc\x03\xee(?\x80Xji\
\xbd\x95r\x86\xf5\xb9\xad\x1a\xe0,\xe3\x98\x5cO\x87\xfa\
\x0e\xc0\xaa\xc0\x8f\xc9\xaf\xe4W'\xee\x01\xf6\xc48Y\
\xd2q\x9c.\x87X\xb25\xa1\xec\xfd\xabrf\x01\xa7\
\x13\x97\xadG\x1a\xaf\x0d\xb0\xef\xceVi\xc7CK\x80\
\x03\x8dc1\x13\xd8\xa0\x03;V&\xb6r\xaeB\xcc\
\xa7.<A\xec\xcb\xd1\xf3\x1d'\x1d\xc7\xe9\x10b\xa9\
\xdb\x07\x89\x82+\xbd\xc4L:\x98\x08\x105\x07,\x99\
\x05\xbc=\xd7\xf9\xcd\x05\xb030\xdb8\x16#R\xfc\
#>\xf8O\xa2\xb7\x1e\xfc3\x80\xef\xe0*~\x8e\xe3\
XA\xd4\xf3?\x80(W\xdaK\xcc\x22n\x0dl4\
\xcc8-\x02\xfc\xc3\xd8\x86\xe7\x80Ms\x9fc+\x88\
\xcd\xa8\xa6\x19\xc7`\x22\xc3|\x9b\x05\xd6&>\xf8K\
\xf6\xc1\xa8\x9aY\xc0\x99\xc0\xd8\xdc\xe7\xd7q\x9c\x1e\x85\
\xd8\x07\xfd\x08\xe0\xe9\xa2\xb7\xbb\xea\xe9#j\x08l7\
\x8c\x18m\x89\xfd\xdb\xef\xa3\xc0\xb8\x0aNq\x12\xc08\
\xec\xfb=\xcc\x06\xb6\x18\xc6\xb1\xb7\x06.\xa6\xbc\xaa^\
\x95\xcc\x02N\x03V\xa9\xe2\xfc:\x8e\xe3\x08\x18C\x9c\
\x08X\xbf\xe95\x81\x7f\x10WCF\x0f\x11\x9f\xc33\
\x1c\xf7!j\xac\xd8F\xd4\xce\xbf/\x83\xdf\x87\x0dq\
\xcc\xc5\x89\xca\x96\xbd\xa6e1\x9b\xb82\xb5v\x95\xe7\
\xd8\xe9.<3\xd4I\x02XN\xd2\x11\x92>+i\
\xd0\x07b\x97\xf2\x8c\xa4\x9fJ:+\x840\xb9\xff/\
\x88Y\xd7\x97Kz\x97\xf11\xef\x97\xb4c\x08\xe1a\
\xe3q\x93 VO\x8c\x974\xcex\xe8+$\xed\x1a\
B\xe8\x1bp\xbc5%\x1d \xe9\x13\xea-\xed\x8aY\
\x92~&\xe9{!\x84\xfb\x0b\xdb\xe24\x1c\x9f\x008\
&\x00\xcbK:H\xd2\xe7e[\xf3\xdd\x14n\x91t\
\x96\xa4_\x84\x10\xa6K\x12\xb0\x82\xa4\x89\x92\xac\xf7e\
\xa7*>\x14'\x1a\x8f\xdb\x11\xc4\xfc\x88\xcb$\xadn\
<\xf4\x13\x8a\x82H\x8f\xb5\x8e\xb3\x84\xa4\xdd$\xed/\
i\x17I\x0b\x1b\x1f\xaf\xce\xbc \xe9'\x8a\x0f~\xaf\
\xe3wL\xf0\x09\x80c\x0a\xb0\x94\xa4OK\xfa\xa2\xec\
\x1f|M`\x86\xa4\xdfH\xbaP\xd2\xd5\x92\xb6W|\
\x8b\xb5\x16\xdd\x9a&i\xf7\x10\xc2\x9f\x8d\xc7\x1d\x11D\
5\xbdK$-m<t\x9f\xe2C\xfe\x1aI;H\
\xfa\xa0\xa4\xbd$\xf5Zv\xfbS\x92N\x96tj\x08\
aZic\x9c\xee\xc2'\x00N\x16\x88\x0ap\x1f\x93\
t\x98\xa4\xb5\x0a\x9bS\x8a\xa7%\xfdV\xd2\xfa\x92\x16\
\x98<\xd8\x01\xb3$\x1d\x12B83\xc3\xd8\x0b\x04\xf8\
\x8c\xa4\x13$\xe5\xd0\x94\x1f/\xe9\x0eI{JZ)\
\xc3\xf8u\xe7>\xc5\x07\xff\x8fC\x083J\x1b\xe3t\
'>\x01p\xb2B\xec/\xbe\xb7\xa4/H2\xeb\xde\
\xe6\xbc\x8a\xf3%}\xba\xaa\x07\x050F\xd2\x0f%\xed\
W\xc5\xf1z\x8c\xf1\x92N\x92\xf4\xfb\x81y\x0f\x8ec\
\x8dO\x00\x9c\xca \x96r\x1d\x22\xe9\x03\x92\x5c\xa1\xcc\
\x96\x07$\x1d\x10B\xb8:\xe7A\x80m%\xfdH\xd2\
z9\x8f\xd3c\xcc\x96\xf4;I\xc7\x87\x10&\x946\
\xc6\xe9\x1d|\x02\xe0T\x0e\xb1f\xf9\xb3\x92>\xa5\xde\
\xca\xe0\xce\x0d\x8aU\x09_K\xed\x94\xf7\x1f\x03\xc7\x8e\
\x87\xdf\x92\xf4q\xf9}\xc3\x8aG\x14'Sg\xb5\x13\
\x1d\x1d\xa7J\xfc\x8b\xec\x14\xa3\x95\xd5\xbd\xafb\xe5@\
c\x94\xee\x1a\xc0\x8b\x8amn\x8f\x0f!<\x912\x10\
\xb0\x92\xa4C\x15+<\x964\xb0\xad\xd7\x99'\xe9\x8f\
\x92\xce\x94tY\x08a^a{\x9c\x1e\xc6'\x00N\
-\x00\xb6T\xac\xe9\xfe\xa0\xa4\xd7\x166\xa7[\x98-\
\xe9bI?\x96\xf4\xa7\x10\xc2\xec\xe1|\x88\xd8\x86x\
{\xc5\xf3\xb1\x87\xa4\xc6\xb7%\xae\x01S\x15\xcb\xf8\xce\
\xae\x9b\x86\x83\xd3\xbb\xf8\x04\xc0\xa9\x15\xc0\x92\x8a\xe5^\
\x9f\x94\xb4Mas\xba\x89\x17$]+\xe9fIw\
JzH\xb1\xd4N\x8a\xf7\x81q\x926PL\xd4\xdc\
I\xd2\x98\xeaM\xec:fI\xfa\x83\xa4s$]\x1e\
B\x98[\xd8\x1e\xc7y\x15>\x01pj\x0b\xb0\xbe\xe2\
[\xe8\xfe\xea\xcdR0\xa7\x99L\x90t\x9e\xa4\x0bC\
\x08\xcf\x946\xc6q\x06\xc3'\x00N\xedi\x95\x12\xbe\
]q{`\x0f\xf5\x9e\x18\x8cS\x7f\x1e\x94t\x81\xa4\
sC\x08w\x17\xb6\xc5q\x86\x85O\x00\x9cF\xd1J\
\x1c\xdcYq\x9b\xe0}\xea\xbd\xfe\x03N}xD1\
\xc7\xe2W\x92n\x08!P\xd8\x1e\xc7\x19\x11>\x01p\
\x1a\x0b\xf0Z\xc5I\xc0\x07$\xed(\xd7\x16p\xf2\xf3\
\xa8\xe2\x03\xff\x22I\x7f\xf3\x87\xbe\xd3d|\x02\xe0t\
\x05\xc0\xd2\x8a\xda\xf1\xbbKz\xb7|\x9b\xc0\xb1\xe36\
I\x97J\xfa\xbd\xa4\xbf\xfbC\xdf\xe9\x16|\x02\xe0t\
\x1d\xc0\xc2\x92\xb6\xd2+\xdb\x04\xab\x96\xb5\xc8i\x18\xf3\
\x14\x13\xf9.\x95t\x89\xef\xe9;\xdd\x8aO\x00\x9c\xae\
\x06\x08\x92\xb6T\x5c\x1d\xd8Y\xd2[%-R\xd4(\
\xa7\x8e<$\xe9\xaa\xd6\xcf\x95!\x84g\x0b\xdb\xe38\
\xd9\xf1\x09\x80\xd3S\x00\xa3\x15W\x07\xde\xd1\xfa\xd9\xa2\
\xacEN!fH\xbaQ\xb1e\xf3\xd5!\x84[\x0a\
\xdb\xe38\x95\xe3\x13\x00\xa7\xa7\x01VW\x5c\x19\xd8Q\
Qxh\x8d\xb2\x169\x99\x98&\xe9\x06I\xd7\xb7~\
nra\x1e\xa7\xd7\xf1\x09\x80\xe3\xf4\x03XUq\x22\
\xb0u\xeb\xcf7HZ\xb8\xa8QN'L\x91\xf4\x17\
\xc5\x87\xfd\x9f%\xdd\xe1\xedu\x1d\xe7\xd5\xf8\x04\xc0q\
\x86\x00XJ1o`k\xc5\x5c\x82\xcd$\xadR\xd4\
(g \xd3$\xdd\xa4(s|\x93\xe2\xdb\xfd\x94\xb2\
&9N\xfd\xf1\x09\x80\xe3\x8c\x90V\x87\xbc\xcd\x15'\
\x03\xed?\xd7*jT\xef\xf0\xa8\xa4\xdb%\xfdK\xd2\
\xad\x92n\x0e!\xdcS\xd6$\xc7i&>\x01p\x1c\
\x03Z:\x04\x9bJZ_\xb1\xa9\xce\xeb[\x7f_C\
\xfe=\xeb\x84'$M\x964I\xf1a\x7f\xbb\xa4\x7f\
\x85\x10\xa6\x15\xb5\xcaq\xba\x08\xbf19NF\x80Q\
\x8a\x13\x81\xf5\x15'\x05k+v\xde[]q+\xa1\
W\xf3\x0b\xfa$=\xa6\xa8\xa1\x7f\xaf\xa4{Z?\xf7\
J\xba'\x84\xf0|9\xd3\x1c\xa77\xf0\x09\x80\xe3\x14\
\xa2\xd5\xe4h\x15\xc5\xc9\xc08\xc5\xd5\x82\xd5%\x8d\x95\
\xb4\x82\xa4\x15[?M\xebw\xf0\xb4\xa4'%=\xd5\
\xfa\xf3\xd1~?\x0f+j\xe8O\x0d!\xcc)f\xa1\
\xe38>\x01p\x9c\xba\xd3ZEX^\xafL\x08\x96\
\x97\xb4\xb4\xa4%%-#iT\xeb\xef\xafU\x9c,\
\x8cR\x94B^T\xd2\x98A\x86]\xa8\xf5\xef\x91\xd4\
\x16\xbdyI\xd2\xcc\xd6\xdf\x9fm\xfdn\xb6b\xcd\xfc\
\x8b\x92^\x904\xbd\xf5\xbb\xe9\x03\xfe\xbb\xfd\xc0\x7f\xca\
\xcb\xeb\x1c\xc7q\x1c\xc7q\x1c\xc7q\x1c\xc7q\x1c\xc7\
q\x1c\xc7q\x1c\xc7q\x1c\xc7q\x1c\xc7q\x1c\xc7q\
\x1c\xc7q\x1c\xc7q\x1c\xc7\x92\xff\x0f\x97 \xfc\xad\x22\
N\xbf5\x00\x00\x00\x00IEND\xaeB`\x82\
\x00\x00!\xb8\
\x89\
PNG\x0d\x0a\x1a\x0a\x00\x00\x00\x0dIHDR\x00\
\x00\x02\x00\x00\x00\x02\x00\x08\x06\x00\x00\x00\xf4x\xd4\xfa\
\x00\x00\x00\x09pHYs\x00\x00\x0e\xc3\x00\x00\x0e\xc3\
\x01\xc7o\xa8d\x00\x00\x00\x19tEXtSof\
tware\x00www.inksca\
pe.org\x9b\xee<\x1a\x00\x00 \x00ID\
ATx\x9c\xed\xdd{\xb0fU}\xe6\xf1\xefz\xcf\
\xe1\xde \x98Q \x06#J\xd3\xe7\x02\xe3\xadq&\
\x01\x0cw\x1bDA\x07\x84\x8a\x1aG'\x94\xd1\xa88\
\xf12\x11\x04\x8c\x8ax\x9b\xa88\xe5%\x0a\x12\x8d\x8e\
bT\xa6\x8c\x1a\x8c\xd0\x18\x94T\x14\xa1\x10\xcf9o\
\xd3\x10n\x82\xe2\x05\x14\x10\xba\xe9>\xef\x9a?\xfa4\
\xd0M\x9f\xee\xf7\xb2\xd7\xde{\xed\xfd\xfdTu\x95}\
9k\xad]V\xb1\x9f\xdf\xf3\xee\xb3\x0fH\x92$I\
\x92$I\x92$I\x92$I\x92$I\x92$I\x92\
$I\x92$I\x92$I\x92$I\x92$I\x92$\
I\x92$I\x92$I\x92$I\x92$I\x92$I\
\x92$I\x92$I\x92$I\x92$I\x92$I\x92\
$I\x92$I\x92$I\x92$I\x92$I\x92$\
I\x92$I\x92$I\x92$I\x92$I\x92$I\
\x92$I\x92$I\x92$I\x92$I\x92$I\x92\
$I\x92$I\x92$I\x92$I\x92$I\x92$\
I\x92$I\x92$I\x92$I\x92$I\x92$I\
\x92$I\x92$I\x92$I\x92$I\x92$I\x92\
$I\x92$I\x92$I\x92$I\x92$I\x92$\
I\x92$I\x92$I\x92$IR1B\xd5\x07P\
^\xe2\xb5\xec\xce\x8e<\x038\x80\xc8\x14\x81}\x08\xfc\
\x01\x91\xbd\x81\xed\x81%\xc0v\xd5\x9eRj\xa4\xb5\xc0\
\x03\xc0\x1a\xe0N\xe0\x0e\xe06\x023\xc0\xf5\x8cq}\
X\xca\xbdU\x1ePy1\x00h\xab\xe2\xcd\xec\xc8\x1a\
\x8e\x02\x8e\x06\x0e\x03\x0e\x00:\x95\x1eJ\xd2\x96\xcc\x03\
\xd7\x02W\x10\xf96\x0fpEX\xce\xba\xaa\x0f\xa5\xfa\
2\x00\xe81bd\x8c9V\x10x\x19\xf0|`\xd7\
\xaa\xcf$i`w\x03_'\xf0Y\x96\xb12\x04b\
\xd5\x07R\xbd\x18\x00\xf4\xb08\xc7\xef\x11x\x0d\x91\xd3\
\x80'W}\x1eI\x85\xb9\x01\xf8$\x81O\x85\x09\xee\
\xab\xfa0\xaa\x07\x03\x80\x88\xd7\xb3'\xe3\xbc\x19\xf8\x0b\
6|\x86/\xa9\x99\xee\x06\xceg\x1d\xe7\x87\xff\xcc=\
U\x1fF\xd52\x00\xb4X\x9ca{\xc6x\x0d\x91w\
\x02\xbbU}\x1eI\xa5\xb9\x87\xc8\xfb\x88|(L\xf3\
P\xd5\x87Q5\x0c\x00-\x15\xbb\xac \xf2q\xe0)\
U\x9fERE\x22st8-L\xf0\xfd\xaa\x8f\xa2\
\xf2\x19\x00Zf\xe1\xdb\xf8>\x04\xfc\xf7\xaa\xcf\x22\xa9\
\x16zD>\xca\x03\x9c\x11\x96\xf3@\xd5\x87Qy\x0c\
\x00-\x12gy\x16\x81/\x03O\xad\xfa,\x92j\xa7\
K\xe4\xe40\xc5O\xaa>\x88\xca\xe1\xf7s\xb7D\x9c\
\xe3\xd5\x04\xae\xc2\x9b\xbf\xa4-\x9b pU\xecrr\
\xd5\x07Q9\x0c\x00\x0d\x17#!\xce\xf1\x0e\xe0\x13\xc0\
\x0e\x15\x1fGR\xbd\xedJ\xe4K\x0b\xff\xcdP\xc3\xf9\
\x11@\x83\xc5\xab\xd9\x8e]\xf8<\x98\xe8%\x0d(\xf2\
q&y]\x08\xf4\xaa>\x8a\xd20\x004T\xbc\x9a\
\xedX\xc2\xc5DN\xac\xfa,\x922\x15\xb9\x90IN\
3\x044\x93\x1f\x014P\x8c\x8c\xb1\x0b_\xf2\xe6/\
i$\x81W\xd1\xe5\x131:,6\x91\x01\xa0\x89\xba\
|\x18xQ\xd5\xc7\x90\xd4\x08\xa7\xd1\xe5\x9c\xaa\x0f\xa1\
\xe2\x99\xea\x1a&\xce\xf2V\x02\xef\xab\xfa\x1c\x92\x1a%\
\x02\xaf\x0c\x93\xfc}\xd5\x07Qq\x0c\x00\x0d\x12\xbb\x1c\
N\xe4_\x80\xb1\xaa\xcf\x22\xa9q\xd6\x02\x07\x87I~\
T\xf5AT\x0c\x03@C\xc4\x19\xf6\xa2\xc3\xb5\xc0^\
U\x9fERc\xddJ\x8fg\x85i\xee\xae\xfa \x1a\
\x9d\xcf\x004@\x8c\x04:|\x16o\xfe\x92\xd2\xfaC\
:|\xb4\xeaC\xa8\x18\x06\x80&\xe8\xf2\xe7\xc0\xd1U\
\x1fCR+\xfci\x9c\xf5!\xe3&\xf0#\x80\xcc\xc5\
Y\xf6&0\x07<\xae\xea\xb3Hj\x8d;\x19g2\
,\xe5\xde\xaa\x0f\xa2\xe1\x8dW}\x00\x8d\xa8\xc3\xbb\x88\
\x95\xde\xfc\xef%\xf0C\x22\xd7\x11\xb8\x1b\xb8\x9b\x1e\xf7\
\xd0a\xbe\xc23I\xcd\xd2c\x0cx<\x1d\xf6 \xf2\
x\xe0\x19\xc0A\xc0\xae\x15\x9d\xe8\xf7Y\xcf\xdb\x80\xb7\
U\xb4\xbf\x0a`\x03\x90\xb1\xb8\x8a\xa7\xd3\xe3G\x94\xff\
\xd4\xffmD>G\x87\x8bY\xc6O|K\x98T\xbe\
\x18\xe9p\x03\x07\xd2\xe3%\x04^Nd\x9f\x92\x8f\xb0\
\x06\x98\x0c\x93\xdcR\xf2\xbe*\x88\x01 cq\x8e\xcb\
\x80#J\xdc\xf2Z:\x9c\xc9\xfe\x5c\xeaM_\xaa\x8f\
\x18\xe90\xc7\x0a:\x9cK\xe4\x19%n\xfd\xe50\xc9\
KJ\xdcO\x052\x00d*\xcer\x22\x81\xaf\x95\xb4\
\xdd]D\xde\xc2$\x9f\xf7\xc6/\xd5\xd7B\x10x)\
\x81\x0f\x00{\x96\xb2i\x8f\xe7\x86i\xae,e/\x15\
\xca\x00\x90\xa1\x18\x09t\xb9\x16xz\x09\xdb\xad$\xf0\
\xb20\xc1\x9d%\xec%\xa9\x00q5O`=\x9f\x05\
V$\xdf,pY\x98\xe0\xa8\xe4\xfb\xa8p~\x1b`\
\x8e\xe68\x91rn\xfe\xe71\xc1Q\xde\xfc\xa5\xbc\x84\
\xa5\xfc\x92\x09\x9e_\xcak\xc1#G\xc6Y\x9e\x9b|\
\x1f\x15\xce\x00\x90\x99\x18\x09\x84R~0\xc7;\xc2$\
gX\xf9Ky\x0a\x81^\x98\xe0\xaf\x89\xfcu\xf2\xcd\
:\x9c\x9d|\x0f\x15\xce\x00\x90\x9b2\xa6\xff\xc8\xbb\xc3\
$\x7f\x93t\x0fI\xa5\x08S\xbc\x8f\xc8\xb9I7\x89\
\x1c\x19g84\xe9\x1e*\x9c\xcf\x00d\xa4\x94\xcf\xfe\
#\xdfb\x92\xe3\x9d\xfc\xa5\xe6Xx8\xf0\x9f\x08\x1c\
\x9bl\x13\x9f\x05\xc8\x8e\x0d@N\xd2O\xff\xb7\x11x\
\xb97\x7f\xa9YB\xa0\xc7\x18\x7fF\xe0\xf6d\x9b\xd8\
\x02d\xc7\x00\x90\x89\x85\xcf\xfe\xcfH\xbaI\xe0\x0da\
\x92_'\xddCR%\xc22~E\x8f\xd3\x93n2\
V\xca\xf3I*\x88\x01 \x17\x1b\xa6\xff\xe5\x09w\xb8\
\x22L\xf0\xff\x12\xae/\xa9ba\x8a\xaf\x11\xb8,\xd9\
\x06~G@V\x0c\x00\x19X\xf8q\xbf)\x9f\xb2\xed\
\x11yS\xc2\xf5%\xd5E\x8f\xb7B\xc2\x8f\xf9\xca\xf9\
.%\x15\xc0\x00\x90\x839NH\xfaz\xcf\xc0\x85a\
\x8ak\x92\xad/\xa96\xc2\x14\xd7\x10\xf8L\xc2-\x8e\
\xf0Y\x80<\x18\x00jn\xe1\xb3\xff3\x13n\xb1\x86\
\xc0;\x12\xae/\xa9nz\x9c\x05<\x98l}\x9f\x05\
\xc8\x82\x01\xa0\xeeR\x7f\xf6\x1f\xf8DX\xc6\x1d\xc9\xd6\
\x97T;a\x8a\x9f\x01\x17$\xdb\xc0g\x01\xb2`\x00\
\xa8\xb1\x12\x9e\xfc_C\xe0\x83\x09\xd7\x97TW\x91\xf7\
\x90\xb2\x05\xf0\xed\x80\xb5g\x00\xa83\xa7\x7fI\x89\xd8\
\x02\xc8\x00PSN\xff\x92\x92K\xdd\x02\x04\xceJ\xb6\
\xb6Ff\x00\xa8+\xa7\x7fI\x89%o\x01\xe0([\
\x80\xfa2\x00\xd4\x90\xd3\xbf\xa4\xd2\xd8\x02\xb4\x96\x01\xa0\
\x8e\x9c\xfe%\x95\xc4\x16\xa0\xbd\x0c\x005\xe3\xf4/\xa9\
t\xb6\x00\xadd\x00\xa8\x9b9N \xe5\xf4\x1f\xf9\xa4\
\xd3\xbf\xa4G[h\x01.L\xb8\x85-@\x0d\x19\x00\
j\xa4\x94\xb7\xfe\x8d\xf1\x81\x84\xebK\xcaU\xe4\x5cl\
\x01Z\xc5\x00P'N\xff\x92*b\x0b\xd0>\x06\x80\
\x9ap\xfa\x97T9[\x80V1\x00\xd4\x85\xd3\xbf\xa4\
\x8a\xd9\x02\xb4\x8b\x01\xa0\x06\x9c\xfe%\xd5\x86-@k\
\x18\x00\xea\xc0\xe9_RM\x94\xd2\x02\xccph\xc2\xf5\
\xd5'\x03@\xc5\x9c\xfe%\xd5N\xea\x16\xa0c\x0bP\
\x07\x06\x80\xaa9\xfdK\xaa\x99\x12Z\x80\xa3m\x01\xaa\
g\x00\xa8\x90\xd3\xbf\xa4\xda\xb2\x05h<\x03@\x95\x9c\
\xfe%\xd5\x94-@\xf3\x19\x00*\xe2\xf4/\xa9\xf6l\
\x01\x1a\xcd\x00P\x95U\xbc\x10\xa7\x7fI5f\x0b\xd0\
l\x06\x80\xaaD\xa7\x7fI\x19\xb0\x05h,\x03@\x05\
b\x97\x13\x80\x83\xd2m\xe0\xf4/\xa9\x18\xb6\x00\xcde\
\x00\xa8\x82\xd3\xbf\xa4\x9c\xd8\x024\x92\x01\xa0d\xc9\xa7\
\x7f\xf8;\xa7\x7fIE\xb2\x05h&\x03@\xd9RO\
\xff\x1d\xde\x9fp}Ime\x0b\xd08\x06\x80\x129\
\xfdK\xca\x95-@\xf3\x18\x00\xca\xe4\xf4/)g\xb6\
\x00\x8db\x00(\x89\xd3\xbf\xa4\xdc\x85)~F\xe03\
\x09\xb7\xb0\x05(\x91\x01\xa0,N\xff\x92\x9a\xe1\x5c`\
M\xb2\xd5;\xbc=\xd9\xda\xda\x84\x01\xa0\x04N\xff\x92\
\x9a\x22Lp'!\xe9\xb3\x00\xc7\xd8\x02\x94\xc3\x00P\
\x06\xa7\x7fI\xcdb\x0b\xd0\x00\x06\x80\xc4\x9c\xfe%5\
\x8d-@3\x18\x00Rs\xfa\x97\xd4L\xb6\x00\x993\
\x00$\x14\xbb\xbc\x10\xa7\x7fI\x0dd\x0b\x90?\x03@\
J1i\x82u\xfa\x97T\xadu\xbc\x17X\x9bl}\
[\x80\xa4\x0c\x00\x898\xfdKj\xbap \xb7\x13\xb8\
 \xe1\x16\xb6\x00\x09\x19\x00Rq\xfa\x97\xd4\x06\xb6\x00\
\xd92\x00$\xe0\xf4/\xa9-l\x01\xf2e\x00H!\
\xed\xf4\xbf\xd6\xe9_R\xad\xd8\x02d\xc9\x00P0\xa7\
\x7fImSJ\x0b\xb0\x8aC\x12\xae\xdfJ\x06\x80\xa2\
\xa5\x9e\xfe\xc7\x9d\xfe%\xd5P\xea\x16\xa0g\x0bP4\
\x03@\x81J\x99\xfe\x97\xf2\xd3\x84\xebK\xd2PJh\
\x01\x9eg\x0bP,\x03@\x91\x9c\xfe%\xb5\x99-@\
V\x0c\x00\x05q\xfa\x97\xd4v\xb6\x00y1\x00\x14\xc5\
\xe9_\x92l\x012b\x00(@\x9c\xe3\x058\xfdK\
\x92-@F\x0c\x00\xc58+\xe1\xdaN\xff\x92\xf2b\
\x0b\x90\x05\x03\xc0\x88\x9c\xfe%iS\xe1@n'&\
\xfdI\x81\xb6\x00\x050\x00\x8c\xce\xe9_\x9267\xcf\
y\xd8\x02\xd4\x9a\x01`\x04N\xff\x92\xb4e\xb6\x00\xf5\
g\x00\x18\x8d\xd3\xbf$-\xc6\x16\xa0\xd6\x0c\x00Cr\
\xfa\x97\xa4\xad\xb3\x05\xa87\x03\xc0\xf0\x9c\xfe%i[\
l\x01j\xcb\x000\x04\xa7\x7fI\xea\x8f-@}\x19\
\x00\x86\xe3\xf4/I\xfdJ\xdf\x02\x9c\x99l\xed\x063\
\x00\x0c\xa8\x84\xe9\xffSN\xff\x92\x9a\xa4\x84\x16`\x85\
-\xc0\xe0\x0c\x00\x83K=\xfd\xbf/\xe1\xfa\x92T\x0d\
[\x80\xda1\x00\x0c\xc0\xe9_\x92\x86c\x0bP?\x06\
\x80\xc18\xfdK\xd2\xb0l\x01j\xc5\x00\xd0\xa78\xc7\
\xf18\xfdK\xd2\xd0l\x01\xea\xc5\x00\xd0\xaf\xe8\xf4/\
I#\xb3\x05\xa8\x0d\x03@\x1f\xe2\x1c\xc7\x13xN\xc2\
-\x9c\xfe%\xb5\x82-@}\x18\x00\xfa\xe1\xf4/I\
\xc5\xb1\x05\xa8\x05\x03\xc068\xfdKR\xb1l\x01\xea\
\xc1\x00\xb0-N\xff\x92T<[\x80\xca\x19\x00\xb6\xc2\
\xe9_\x92\xd2(\xa5\x05\xe8rp\xc2\xf5\xb3g\x00\xd8\
\x1a\xa7\x7fIJ\xc7\x16\xa0R\x06\x80E8\xfdKR\
Z\x0b-\xc0g\xd2m\xc0\xb1\xb6\x00\x8b3\x00,\xc6\
\xe9_\x92\xd2\x9b\xe7=\xd8\x02T\xc2\x00\xb0\x05N\xff\
\x92T\x0e[\x80\xea\x18\x00\xb6\xc4\xe9_\x92\xcac\x0b\
P\x09\x03\xc0f\xe2,\xcfO<\xfd\x7f\xda\xe9_\x92\
\x1ea\x0bP\x0d\x03\xc0c\x9d\x9dp\xed\xb5\x8c\xf3\xde\
\x84\xebKR\x9el\x01Jg\x00x\x14\xa7\x7fI\xaa\
F)-\xc0\x0c\xff%\xd9\xfa\x192\x00l\xca\xe9_\
\x92\xaa\x92\xba\x05\x08\x9c\x93l\xed\x0c\x19\x00\x168\xfd\
KR\xb5l\x01\xcae\x00xD\xca\xe9\xff!\x22\x1f\
H\xb8\xbe$5\x83-@i\x0c\x00\x942\xfd\x7f*\
Lqk\xc2\xf5%\xa9\x11l\x01\xcac\x00\xd8\xc0\xe9\
_\x92\xea\x22u\x0b0\x96\xf4\xbf\xf9\xd9h}\x00p\
\xfa\x97\xa4zI\xde\x02D\x8e\xb3\x050\x00\x80\xd3\xbf\
$\xd5\x8f-@r\xad\x0e\x00N\xff\x92TO\xb6\x00\
\xe9\xb5:\x00\xe0\xf4/I\xf5e\x0b\x90Tk\x03\x80\
\xd3\xbf$\xd5\x9b-@Z\xad\x0d\x008\xfdKR\xfd\
\xd9\x02$\xd3\xca\x00\x10g9\xce\xe9_\x92\xea\xcf\x16\
 \x9dV\x06\x00\x82\xd3\xbf$e\xc3\x16 \x89\xd6\x05\
\x808\xcbq\x900\xed\x05>\xed\xf4/I\xc5\x09\x07\
r;pQ\xb2\x0dZ\xda\x02\xb4.\x00$\x9f\xfe{\
\xbc?\xe1\xfa\x92\xd4N=\xde\x03<\x94l\xfd\x16\xb6\
\x00\xad\x0a\x00N\xff\x92\x94\xa70\xcdm\xe0\xb3\x00E\
jU\x00p\xfa\x97\xa4\x8c\xd9\x02\x14\xaa5\x01\xc0\xe9\
_\x92\xf2VJ\x0b\xb0*\xe9w\x88\xd5Jk\x02\x80\
\xd3\xbf$5@\xea\x16\xa0\xd7\x9e\x16\xa0\x15\x01\xc0\xe9\
_\x92\x9a!y\x0b\x00\xcfoK\x0b\xd0\x8a\x00\xe0\xf4\
/I\x0db\x0bP\x88\xc6\x07\x00\xa7\x7fIj\x16[\
\x80b4>\x008\xfdKR\x03\xd9\x02\x8c\xac\xd1\x01\
 \xae\xe2X\x9c\xfe%\xa9ql\x01F\xd7\xe8\x00@\
\x8fs\x12\xae\xee\xf4/IU\xb2\x05\x18Ic\x03\x80\
\xd3\xbf$5\x9b-\xc0h\x1a\x1b\x00\x9c\xfe%\xa9\x05\
l\x01\x86\xd6\xc8\x00\xe0\xf4/I\xed`\x0b0\xbcF\
\x06\x00\xa7\x7fIj\x11[\x80\xa14.\x00$\x9f\xfe\
#\x178\xfdKR}\xd8\x02\x0c\xa7q\x01\x80\x1eg\
&\x5c}\x1d\xc1\xe9_\x92j'}\x0bpV\xb2\xb5\
+\xd2\xa8\x00\xb00\xfd\x1f\x9cn\x03>\x1d&\xb9%\
\xd9\xfa\x92\xa4\xa1\x94\xd0\x02\x1c\xdf\xb4\x16\xa0Q\x01\xc0\
\xe9_\x92Z\xcc\x16` \x8d\x09\x00N\xff\x92\xd4n\
\x0b-\xc0E\x09\xb7hT\x0b\xd0\x98\x00\xe0\xf4/I\
\xa2\xc7\xb9\xd8\x02\xf4\xa5\x11\x01\xc0\xe9_\x92\x04\xb6\x00\
\x83hD\x00p\xfa\x97$=\xcc\x16\xa0/\xd9\x07\x80\
\xd8e\x05N\xff\x92\xa4\x05\xb6\x00\xfd\xc9>\x008\xfd\
K\x92\x1e\xc3\x16`\x9b\xb2\x0e\x00\xb1\xcb\x0a\x02\x87\xa4\
\xdb\xc0\xe9_\x92rd\x0b\xb0mY\x07\x00\xa7\x7fI\
\xd2\xa2l\x01\xb6*\xdb\x00\xe0\xf4/I\xda\x1a[\x80\
\xad\xcb6\x008\xfdK\x92\xb6\xc9\x16`QY\x06\x00\
\xa7\x7fIR?Jj\x01\x0eJ\xb8~2Y\x06\x00\
\xa7\x7fIR\xdfl\x01\xb6(\xbb\x00P\xc2\xf4\x7f\x81\
\xd3\xbf$5G\x09-\xc0\x0brl\x01\xb2\x0b\x00%\
L\xff\xefK\xb8\xbe$\xa9\x0a\xb6\x00\x8f\x91U\x00p\
\xfa\x97$\x0d\xc3\x16\xe0\xb1\xb2\x0a\x00N\xff\x92\xa4\xa1\
\xd9\x02l\x22\x9b\x00\x10\xe7x\x9e\xd3\xbf$iX\xb6\
\x00\x9b\xca&\x00\x10y{\xc2\xd5\x9d\xfe%\xa9\x0dl\
\x01\x1e\x96E\x00p\xfa\x97$\x15\xc1\x16\xe0\x11Y\x04\
\x00\xa7\x7fIRal\x01\x80\x0c\x02\x80\xd3\xbf$\xa9\
H\x0b-\xc0\xdf'\xdc\x22\x8b\x16\xa0\xf6\x01\xc0\xe9_\
\x92T\xb8\x1e\xef\xa6\xe5-@\xad\x03\x80\xd3\xbf$)\
\x05[\x80\x9a\x07\x00\xa7\x7fIR2\xe9[\x80\x94\xf7\
\xb0\x91\xd56\x008\xfdK\x92R*\xa1\x05xa\x9d\
[\x80\xda\x06\x00\xa7\x7fIRr-n\x01j\x19\x00\
\x9c\xfe%Iehs\x0bP\xcb\x00\xe0\xf4/I*\
MK[\x80\xda\x05\x00\xa7\x7fIR\x99\xda\xda\x02\xd4\
.\x008\xfdK\x92J\xd7\xc2\x16\xa0V\x01 \xceq\
L\xd2\xe9\x1f.t\xfa\x97$m\xae\x8d-@\xad\x02\
\x00\xc1\xe9_\x92T\x91\x96\xb5\x00\xb5\x09\x00q\x8ec\
\x88\x1c\x9ap\x8b\x0b\xc3\x047'\x5c_\x92\x94\xb1\xb6\
\xb5\x00\xb5\x09\x00N\xff\x92\xa4\xca\xb5\xa8\x05\xa8E\x00\
p\xfa\x97$\xd5A\x9bZ\x80Z\x04\x00\xa7\x7fIR\
m\xb4\xa4\x05\xa8<\x008\xfdK\x92\xea\xa4--@\
\xe5\x01\xc0\xe9_\x92T;\xa9[\x80y\xceL\xb6v\
\x9f*\x0d\x00N\xff\x92\xa4:J\xde\x02\x04N\xa8\xba\
\x05\xa8\xb6\x01p\xfa\x97$\xd5U\xc3[\x80\xca\x02\x80\
\xd3\xbf$\xa9\xce\xc24\xb7\x11\xf8l\xba\x0d\xaam\x01\
\xaak\x00\x9c\xfe%Iu\xd7\xe0\x16\xa0\x92\x00\x10g\
9\xda\xe9_\x92Twa\x8a[\x9b\xda\x02T\xd3\x00\
t8+\xe1\xeaN\xff\x92\xa4\xe24\xb4\x05(=\x00\
8\xfdK\x92r\xd2\xd4\x16\xa0\xfc\x06\xc0\xe9_\x92\x94\
\x9b\x06\xb6\x00\xa5\x06\x80\x12\xa6\xff\xcf8\xfdK\x92\x8a\
\xd6\xc4\x16\xa0\xdc\x06 \xfd\xf4\xff\xde\x84\xebK\x92\xda\
\xaca-@i\x01\xc0\xe9_\x92\x94\xb3RZ\x80.\
\xcb\x93\xad\xbf\x99\xf2\x1a\x00\xa7\x7fIR\xeeR\xb7\x00\
\x94\xd7\x02\x94\x12\x00\x9c\xfe%IM\x90\xbc\x05\x88\xe5\
\xb5\x00\xe54\x00N\xff\x92\xa4\xa6H\xdb\x02\x04Jj\
\x01\x92\x07\x00\xa7\x7fIR\x934\xa5\x05H\xdf\x008\
\xfdK\x92\x9a\xa6\x01-@\xd2\x00\xe0\xf4/Ij\xa2\
&\xb4\x00i\x1b\x00\xa7\x7fIRSe\xde\x02$\x0b\
\x00q\x96\xa3\x9c\xfe%IM\x95{\x0b\x90\xae\x01\x08\
N\xff\x92\xa4\x86\xcb\xb8\x05H\x12\x00\xe2,G\x01\xcf\
M\xb1\xf6\x02\xa7\x7fIR\xe5rn\x01\xd24\x00N\
\xff\x92\xa4\xb6\xc8\xb4\x05(<\x008\xfdK\x92\xdad\
\xa1\x05\xf8\x5c\xb2\x0d\x12\xb5\x00\xc57\x00N\xff\x92\xa4\
\xb6\xe9\xf1.2k\x01\x0a\x0d\x00%L\xff\x179\xfd\
K\x92\xea&\xc7\x16\xa0\xd8\x06 \xfd\xf4\x7f^\xc2\xf5\
%I\x1a^\xea\x16 rF\x91\x0b\x16\x16\x00\x9c\xfe\
%Im\x96\xbc\x05\x80\x13\x8bl\x01\x8ak\x00\x9c\xfe\
%Im\x97Q\x0bPH\x00p\xfa\x97$)\xaf\x16\
\xa0\x98\x06\xc0\xe9_\x92\xa4\x0d2i\x01F\x0e\x00q\
\x86#q\xfa\x97$\x09\xc8\xa7\x05\x18\x1f\xf9\x18c\x9c\
C\x1cy\x95\xadY\x13\xe7\xf8[`O`\xbb\xa4;\
I\x924\x9au\xc0]D\x1eL\xb8\xc7\xc6\xf7\x02\xbc\
h\xd4E\x86\x16g8\x92\x0e\xdf\x19e\x0dI\x924\
\xb0H\xe09a\x82\xab\x87]`\xb4\x8f\x00:\x9c=\
\xd2\xd7K\x92\xa4a\x8c\xfc,\xc0\xd0\x0d\x80\xd3\xbf$\
I\x95\x1a\xa9\x05\x18\xbe\x01p\xfa\x97$\xa9J#\xb5\
\x00C5\x00N\xff\x92$\xd5B\x04\x0e\x0a\x93\xfch\
\xd0/\x1c\xae\x01p\xfa\x97$\xa9\x0e\x02\x0c\xd7\x02\x0c\
\xdc\x008\xfdK\x92T+\x91\x0e\xcf\x0c\xcb\xb8n\x90\
/\x1a\xbc\x01p\xfa\x97$\xa9N\x02\xbd\xc1\xef\xcd\x03\
5\x00N\xff\x92$\xd5\xd2\xc0-\xc0`\x0d\x80\xd3\xbf\
$Iu4p\x0b\xd0w\x03\xe0\xf4/IR\xad\x0d\
\xd4\x02\xf4\xdf\x008\xfdK\x92Tg\x03\xb5\x00}5\
\x00\xb1\xcb\x11D.\x1b\xfeL\x92$\xa9\x04}\xb7\x00\
\xfd5\x00\xd1\xe9_\x92\xa4\x0c\xf4\xdd\x02l\xb3\x01p\
\xfa\x97$)+}\xb5\x00\xdbn\x00\x9c\xfe%I\xca\
I_-\xc0V\x1b\x00\xa7\x7fI\x92\xb2\xb4\xcd\x16`\
\xeb\x0d\x80\xd3\xbf$I9\xdaf\x0b\xb0h\x03\xe0\xf4\
/IR\xd6\xb6\xda\x02,\xde\x008\xfdK\x92\x94\xb3\
@\x8f\xb3\x16\xff\xcb-\x88]\x0e'ry\xba3\xf5\
\xed\xd7\xc0j\xe0~\xe0\x9e\x8a\xcf\x22IR?\xf6\x00\
\x96\x00K\x81\xdf\xab\xf8,\x8b\xb6\x00\xe3\x8b\xfc\xf3s\
\x92\x1fi\xcb\xee\x02\xfe\x11\xb8\x9cq\xae\x0cK\xf9e\
E\xe7\x90$id\xf1F\x9e\xc8:\x0e!p$\x91\
\x93\x80'\x96|\x84\x8d\xcf\x02\xfc\xb7\xc7\xfe\xc5f*\
\x99\xfe\x03W\x02\x1f\xe4g|3\x1c\xce\xfaR\xf7\x96\
$\xa9\x04q%\xe3\xec\xcdq\xf4x\x0b\x81C\xca\xdc\
zK-\xc0c\x03\xc0\x1cW\x00\x7fR\xd2\xa1f\x08\
\xbc>L\xb0\xb2\xa4\xfd$I\xaa\x5c\x9c\xe1H\x02\x1f\
%0Y\xd2\x96_\x0d\x93\x9b\xb6\x00\x9b\x04\x808\xc3\
\x14\x1dfJ8\xc8<\xf0n~\xc7\xb9a9\xebJ\
\xd8O\x92\xa4Z\x89W\xb3\x1dK8\x8b\xc8\x99\x0c\xf2\
\xc3\xf9\x863\xcf8O\x09K\xf9\xe9\xc6?\xd8t\xc3\
\x0e\xafJ|\x00\x80\xbb\x09\x1c\x13&y\x877\x7fI\
R[\x85\xe5\xac\x0b\x13\x9cM\xe4y\xa4\x7f\xd0}\x8c\
\xf5\xfc\xf9&\xfbo\xfc\x1fq5;\xb0\x9e\x9f\x02\xff\
)\xe1\x01\xee\xa0\xc7\xf3\xc2t)-\x83$IY\x88\
3L\xd3\xe1R\xe0I\x09\xb7\xb9\x83\x9f\xf3\x94\x8d\xcf\
\xda=\xd2\x00\xac\xe3E\xa4\xbd\xf9\xff\x8a\x0eGy\xf3\
\x97$iSa\x9a\x19z\x1c\xc6\x86\xef\x86K\xe5I\
\xec\xc9\xf1\x1b\x7f\xf3H\x00\x08I\xeb\xff5t8.\
,\xa3\x9bp\x0fI\x92\xb2\x15\xa6\xb9\x91\x1e'\x00k\
\xd3m\xf2\xc8\xbd\xbe\x03\x10\xbb\xecJ\xca'\xff#o\
\x0a\xcb\xf8a\xb2\xf5%Ij\x800\xcd\xbf\x03oN\
\xb8\xc5Q\xf1jv\x86G\x1a\x80#\x80\xed\x13mv\
i\x98\xe2c\x89\xd6\x96$\xa9Q\xc2$\xff\x07\xf8\x97\
D\xcb\xef\xc4\xae\x1b\x06\xfe\x0d\x01\xa0\xc7\x8aD\x1b\xad\
\xa5\xc7\xeb\x12\xad-IR3\x05^\x0f<\x94d\xed\
\x1e\xc7\xc1\xc6\x00\x10\x12\x05\x80\xc8\x85a\x9a\x1b\x93\xac\
-IRC\x85\x09V\x01\x17%Z~\x05@Xx\
Oq\x8a\xa7\x0e\xe7\x81\xfd\xc2$\xb7$X[\x92\xa4\
F\x8b]\xf6%\xb2\x1a\x18+|\xf1u<\xbe\xc3z\
\x0e(|a\x80\xc8\xb7\xbd\xf9K\x924\x9c0\xc1\xcd\
\xc0eI\x16\x1f\xe3\x80\x0e\x91\xe9$\x8b\x07\xfe!\xc9\
\xba\x92$\xb5ELt/\x1d\xe3\x80\x0e$\x09\x00\x91\
\x0e\xdfN\xb0\xae$I\xed\xb1=\x97\x021\xc1\xca\x07\
t\x80\xa5\x09\x16\xfeIX\xc6\xaf\x12\xac+IRk\
\x84\xfd\xf8\x05$x\x83ndi\x07\xd8\xa3\xf0\x85\xe1\
\xc7\x09\xd6\x94$\xa9\x8d\xaeO\xb0\xe6\x1e\x1d\x22\xbb\x15\
\xbeldU\xe1kJ\x92\xd4N)^\xa3\xbf[\x87\
\x90 \x00t\xf8e\xe1kJ\x92\xd4F!\xc9=u\
\xf7\x0e$\x08\x00p\x7f\x825%Ij\xa3\xfb\x12\xac\
\xf9\xb8q`\x87\x04\x0b\xa7y}\xe1\x90\xe2\xed\xec\xc4\
\xbd\xfc1\x81\xc3\x81\x03\x08,\x03\xf6\x04\x96,\xfc\x93\
\xfb\x81\xbb\x16>\xba\xb8\x9e\x0e+\xd9\x81\xab\xc2\xbe\xac\
\xa9\xea\xccEj\xfb\xf5KR\xe6R\xfct\xc0\x1dB\
\x9cK\xf0\xed\x05\x81S\xc2\x04\x17\x17\xbe\xee\x80b\x97\
\x83\x89\x9c\x06\xbc\x18\xd8u\xc0/\xbf\x17\xf8\x0a\xf0\xa9\
0\xc9\xbf\x15~\xb8\x12\xb4\xfd\xfa%\xa9\x09b\x97\x93\
\x89\xc5\xdfS;\xdb\xfe'\xf9\x893\x1c\x1a\xe7\xf8.\
\x91\xef\x01\xaf`\xf0\x9b\x1fl\xf8h\xe4\x95\xc0Uq\
\x8e\x95q\x8e?.\xf4\x90\x09\xb5\xfd\xfa%I\xdb\xd6\
\xa8\x00\x10\x7f\xcc\x1eq\x8e\x8b\xe8\xf0]\xe0\xb9\x05.\
}\x18\xf0\xbd8\xcb\x05\xf1&\x1eW\xe0\xba\x85j\xfb\
\xf5K\x92\xfa\xd7\x98\x00\x10W\xf1\x1c\xb6\xe3\x1a6L\
\xbc!\xc1\x16\x81\xc0\xabx\x88kb\x97\xe5\x09\xd6\x1f\
I\xdb\xaf_\x924\x98F\x04\x808\xc7\x0b\xe8q\x05\
\xf0\x94\x12\xb6{*\x91\xef\xc59^\x5c\xc2^}i\
\xfb\xf5K\x92\x06\x97}\x00\x88]N\x02\xbe\x0a\xecT\
\xe2\xb6;\x00_\x8a\xb3\xbc\xa8\xc4=\xb7\xa8\xed\xd7/\
I\x1aN\xd6\x01 v9|\xe1'%\x8dW\xb0\xfd\
8\x81/\xc4\xd9B?k\x1fH\xdb\xaf_\x924\xbc\
l\x03@\x9ca/\x22_ \xcd{\x0c\xfa\xb5#\x81\
/\xc7.\xbf_\xf6\xc6m\xbf~I\xd2h\xb2\x0c\x00\
1\x12\xe8\xf0\x05`\xaf\xaa\xcf\x02<\x91\xc8Een\
\xd8\xf6\xeb\x97$\x8d.\xcb\x00\xc0\x1c/\x07\x0e\xaf\xfa\
\x18\x8frt\x9c\xe5\xd4\xd2vk\xfb\xf5K\x92F\x96\
]\x00\x887\xb3#\x81\xf3\xaa>\xc7ctx\x7f\x9c\
a\xfb\xd4\xdb\xb4\xfd\xfa%I\xc5\xc8.\x00\xb0\x96W\
B\x0d?s\x8e\xecC\x87W$\xdf\xa7\xed\xd7/I\
*D~\x01 \xf2\xda\xaa\x8f\xb0\x15\xa7'\xdf\xa1\xed\
\xd7/I*DV\x01`\xe1\x0dt\x07T}\x8e\xad\
\x98\x8e3<#\xd5\xe2m\xbf~IRq\xb2\x0a\x00\
\xf48\xa1\xea#lS'\xe1\x19\xdb~\xfd\x92\xa4\xc2\
\xe4\x15\x00B\xad\x9e|_L\xba3\xb6\xfd\xfa%I\
\x85\xc9&\x00\xc4H\x07xV\xd5\xe7\xe8\xc3A\x0bg\
-T\xdb\xaf_\x92T\xac|\xfeC\xbd\x8a?\xa4\xdc\
\xf7\xdd\x0fkgf\xf9\x83\xc2Wm\xfb\xf5K\x92\x0a\
\x95O\x00\xe8\xb1O\xd5G\xe8\xdb8O.|\xcd\xb6\
_\xbf$\xa9P\xf9\x04\x00\xd8\xb5\xea\x03\x0c \xc5Y\
\xdb~\xfd\x92\xa4\x02\xe5\x14\x00\xf2y\xcb\xdc<;&\
X\xb5\xed\xd7/I*P>\x01 \xf0@\xd5G\x18\
\xc0\xfd\x85\xaf\xd8\xf6\xeb\x97$\x15*\x9f\x00\xd0\xe37\
U\x1f\xa1oc\x09\xce\xda\xf6\xeb\x97$\x15*\x9f\x00\
\x00\xab\xab>@\xdf\xd6sS\x82U\xdb~\xfd\x92\xa4\
\x02e\x13\x00\xc24w\x03\xbf\xa8\xfa\x1c}\xf8\xf9\xc2\
Y\x0b\xd5\xf6\xeb\x97$\x15+\x9b\x00\xb0\xe0{U\x1f\
\xa0\x0fW&\x5c\xbb\xed\xd7/I*H^\x01 r\
Y\xd5G\xe8C\xba3\xb6\xfd\xfa%I\x85\xc9+\x00\
l\xcf?\x02\xeb\xaa>\xc6V\xacg=\x97$[}\
\xc3\xf5\xafO\xb6\xfe\xe8\xd2^\xbf$\xa90Y\x05\x80\
\xb0\x1f\xbf\x00\xfe\xb9\xeasl\xc57\xc3\x81\xdc\x95j\
\xf1\xb6_\xbf$\xa98Y\x05\x00\x00\x22\x1f\xac\xfa\x08\
\x8b\xea\xf0\x81\xe4{\xc4\x12\xf6\x18V\x19\xd7/I*\
Dv\x01 L\xf1\xaf\xc0\xca\xaa\xcf\xb1\x05\xdf\x0e\xcb\
\xd2?\xa4\xd7\xf6\xeb\x97$\x15#\xbb\x00\x00@\x8f\xd7\
S\xafg\x01\x1eb\x8c7\x96\xb6[\xdb\xaf_\x924\
\xb2,\x03@\x98f\x068\xaf\xeas<,\xf2\xee\xb0\
?sem\xd7\xf6\xeb\x97$\x8d.\xcb\x00\x00\xc0\x04\
\xef\x04\xae\xa8\xfa\x18\xc0w\x98\xe4\xdc\xd2wm\xfb\xf5\
K\x92F\x92m\x00\x08\x81y\xe0$b\xa5\x93\xe7,\
=N\x09\x81^\xd9\x1b\xb7\xfd\xfa%I\xa3\xc96\x00\
\x00\x84I~Md\x05pc\x05\xdb\xaff=+\xaa\
|\xedm\xdb\xaf_\x924\xbc\xac\x03\x00@\x98\xe66\
\xb6\xe3`\xe0\xea\xd26\x8d\xfc\x80q\x0e\x0e\x07r{\
i{.\xa2\xed\xd7/I\x1aN\xf6\x01\x00\x16^\x90\
3\xce!\xc0\xf9\xe97\xe3s\xec\xcaaa)\xbfL\
\xbeW\x9f\xda~\xfd\x92\xa4\xc15\x22\x00\x00\x84\xa5\xac\
\x0d\x93\x9cN\xe0\x88D\x9f\x8b\xdfH\xe0\xd80\xc1\x9f\
\x85}x0\xc1\xfa#i\xfb\xf5K\x92\x06\xd3\x98\x00\
\xb0Q\x98`%\xdb\xf1L\x02\xaf\x05n)`\xc9\x9b\
\x81W\xd3c:L\xd4\xfa5\xbc\x80\xd7/I\xeaO\
\x88s\xc4\xe2W\xe5\x940\xc1\xc5\x85\xaf;\xa0\x18\x19\
\xe3\x06\x8e\xa1\xc7K\x81c\x80'\xf4\xf9\xa5\xbf p\
)\x91\xcf3\xc1w\x16\x9e\xb8\xcfN\xdb\xaf_\x92\x9a\
 v9\x99X\xfc=u\xbc\xe8\x05\xebd\xe1\xc6\xf5\
-\xe0[1\x12\xe8r\x00p \xb0?\xb0\x17\xb0d\
\xe1\x9f\xde\x0f\xfc\x1cXE\xe4z&\x99\x09!A0\
*Y\xdb\xaf_\x92\xb4\xb8F\x07\x80G[\xb8\xa1]\
\xbf\xf0\xabu\xda~\xfd\x92\xa4M5\xee\x19\x00I\x92\
\xb4m\x06\x00I\x92Z\xc8\x00 IR\x0b\x19\x00$\
Ij!\x03\x80$I-d\x00\x90$\xa9\x85\x0c\x00\
\x92$\xb5\x90\x01@\x92\xa4\x162\x00H\x92\xd4B\x06\
\x00I\x92Z\xc8\x00 IR\x0b\x19\x00$Ij!\
\x03\x80$I-d\x00\x90$\xa9\x85\x0c\x00\x92$\xb5\
\x90\x01@\x92\xa4\x162\x00H\x92\xd4B\x06\x00I\x92\
Z\xc8\x00 IR\x0b\x19\x00$Ij\xa1\xf1\xaa\x0f\
0\xaa\x18\x09\xccr\x04\x1dN\x04\x0e\x05\xf6\x02\xf6\xac\
\xf8X\x92\xa4f\xb9\x8b\xc0\xcf\x88\x5cI\xe0\x12\x96\xb1\
2\x04b\xd5\x87\x1aE\xd6\x01 \xce\xf1't\xf9 \
\x1d\x96W}\x16IR\xa3\xedIdO\xe0\x19D^\
\xcf\x1c?\x883\xbc9Lse\xd5\x07\x1bV\xb6\x1f\
\x01\xc4.\xa7\x03\x97\x837\x7fIR\xc9\x02\xcf\xa1\xc3\
w\xe3\x1c\xef\xa8\xfa(\xc3\xca2\x00\xc49\xce%\xf2\
a2=\xbf$\xa9\x11\x02pN\x9c\xe5]U\x1fd\
\x18\xd9\xdd@\xe3,\xa7\x00o\xab\xfa\x1c\x92$\x01\x10\
83v9\xb9\xeac\x0c*\xab\x00\x10gXB\xe0\
\xc3lH]\x92$\xd5A \xf2\x91x\x1d\xbbT}\
\x90Ad\x15\x00\x08\xfc%\x1b\x9e\xf2\x97$\xa9N\xf6\
f{^S\xf5!\x06\x91W\x00\xe8pj\xd5G\x90\
$i\x11\xa7T}\x80Ad\x13\x00\xe2\x0c{\x11y\
z\xd5\xe7\x90$i\x11\xcf\x8e\xabyB\xd5\x87\xe8W\
6\x01\x80\x0e\xfb\xe2g\xff\x92\xa4\xfa\x0a\xf4\xd8\xb7\xea\
C\xf4+\x9f\x00\x10\xf2IU\x92\xa4\x96\xea\xe5\xf3&\
\xda|\x02@\xe4\xde\xaa\x8f I\xd2VE~[\xf5\
\x11\xfa\x95O\x00\x80;\xab>\x80$I[\xb5\x1dw\
T}\x84~\xe5\x13\x00&X\x0d\xfc\xb4\xeacH\x92\
\xb4\x88;\xd8\x8f\xff\xa8\xfa\x10\xfd\xca&\x00\x84@$\
\xf2OU\x9fC\x92\xa4E\x5c\x92\xd3O\x08\xcc&\x00\
\x000\xce\x07\x80\x87\xaa>\x86$I\x9bYG\x8f\x0f\
W}\x88Ad\x15\x00\xc2\xfe\xfc\x07\x81\x8fU}\x0e\
I\x926s~\x98\xe6\xc6\xaa\x0f1\x88\xac\x02\x00\x00\
\xf7\xf3V\xe0\xbbU\x1fC\x92\xa4\x05\xdf\xa7\xc7\x19U\
\x1fbP\xd9\x05\x80\xb0\x9cut8\x09\xf8~\xd5g\
\x91$\xb5\x5c\xe0J\xe0\x840\x9d\xdf\xc7\xd3\xd9\x05\x00\
\x80\xb0\x8c_1\xce\x91D>\x02\xac\xab\xfa<\x92\xa4\
\xd6Y\x07\xfc-\xf3\x1c\x15&\xf9u\xd5\x87\x19F\x96\
\x01\x00 ,em\x98\xe2\x8dD\xa6\x89|\x1c\xdf\x13\
 IJ\xef\x0e\x02\x1f\xa3\xc7T\x98\xe4M9N\xfe\
\x1b\x8d\x03\xf3\xc0X\xa1\xab\xf6\xca\x0b\x16a\x8a\xd5\xc0\
kc\xe4/\x99c?`o:\xf9\xbc\x8aQ\x92\x94\
\x81\x1ew\x11\xb9\x93)n*\xfd[\xfdz\x8c%\xf8\
I8\xf3\xe3\xc0\xef\x80\xdd\x0a^xI\xc1\xebm\xd3\
\xc2\xff!\xab\x17~I\x92\xd4\x0c\x81]\x13\xacy_\
\x07\x12\xbcc?\xb0{\xe1kJ\x92\xd4Fi\xee\xa9\
\xf7u\x80\xfb\x0b_6\xf2\xb4\xc2\xd7\x94$\xa9\x8d\x22\
\xfb%X\xf3\xbe\x0e$\xf8\xc9E\x81\xa9\xc2\xd7\x94$\
\xa9\x8d\x02\x93\x09V\xfdm\x87\xc0-\x09\x16~N\xbc\
\x99\x1d\x13\xac+IRk\xc4\x9b\xd9\x91\xc8\xf2\x04K\
\xdf\xdc!\xb2*\xc1\xc2;\xb2\x96?J\xb0\xae$I\
\xed\xf1 \x87\x00;%X\xf9\x86\x0e$\x09\x00\x109\
%\xc9\xba\x92$\xb5E\x87S\x93\xac\x1b\xe9\xa6\x0b\x00\
\x81S\xe2\xd5\xec\x9cdmI\x92\x1a.^\xcd\xceD\
NJ\xb387t\xe8q=\x1b\xde\x05P\xf4\xe2\xbb\
\xb3\x84\xd3\x0a_W\x92\xa46\xd8\x85\xbf\x00\x1e\x97`\
\xe5\x07\x80\x99\xce\xc2k\x0c\xafJ\xb0\x01D\xdeb\x0b\
 I\xd2`\xe2\x0cK\x807'Z\xfe_\xc34\x0f\
m|e\xef\xcaD\x9b<\x89]x{\xa2\xb5%I\
j\xa6\xc0\xd9\xc0\xde\x89\xd6\xbe\x1c6\xfe0\xa0\xde\x86\
\xdf$\xf2\xa68\xc7\xb3\x13\xae/IRc\xc4U\x1c\
D\xe0\x8d\xe96\xd8p\xcf\x0f\x0012F\x97[\x81\
'%\xda\xec&v\xe0\xd9\xe1i\x09^:$IR\
C\xc4k\xd9\x9d\x1d\xb9\x06\xd87\xd1\x16\xb71\xc1\xbe\
!\xd0\xeb\x00\x84\xc0<\x81\x7fH\xb4\x19\x04\x9e\xc6C\
\x5c\xe2\xcb\x81$I\xda\xb28\xc3\xf6\xec\xc8\xc5\xa4\xbb\
\xf9C\xe4s!\xd0\x03\x1e\xf5c{\xe7\xf9\x5c\xb2\x0d\
78\x8c\xb5\xfc\xdf\xb8\x9a\x1d\x12\xef#IRV\xe2\
jv`\x8c/\x01G'\xddh\xec\x91a\xff\xe1\x00\
\x10\xa6\x99\x01~\x94t\xe3\xc8\x89\xac\xe7\x9b\xf1\xa6$\
\xdf\xd6 IRv\xe2\x8f\xd9\x83\xf5\xfc3\x91\x13\x13\
o\xf5\xc3\xb0\x8c\xee\xc6\xdft6\xf9\xab\xc8\xf9\x897\
\x078\x82\x87\xb8.\xce\xf2_K\xd8K\x92\xa4\xda\x8a\
s<\x9bq~\x08\x1c\x96|\xb3\xc0G6\xfd\xed\xa3\
\x0f\xb2\xe1a\xc0.$\xf8\xd1\x83\x8f\xb5\x0e\xf88\x81\
\xb7\x87\x09\xee+a?I\x92j!^\xcd\xce\xec\xc2\
[\x81\xb7\x01\xdb\xa7\xdf\x90\x9b\xb8\x8b\x89p8\xeb7\
\xfe\xd1&\x0d@\x08\xcc\x03\x1fL~\x90\x0d\xb6\x03\xde\
@\xa4\x1bg\xf9\x9f\xbe0H\x92\xd4t\xf1:v\x89\
s\xfc\x15\xbbp\x13p\x0ee\xdc\xfc78\xef\xd17\
\x7f\xd8\xac\x01\x80\x85\x07\x11\xe6YMd\x9f\x92\x0e\xb5\
\xd1o\x09|\x99y\xbe\xc8\xce|?\xec\xcb\x9a\x92\xf7\
\x97$\xa9p\xf1vv\xe2>\x0e\xa6\xc3\xa9\x0b\xef\xf6\
/\xfb9\xb8[\xe8\xb1l\xe1\xcd\xbf\x0f{L\x00\x00\
\x88]N&rq9\xe7\xda\xa25\x04~Hd\x8e\
\xc8M\x04~C\xe07@\xac\xf0L\x92$mK \
\xb2;\x91\xdd\x09<\x8d\xc0$\x91\x83\xa0\xc2o\x83\x8f\
\xbc8L\xf1\xb5\xcd\xffx\x8b\x01\x00 v\xf9\x06\x91\
\xe3\xd2\x9eJ\x92$%ti\x98d\xc5\x96\xfe\xa2\xb3\
\xa5?\x04`\x9e\xd3\xc1\x1a^\x92\xa4L\xad\x05\xde\xb0\
\xd8_.\x1a\x00\xc247.\xfc0\x02I\x92\x94\x9f\
3\xc2$7,\xf6\x97\x8b~\x04\x00\x10#\x81.\x97\
\x00/,\xfcX\x92$)\x95o0\xc1\x0bBX\xfc\
\xd9\xb9\xc5?\x02\x00B \xd2\xe3\x95\xc0\xad\x85\x1fM\
\x92$\x15/p;\xf0\x8a\xad\xdd\xfca\x1b\x01\x00 \
Ls7\xf0\xa7\xf8<\x80$Iu\xf7 \xf3\x9c\x1c\
&\xf9\xf5\xb6\xfe\xe16\x03\x00@\x98\xe4*\xe0%\xb0\
\xe9K\x04$IRm\xcc\x03/\x0b\xd3\xfc{?\xff\
\xb8\xaf\x00\x00\x10&\xf9:\x91\xff\x81\xdf\x8b/IR\
\xddD\x22\xaf\x0e\x93|\xb5\xdf/\xe8;\x00\x00\x84)\
>K\xe0\x7fa\x08\x90$\xa9.\x22\xf0\xd60\xc5\x05\
\x83|\xd1V\xbf\x0b`\xd1\x9d\xe6x\x05\xf0i`|\
\x98\xaf\x97$I\x85\x98\x07^\x1b&\xf9\xbbA\xbfp\
\xa8\x00\x00\x10\xbb\xbc\x90\xc8\x17\x81\x9d\x86]C\x92$\
\x0dm-\xf0\xd20\xc9W\x86\xf9\xe2\xa1\x03\x00@\x9c\
\xe3\x8f\x08|\xa9\x82\x1f\x1c$IR\x9b\xddF\x8f\x97\
\xf4\xfb\xc0\xdf\x96\x0c\xf4\x0c\xc0\xe6\xc2$\xffF\xe4\x99\
\xc07FYG\x92$\xf5\xed\xeb\xf4x\xe6(7\x7f\
\x18\xb1\x01\xd8(F\x02\xabx3\x91wR\xe5O<\
\x92$\xa9\xb9\xd6\x00g2\xc1\x87\xb6\xf5\x92\x9f~\x14\
\x12\x006\x8a\xaby\x1a\xeb\xf8(\x81c\x8b\x5cW\x92\
\xa4V\x0b\x5cF\xe0ua\x19\xdd\xe2\x96L v9\
\x89\xc8\xff\x06\x9e\x9cb}I\x92Z\xe2\x16\x22\x7f\x15\
\xa6\xf8Z\xd1\x0b'\x09\x00\x00q\x86\xed\x09\x9cJ\xe0\
L`\xffT\xfbH\x92\xd4@7\x13\xf8\x08;\xf0\xc9\
\xb0o\x9aW\xf1'\x0b\x00\x1b\xc5\x95\x8c\xb37\xa7\x12\
y\x03pP\xea\xfd$I\xcaV\xe4\x07t8\x9fe\
|1\x04\xe6Sn\x95<\x00<Z\x5c\xc5\x04=N\
\x05^l\xa7\xf1\xee\x00\x00\x019IDAT\x0e<\
\xb5\xcc\xbd%I\xaa\xa9;\x80\xaf\xd0\xe1\xc2\xb0\x8c\xeb\
\xca\xda\xb4\xd4\x00\xb0Q\x8ctX\xc5\xb3\xe8q\x04\x81\
#\x80C\x80]\xaa8\x8b$I%\xfb\x1dp%\x81\
\xcb\x89\x5c\xce\x04\xd7\x86@\xaf\xecCT\x12\x006\xb7\
\xf0\xbc\xc0\x01\xc0\xfe\x04\x96\x01\xcb\x80}\x81\xdd\x80%\
\xc0\xae\xc0\x1e\x15\x1eQ\x92\xa4~\xdd\x03\xdc\x07\xdc\x0f\
\xdc\x0b\xdc\x0c\xac\x22.\xfcz\x90\x9f\x84\xe5\xac\xab\xf4\
\x84\x92$I\x92$I\x92$I\x92$I\x92$I\
\x92$I\x92$I\x92$I\x92$I\x92$I\x92\
$I\x92$I\x92$I\x92$I\x92$I\x92$\
I\x92$I\x92$I\x92$I\x92$I\x92$I\
\x92$I\x92$I\x92$I\x92$I\x92$I\x92\
$I\x92$I\x92$I\x92$I\x92$I\x92$\
I\x92$I\x92$I\x92$I\x92$I\x92$I\
\x92$I\x92$I\x92$I\x92$I\x92$I\x92\
$I\x92$I\x92$I\x92$I\x92$I\x92$\
I\x92$I\x92$I\x92$I\x92$I\x92$I\
\x92$I\x92$I\x92$I\x92$I\x92$I\x92\
$I\x92$I\x92$I\x92$I\x92$I\x92T\
\xa0\xff\x0f\xc9\xb9\xc0\x8b\x8c\x05{F\x00\x00\x00\x00I\
END\xaeB`\x82\
\x00\x00\x1c-\
\x89\
PNG\x0d\x0a\x1a\x0a\x00\x00\x00\x0dIHDR\x00\
\x00\x02\x00\x00\x00\x02\x00\x08\x06\x00\x00\x00\xf4x\xd4\xfa\
\x00\x00\x00\x09pHYs\x00\x00\x0e\xc3\x00\x00\x0e\xc3\
\x01\xc7o\xa8d\x00\x00\x00\x19tEXtSof\
tware\x00www.inksca\
pe.org\x9b\xee<\x1a\x00\x00\x1b\xbaID\
ATx\x9c\xed\xdd{\x94\xa4g]'\xf0\xef\xf3v\
W\xcf%C.\x10n\x8b\x97\x00Q\x10X\x0d\xce\xf4\
\x84@\xb8\xc4c\xcc\xcc$1\x82f\x04v\xc1\xd5 \
\xee*\xe8\x1eu\xc5st\xd7YW\xcfYE9^\
\x8e\xba\xa2\xa2\xcb\x82@\x22\xd7d\xba\x13\x83$h\x10\
2\x17\x82\xca\xfd\x12\x10\xe5\x1e\x02\x09If\xa6\xab\xab\
\x9e\xfdc`7@\x86L\xe6}\xbb\xaa\xbb\xdf\xcf\xe7\
\x9c\xf9#=U\xdf\xe7\x97\xa9\xeaz\xbf\xf5V\xbd\xef\
\x9b\x00\x00\x00\x00\x00\x00\x00\x00\x00\x00\x00\x00\x00\x00\x00\
\x00\x00\x00\x00\x00\x00\x00\x00\x00\x00\x00\x00\x00\x00\x00\x00\
\x00\x00\x00\x00\x00\x00\x00\x00\x00\x00\x00\x00\x00\x00\x00\x00\
\x00\x00\x00\x00\x00\x00\x00\x00\x00\x00\x00\x00\x00\x00\x00\x00\
\x00\x00\x00\x00\x00\x00\x00\x00\x00\x00\x00\x00\x00\x00\x00\x00\
\x00\x00\x00\x00\x00\x00\x00\x00\x00\x00\x00\x00\x00\x00\x00\x00\
\x00\x00\x00\x00\x00\x00\x00\x00\x00\x00\x00\x00\x00\x00\x00\x00\
\x00\x00\x00\x00\x00\x00\x00\x00\x00\x00\x00\x00\x00\x00\x00\x00\
\x00\x00\x00\x00\x00\x00\x00\x00\x00\x00\x00\x00\x00\x00\x00\x00\
\x00\x00\x00\x00\x00\x00\x00\x00\x00\x00\x00\x00\x00\x00\x00\x00\
\x00\x00\x00\x00\x00\x00\x00\x00\x00\x00\x00\x00\x00\x00\x00\x00\
\x00\x00\x00\x00\x00\x00\x00\x00\x00\xc0*UV4}\xe1\
\xcc\x0di\x1ex\xd2\xc6\xe5\xe5SWt\x1d\x00XG\
\x0e\xcf\xce~1\xe3\xcf\xdd\x99]\x1f>\xb2Rkt\
V\x006\xee}\xfc\xb7\x8e\x9a\xd9\xf3R\xcb\x93\x93\xfa\
\x98$\x8fJrZW\xf9\x00\xd0C\xb7&\xf9`R\
\xde\x9b\x92\xbf\x9d]\x1e]w\xe8\xe2\x83\x1f\xef\x22\xb8\
]\x01\xb8\xe6\x89\x0f\x1a\x8c\x97\xfe]jyn\x92\xb3\
\xba\x18\x08\x00\xf8\x86nJ\xea\xcb\x873s\x7f\x99\x0b\
\xfe\xfe\xb3'\x1arB\x05\xe0\xcb\xef\xf6\xffKj.\
K\xb2\xf1D\x17\x07\x00N\xd8\xa1\xa4\xfc\xd9\xech\xf4\
\xe2\x13\xd9+p\xdf\x0a\xc0\xe5\xe7l\x9a;i\xf4\xa2\
Z\xea\x8bb\xc3\x0f\x00\xab\xc1\xb0$/Y\xdat\xd2\
\x9e\x9cw\xfd\xe1\xe3\xbd\xd3q\x17\x80\xc1\xe2\xfc|j\
\xf9\xcb\xa4\x9eyb\xf3\x01\x00+\xe8C\x197\xcf\x1a\
^t\xe3\xc1\xe3\xb9qs<7\x1a,l\x7faj\
n\xb0\xf1\x07\x80U\xeb\xdb\xd2\x8c\xdf6X\x9c\xff\xc9\
\xe3\xb9\xf1\xcc7\xfc\xdb\x9a2\xb7}\xfbo\xa6\xd4_\
\xbb\xd7\xdb\x02\x00\xd36\x9b\xe4\xc2\x99g?\xec\xfe\xe3\
o\xff\xe4_\xe7\xfa\xd4c\xdd\xf0\xd8\x1f\x01\xd4\x94\xc1\
\xc2\xb6?I)\x97\xad\xc4\x84\x00\xc0\x0a*\xf9\xd3\xe1\
\x8e\xfd\xcfO\xb9\xe7\x12p\xccw\xf5sg\xcf\xbf8\
\xa5\xbc`\xe5&\x03\x00V\xd0w\xcf~\xf8a\x1bG\
\xaf\xfc\xe4\x9b\xef\xe9/\xefq\x0f\xc0`q\xfe\xf9\xa9\
\xf9\xe3\x95\x9d\x0b\x00Xq\xa5<o\xb8s\xdf\x9f}\
\xdd\x8f\xbf\xf6\x07sWm{\x5cm\xca\xbe$\x9b&\
2\x18\x00\xb0\x92\x0e\xa7)O\x18\xee\xd8\xf7\x0fw\xff\
\xe1W\x1f\x05p`\xeb\xa06\xe5U\xb1\xf1\x07\x80\xf5\
bc\xc6\xe3\x97\xe7\xba\xa7\xcd\xde\xfd\x87_U\x00f\
?W\xfes\x92\xc7Mt,\x00`\x85\x95\xef\x1c\x1c\
\xba\xe3\xab\xbe\xd7\xf7\xff?\x02\xb8r\xeb\xe9\x83\x99\x99\
\x8f&u\xcb\xc4\xe7\x02\x00V\xda\xed\xc3f\xf6\xe1\xd9\
\xf1\xf6[\x93\xbb\xed\x01\x98k\x9a\x9f\xb1\xf1\x07\x80u\
\xeb\xe4\xb9\xd1\xe8\xa7\xbf\xf2\x1fG\xf7\x00\x5c\xf3\x9d'\
\x0dF\x1b\xfe5\xc9\xa9\xd3\x9a\x0a\x00Xq_\x18\x8e\
\xc6\xdf\x94\x8b\x0f\xde5\x9b$s\xe3\x0dO\xaf+\xba\
\xf1/w$u\xb8r\xf9\x00\xb0^\x94\xc1\x0a\xee\x91\
?mn\xb6\x5c\xb2\x94\xbc\xea\xe87\x02k}\xce\x09\
^\x19\xf8Xn+\xb5\xbct\xdc\xe4\xf5\xcb\xcb\xa3\x7f\
\xc8\xc5\x07\xef\xea2\x1c\x00\xd6\xb5+\xb7n\x9e-\xcd\
YM\x93\xa7\xd7\xe4\xf9IN\xee,\xbb\x96\xe7$y\
U\xf9\xf2\xee\xff[\x93\xccu\x14\xfd\xea\xe1h\xfc\xc2\
\x5c|\xf0\x96\x8e\xf2\x00\xa0\xbf\xae\xdcz\xfa`\xb6\xf9\
\x83\xd4\xec\xee(\xf1\xc8p4\xbe\xff\xec\xecx\xe3\xb9\
I\xedd\xe3_R\x7fsi\xe7\x81_<\xd6y\x87\
\x01\x80\xfb\xe8\xe2\x83\xb7\x0ck\x9e9\xb78\xff\xf1\x9a\
\xfc|\x07\x89\x1bf\x9b\xf2\xa4\xa6\xa9\xf5I\x1d\x84\xa5\
&\xaf\xb7\xf1\x07\x80\x15PR\x97\xf6\xed\x7fQM\xae\
\xec\x22\xaeI\xf3\xa4f\x9c\xf2\x1d\x1dd\x1d\x1e\xcc\xe4\
gl\xfc\x01`\x85\xec\xc9x\x90\xe6'\x93\x1cj\x1b\
UK}tS2\xfe\xf6\x0e\xc6z\xcd\xa1\x0b\xf6\xff\
K\x079\x00\xc01\x1c\xdau\xe3\xbf\xa6\x94\xbf\xea \
\xeaQMIy`\xdb\x94R\xf2\xa6\x0e\x86\x01\x00\xee\
E\xa9\xe3\xd6\xdb\xdc\x9a<\xa8\xa9]\x1cZ\xd0\x8c\xdf\
\xdb:\x03\x008\x0e3\xad\xb7\xb9%\xb9_\x93ds\
\xdb\xa0\xa5\xa58\xe4\x0f\x00&`i\xb4\xfc\xd9\x0eb\
\xb64\xe9\xe2\x0c@e\xd3\xa8\xfd,\x00\xc0\xbd\xeaf\
\x9b[\x9a{\xbf\x0d\x00\xb0\xde(\x00\x00\xd0C\x0a\x00\
\x00\xf4\x90\x02\x00\x00=\xa4\x00\x00@\x0f)\x00\x00\xd0\
C\x0a\x00\x00\xf4\x90\x02\x00\x00=\xa4\x00\x00@\x0f)\
\x00\x00\xd0C\x0a\x00\x00\xf4\x90\x02\x00\x00=\xa4\x00\x00\
@\x0f)\x00\x00\xd0C\x0a\x00\x00\xf4\x90\x02\x00\x00=\
\xa4\x00\x00@\x0f)\x00\x00\xd0C\x0a\x00\x00\xf4\x90\x02\
\x00\x00=\xa4\x00\x00@\x0f)\x00\x00\xd0C\x0a\x00\x00\
\xf4\x90\x02\x00\x00=4;\xed\x01&iva\xfe\xa9\
%y\xc3\xb4\xe7Xo\x86\x83\xf1\x199\xff\xe0mm\
2\x06\x0b\xf37%9\xa3\x9b\x89H\x92\xd4\xec\x19^\
\xb8\xffw\xdbD\x0c\xf6\xce\xffLJ\xf6t4\x11G\
}l\xb8k\xff\xe3[%\x5c\xbb\xf5\x94\xc1\xb0\xf9X\
7\xe3\xf0\x155\xf9\x81\xe5]\xfb\xdf:\xed9&\xa5\
W\x05 M\x06\x19\xe7\xd4i\x8f\xb1\xee\x1c\xd9\xd4~\
OR\xcd))\x1e\x9b.\xd5R6v\x91QR=\
.]\xaa9\xa5u\xc6\x91MM\x9a#\x1e\x97\xae5\
\x19L{\x84I\xf2\x11\x00\x00\xf4\x90\x02\x00\x00=\xa4\
\x00\x00@\x0f)\x00\x00\xd0C\x0a\x00\x00\xf4\x90\x02\x00\
\x00=\xa4\x00\x00@\x0f)\x00\x00\xd0C\x0a\x00\x00\xf4\
\x90\x02\x00\x00=\xa4\x00\x00@\x0f)\x00\x00\xd0C\x0a\
\x00\x00\xf4\x90\x02\x00\x00=\xa4\x00\x00@\x0f\xcdN{\
\x805\xe8\xdd3\xe3\x5c2\xed!\xba2j\xf2\x91i\
\xcf\xd0\x95\xa6\xd4K\xca\xa8\xbc{\xdasta\xd4\xe4\
\xd7\x93<s\xdast\xe4\xd53\xe3\xfc\xd2\xb4\x87\xe8\
B\x9d\xa9\x8f\x1b\xd7\xf2\xc6i\xcf\xd1\x95\x99q\x1e9\
\xed\x19\xba2j\xf2\xc6$\x8f\x9b\xf6\x1ck\x89\x02p\
\xdf-\x1d\xbeh\xff\xcd\xd3\x1e\xa2+\x83\x85\xf9i\x8f\
\xd0\x99\xf1h\xe6\x13\xc3\x8bn\x5c\x17\x8f\xcd`a\xfe\
K\xd3\x9e\xa1C_Z/\xbf3\x83\xab\xce>-\xcd\
x\xdactf\xbd<.I2X\x98_\x9a\xf6\x0c\
k\x8d\x8f\x00\x00\xa0\x87\x14\x00\x00\xe8!\x05\x00\x00z\
H\x01\x00\x80\x1eR\x00\x00\xa0\x87\x14\x00\x00\xe8!\x05\
\x00\x00zH\x01\x00\x80\x1eR\x00\x00\xa0\x87\x14\x00\x00\
\xe8!\x05\x00\x00zH\x01\x00\x80\x1eR\x00\x00\xa0\x87\
\x14\x00\x00\xe8!\x05\x00\x00zH\x01\x00\x80\x1e\xea\xa4\
\x00\x0c\xca\xd2#\xbb\xc8\x01\x00\xbe\xb1\xc1\xcc\x913\xbb\
\xc8\xe9f\x0f@\xa9\xfb\x06\x8b\xdb\xde2\xb78\xff\x8c\
\xd4\x94N2\x01\x80\xa3j\xca\xdc\xc2\xb6\x1f\x1a,\xcc\
_\x9f\x9a}]Dv\xf5\x11@I-\xe7\xd5\x9a\xd7\
\x0e\x16\xe7\xf7\xcd\xee\x9d\x7fJG\xb9\x00\xd0k\xb3\x0b\
g\x7f\xdf`q\xfe`M\xb9\x22\xc9S;\xcb\xed*\
\xe8n\xb6\x95\x92\xb7\x0e\xf6\xce\xbfb87~A\xce\
?x\xdb\x0a\xac\x01\x00\xeb\xdb\x9b\xb7?`\xb0T\x7f\
/\x19?{%\xe2W\xeeK\x80%\xff~0l\xde\
5\xbb\xb8\xfd\x9c\x15[\x03\x00\xd6\xa1\xd9\xc5\xad\xe7\xce\
-\xd5w'Y\x91\x8d\x7f\xb2\xf2G\x01\x9cQj\xbd\
nn\xef\xfc\xee\x15^\x07\x00\xd6\x85\xc1\xe2\xfc\x7f(\
\xb5ysM\x1e\xb2\x92\xebL\xe20\xc0\x0d\xb5\xe4U\
\x83\x85m/\x98\xc0Z\x00\xb0f\x0d\x16\xe7\x7f:5\
/K\xb2a\xa5\xd7j\x92\xd4\x95^\xe4\xe8:\xe5\xf7\
\x06\x0b\xdb\x9f;\x81\xb5\x00`\xcd\x19\xec\xdd\xf6S\xa9\
\xf9\x9dd\x22G\xd3\xd5&\xc9\xe7'\xb0P\x92\x94\xa4\
\xfe\xe9\xec\xe2\xf6\x0b&\xb4\x1e\x00\xac\x09\xb3\x8b\xdb/\
H)\xbf\x9b\xc9l\xfc\x93\xe4\xf3M\x92\x8fNh\xb1\
$\x19\x94Z_\xb9\xe9\xcas\x1e6\xc15\x01`\xd5\
\xdax\xcd\xf6\x87\x97Z_\x95dfr\xab\x96\x8f4\
\xa5\x96\x85\xc9-\x98$y\xc0\xf2\xcc\xf2+\xb3\xc7i\
\x88\x01\xe8\xb9=iF\xa3\xfa\xe7IN\x9b\xe4\xb25\
uo33\x1e\xbd,\xc9\xe1I.\x9c\xe4\xa9\x83\xed\
\xf3\x97MxM\x00XU\x06g\xcf\xff\xc7txr\
\x9f\xe3th0\x93\xbfh\x0e]|\xf0\xe3\xa5\xe6\xb7\
&\xbcxJ\xf2\xab\xb9\xee\xb1[&\xbd.\x00\xac\x0a\
\x0bg\x9f\x9c\x9a=\x93^\xb6\xd4\xf2\x9b\x87.\xd8\xff\
/M\x92,\xddy\xc6\x9e\x92\x5c5\xc9\x01j\xf2\x90\
\xb9\xbbN\xfa\xf9I\xae\x09\x00\xab\xc5\x5c\xc6?\x97\xe4\
\x81\x93\x5c\xb3&oZ\xda\xbf\xefW\x93\xaf\x9c\x07`\
\xf7\x15\xa3\xa5\x07\x8d\x9f\x91\x92?\xc8d\x0e\x0b<:\
H\xa9?\x99\x853W\xfcXG\x00XU.?g\
SM~j\x82+\xd6\xa4\xfe\xfe\xf2\xa6\x93~0{\
2N\xee~\x22\xa0m\x07\x87\xc3\x9d\xfb_\x90\x92\xb3\
k\xf2\xda$wN`\xa0\x07\xce\x95\xd3.\x9d\xc0:\
\x00\xb0j\x0c\xb6\x0c\x9f\x95\xe4\x01\x13X\xea\xce\x9a\xf2\
W\xa9e\xfbp\xd7\x81\x9f\xcey\xd7/\x7f\xe5/\xbe\
\xeeb@\xc3\x9d\xfb\xf7'\xf9\xa1,\x9c\xb9an|\
\xfa#\xc6\xcd\xf8\xa1\xa5\x8e\x1fVJ\x1eUS.I\
\xf2\xb8.'\xab5\x97%yE\x97\x99\x00\xb0\xba\x95\
\x9581\xde?\x95\xd47\xd5\x9a\x0f\xd4\xd2|\xa2\x19\
7\x9fZjn\xb99\xbb>|\xe4\x9en|\xec\xab\
\x01\xee\xfa\xf0\x91\xa5|\xf8}I\xdew\xb7\x9f\xfe\xf2\
\xec\xde\xf9\x1d\xa5\xd4\x97$\xe5;:\x1a\xf8\xdc\xbc\xfe\
\xacS\xf3\xf4w}\xb1\xa3<\x00X\xbd\xae\xdczz\
\x92s;L|o-\xe5g\x97w\xee\xbb\xe6\xbe\xdc\
\xe9>\x1f\x8b\xbf|\xe1\xfe\xab\x87\xc3\x0dg\x97tv\
\xfe\x80\xd9\xb9\xb9\xc1\xf7u\x94\x05\x00\xab\xda\xdcLs\
A::\xe9O\xa9u\xefp8\xf7\x84\xfb\xba\xf1O\
N\xf4b@\x97\xbc\xedKK\x9b6\xff`j\xf6\x9d\
\xd0\xfd\xbfF-q\xc9`\x00z\xa1\xa6<\xa1\x93\xa0\
\x92\x83K\xe3\xba;\x97\xbc\xedK'r\xf7\x13?\x1b\
\xdfy\xd7\x1f.\xb3\xe3\x1fI\xb2|\xaf\xb7\xbdw\x8f\
\xef \x03\x00\xd6\x82\xf9\x0e2\x86\xcdr\xf3\xac\x5c|\
\xf0\xae\x13\x0dhu:\xde\xa5\x0b\x0e\xbe?\xc9+\xdb\
d|\xd9c:\xc8\x00\x805\xa0>\xb2\x83\x90W\x1c\
\xb9\xf8\xc6\x0f\xb5\x09h}>\xfeq\xa9\x97\xb7\xcdH\
rz\x0el\x1dt\x90\x03\x00\xab\xd7\xe5\xe7lJr\
z\xdb\x98Z\xcak\xdaf\xb4.\x00\xa32xG\xdb\
\x8c$%\xb7\xb4\xff\x07\x01\x80\xd5l\xd3)\xcb\x9dl\
\xeb\x96\x0f/\xdd\xd86\xa3\xfd\x15\xf9v\xbc\xfd\xd6t\
p1\xa1\x8d\xa3\xf1\x5c\xebY\x00`\x15\xab)\xc7>\
\xfc\xfe\xf8\x1d\xee\xe2\xd0\xf9\xf6\x05\xe0\xba\xa7\xcd&i\
\xbd\xfb\xbe\x94\xb9Q\xebY\x00`\x15\xab\xa3Q\xfb\xed\
n2\xf8\xf2\xb6\xb7\x95\xd6\x83l8\xf4\xa5oM\x07\
\xc73\x1e\x1a-O\xfa\x92\xc4\x000QGF\xb9\xad\
\x83\x98\x99\x8dKw}s\xdb\x90\xf6_\x02L\xd9\xd9\
6#\xc9\xe1\x5ct\xf0\xf3\x1d\xe4\x00\xc0\xeaut[\
7l\x1b3\x1a\xd5\x1dm3\xda\x15\x80=i\x92r\
Y\xdb!\x92\xfcK\xca\xe4\xaeB\x08\x00SQRS\
\xf3\xaf\x1d$=/5\xa5M@\xab\x0208{\xfb\
\x8f&9\xabMF\x92\xd4\x9a\x7fj\x9b\x01\x00kA\
-\xf5\x1f:\x88\xf9\xee\xc1\xd5\xdb[]P\xe8\x84\x0b\
\xc0`\xef\xf6m\xa9\xf5\xf7\xdb,~\xb7)\xf6w\x92\
\x03\x00\xab^\xb9\xa9\x93\x98Z\xffpp\xd5\xd9[O\
\xf4\xee'T\x00\xe6\xf6n\xbb$\xa5\xbe%\xc9\xa6\x13\
]\xf8\xab\xd4\xfaw\x9d\xe4\x00\xc0\xaaW\xff\xa6\xa3\xa0\
\xcdi\xc6o\xd9\xb00\x7f\xf1\x89\xdc\xf9\xf8\x0f#\xb8\
\xfc\xd2\x99\xd9\xfb\xdd|Nj\xf3\x0b59\xa1\xc5\x8e\
\xe1\xb3\xcb\xfb\x0e\xbc\xbd\xc3<\x00X\xb5\x96\xefx\xf8\
;\x06[>vK:8#`\x92\x93\xc7\xc9\x9bf\
\x17\xb7\xbf1\x19\xfd\xd6\xf2\x8d\x07\xff>{2>\x9e\
;\xdes\x01\xb8z\xebC\x07\xb5\xb985\x8fI\xf2\
o\x8e\xfe\xf9\xd8\xa3R\x9b\x958[\xdf\x1b\x8ewX\
\x00X\xf3v_1\xca\xe2\xfc\x1bR\xf3\xbc\xae\x22K\
\xad\x97$\xcd%\x83\xed\xf3\xb7d!\x1fH\xc9'R\
\xf3\xa9$\xef\x19\xd6\x5c\x99\x0b\xf7\x7f\xfak\xef\xf3\xd5\
\x05\xe0\xea\xad\x0f\x1d\x8c\x9b_\xcf8\xcfMG\xd7*\
\xbeW\xe3\xe6\xa5\x13Y\x07\x00V\x8b2\xfe\xa3\xd4\xa6\
\xb3\x02p7\xa7'9\xfd\xee\xc7\xd5\x0dJF\xd9\xbb\
\xed/\x86)\xbf|\xf7\x22\xf0\xff\xbe\x030\xd8\xbb}\
\xdb\xec\xb89\x90\xe4G3\xa9\x8d\x7f\xf2\x8e\xe1E7\
\x1e\x9c\xd0Z\x00\xb0*\x0cw\x1c|g\x92.\xae\xa5\
s<fR\xcae\xb3%\x07\xee\xfe\xa5\xc1&I6\
.>\xe1\x8c\x94\xbaP\x8e\xee\xee\x9f\x98Z\xca\x9eI\
\xae\x07\x00\xab\xc5\xb8\xd4\xff1\xc9\xf5J\xf2\xb04\xe3\
k6,l}d\xf2\xe5\x020\xaa\xa3W$y\xe0\
$\x07I\xf2\x96\xe5\x9d\xfb\xae\x99\xf0\x9a\x00\xb0*\x8c\
v\x1eXH\xcd\x9b'\xbc\xec\x03\xc6i^\x96$\xcd\
\xcc\xc2\xb6\x9dI\x9e4\xe1\x01\x8e\x944/\x9c\xf0\x9a\
\x00\xb0\xaa\x94\xa6\xf9\xb9$K\x13^\xf6)\xb3\x8b\xdb\
/h\x9a\xd2<k\xc2\x0b\xa7\xa6\xfc\xb7\xa5]7\xbe\
w\xd2\xeb\x02\xc0j\xb2\xb4\xf3\xc6\x7f\xac)\xffu\xd2\
\xeb\x96q}f\x93Z\x9f8\xd1EK\xae^\xbe\xe3\
[\x7f{\x92k\x02\xc0j\xb5\xbco\xdfoM\xfc\xa3\
\x80\x92'5I\x1e:\xc1%?\xb0tx\xf8\xac\xec\
\xbeb4\xc15\x01`\xf5\xda\x93\xf1pf\xf6\x87\x93\
Lr\xcf\xf8\xc3\x9a$\x9b'\xb4\xd8\xc7f\xea\xf2\x05\
y\xfa\xbb\xbe8\xa1\xf5\x00`m\xd8\xf1\xf6[gG\
\xe3\x9d5\x9d\x5c)\xf0xlnw9\xe0\xe3U\xf3\
\xd1\x99\x99\xf2=\x87/\xbc\xe9\x9f'\xb2\x1e\x00\xac1\
\x87.>\xf8\xf1\xd9\x99\xf2\x94$\x1f\x9c\xc4z\x93(\
\x00\x7f;,\xcbg\x1f\xbe`\xdfG'\xb0\x16\x00\xac\
Y\x87/\xd8\xf7\xd1a\x96\xcfM\xb2\xe2\xd7\xc8Y\xc9\
\x020N\xf2\xdb\xc3;\xee:?\xbbn\xfa\xdc\x0a\xae\
\x03\x00\xeb\xc7\xae\x9b>7|\xd0\xf8\xa9%\xf9\x8dd\
\xe5\xae\x95s\xfcW\x03\xbc/j\xde_K}\xde\xf2\
\xae\x03o[\x91|\x00X\xcf\xb6\x1d\x1c.%\xbf8\
\xbb0\xbfX\x92?H\xf2\xd8\xae\x97\xe8t\x0f@M\
>\x91\xe4\xf9\xc3\xcd'\xfd[\x1b\x7f\x00hgy\xd7\
\xfe\xb7\x0e\xef8\xe3\xbbR\xf2\x135\xf9d\x97\xd9\x1d\
\x15\x80rC)\xf5Y\xcbw\xdc\xf5\x88\xe1\xae\xfd\x7f\
\x92\xf3\xae_\xee&\x17\x00zn\xf7\x15\xa3\xe1\xce\xfd\
/]\xbe\xe3\xae\x87\x97\xe4\x99I\xb9\xa1\x8b\xd8N>\
\x02\x18\x8e\xe7\xbe?\x17\xdd\xf0\x85.\xb2\x00\x80{\xb0\
\xfb=KK\xc9kr\xd5\xb9\x7f=h\x8e\xdc\xda6\
n2\x87\x01\x02\x00\xab\x8a\x02\x00\x00=\xa4\x00\x00@\
\x0f)\x00\x00\xd0C\x0a\x00\x00\xf4\x90\x02\x00\x00=\xa4\
\x00\x00@\x0f)\x00\x00\xd0C\x0a\x00\x00\xf4\x90\x02\x00\
\x00=\xa4\x00\x00@\x0f)\x00\x00\xd0C\x0a\x00\x00\xf4\
\x90\x02\x00\x00=\xa4\x00\x00@\x0f)\x00\x00\xd0C\x0a\
\x00\x00\xf4\x90\x02\x00\x00=\xa4\x00\x00@\x0f)\x00\x00\
\xd0C\x0a\x00\x00\xf4\x90\x02\x00\x00=\xa4\x00\x00@\x0f\
)\x00\x00\xd0C\x0a\x00\x00\xf4\x90\x02\x00\x00=\xa4\x00\
\x00@\x0f)\x00\x00\xd0C\x0a\x00\x00\xf4\x90\x02\x00\x00\
=\xa4\x00\x00@\x0f)\x00\x00\xd0C\x0a\x00\x00\xf4\x90\
\x02\x00\x00=\xa4\x00\x00@\x0f)\x00\x00\xd0C\x0a\x00\
\x00\xf4\x90\x02\x00\x00=\xa4\x00\x00@\x0f)\x00\x00\xd0\
C\x0a\x00\x00\xf4\x90\x02\x00\x00=\xa4\x00\x00@\x0f)\
\x00\x00\xd0C\x0a\x00\x00\xf4\x90\x02\x00\x00=\xa4\x00\x00\
@\x0f)\x00\x00\xd0C\x0a\x00\x00\xf4\x90\x02\x00\x00=\
\xa4\x00\x00@\x0f\xcdN{\x805\xe8\xf4\xc1\xe2\xfc\xf3\
\xa7=Dg\xea\xb4\x07\xe8NiFO\x1f,\xceo\
\x9d\xf6\x1c\x9d\x18\xe7\xd1)\xd3\x1e\xa2#5\x8f^/\
\xbf3\xa5\x8e\xbe\xa5\xae\x9b\x07&Y/\x8fK\x92\xa4\
\xe6\xf4i\x8f\xb0\xd6(\x00\xf7\xdd\xb7\xa4\xe6\x8f\xa7=\
\x04_\xaf\xa6\xfc\xd2\xba)4\xebg\x1b\x93\x94<9\
5O\x9e\xf6\x18]XO\x1b\xff$\xf1Z\xd6o>\
\x02\x00\x80\x1eR\x00\x00\xa0\x87\x14\x00\x00\xe8!\x05\x00\
\x00zH\x01\x00\x80\x1eR\x00\x00\xa0\x87\x14\x00\x00\xe8\
!\x05\x00\x00zH\x01\x00\x80\x1eR\x00\x00\xa0\x87\x14\
\x00\x00\xe8!\x05\x00\x00zH\x01\x00\x80\x1eR\x00\x00\
\xa0\x87\x14\x00\x00\xe8\xa1\xd9i\x0f0I\xcdh\xfc\x99\
q\x99\xf9\xabi\xcf\xb1\xee\x0cn_j\x9d\xd1d\xa1\
\xd6\xf2\xe0\x0e\xa6\xe1\xcb\x9a:~\x7f\x17\x19\xe3\xd2\xf8\
\x9d\xe9Pi\xeagZ\x87\x0cn_\xaa\xa3\x8d\x1e\x97\
\x8e5\xa3Q\xfb\xc7f\x0d)\x83\x85\xf9\xda6d8\
\xdep\xff\x5ct\xc3\x17\xba\x18\x08\x00\xf8\x06\xae:\xf7\
\xb4As\xe4\xd6\xb61>\x02\x00\x80\x1eR\x00\x00\xa0\
\x87\x14\x00\x00\xe8!\x05\x00\x00zH\x01\x00\x80\x1eR\
\x00\x00\xa0\x87\x14\x00\x00\xe8!\x05\x00\x00zH\x01\x00\
\x80\x1eR\x00\x00\xa0\x87\x14\x00\x00\xe8!\x05\x00\x00z\
H\x01\x00\x80\x1eR\x00\x00\xa0\x87\x14\x00\x00\xe8!\x05\
\x00\x00zH\x01\x00\x80\x1eR\x00\x00\xa0\x87\x14\x00\x00\
\xe8!\x05\x00\x00zH\x01\x00\x80\x1eR\x00\x00\xa0\x87\
\x14\x00\x00\xe8!\x05\x00\x00zH\x01\x00\x80\x1eR\x00\
\x00\xa0\x87\x14\x00\x00\xe8!\x05\x00\x00zH\x01\x00\x80\
\x1eR\x00\x00\xa0\x87\x14\x00\x00\xe8!\x05\x00\x00zh\
\xb6\x9b\x90\xe1Y\xe5\xaa\xb3o\xef\x22\x0b\x008\xb6\x9a\
\xe1\xc9]\xe4tR\x00J3~K\x179\x00\xc07\
V:\xca\xf1\x11\x00\x00\xf4\x90\x02\x00\x00=\xa4\x00\x00\
@\x0f)\x00\x00\xd0C\x0a\x00\x00\xf4\x90\x02\x00\x00=\
\xa4\x00\x00@\x0f5I\x96\xa6=\x04\x000QKM\
\x92OO{\x0a\x00`\xa2>\xd9\xd4\xd4wN{\x0a\
\x00`rj\xcd;\x9bR\xf3\xbai\x0f\x02\x00LN\
S\xf2\xbaf\xb8y\xcb\xab\x92\xfa\xbei\x0f\x03\x00L\
\xc4\x07\x966\x9d\xf4\x9a&\xe7]\xbf\x5c\x9b\xe6'\xe2\
\xcb\x80\x00\xb0\xde\x1d\xa9\xe3\xfcX\xce\xbb~\xb9I\x92\
\xe5\x1d\xfb\xfe\xae$\xcfMrx\xca\x83\x01\x00+\xe3\
p)\xe59\xcb\x17\xed\xff\xfb\xe4n\xe7\x01X\xda\xb5\
\xff5i\xeaSSrpz\xb3\x01\x00+\xe0@j\
y\xf2\xd2\xce}W|\xe5\x07_\x7fY\xe1\x9a2\xbb\
x\xf6\xf9%\xe3\x1fH\xcd\xe3R\xf2\xe0$\xb3\x93\x9c\
\xf2\x18NJ\xf2\xe0\x96\x19\x87\x92|\xaa\x83Y\x00X\
\x7f\x1e\x9adS\xcb\x8c\xcf$\xb9\xb3\x83Y\xdaZN\
\xcdg\x92\xfcSM}\xc3\xf2\xae\x03oNI\xbd\xfb\
\x0d\xbe\xbe\x00\xacRs\x8b\xdb/\xad\xb5^\xde*\xa4\
\xe6\xcd\xc3\x0b\xf7\x9f\xdf\xd1H\x00\xac#\x83\xbd\xf3\xd7\
\xa6\xe4{\xdbd\x94Rv\xdf\xfd]\xf6j\xe6T\xc0\
\x00\xd0C\x0a\x00\x00\xf4\x90\x02\x00\x00=\xa4\x00\x00@\
\x0f)\x00\x00\xd0C\x0a\x00\x00\xf4\x90\x02\x00\x00=\xa4\
\x00\x00@\x0f)\x00\x00\xd0C\x0a\x00\x00\xf4\x90\x02\x00\
\x00=\xa4\x00\x00@\x0f)\x00\x00\xd0C\x0a\x00\x00\xf4\
\x90\x02\x00\x00=4;\xed\x01\xd6\x9c\xcb/\x9d\xc9\xe6\
O\x9d\xdc*c\xc3\xa1q\xce?x[\xab\x8c\x9a\x92\
\xbd\xe7\x9e\xda*#I.\xba\xe1\x0b\xad3^\x7f\xd6\
\xa9\x19l)\xad2\x0e\xdcp[\xf6d\xdcz\x96\x95\
v\xed\xd6S2\xbc\xedpv}\xf8\xc8\xb4G\xb9W\
\x97\x9f\xb3)\x9bg6\xb6\xca\xb8kt8\xbb\xdf~\
\xa8U\xc6\xc2\x99\x1b2~\xc8\xe6V\x19\x83\xdb\x97r\
\xc1?\xde\xd9*\xe3\xc0\xd6A>\xbdiK\xab\x8cf\
8\xca\xae\x1boo\x95\xb1'M\xb6\x9d{J\xab\x8c\
\xe1\x1d5O\x7f\xd7\x17[e$\xc9U\xe7\x9e\xd6:\
\xe3\xc2\x1b\xbe\x98\x92\xda*\xe3\xda\xad\xa7\xe4\xc8\xa6v\
oH\xefz\xe8\xed\xd9}\xc5\xa8UF\xcf(\x00\xf7\
\xd1`\xf3\xc7\xcfJ3>\xd0*d\xd8\xdc<L\x1e\
\xd9*c\xef\xb9\xa7\x0e\x9a#\xb7\xb6\xcaH2L\xda\
m\xb8\x93\x0c6\x0cnN\x8e\xb4z!\x99\xd96\xff\
\xc8\xc3\xd9\x7fs\xdbY:q\xf99\x9bf\xb7\x8c\xce\
iR\x9f6\xaeyl)yt\x92oNr\xbf\x0c\
\x93\xe4\xb4da~X\x92\xcf\xd7\xe4\x83I>\x90Z\
\xf6\xcd\xd4\xfa\x96\xc3\x17\xad\x92\xff\x87$s[\x96\x7f\
\xa5f\xf9Em2\xca\x96\xfc\xc6R\xf2\x8bm2\x06\
\xe5\xb4\x1fIs\xe4\x8f\xdbdd\xb4\xe1\x8aa\xb2\xbb\
M\xc4\xec-\xcdSKs\xe4\xdaVs\x94\x1c\x1c&\
\xdb\xdaDl\xdc6\x7f\xc6\xa89\xf2\x91Vsl\x18\
|a\x98\xdc\xbfUF\x92N^C\xf6\x9e{\xff\xa4\
\xdd\x1b\x89\xc1\xb0yg\x9a#\x8fh5\xc8\xe6\x8fo\
\x1b&\x07[e\xf4\x8c\x02\x00Ir`\xeb`\xc3g\
\x9b\x1d\xa3\x94\xe7\x96,_\x94dcMR\x8e]\x8f\
\x065yH\x8e\xfeyJJ\xfd\xf1QI\x06\x0b\xf3\
\x1f\xaa\xc9+f\xcb\xcc\xcb\x0f\xef|\xc7\xc7&3<\
\xc0}\xe7;\x00\xf4\xdb\xc2\x99\x1b\x06\x0b\xdb\x9f;\xf8\
\xec\xcc{\xc7\xc9\x9bJ\xea\x0f%i\xb3\xdb\xfc\xdbJ\
\xf2\xdfGu\xf4\x91\xb9\x85\xf9+\x07{\xb7\xb7z\xb7\
\x08\xb0R\x14\x00zknq\xfe\x19\x83\x9c\xf6\xa1\xa4\
\xfe\xef\xa4\x9e\xd9q|S\x93\x8bR\xea\xbe\xc1\xc2\xfc\
_\xe4\x9a'>\xa8\xe3|\x80V\x14\x00\xfa\xe7\xca\xad\
\xa7\xcf.\xcc\xbf\xb1\xd6\xbc6G?\xdb_I%\xc9\
\x8f\x0cF\xc3\xf7\xcf\xed\xdd\xfe\xec\x15^\x0b\xe0\xb8)\
\x00\xf4\xca\xec\xc2\xb6'\xcd\xce47\x95\xe4\xfb'\xbc\
\xf4i\xb5\xd4W\x0e\x16\xe6_\x9a\xeb\x9e\xd6\xee\x9b\xf9\
\x00\x1dP\x00\xe8\x8d\x0d\x8b\xdb\xbe\xbf\xa4\x5c[\x92o\
\x9a\xe2\x18?>8t\xe7\xd5\xb9vk\xbb\xc3\xc0\x00\
ZR\x00\xe8\x85\xc1\xdem\xcf\x19\xd7\xf2\xba$\x9b\xa6\
=K\x92\xa7\x0e\x86\xcd\xf5\xb9\xfa\x9c\xd6\x87q\x01\x9c\
(\x05\x80uof\xef\xf6\x8bR\xca\xcb\x92\xccL{\
\x96\xbb9k0Z^\xcc5\xdfy\xd2\xb4\x07\x01\xfa\
I\x01`]\x1b\x5c\xbd\xfd\xbb\x9aR/\xcfj<\xe7\
E\xc9\xf6\xd9\xe5\x0d/Om\x7f2&\x80\xfbJ\x01\
`\xfd\xba\xee\xb1[2\xaa\xaf\xce\xea\xd8\xed\x7f\x8fJ\
\xc93\x06W\xcf\xbfp\xdas\x00\xfd\xa3\x00\xb0n\x0d\
\x0em~I\x8e\x9e\xc6wu\xaby\xf1\xdc\xc2\xd9\x8f\
\x99\xf6\x18@\xbf(\x00\xacK\x83\xc5\xf9\xf9$\x97M\
{\x8e\xe34W\xeb\xf8\x7f\xf9(\x00\x98$\x05\x80\xf5\
\xa9\xe6\x0f\xb3\x96\x9e\xdf%O\x9e[\x98\xbft\xdac\
\x00\xfd\xb1v^ \xe18\xcd\xee\x9d\xdf\x91\x96Wl\
\x9b\x86Z\xf2+\xd9\xe3w\x12\x98\x0c/6\xac;\xa5\
\xb4\xbb|\xed\x14=f\xc3\xd9\xdb.\x9a\xf6\x10@?\
(\x00\xac+\x1b\x16\xb6>2\xc9S\xa6=\xc7\x89\x1a\
\xa5\xf9\xb1i\xcf\x00\xf4\x83\x02\xc0\xbaR\xeb\xccs\x92\
N\xbfLWk\xea\x1bJ\xa9\xcf\x9e\x99)\x8f\x18n\
:i\xd3\xb0\x99}@R\xbf\xbb\xa6\xfcr\x92\x9b;\
\x5c+\xa5\xd6]Yx\xfc\x03\xbb\xcc\x04\xb8'\xab\xef\
\xe4(\xd0B-\xb5\xcb\x8b\xfc\xbc'\xcd\xf8\xb9\xcb;\
\x0e\xbe\xf3k~~x\x98\xdc\x9a\xe4\xa6\x5c\xfe\xd8\x17\
\xcf\xdeo\xf3\xcf\x96\x9a_K7g\x1a\x1c\x0c2\xd8\
9L^\xdeA\x16\xc01\xd9\x03\xc0\xfaq\xf4\xdc\xfa\
\xdf\xd5Q\xda[\x87i\x9e8\xfc\xfa\x8d\xffW\xdb\xfd\
\x9e\xa5\xe5\x9d\xfb\xff\xe7\xb8)\x97$9\xd2\xcd\xd2\xf5\
{\xba\xc9\x0186\x05\x80ucf4zb\xbay\
N\xdf<lf\x9f\x91]7\xde~\xbcw\x18\xed\xd8\
\xb775\xff\xa9\x83\xb5\x93\xe4\xc9\x1d\xe5\x00\x1c\x93\x02\
\xc0\xbaQ\x9a\xf1wt\x92\x93\xf2s\xd9\xf1\xf6[\xef\
\xeb\xfd\x86\x17\xee\xff\xf3\xd4\xbc\xb9\x83\x11\xce\xc8\x95[\
7w\x90\x03pL\x0a\x00\xebFI\xf9\xf6\x0eb>\
\xb0\xb4k\xdf\x1bN\xf4\xce\xb5\xa9\xbf\xde\xc1\x0c\xcd`\
0\xf3m\x1d\xe4\x00\x1c\x93\x02\xc0\xbaQj\x1e\xd2:\
#\xf5\x8dm\xee\xbf\xfc\xa5\x87\xff]\x8e~A\xb0\x95\
:\xaa\x0fm\x9b\x01\xf0\x8d(\x00\xac\x1b5\xb9_\xeb\
\x8c\x9aw\xb7\x0a\xd8}\xc5()\xefm;G\x93\x9c\
\xdc6\x03\xe0\x1bQ\x00XOZ\x7fn^\x9b\xe6\xb3\
\xad3R?\xd7>\xa3(\x00\xc0\x8aR\x00X?J\
\x07\xcf\xe7RG\xed\xc7\xc8r\xeb9\x9a\xeaw\x13X\
Q^d\x00\xa0\x87\x14\x00\x00\xe8!\x05\x00\x00zH\
\x01\x00\x80\x1eR\x00\x00\xa0\x87\x14\x00\x00\xe8!\x05\x00\
\x00z\xa8L{\x80\xe35\xb7\xb8\xfd\xd2Z\xeb\xe5-\
c\x86I\xeeh\x991\x93\xf6gi\x1b'\xb9\xade\
FIrj\xcb\x8c$\xf9B\x07\x19\xa7\xa6\xfds\xe9\
\xb6\x1c\xfdwi\xe3\xe4\x1c}|NXmr\xfe\xf2\
\x8e\xfd\xad.\xe83X\x98\xbf<\xc9\xa5m2\x92\xdc\
\x95\xf6\x97\x17\xde\x94dc\xcb\x8c\xc3I\x0e\xb5\xcc\xd8\
\x90\xf6'iZJrg\xbb\x882H\xea\x96\x96s\
\x8c\x92\x1c\xf7U\x22\x8f\xa1IrJ\xcb\x8c\x9a\xe4\x8b\
-3\x92\xe4\xb4\x0e2\xbe\x98\xa3\xf3\xb4qJ\xda\xbf\
!\xbd=G\x1f\x9f6\xb6$\x19\xb4\x09(\xa5\xec^\
\xda\xb9\xef\x8a\x96sL\xc4\xec\xb4\x07\x98\xb0A\xbay\
\xc2\xb7\xd5du\xcc\x91\xac\x9e9\xda\xbe \xae7\x9b\
\xd3\xc1\x99\x0d;\xb01\xedKD\x17\xe6\xbe\xfc\xa7\x85\
\xb6\xdb\xa8$G\x0b\xe6j\xf8\x9d)Y\x1ds$\xdd\
\xbc\x11\xe9\x82\xb3g\xdeG>\x02\x00\x80\x1eR\x00\x00\
\xa0\x87\x14\x00\x00\xe8!\x05\x00\x00zH\x01\x00\x80\x1e\
R\x00\x00\xa0\x87\xd6N\x01\x18\x8f\xdb\x1e#\x0e\xf7n\
\x5c\xbax\x9ey\xaeB_\xad\xa1m\xd5\x9a)\x00\xe3\
\x94\xcfM{\x06\xd6\xbf&\xe5\xd3\xedS<W\xa1\xaf\
\xc6%\x1d\xbc\x86L\xc6\x9a)\x00\xcb3\xe3\x0f\xa5\xa3\
3y\xc01\x1cY\x9a9\xf4\xcf\x1d\xe4|\xb0\x83\x0c\
`\xed\xa9\xcb\xc3\x99\x0fO{\x88\xe3\xb5f\x0a@v\
\x1c\xfcT\x92\x03\xd3\x1e\x83\xf5\xab\x94\x5c\x97\x0b\xfe\xb1\
\xe5\xe9f\x93\x99\x99\x5c\xd5\xc5<\xc0ZS\xf6\xe5\x92\
\x1b?3\xed)\x8e\xd7\xda)\x00IJ-\xbf3\xed\
\x19X\xbf\xc6\xe3\xfa\x92.r\x0e_\xb0\xef\xa35\xf5\
\x0d]d\x01kG\xa9\xdd\xbc\x86L\xca\x9a*\x00K\
\xfb\xf7\xbd:\xc9\xf5\xd3\x9e\x83\xf5\xa7&\xaf]\xbe\xf0\
\xc0\xb5]\xe5\xcd\x8cf~!\xed/\x1a\x03\xac\x1d\x7f\
\xb3\xb4k\xff\x9a\xb8\x08\xd0W\xac\xa9\x02\x90=\x19\x0f\
G\xe3KS\xf3\xfei\x8f\xc2:Rrpy8\xf7\
\xa3]F\x1e\xb9\xf8\xc6\x0f\x8dS\x9f\x99\xa3W\xd3\x03\
\xd6\xb5\xfa\xbe\xe1\x5c\xf9\xe1\x94\xb5\xf5=\xb5\xb5U\x00\
\x92\xe4\xe2\x83\xb7\x0c\x97\x86\xe7\xd4\xe4\xf5\xd3\x1e\x855\
\xaf\xa6\x94\xff3\x5c\x1e?%\x97\xbc\xedK]\x87\x8f\
v\x1dXL\x1d?-\xc9\xcd]g\x03\xabC\xady\
\xddpP\xcf\xc9\xf7\xee\xfb\xfc\xb4g\xb9\xaf\xda^\xc3\
}\xaaf\x17\xb7=\xad\x8c\xf3\xfc\x94\xb2#\xab\xe7\xd2\
\x98\xac~\x9fK\xb2\x90:\xfe\xa3\xe1\x85\x07o\x5c\xf1\
\xd5.\x7f\xec\xdc`\xcb\xe6\xcb\x92\xfcp\x92'\xa6\xe5\
\xf5\xc6\x81\xa9\xfbB\x92\xc5\x9a\xbcty\xd7\xfe\xb7N\
{\x98\x13\xb5\xa6\x0b\xc0W\xb9v\xeb)\x1b\x8f4\x0f\
\x98\xf6\x18\xacn\x87O\xba\xeb\xb39\xef=wLm\
\x80=i\xf2\x84\xad\x0f\xde\xb8\xdcl\x9a\xda\x0c\xc0\x09\
;\xbca\xfc\xf9\x9c\x7f\xf0\xb6i\xcf\x01\x00\x00\x00\x00\
\x00\x00\x00\x00\x00\x00\x00\x00\x00\x00\x00\x00\x00\x00\x00\x00\
\x00\x00\x00\x00\x00\x00\x00\x00\x00\x00\x00\x00\x00\x00\x00\x00\
\x00\x00\x00\x00\x00\x00\x00\x00\x00\x00\x00\x00\x00\x00\x00\x00\
\x00\x00\x00\x00\x00\x00\x00\x00\x00\x00\x00\x00\x00\x00\x00\x00\
\x00\x00\x00\x00\x00\x00\x00\x00\x00\x00\x00\x00\x00\x00\x00\x00\
\x00\x00\x00\x00\x00\x00\x00\x00\x00\x00\x00\x00\x00\x00\x00\x00\
\x00\x00\x00\x00\x00\x00\x00\x00\x00\x00\x00\x00\x00\x00\x00\x00\
\x00\x00\x00\x00\x00\x00\x00\x00\x00\x00\x00\x00\x00\x00\x00\x00\
\x00\x00\x00\x00\x00\x00\x00\x00\x00\x00\x00\x00\x00\x00\x00\x00\
\x00\x00\x00\x00\x00\x00\x00\x00\x00\x00\x00\x00\x00\x00\x00\x00\
\x00\x00\x00\x00\x00\x00\x00\x00\x00\x00\x00\x00\x00\x00\x00\x00\
\x00\x00\x00\x00\xeb\xda\xff\x05\xed\xc9\x15\xc7BA=\xb3\
\x00\x00\x00\x00IEND\xaeB`\x82\
\x00\x00_\xef\
\x89\
PNG\x0d\x0a\x1a\x0a\x00\x00\x00\x0dIHDR\x00\
\x00\x02\x00\x00\x00\x02\x00\x08\x06\x00\x00\x00\xf4x\xd4\xfa\
\x00\x00\x00\x09pHYs\x00\x00\x0e\xc3\x00\x00\x0e\xc3\
\x01\xc7o\xa8d\x00\x00\x00\x19tEXtSof\
tware\x00www.inksca\
pe.org\x9b\xee<\x1a\x00\x00 \x00ID\
ATx\x9c\xec\xddw\xb4%E\xb5\xc7\xf1\xef\x9e!\
\x0fH\x92\x1c%#Y@\x04\x01\xc9 \x08\x08\x08(\
\x12Dx\x22&0<\x01\x91d\xc0\xec\x13DET\
$J\x14D\x90 Y\x82\xe4\x9c\x06%\xe70\xc4!\
M\xfa\xbd?\xaa/\xdc\xb9s\xc39]\xbbO\x9f\xb0\
?k\xcdzk\xf9\xe8\xea}\xfa\xde{jWu\xd5\
.#\x84\x10z\x8c\xa4E\x80m\x80\x8d\x80\x85\x8a\x7f\
c*\xbe\xed\x1b\xc0\x93\xc0S\xc0e\xc0\xdf\xcd\xec\xe9\
\x8a\xef\x19B\x08!\x04I\x1f\x94t\x9e\xa4)\xaa\xdf\
\x14I\xe7HZ\xb6\xee\xe7\x12B\x08!t%I\xa3\
$\x1d)iR\xad]\xfe\xe0&J:\x5c\x92\xd5\xfd\
\x9cB\x08!\x84\xae!i\x16\xa5Q\x7f\xbb;[\xd2\
\xccu?\xaf\x10B\x08\xa1\xe3I2I\xa7\xd7\xdc\xb1\
7\xe3L\xc5L@h\x91Qu\x07\x10B\x08\x15:\
\x18\xd8\xb9\xee \x9a\xb0#\xf0\xad\xba\x83\x08\xbd!2\
\xcd\x10BW\x92\xb4\x18\xf0\x000S\xdd\xb14\xe9-\
`\x193{\xb2\xee@Bw\x8b\x19\x80\x10B\xb7:\
\x82\xce\xeb\xfc\x01f\x06\x0e\xa9;\x88\xd0\xfdb\x06 \
\x84\xd0u$\x8d\x01^ u\xa6\x9dh<0\x8f\x99\
\xbd]w \xa1{\xc5\x0c@\x08\xa1\x1bmN\xe7v\
\xfe\x00\xb3\x02\x1b\xd7\x1dD\xe8n\x91\x00\x84\x10\xba\xd1\
G\xeb\x0e\xc0\xc1zu\x07\x10\xba[$\x00!\x84n\
\xb4P\xdd\x018X\xb0\xee\x00Bw\x8b\x04 \x84\xd0\
\x8d\xe6\xaf;\x00\x07\x91\x00\x84JE\x02\x10B\xe8F\
3\xd4\x1d\x80\x83n\xf8\x0c\xa1\x8dE\x02\x10B\x08!\
\xf4\xa0\xe9\xea\x0e \x84\x10\xda\xcc'\x80\xeb\x9d\xdaZ\
\x0f8\xcf\xa9\xad\x10\x5cE\x02\x10B\x08S{\xdd\xcc\
^\xf6hH\xd2x\x8fvB\xa8B\xbc\x02\x08!\x84\
\x10zP$\x00!\x84\x10B\x0f\x8a\x04 \x84\x10B\
\xe8A\x91\x00\x84\x10B\x08=(\x12\x80\x10B\x08\xa1\
\x07\xc5.\x80\x10\xc2\xb0$-\x02l\x05\xac\x0a,@\
:\xa8\xe6%\xe0i\xe0:\xe0\x9ff\xf6J}\x11\x86\
V\x914'\xe9\xa0\xa5uH\xbf\x0bs\x01\xaf\x03\xcf\
\x00\xb7\x03\x17\x9a\xd9\x93\xf5E\x18B\x08!\x9b\xa4\x8d\
%]\xab\x91M\x94t\x86\xa4e\xeb\x8e\xb9\x8f\xa4\xeb\
\x1b\x88{(\xeb;\xc6\xb1QF\x1c\xff\xf2\x8a#\x97\
\xa4\x0fJ:\xbb\xf8Y\x8f\x18\xb7\xa4\x0d\xea\x8e9\x84\
\x10B\x93$\xcd-\xe9\x1f%:\xac\x89\x92~.\xa9\
\xf6\x99EE\x02\xe0\x15\xff\xf4\x92~%iR\x89\xf8\
\xcfS\x9a1\x08m*\xd6\x00\x84\x10\xde%\xe9\x83\xc0\
\x8d\xc0\x96%.\x9f\x0e\xf8&pa|\xf1w>I\
s\x03\x97\x00\xfb\x01\xa3K4\xb1\x0dp\x83\xa4\xe5\x5c\
\x03\x0bn\x22\x01\x08!\x00 iU\xe0_\xc0\x92\x99\
Mm\x0a\x5c%\xe9\xfd\xf9Q\x85:H\x9a\x07\xb8\x12\
\xd80\xb3\xa9e\x80\xeb%\xad\x9e\x1fU\xf0\x16\x09@\
\x08\x01I\xab\x01\x97\x03s;5\xb92pY\x1dI\
\x80\xa4\xf7\x01\xb3\xb5\xfa\xbe\x15x\x9f\xa4\x96\x7f\x8e\xa2\
\xf3\xbf\x02X\xc9\xa9\xc99\x81\x8b%\xad\xe2\xd4^p\
\x12\x09@\x08=\xae\x18\xf9_JZ\xd1\xedi\x15\xe0\
\xf2V$\x01\x92\xe6\x95\xb4\xbb\xa4\xf3\x81\xe7\x81\x15\xab\
\xbeg\x0b\xac\x02\xbc\xa4\xb4\x10s?I\x0bW}\xc3\
\xa2\xf3\xbf\x1c\xff\xe7\xf7~\xe0\xca\x98\x09\x08!\x846\
!i5I\xe3J,\xf0j\xc6\x1dU$\x01\x92\x16\
\x92t\xa0\xa4\x9b%Mq\x8cw]\xc7\x187p\x8c\
k\x8a\xa4\x1b%\xfd\xaf\xa4\x05\xbcb\xec\x17\xeb<\x92\
\xeev\x8cw0/(f\x02B\x08\xa1^\x92V\x95\
\xf4b\xc5_\xf8}\xee\x94C\x12 iFI[K\
:S\x8dmI+cy\x8f\xe7[\xc4\xbbrE1\
N\x96t\xa9\xd2\xac\xc7\xcc\x0eq\xce#\xe9\xae\x8ab\
\x1d\xe8%\xc5L@\x08!\xd4C\xad\x19\xf9\x0fTz\
&@\xd2\xd2\x92\x8enQ\xccn\xafB$\xcd\xd7\x82\
x_T\xda\xaa\xb7T\xc9\x18[1\xf2\x1f(f\x02\
B\x08\xa1\xd5\xd4\xda\x91\xff@M\xcd\x04HZ]\xd2\
I*\xb7\x0f\xbd\x8c\xb1\x15<\xefGZ\x14\xfbdI\
\xe7K\xda\xa4\x89\xd8Z9\xf2\x1f(f\x02B\x08\xa1\
UT\xcf\xc8\x7f\xa0ag\x02$\x8d\x96\xb4\x93\xd2\xfb\
\xeeV\xfbm\x05\xcf\xfc\x0f5|\x8e\xeb%\xed i\
\xc8\x85\xde\xaag\xe4?P\xcc\x04\x84\x10B\xd5T\xef\
\xc8\x7f\xa0Ag\x02$m\xa2\x94 \xd4e\xb5\x0a\x9e\
\xfb\x1a5~\x9e{%\xed(\xc9\x06\xc4T\xe7\xc8\x7f\
\xa0\x98\x09\x08!\x84\xaa\xa8=F\xfe\x03\xbd;\x13\xa0\
\xb4Z>\xa7|\xaf\x87\x7fV\xf8\xfc\xaf\xae\xf9\xb3]\
+i\xbd\x22\x96v\x18\xf9\x0f\x143\x015\xb0\x91\xff\
\x93\x10B'S\x1a\xd5^\x86\xff>\x7f\x0fw\x91N\
\x15\xdc\xa2\xe68\xde\x02V5\xb3\x07\xabh\x5c\xa9\xc4\
\xf2m\xc0\x8cU\xb4\xdf\x84\x0b\x81Ei\xcf:\x09/\
\x02\x9b\x98\xd9\x9du\x07\xd2+\x22\x01\x08\xa1\x8b\xb5y\
\xe7\xdfN\xbehf\xbf\xaf\xf2\x06\x92\xbe\x02\xfc\xba\xca\
{t\x81H\x02Z(*\x01\x86\xd0\xa5*\xea\xfc\xc7\
\x01\x87\x01\x93\x1d\xdb\xac\xdb\xa1Uw\xfe\x00fv\x0c\
\xf0\x83\xaa\xef\xd3B\x93\x80C\x81\x97\x1d\xdb|?\xa9\
\x84t\xbc\x0e\x08!\x842T\xcd\x82\xbf\x97%\xadQ\
\xb4\xbf\x93\xaa+\xc4\xd3*oI\xda\xbb\x86\x9f\xcd\xee\
\x92\xde\xac\xf9\xb3\xe7\x9a$\xe9\xb3\x15\xfe\xae\xc5\xc2\xc0\
\x10Bh\x96\xaaY\xf0\xf7\xa2\xd2\x99\x01\xfd\xef\xf3Y\
\xb5n\x7f\xbe\xb7\xf3T\xe31\xb5\x92V\x90tA\xcd\
\xcf\xa0\xac\x89\x92v\x1e\xf0yVW\xea\xb4=\xc5\xc2\
\xc0\x10Bh\x94Z\xd4\xf9\xf7\xbb_'%\x01\x8fK\
\xfa\x85*\xd8\xeaW\x96R\xc7\xf9KIO\xd4\xfad\
\x1a7M\xe7?\xe0\xb3D\x12\x10B\x08\xad\xa6\x8a\xa7\
\xfd\x87\xb9o\xbb\xbe\x0e\x98$\xe9\x16I\x87+uN\
m\xbd\xe8Y\xd2\x12J\xa7\xfe]*iB}\x8fm\
H\xefN\xfb\x0f\xf3\x19\xe2u@\x08!\xb4\x92\xa4\xc5\
%=\xef\xfc\xc5;\xe4\xc8\x7f\x90\xfb\xb7\xcbL\xc0D\
\xa5\xa9\xf5]\xe4X\xd3\xbf\xd5$\xcd-iWI\x17\
\xaa}\x9e\xeb\xa0#\xffAb\xafb&\xe09I\x8b\
V\xfd\xdcC\x08\xa1\xa3H\x9aU\xa9\xb2\x9e\xa7\x11G\
\xfe\x83\xc4Q\xe7L\xc0}\x92\x0e\x904\x7fU\xcf\xb9\
.\x92\x16P\x9a\x19\xb8\xbd\xa6g;\xe2\xc8\x7f\x90\x98\
\xab\x98\x09\xb8]\xd2\x98\xaa\x9es\x08!t\x1c\xa5w\
\xc8\x9e\x1a\x1e\xf9\x0f\x12K+g\x02\xde\x91t\xbcz\
hzX\xd2\x87%\x9d\xa8\xd6\xbd\x22hx\xe4?H\
\xacU\xcc\x04\xfc\xd8\xfb\x99\x86\x10BG\x92\xb4\x90|\
\xb7\x945=\xf2\x1f$\xa6\xaag\x02^\x93t\x94\xa4\
\x85\xbd\x9ec\xa7\x914\xbf\xd2\xda\x06\xef\x0e\xb6\xbf\xa6\
G\xfe\x83\xc4\xe9=\x13\xf0\xa6\xa4\x85\xbc\x9ec\x08!\
t,I?s\xfcr-=\xf2\x1f$\xae*f\x02\
\x9e\x91\xf4MI\xef\xf3\x88\xb1\x1bH\x9a]\xd2\xb7\x95\
\xde\x91{*=\xf2\x1f$F\xef\x99\x80\x1fz\xc4\x15\
B\x08\x1dM\xd2X\xa7/U\xb7\xce\xbf_l\x9f\x96\
\xf4\xb6Cl\xe3\x95F\xbb\xb3z\xc6\xd7M$\xcd&\
\xe9\xfb\xc5\xb3\xca\xf5\x96\xa4\x1d\x9d\xe3\xf3L\x02\xee\xf6\
\x8c-\x84\x10:\x8e\xa4\x0f8}\xa1\xbaw\xfe\xfdb\
\x5cW\xe5w'L\x94\xf4{I\x0bT\x11[7\x92\
\xb4\xa0\xa4?\xa8\xfc\xec\xcb3\x92\xd6\xae(6\xcf$\
 ^\x03\x84\x10z\x97\xa4\x8d\x1c\xbeH+\xeb\xfc\xfb\
\xc59\x97\xa4\xdf\xaa\xf1u\x01\x93%\x9d\xa1t\x82^\
(A\xa9\xd2\xe0Y\xc5\xb3l\xc4\x04IGK\x9a\xa3\
\xe2\xb8\xbc\x92\x80\xf5\xaa\x8c3\x84\x10\xda\x9a\xd2^\xf7\
\x1c\x95w\xfe\x03\xe2]P\xd2AJg\xd3\xbf1 \
\x96\x09\x92nS\x9a\xc6\xae\xadDo\xb7\x91\xb4\xbc\xa4\
\x1f\x14\xcfv\xe0\xce\x81\xf1\x92\xaeQZC\xd0\xb2\xed\
\x93\xf2I\x02vjU\xbc!\x84\xd0v\x94\x16\xda\xe5\
xV5\x8d\xb2%M'ia\xa5\xeaw\x0bK\x1a\
]G\x1c\xbdD\xd2h\xa5]#K(%c\xb5<\
sI+)\xbfh\x95\xcb\x02\xc5\x10B\xe8H\x926\
\xce\xfc\x12\x95\xd2\xea\xf1\x15\xeb\xfe,\xa17(\xcdH\
<\xe3\xf0{\x1b\xaf\x00\x1c\x8c\xaa;\x80\x10Bi\x8f\
8\xb41/\xe9\xfc\xf5x\xdf\x1e*%i%\xe0j\
\xc0\xe3u\xc3\xa3\x0em\x84\x10B\xe7\x92\xf4\xa0\xc3h\
J\x8a\x99\x80P!\xf9\x8d\xfc%\xe9\x9e\xba?O\xb7\
\x88\x19\x80\x10:\xdb\x05N\xed\xc4L@\xa8\x84|G\
\xfe\xe0\xf7;\x1fB\x08\x9dK\xd2b\xf2)\xb6\xd3'\
f\x02\x82\x1b\xf9\x8e\xfc\xa5T\xa4h\x91\xba?W\x08\
!\xb4\x05\xa5\xfd\xdb\x9ej\xdb\x1d\x10\xba\x87|V\xfb\
\x0f\xf4\xf3\xba?W7\xb1\xba\x03\x08!\xe4\x914\x1b\
p=\xe09r\x7f\x1e\xd8\xd8\xccz\xf6}\xab\xa4\xf9\
\x80\x05\x80\x85\x81\x05\x819\x81\x99\x80\x99\x8b\xff;\x0a\
x\xb3\xf8\xcf_\x01^\x00\xc6\x01O\x00c\xcdl|\
\xabcn\x17\x92\x96\x07\xae\xc0o\xda\x1f\xe0~\xe0#\
f\xf6\x9ac\x9b=-\x12\x80\x10\xba\x80\xa4\xa5\x81\x1b\
I\x9d\x94\x97\xe7\x80\x8d\xcc\xec>\xc76\xdb\x8e\xa4\xe9\
\x815\x815HI\xd4J\xc0\x0a\xc0l\x99M?\x09\
\x8c\x05\x1e$u^\xd7\x03\xb7\x9b\xd9\x94\xccv\xdb\x9a\
\xd2;\xff\xcb\x81y\x1c\x9b\x1d\x07|\xd8\xcc\x1evl\
\xb3\xe7E\x02\x10B\x97\x90\xb4:p)\xbeI@W\
\xce\x04\x14\xaf8\xb6\x03>\x06\xac\x03\x8ci\xd1\xad_\
\x06\xae\x02\xae\x04\xae0\xb3{[t\xdf\x96\xa8h\xe4\
\xff*\xb0\x99\x99\xdd\xe4\xd8f\x08!t\x17IkI\
z\xc5\xf9\xbd\xeb\xb3\x92>P\xf7g\xf3 iiI\
\x97:?\x9f\x1c\x8f)\x95\xea]\xb6\xeeg\x93K\xd2\
\x92\xf2\x7f\xe7\xff\xb2\xa45\xeb\xfel!\x84\xd0\x11T\
M\x12p\x8f\xa4\xf7\xd5\xfd\xd9rHZO\xd2\xab\xce\
\xcf\xc5\xd3\xbd\x92\x0e\x904o\xdd\xcf\xaaY\x92\xe6\x94\
t\xbf\xf3\xf3\x88\xce?\x84\x10\x9a%\xdf\xa3W\xfb\x1c\
S\xf7\xe7*K\xe9\xbc\x01\xef\xe7Q\x95w$\x9d$\
i\xa9\xba\x9f[\xa3\x94\x8e \xf6\xf4\x8a\xa4\x0f\xd7\xfd\
\xb9B\x08\xa1#\xc9\x7f&`\x92\xd2\x02\xaf\x8e\xa3t\
4n\xa7\x99 \xe9xI\xcb\xd4\xfd\xfc\x86#\xe9C\
j\xfc\xd8\xe1F\xc4\xc8?\x84\x10r)\xcd\x04\x8cs\
\xfcr\xfe]\xdd\x9f\xa9YJ'\xe0Mr|\x06\xad\
6I\xd2\xa9j\xd3\x028\x92Np\xfc\xac1\xf2\x0f\
!\x04/\xf2\x9d\x09xE\xd2\x8cu\x7f\xa6f(\xff\
\xd8\xe4v\xf1\x86\xa4\xc3\xd5F\xcf_\xd2\x18I\xe3\x9d\
>_\x8c\xfc[,\xce\x02\x08\xa1\xcb\x99\xd9\x8d\xc0F\
\xc0K\x0e\xcd\xcd\x0e\xac\xe2\xd0N+\xb5\xe5\xc8\xb9\x84\
Y\x80\xc3\x80\xbb$mZw0\x85\xd5\xf1\xd9B\xf9\
*\xb0\xb9\x99\xdd\xec\xd0VhP$\x00!\xf4\x003\
\xbb\x0d\xd8\x92\xf4E\x9bku\x876Z\xa9\xdb\x0a\xef\
,\x03\x5c\xa2\xb4>`\xd6\x9acY\xd5\xa1\x8dW\x80\
Mb\x9f\x7f\xebE\x02\x10B\x8fp\x9c\x09\x98\xdb!\
\x9cV\xba\xbf\xee\x00*`\xc0\x9e\xc0\xcd\xaawa\xe6\
\xfb3\xaf\xef\x1b\xf9\xdf\xe2\x11Lh\xcet\xad\xbc\x99\
\xa49\x81eI\x19\xecl\xc0\xac\xc0\x1cDE\xc2\x10\
Z\xe9V g\x0ayf\xaf@Z\xe4J\xe0u\xf2\
K\xfb\xb6\xa3\xe5\x80\x9b$\x1dhfG\xd5p\xff\xdc\
\xdf\x85\x1b\x80\xed%m\xef\x11L\x87\x11i\xf6c<\
\xe9\xf7s,\xf0\xa0\x99\xbd\xdc\xaa\x00*M\x00$\xad\
@\x1aql\x04\xac\x0d\xccW\xe5\xfdB\x08-\xf1B\
\xdd\x014\xc3\xcc\xc6K:\x0e\xf8f\xdd\xb1Td&\
\xe0WJ\xab\xe7\xff\xc7\xcc\xde\x1c\xe9\x02G\xcfg^\
\xbfy\xf1/\x14$=G:7\xa2\xf2r\xd1\xee#\
oI\x8b\x02\xbb\x15\xff:\xbe\xbce\x08a\x1a\x9f4\
\xb3\xf3\xea\x0e\xa2\x19\x92\xc6\x007\x03\xcb\xd7\x1dK\xc5\
\xfe\x0d|\xc2\xcc<\x16|\x8eH\xd2\xa7\x80\xb3Zq\
\xaf\x1e\xf6\x00p2p\xb2\x99=\xe1\xd9\xb0[\x02\xa0\
t\x10\xc9w\x80O\x12k\x0bB\xe8V\x93\x81\xf9\xcd\
\xec\xc5\xba\x03i\x96\xa4\x05\x81\x8b\x80\x95\x9b\xb8\xece\
\xe0?\xc03\xa4c~\xdf(\xfe\xb7>\xb3\x91V\xc1\
\x8f!\x9d~\xb7$\xe9\x15g\x9d[\xf5\xee\x03\xb6\xf0\
\xee,\x06#i~\xe0)\xe2;\xbf\x15\xa6\x00\xe7\x02\
G\x16\x8bz\xb3e'\x00\xc54\xff\xcf\x81-\xf2\xc3\
\x09!\xb4\xb9\xeb\xccl\xdd\xba\x83(\xab\xd8C\x7f\x00\
\xf0%\xa6}%\xf9\x16\xe9\x9d\xf4U\xa4\xa3\x95\xef1\
\xb3\xa7J\xdcc\x14\xb08\xe9\xfd\xfcGI\xaf@\xd7\
\xa0\xb5k\xae\x9e -\xae\xab|\x01\xa4\xa4\x1b\x81(\
\xde\xd3Z\x17\x02\xdf\xca\xfd\xf9\x96N\x00$\xcd\x02|\
\x1b8\x08\x98!'\x88\x10B\xc7\xd8\xd9\xcc\xce\xac;\
\x88\x5c\x92\xa6'\xd53\xe8;\xe5\xf0\x11\xe0n3{\
\xa7\xa2\xfb\xcdF:z\xf8S\xc0\xf6\xb4fA\xe28\
\xd21\xba.\xa3\xc5\xa1H\xfa,pJ\x95\xf7\x08\x83\
\x9a\x08\xfc\x0e8\xd8\xcc\xc6\x97i\xa0T\x02PTk\
:\x1dX\xa2\xcc\xf5!\x84\x8et?\xb0\xa2\x99u\xdb\
\xbe\xfa\x96*\xd6#l\x07\xec\x0elB\xb5\xbb\xa0\x9e\
\x03\xd65\xb3\xffVu\x03I\xa3I\xbf\x1bKWu\
\x8f0\xac\x87H\x89\xf9\xad\xcd^\xd8\xd4{\x1bI&\
i?\xe0Z\xa2\xf3\x0f\xa1\xd7|':\xff|f\xf6\
\x86\x99\x9dbf\x9b\x91\xd6#\x9c\x0cL\xaa\xe8v\xf3\
\x91\x8a\x06-PQ\xfb\x98\xd9d\xe0\xe0\xaa\xda\x0f#\
Z\x12\xb8N\xd2W\x9b\xbd\xb0\xe1\xcc\xb3\xc8\xf2~\x0b\
|\xa1\xd9\x9b\x84\x10:\xde\xbf\x81\x8f\x9a\x99\xea\x0e\xa4\
\x1b)\x9d\xf8\xf7]`W\xaa\x99\x11\xb8\x03\xd8\xc0\xcc\
<*A\x0eJ\xd2u\xc0:U\xb5\x1f\x1ar\x02i\
+hC\x09eC\xbfh\xc5\xc2\x99SH\xef\xafB\
\x08\xbdE\xa4i\xe4\xeb\xeb\x0e\xa4\xdbIZ\x874\xd0\
\xaa\xe2\xbc\x85+I\x0b\x03'V\xd06\x92\xd6\x06\xae\
#\x0a\xbb\xd5\xed<\xe03f\xf6\xd6H\xff\xe1\x88\xaf\
\x00\x8a\xc52\x7f#:\xff\x10z\xd5\xd9\xad\xe8\xfc%\
\xcd,iII\x8b\xb5\xd3\x89w\xadT<\xe75\x80\
\xaf\x93*\xc4y\xda\x108\xd2\xb9\xcdw\x99\xd9\xbf\x81\
\xbfW\xd5~h\xd8\xb6\xc0\xd9E\xdf=\xaca3\xb5\
b;\xcbI\xc0g\x9d\x02\x0b!t\x96I\xc0\xf2U\
-\x22\x93d\xa4\xda!_#m\x99\xeb\xfb\xd2z\x13\
\xb8\x14\xf8I\xd1\xb1\xf4\x1cI\xcb\x02g\xe0;\x1b \
`\x1b3\xbb\xc0\xb1\xcd\xf7\x1a\x97\x96\x07\xee\x06FW\
\xd1~h\xca\xc9\xc0\x1e\xc3\xbd\xb6\x1bi\x06\xe0GD\
\xe7\x1fB/;\xab\xc2\xce\x7fv\xd2t\xe59\xc0\x06\
\xbc\xd7\xf9C:\xfav[\xd2\xe2\xa6\xa3$\xb5\xf4\xdc\
\x92v`fc\x81\x8f\x00\xbf\xf7l\x168AR%\
G$\x17\xfb\xd2\xffVE\xdb\xa1i\xbb\x01?\x18\xee\
?\x18r\x06@\xd2V\xc0\xf9\xc3\xfd7!\x84\xae\xb7\
z\x15\xfb\xc8%\xcd@\x1a\xe1\xaf\xdf\xe0%\xc7\x9b\xd9\
^\xdeqt\x0aI\xbb\x03\x7fd\xea$)\xc7u\xa4\
E\x81\xee\xbb\x0f\x8am\xe2q\xb4o{\x10\xa9t\xf7\
\xa0\xaff\x06\x9d\x01(\xea\xf9\x9fDt\xfe!\xf4\xb2\
\xcb+,\x22s\x04\x8dw\xfe\x00\x9f\x97\xb4SE\xb1\
\xb4=3;\x09\xd8\x86T\x8a\xd8\xc3GI\x85\xdc\xdc\
\x99\xd9\xcd\xc05U\xb4\x1d\x9af\xc0\x9f$-<\xd4\
\xffs\x1a\x92.\xa2\xba\xd2\xbe\x93\x80\xbb\x80\x07y\xaf\
\xb6\xf6\xdb\x15\xdd+\x84^v8\xe9\xa4\xb8\xb2\xb60\
\xb3K\x9cbyWq~\xfd\xad4?\x9a\xbd\xcf\xcc\
V\xf0\x8e\xa7\x93HZ\x0b\xf8\x070\xb7Cso\x02\
+\x98\xd9\xa3\x0emME\xd2\xd6\xe4-\x08|\x8b\x94\
$v\xb3\x99HgH,B:8o%\xaa+\x17\
\xfd\x0f3\xfb\xc4\xc0\xffq\x9a\x04\xa0\xa2\xd3\x9d&\x90\
\xde\xf5\x9dJ:\xde\xf0u\xe7\xf6C\x08\xfdHZ\x15\
\xb8=\xa3\x89\xbb\x81U\xbc\xf7\xfd\x17\x0b\x8b\xaf%\x1d\
\x0f^\xc6\x0afv\x9fcH\xc3\xeaW\xd7\x7f\x19R\
m\xff\xf9y\xef\x00 \x91\x060\xe3I\x87\x05=@\
\x1a\xd8<Ve\xc1$I+\x03W\x03s84w\
\xbe\x99m\xe3\xd0\xceT\x8a\xc5\x9d\xf7\x91\x9eYY+\
\x9b\xd9\xddN!\xb5\xbd\xa2\x5c\xf4\xc6\xa4uw\xdb\xe0\
_b\x7f;3\x1bz}\x86\xa41\x92\x9e\x90\x9f\x09\
\xc5\x02\x9e\x85\x9c?H\x08a\x18\x92\x8e\xc8\xfc\xdb\xfd\
ZEq\xed\x93\x19\xd7\xceU\xc45 \xc6\xc5$}\
U\xd29\x92\xc6\x95\x88\xf1EIgK\xfa\xb2*Z\
l'i}Ioe>\xcb>\xee\x09@\x11\xe3\xb7\
2\xe3:\xb4\x8a\xb8:\x81\xa4\x85%\xfdZ\xa9\x0f\xf5\
\xf2\xa8\xa4\x99\x87\xbb\xe9\xfe\x8e7\xbbI\xe9\xa4\xc0\x10\
B\x8bI\xba3\xe3o\xf7\x1dI\xef\xaf \xa6Y%\
=\x9b\xf9\xbd\xb2\xb7w\x5cEl3J\xfa\x9c\xa4+\
%M\xce\x8c\xb1\xbf\xc9\x92.\x93\xb4\x9b\xd2\xc2G\xcf\
\x98?)i\x92C\x8c\x8f(\x1d\xee\xe6J\xd2\xfc\x92\
&f\xc4\x953\x83\xd5\x15$\xad(\xe9f\x87\x9fq\
\x9f\xaf\x0cu\xa3\x19%=\xe9t\x93c\xe4\xfc\xcb\x1e\
Bh\x8cR1\x9d\x1c\xe7T\x14\xd7\xc1\xf9_-\xda\
\xda9\xa61\x92\xf6\x93\xdfw\xdfp\x9e\x95t\x80\x1c\
;[I\xdft\x8a\xed\x1b^1\x0d\x88\xef\x82\xcc\xb8\
>0\xf2]\xba\x9b\xa4\x19$\xfd6\xffG,Iz\
\x5c\x83\xf5\xcd\x92\xf6r\xbaA\x1c\x0a\x11B\x8d\x94?\
\xf5\xbam\x051\xcd!\xe9\xa5\xcc\xb8&\xc9qfB\
\xd2\xd6\xf2}\xe5\xd9\xa8\xa7\x95\xb6\xf5y|\x06\x93t\
\xaeCL\xcfh\xb8\xe9\xe1\xf2\xf1\xed\x98\x19\xd7\xd7\xbd\
c\xeaT\x92\x0e\xc9\xff1K\x92\xf6\xeck\xd3\xfa5\
\xeeq\x90\xc3\x91f\x16\x09@\x08\x19$\xcdGZd\
V\xd6\xa9\xa4\x022e\xbc\x00,\xe4]/^\xd2\x0f\
\x81\xefd6s\x9e\x99}\xd2!\x96\xc5\x80\xe3\x81\x8d\
r\xdb\xcat\x09\xb0\xb7\x99=\x99\xd3\x88\xa4\xb9H\x0b\
>\x17\xcd\x8c\xe7Kf\xf6\xbb\xcc6\xa6\xa2T\xd2\xf9\
i`\xae\x92M\x5cO*hS\xd6\x1bf\xf6\x5c\xc6\
\xf5mE\xd2\x8f\x81\x032\x9b\xb9\xc6\xcc\xde\xdb\x82+\
i)IS2\xb3\x8a\xbf)\xad\xfc\x0c!4Hi\
\x04\xb7\xa1\xd2b\xd9\x07\x95\xde\xbf\xd7\xe9\x0f\x15|\xc6\
YTn1]\x7f\x13%\xad\xe8\x10\xcb6\x0e\xb1x\
zA\xa9\xe8Z\xee\xe7ZG\xf9k\x17\x1eQ\x03\xf5\
\xe3K\xc4vbf\x5c\xb9&(\xfdm\xfdJ\xd2\x06\
\xea\xe0~J\xe9\xfb\xe2\xfc\xcc\xe71E\xd2\x12\xfd\x1b\
=,\xb3\xc1g$\xcdY\xe3s\x09\xa1\xe3(}\x19\
\xdd\x98\xf9\xb7\xe7m\xbb\x0a>\xe7\x17\x1d\xe2\xfaIf\
\x0c&\xe9\xfb\xca\x1f\xe8Ta\x8a\xa4C\x1c\x9e\xf3\xb1\
\x0e\xb1|.7\x8eA\xe2\xda\xd9!.O7Hj\
\xa6\x08U[\x914\xb7\xa4\xe72\x9f\xc1w\xfb7x\
mfc\xbb\xd6\xf8<B\xe8(\x92FK\xfa\xbf\xcc\
\xbf\xb9*\xbc\xa3\xb4\x17\xd9\xfb\xf3\xde\x95\x19\xd7c\x92\
f\xcd\xb8\xffh\xf9t\x8eU\xfb\x8dR\xdd\x81\xb2\x9f\
sN\xe5w\x0c\xb7\x94\xbd\xff0q\xcd!\xdf\xedl\
^~&\xa9#\x0f-R\xda\xb1\x92\xe3_}\x0d\xcd\
\xaa\xbc\x1f\xce=\xea\xe0)\x95\x10ZIi\xb7\xcd\x85\
\x99\x7f\xbcU\xb9\xb4\x82\xcf\xbb\x91C\x5c\xdbg\xdc\x7f\
\x94\xa4S\x1dbh\x95\x13\x95\xf1}*iO\x87\x18\
\xdc\xb7o+m\xaflG\x17\xa8\x03w\xac)\xfd^\
\xdf\x9f\xf1\xb9\xdf\x914f\x14S\x1f\xc1Y\xc6/\xbc\
\xab\x85\x85\xd0\xc5\x8e\x03>^w\x10C\xb8\xb0\x826\
sO\x13\xbd\x1987\xe3\xfa_\x00\xbbd\xc6\xd0J\
\xbb\x03Gg\x5c\x7f\x02\xa9\x8ac\x8e\x9cEwC\xa9\
\xe2w\xcb\xc3V\xc0o\xeb\x0e\xa2YE\xa5\xc9_d\
41\x03\xb0\xce(`\xe5\x8cF\xde\xc0\xbflp\x08\
]I\xd2\xbe\xa4/\xf8v\x95S\xbb}\x1a\xc5\xc8*\
w\xd5\xfe\xc1e\x07\x18\x92\xbe\x09\xec\x9fy\xff:|\
EC\x15l\x19A\xf1\xac~\x94y\xff]\xe5?5\
\xee\xfa\xbb\xe5l/I\x9dx\xd2\xe4\x99\xa4\xf3\x1c\xca\
Zy\x14\xe9\x10\x82\xb2.5\xb3\xf1\x19\xd7\x87\xd0\x13\
$\xcd\x0e|\xbf\xee8\x86q\x93\x99=\xe4\xdc\xe6\x16\
\x94\xdf\xfe\x05)\xa6R\xaf%\x94\x0e\xcd\xc9\xed\x08\xeb\
\xf4KIe\xcfK8\x93t&AY\x0b\x01\x1bd\
\x5c?\x0d3\x1b\x0b\xdc\xe1\xd9\xa6\xb3\x1fIz_\xdd\
A4\xc3\xcc^\x03\xae\xcchb\x99\xdc\x04\xe0\xaa\x8c\
kC\xe8%_\xc7\xe7\x04\xb7\xaa\xfc\xb1\x826s\x8f\
\xef-5\x15\xae\xb4#\xe9,\xf2^m\xd6mz\xe0\
\xd4\x22ql\x8a\x99M\x06~\x9cy\xff*\xce\x5c\xa8\
\xe2w\xcc\xcb<\xc0W\xeb\x0e\xa2\x84+2\xae]n\
\x14\xb0@F\x03we\x5c\x1bB/\xf9L\xdd\x01\x0c\
c,\xe9\xdd\xb1\x1b\xa5\x85l\x9be4\xf1\x0c\xe5_\
/\xfe\x88t\xc4j\xa7\xfb\x00\xf0\xbd\x92\xd7\x9e\x06\xbc\
\x92q\xef\x8d3\xae\x1d\xcaq\xc0\x7f+h\xd7K;\
\xff\x8d\x0e%\xa7\x0f^\xc0$=\x0b\xccW\xb2\x81\xc5\
\xcc\xec\xf1\x8c\x00B\xe8z\x92\x96'\x1d\x8d\xda\x8e&\
\x01\x9b\x9a\xd9U\x9e\x8dJZ\x0d\xb8-\xa3\x89\x1f\x9b\
\xd9A%\xee\xfba\xe0\xdf@\xe9\xedtC\x98\x04\xdc\
B\xaa\xb8\xf7\x1f\xd2\xfa'\x80Y\x81\xa5\x81\x0f\x01\xab\
\x03\xde\xef\xce'\x03k\x9aY\xd3\x07\xe3(\x15u\xca\
9<\xe9\x03f\xf6h\xc6\xf5\xd3\x90\xb4)p1\xfe\
?\x1f/K\x9bY;')S\x91\xb48\xf0H\xc9\
\xcb\x9fE\xd2\x1b\x19[\x09:\xea\x9dI\x08u\x90\xb4\
K\xc6\xdfX\xd5\xbeY\xd1g\xfe\xdf\xcc\xb8V-y\
\xdf\xeb\x1c\x9eI\x7fc%}A\xd2\x1c\x0d\xdc{.\
I\xfbJ\xfa\x8fs\x0c\xa5\xa6y\x95\x8e\x0c\xce\xf1\xf9\
2\xf7m \xae\xef8<\x93\xaa\xe4\xbe\xb6j)I\
\xb3g|\xd6\xf1\xa3\x80\x9c\x03 \xde\xf2\xfa !t\
\xb1\x9c\xd7lU\x11p\x90\x99\xe5l%\x1aNN\x9d\
\xfd\x07\xcc\xac\xe9\x05c\x926$\xff<\x93>/\x02\
\x07\x02+\x99\xd9qf6\xe2t\xba\x99\xbdT\xd4\xd2\
\xff \xb0\x0f\xf0\xacS,\x1bJZ\xb7\xc4u\xd7\x00\
\x8ff\xdc\xb7\x92\xb3\x12\xcc\xecH\xe0\xd0*\xdav\xb0\
`\xdd\x014)g\x17\xc0,\xd3\xd1\xef@\xa0\x12j\
\xdf\xff\xaft\xd8\x84\xfbY\xd6!8\xca=\xa4\xc5\xdb\
\xf3\xc0\x97\xcd\xec\xec\x0a\xef\xb1f\xc6\xb5\xe7\x97\xbc.\
\xf7\xb0\xa1>W\x01\x9f2\xb3qe..\x0eR:\
N\xd2\xdf\x80\xbf\x02e:\xef\x81\xbe\x03l\xd9d\x1c\
\x92t!\xf0\xa5\x92\xf7\xac\xec\xb0$3\xfb\xbe\xa4\x07\
\x81c\x00\xb7\x13\x1e\x1d,\xaa\xc6\xcb\xda\xbfif\xef\
T\x1a\xcd\xc8r\xfa\xe0\xf4\x1b\x92\xd1\xc0\xf4f6)\
\xe3\xfa\xa6(\xed+\xde\x14\xd8\x04X\x8b\xb4\x83!g\
\x9bQ\x08\xbd\xe4U\xd2B\xac\x9f\x9a\xd9\x8bU\xddD\
\xd2\xa2\xc0c\x19Mlnf\xffl\xf2\x9eK\x93\x16\
3\xe6V%=\x0e\xf8\x8a\xd7i\x88\xc5w\xd6\xb1\xc0\
\x9e#\xfd\xb7#5\x05,\xd1\xec;yI;\x92\xb6\
\x05\x96\xb5\x80\x99y\xcddLC\xd2\xbc\xa4\x99\x96\xbd\
\x80N|\xa5\xfc\x12\xf0\x00p#p\x19p\x99\x99M\
h\xd5\xcd%M\x07\x94\xfe]\xed\x88\x04@\xd2B\xc0\
7\x80=h\xef\xadT!x{\x89\xf2\xab\xb9\xdf$\
\x1d\xef{\x1fi\xbf\xf0?\xcd\xecu\xaf\xc0\x86\x22i\
\x1b\xe0\xbc\x92\x97\xbf\x0d\xccmfMMmJ\xfa>\
\xf0\xdd\x11\xff\xc3\xe1\x9d\x0d\xec\xe4]\xd9TiG\xc4\
i\xe4o\xad;\xc4\xcc~\xd0\xe4\xbd\xe7&\xcd\xf8\x94\
]t\xb7\xa1\xf7\x02\xd1\xc1(\xad'\xdb\x0c\xd8\x90\xf4\
\x0ae\x1e\xca\xbf\x9e\x9e\x83\xfa\x06\x86/\x02'\x02\xbf\
4\xb3\xa7\xab\xbeYW'\x00\x92\xc6\x00\x87\x90\xaay\
\xcdX\xd5}Bhc\x07\x9aY\xd6Ix\xad\xa6t\
\xd2X\xd9\xa2G\xff6\xb3\xa6\xdf\xe3Kz\x98\xb4m\
\xae\xac[\x80\xf5\xcd\xac\x92uM\xc5w\xd9\xb5@\xa9\
\xc5\x8d\x85\xb1f\xb6\x5c\x89{\xdf\x9eq\xdf/\x9a\xd9\
\xefK^[\x0bI\x07\x03M%J\x15x\x07\xf8%\
\xf0\x83f\x93\xd9f\xe4&\x00\xed\xba\x15\x03Ik\x00\
w\x02\x07\x10\x9d\x7f\x08\x9d$\xa7\xb8X\x99\xedn\xcb\
\x90\xd7\xf9O\x04>SU\xe7\x0f`fo\x90\xce$\
\xc8\x190-\xab\xb4\xed\xabY9\xdb1s~\x96\xbd\
lF\xe0 \xe0NI\x1f\xaa;\x98\xa1\xb4e\x02 \
igR\xb6\xbcd\xdd\xb1\x84\x10\x9a\xb6p\xc6\xb5w\
\x96\xb8&w\xb1\xda\xb1\xad\xd8\xfbmf\xf7\x03\xc7g\
6S\xe6\xb3\x8e\xcd\xb8_$\x00y\x96\x02\xae/\xd6\
b\xb4\x9d\xb6K\x00$\xed\x09\xfc\x85\x18\xf5\x87\xd0\xa9\
r\x12\x80\x07J\x5c\xb3~\xc6\xfd\xde\xa0\xb5\xd3\xc5\x87\
\x93\xb7}\xfac%\xae\xc9I\x00\x96\xc9\xb86$3\
\x02\xa7K\xfa\x5c\xdd\x81\x0c\xd4V\x09\x80\xa4\xad\x81?\
\xd0fq\x85\x10\x1aS,x\xcbI\x00\xcaT\x16\xcd\
9\xbf\xfe\xaff\xf6|\xc6\xf5M1\xb3g(\xbf@\
\x12\xd2\x02\xb9f\xe5$\x00\xf3g\x5c\x1b\xde3\x0a\xf8\
\x83\xa4\xa6\xb6rV\xadm:ZI\x8b\x91\xea\x91{\
\x97\xd2\x0c!\xb4\xce\xfb\x80\x99J^+\xa0\xa9\x95\xd3\
\x92F\x91J\xf1\x96uN\xc6\xb5u\xdcs\xd9\x22\xc9\
jF\xce\x96\xccY\x8bZ+!\xdft\xa4\x03\x9er\
\xd6\xab\xb8j\x8b\x04\xa0\xf8\x85>\x99\xd8\xd3\x1fB\xa7\
\xcb)\xca5\xae\xc4\x1e\xea\x85(\xbf]L\xc0\xbfJ\
^\x9b\xe3\xea\x8ckg\xa3\xc9\xb3[\x8a\xc5\x8d9u\
\x0db\xeb\xb5\x9f9\x80\xe3K$q\x95h\x8b\x04\x00\
\xd8\x0dX\xaf\xee B\x08\xd9r\x12\x802\xdb\xa5F\
\xac\xd1?\x8c\xa7\xcd\xec\xe5\x8c\xebK)^9\xe4\x14\
b*\xf3\x99\xc7g\xdc\xaf\xec\x8cN\x18\xdc\x06\xb4\xc9\
\xc9\x83\xb5'\x00\x92F\x93_\xc0#\x84\xd0\x1er\xce\
\x16)\x93\x00\xcc\x96q\xbf\xa72\xae\xcd\xf5D\xc6\xb5\
e*\xe6\xe5\x14\x80\x8aW\x00\xfe\x8e(\xfa\xbeZ\xd5\
\x9e\x00\x00\xdb\x90\xf7\x0e/\x84\xd0>rF\x8be\xea\
\xaa\xb7z\xc6\xc1\xcb\x1b#\xff'C\x1aS\xe2\x9a\x9c\
\x19\x80H\x00\xfc-\x05l]w\x10\xed\x90\x00|\xae\
\xee\x00B\x08n&g\x5c[&y\xc89\x8ce\x86\
\x8cks\xe5\xcc\x94\xbc]\xe2\x9a\x9c\xc4\xcc\xe5\x5c\x84\
0\x8d\xdd\xeb\x0e\xa0\xd6\x04@\xd2L\xa4\xfa\xcf!\x84\
\xee\x90\xd3!\x97\x99\xce\xcf\x99\xda\x9e7\xe3\xda\x5c\xf3\
d\x5c[\xe63\xe7\x1c\xb4S\xf7\x89w\xddj\xf3\xba\
wXLW\xe7\xcd\x81\xb5\xf1Y`2\x81\xbc)\xb5\
\x10\xaa43\xbd\xb3\x90\xaa\x93\x12\x80\x0fH\x9a\xc9\xcc\
\xca\x8c\xa8K+\xce\x05\xc8\xa9\x95\xf0Z\x89kf\xcd\
\xb8_/%\x00o\xd3X\xa1\xa61\xe4\xcf \xcd\x02\
|\x84\xbc]!Y\xeaN\x00V\xce\xbc\xfe~\xe0+\
\xc05^\xc7w\x86\xe0M\xd2\xcf\x81o\xd6\x1dG\x8b\
\xbc\x94q\xed\x18I\xd6\xe4i|O\x90\xea\xeb\x97\xf9\
.\x1bM\xfa\x02\xbe\xaa\xc4\xb59>J\xf9\xd9\xd7\x09\
4_+az\xf2\x12\xd0q\x19\xd7v\x9a\xa3\xcd\xec\
\x80\x91\xfe\xa3\xe2\x99\xae\x0f\x1c\x034}@S?+\
Sc\x02P\xf7\x1a\x80\x9c\xc5\x7f/\x00\x1b\x98\xd9\x15\
\xd1\xf9\x87\xd06^\xa1\xfc\x817\xa3h~\x8f\xfb\x04\
\xe0\x91\x92\xf7\x03\xf8D\xc6\xb5u\xdc\xf3\xbf%N`\
]0\xe3~oWy\x9a]\xa72\xb3\x89fv9\
iK_\xce\x96\xceZ\x17\xc0\xd7\x9d\x00\xcc\x99q\xed\
\x1fZY\xc23\x840\xb2b\xf4\x9e3b,s\xf8\
L\x99\xf3\x03\xfa\xec\xd2\xca\xf7\xb0\x92f\x06>\x9d\xd1\
D\x99\xcf\x9aS\xcf\xff\x85\x8ck\xbb\x9e\x99=G*\
__V\xad\xc5\xef\xeaN\x00\xcalg\xe9s\xb7[\
\x14!\x04O\x0fe\x5c[&\x01\xb8>\xe3~\x0b\x00\
_\xce\xb8\xbeY\xfb\x93\xb7\x00\xf0\xda\x12\xd7\xe4LQ\
W~Jb\x17\xb8+\xe3\xda\x9c\xb5\x19\xd9\xeaN\x00\
r\xca!6[24\x84\xd0\x1a\xad>~\xf6\x8a\x8c\
\xfb\x01|WR\xe5#1Is\x02\xff\x9b\xd9L\x99\
\xcf\x9as\xa4o\xce\xcf\xb2W\xe4\xf4E\xb5\x96\x04\xae\
;\x01\x08!t\x9f\x9cN\xa3\xcc\xc2\xe0[\x81\x9c\x92\
\xbes\x02\xbf\xca\xb8~DE\xed\xf7\xdf\x91\xf7\xda\xf3\
y\xca\xcd|\xae\x94q\xcf\x073\xae\x0dm\xae\xee]\
\x00!\x84\xe1m'i\x89\x92\xd7N -Pz\x00\
\xb8\xb2\x85kfr\x12\x80u$\xcdhf\x0do=\
3\xb3\xc9\x92\xce\x02\xbe\x90q\xdf\xdd$\xddmf?\
\xcbhc8\x07\x03;g\xb6q\x86\x99Mi\xe6\x02\
I\xb3\x00ke\xdc3g}ES$\xcd\x07lH\
\x9a\xb1\x98\x07\x98\xbedS\xab\xb9\x05\xd5\xe5\x22\x01\x08\
\xa1\xbd\xadE\xde\x17x\x1fI\xba\x0a\xf8?\xe0\x82&\
\xb7\xda5+'\x01\xe8\xeb\xb0\x9a=\xa5\xef$\xf2\x12\
\x00\x80\x1fIz\xc6\xccN\xc9lg*\x92>\x0f\x1c\
\xe1\xd0\xd4\xc9%\xae\xf9(y\xa5|+}\x05P\x1c\
\xe7\xbc-im\xc4z\xd4<%\xdek\xe2\x15@\x08\
\xbd\xc1H\xa3\xab\xbf\x03\x97g\xcc*4\xe2\xbf\xe4\xd5\
\xd9\xdf\xa8\xc45\xd7\x93\xea\x82\xe4\x18\x0d\x9c$\xe9\xc8\
\xa2c\xca\x22itQ\x03\xe2O\xe4\x7f\xd7\xdeef\
7\x97\xb8n\xc3\x8c{\xbe\x0e<\x96q\xfd\xb0$-\
M\xaa\xc1p\x0eiO}t\xfe-\x16\x09@\x08\xd5\
\xcb)\x8eS\x85\x0d\x81\xdb%\xe5t\x0eC*\xear\
\xe4\xac\xcco\xba<x1\xa3\xf1\xe3\x8c{\xbe\xdb\x14\
p\x10p\x89\xa4\xd2\xef\xce%\xad\x06\x5c\x86_\x01\xa8\
\x1f\x95\xbc.\xa7\xd4\xfa\xbf\xcc,\xe7l\x87!I\xda\
\x14\xb8\x8d\xf6;\x06\xbe\x97\x8a\x1eE\x02\x10B\x0b4\
U\xb9\xadE\xde\x07\x5cT|\x11W\xe1\xca\x8ck?\
\x22i\xc9\x12\xd7\xfd\x05x8\xe3\xbe\xfdm\x02\xdc!\
\xe9xI\x0do\xa3\x93\xb4\x82\xa4\x93\x81[HEb\
<\x8c\x05\xcej\xf6\x22I\xcb\x00\xabg\xdc7ww\
\xc5\xa0$m\x05\x5c@\xcd[\xe0\x86\xd0\x8e\x7f\xab\x95\
\x895\x00!T\xaf]\xb7R\xcd\x08\x9c.iu3\
{\xd4\xb9\xed\x9c\xce\xc3\x80\xdd\x80\xc3\x9b\xba\xc8l\x92\
\xa4\x83\x81\xd32\xee\xdd\xdf(`O`OI\xb7\x91\
F\xf4\xb7\x91*\x0f\xf6\x8d\x14\xdf\x0f|\x00X\x03\xd8\
\x94\xfc\xf2\xe6\x839\xa8\xe4H|\x8f\xcc\xfb\xba'\x00\
\x92\x96\x02N\xa1\xde\x93\x18\x87\xd3\xb2E\x8f\xed \x12\
\x80\x10\xaaw\x13i\x0bW\x9d\xa7\xcf\x0de.R%\
3\xef\x99\x80[H\x87\xd6\x94=\x85n\x0fIG4\
\xbbX\xd1\xccN\x97\xb4\x07\xb0E\xc9\xfb\x0e\xe5C\xc5\
\xbfV\xbb\xc4\xcc\xcem\xf6\xa2b\xdb\xe1.\x19\xf7\x1d\
G^\x81\x9b\xa1\xfc\x09\x98\xa3\x82v=<M\xdaR\
\xda3\xe2\x15@\x08\x15+Fo\x7f\xab;\x8eal\
\x22is\xcf\x06\x8bz\xf5\xcd\xae\xe4\xefoq\xcaO\
\xa1\xefG\xde\x22\xc4v1\x1e\xf8R\xc9k7%=\
\xc3\xb2\xaelv\xcb\xe1H$mMZ\xec\xd7\xae\xce\
\xadxwL\xdb\x89\x04 \x84\xd6\xf81\xed}\xac\xea\
W+h\xb3\xe9\x91\xeb\x00\x07\x96\xb9\xc8\xcc\x1e\xa4\x9a\
\xcf\xd3j_2\xb3\xb2k\x1a\x0e\xca\xbc\xf79\x99\xd7\
\x0f\xe6k\x15\xb4\xe9\xe5m\xa0\xaa\x1a\x10m+\x12\x80\
\x10Z\xc0\xcc\x1e\x01\x8e\xad;\x8eal&in\xe7\
6\xcf\x04\xde\xc8\xb8~3Ik\x96\xb9\xd0\xcc\x8e\xa7\
\xdc\xbe\xf9v\xf1G3+\x15\xbf\xa4\xb5\xc9[\x80\xf8\
\x1ap^\xc6\xf5\xd3\x904/~\x8b\x22\xabp\xb4\x99\
U\xb6\xe5\xb1]E\x02\x10B\xeb\x1cHZ\x0f\xd0\x8e\
\xa6\x07\xb6\xf2l\xd0\xcc\xc6\x93\xdf\x91|'\xe3\xda\xbd\
\x81K3\xef_\x87+\x81\xafd\x5c\x7fh\xe6\xfd\xff\
Z\xc1\x11\xc0[\xd3\xbek\xce\xfeM\xfe3\xebH\x91\
\x00\x84\xd0\x22f\xf66\xb0=\x15\x16W\xc9\xe4\x9a\x00\
\x14N\xca\xbc~[I\x1f)s\xa1\x99M\x00>\x05\
\xdc\x9e\x19C+\xdd\x05l\xdfL)\xe4\xfe$\xadO\
\xfe\x02\xc8*fN\xb6\xac\xa0M\x0f\x8f\x90\xf1\xbc;\
]$\x00!\xb4\x90\x99=E\xda2vu\xdd\xb1\x0c\
bsIe\xeb\xaf\x0f\xe5R\xe0\xc9\x8c\xeb\x0d8N\
R\xa9\xd1\xa3\x99\xbdF\xda\xd3\xff\xef\x8c\x18Z\xe5&\
`\x133{\xa5\xcc\xc5\xc53::3\x86\xc7q\xfe\
\xdd\x944\x03\xfe\xbbL<\x5c\x07\xacmf\xcf\xd6\x1d\
H]\x22\x01\x08\xa1\xc5\xcc\xecE`s\xe0\x10R\xb9\
\xd5v1;\xa9v\xbc\x9bb%\xf9\x9f3\x9bY\x09\
\xd87#\x86\x97H\x1d\xd0\xc5\x99qT\xe92R\xe7\
\xffBF\x1b\xfb\x03\xabd\xc6\xf1'\xef\xd5\xff\xa4\x95\
\xff\xb39\xb7\x99\xe3U\xd2\xab\xa5\x8d\xcc\xec\xb9\xba\x83\
\xa9S$\x00!\xd4\xc0\xcc\xde1\xb3\x1f\x00K\x91\x0a\
\xde\xb4\xcb4u\x15S\xb5G\x93\xb7\x18\x10\xe0\xfb\x92\
\x16,{\xb1\x99\xbdAz\x0f}\x04\xe0\xdd\xc1\xe5\x10\
\xe9\xf9lif\xa5\x93AI\x8b\x00\x87e\xc6\xf2\x1a\
\xf0\xeb\xcc6\x06S\xc5\xab\xa5f\x89\xb4\xc7\xffP`\
)3\xfbQ\xf1\x8a\xa8\xa7\xb5\xeb\xa2\x8c\x10zBq\
D\xef\x11\xc0\x11\x92\x16\x00\x96\x00\x16 \x15\xe8)\xeb\
 \xca\x0a#\xc6x\x00\x00 \x00IDAT\xef\x01\
\xdf\x16\xf8v\xc6\xbd\xa7af/J\xfa=\xf0\x8d\x8c\
ff\x07N\x95\xb4I\xd9\xfa\xf4Em\x82\xc3%\xdd\
L*H3_F<\x1e\x9e\x01\xf60\xb3\xac\x85\x8a\
\x92F\x03'\x90_Z\xf77f\xf6rf\x1bS)\
\x0a\x12m\x9b\xd1\xc4\xc3\xc0O2\xae\x7f\x89T\xe0\xe7\
\xa1^\x1f\xed\x0fJy\xb2\x12\x08I\xe7e\xdc{{\
\xafg\x10B7\x91\xf4\xd3\xcc\xbf\xeb\xb5+\x88i~\
Iof\xc6%I\xb9\xa3\xdc\xbex\xe6\x90t\x94\xa4\
I\x0e15k\xb2\xa4\xdfK*[%q\xe0g9\
\xd2!\xa67\x94\xb6\xea\xb9\x92\xf4\xb1\xcc\xb8~\xe8\x1d\
\x937I\xdbg|\xbe\xac]2\x92\xa6\xcby\xb8\xf1\
\x0a \x84\xee\x93\xbb\xf5.\xb7\x86\xfc4\x8a\x85V'\
84u\xa8\xa4Mr\x1b1\xb3W\xccl?\xd2\x82\
\xccsIS\xc4U\x9bB:\xd4gU3\xdb\xa7X\
\xa0\x98E\xd2F\xf8\xcc\xd8\x1cW\xccFy\xcb\xfd]\
r\xadG\x10\xa6\x16\x09@\x08\xdd\xe7\xdf@\xce\xca\xe6\
OK\x9a\xd9+\x98~~L~\x89\xdeQ\xc0_\x94\
N\xba\xcbffw\x98\xd9\xf6\xa4C|\x8e'\xbd\x07\
\xf7\xf6*\xe9\xbc\x85\x15\xcdl'3\xbb\xdb\xa3QI\
\xcb\x93\x8a-\x8d\xcel\xeau*\xa8\x82'i\x0ci\
\x1bfYO\x037;\x85\x13\x06\x11\x09@\x08]\xa6\
X\xc5}aF\x13\xb3\x03\xdb8\x85\xf3.3{\x1c\
\xf0\x98\xd2\x9d\x07\xb8Li\xe1\x9b\x0b3\xbb\xc7\xcc\xf6\
\x02\xe6'\x1d\xa2s\x06\xe9\x00\xa7\xb2\x9e%\x9dJ\xb8\
30\xbf\x99}\xc1\xcc\xee\xcf\x8f4\x91\xb4\x10p\x11\
\xe0Q\xbd\xf1\x083\xab\xe2\x18\xdc\xed\xc9[\xfd\xff\xf7\
^\xab\xcd\xdfj\xb1\x080\x84\xeet\x1e\xf0\xf9\x8c\xeb\
?O\xea\x04\xbd\xfd\x1c\xd8\x15X>\xb3\x9dE\x80\x0b\
%\xad\xef\xb9p\xcd\xcc\xde\x22u\xdc\xa7)-`[\
\x01X\x1dX\x16X\x86\x94 \xcc\xc6{\x0b\xee^'\
\x1d\xda\xf3,\xe9\xd8\xe7\xb1\xc0\xadfv\xafWL\x03\
I\x9a\x9d\x94\xe0-\xe6\xd0\xdc\xbd\xe4\xd7\x0e\x18\xca\x9e\
\x99\xd7\xff\xdd%\x8a0\xa4H\x00B\xe8N\x17\x03/\
\x92\xce\xab/c3I\xab\x98\xd9\x9d\x8e1af\x13\
$}\x05\xb8\xdc\xa1\xb9\x15\x81\x8b$mef\xe3\x1c\
\xda\x9bJ1\xfa\xbc\xa7\xf8\xd7\x16$\xcdC\xea\xfcW\
\xf6h\x0e\xd8\xd7\xcc&:\xb45u\xc3\xd2*\xe4\xd5\
\xfe\x7f\x9eT\x1b!T(^\x01\x84\xd0\x85\x8a=\xce\
\xb9#\xf8\xaf{\xc42\x90\x99]A\x1ae{X\x0b\
\xb8V\xd2\xa2N\xed\xb5-I\x8b\x03\xd7\x90\x16.z\
8\xd1\xcc\xaeqjk\xa0\x03HU\x1c\xcb:\xa5\x8a\
\xc4$L-\x12\x80\x10\xbaWn\x05\xbe]<\xdf\xb3\
\x0f\xb0?i\x1f\xbc\x87\xe5\x80\xeb$\xad\xe8\xd4^\xdb\
)F\xd4\xd7\x93^Exx\x12\xf8_\xa7\xb6\xa6R\
$*;f6\x93{\x86Dh@$\x00!t)\
3\xbb\x15\xc8\x99\xc2\x9f\x1e\xf8\xaaS8S)\xb6\x9c\
}\x06(U\xd4g\x10\x0b\x03\xd7K\xda\xc5\xa9\xbd\xb6\
!i7\xe0ZR\x81(\x0f\x93\x80]\x8a\x92\xd4U\
\xf8:y\xaf\x97o\xf5~\xf5\x14\x06\x17\x09@\x08\xdd\
\xed\xc4\xcc\xeb\xbf i\x0e\x97H\x060\xb3\xab\x81\xef\
;69\x1b\xa9Z\xe0I\x92fql\xb7\x16\x92f\
\x92t\x14i4\x9c[\xe5\xaf\xbfC\xaa\x9a\xfa\x974\
7y\x8bO\xc1\xa7^Dh@,\x02\x0c\x0dS*\
9\xba6\xa9\xb6\xf7\xb2\xa4\x15\xd138\xde\xa2\xafl\
\xe7\xb5\xa4-@U\x14&\xe95\xa7\x90\xb6\xde\x95\xdd\
\xd7?;\xa9\xb4\xf0\x01n\x11M\xed\xfb\xc0z\xc0\xc6\
\x8em\xee\x06\xac\x22i/3\xbb\xc5\xb1\xdd\x96\x91\xb4\
\x16\xa9\x5c\xf1\x0a\xceM_\x0c\xfc\xd4\xb9\xcd\xfe\x0e&\
/Yy\x03\xf8\x8bS,a$9e\x04\x15\xa5\x80\
{\x82\xa4\xd1\x92\xf6\x94\xf4X\xe6\xefK3&K:\
U\xd2\x12u\x7f\xfeN'\xe9\xd8\xcc\x9f\xc5[\x92<\
\xb6\x9c\x0d\x15\xdf\xfc\x92\x9e\xcc\x8cq0\x93$\xfdF\
\x15\xcd`TA\xd2\x5cJe\x82'W\xf0<\x1eS\
\xdaEPU\xec\x8bKz;3\xc6\xaa\xb6$VF\
Q\x0a8t+\xa5\x13\xd8\xae#UIk\xe5J\xeb\
Q\xa4\x82,\xf7K\xda\xa7\x85\xf7\xedF\xbf$\xef\x04\
\xbc\x99\x80\xef9\xc52\x8d\xa2L\xf0\x16\x80\xebA4\
\xa4\x0ay_\x02\x1e\x90\xb4\x97\xa4\xe9\x9d\xdbw#i\
\x86\xe2\xf7|,\xf0\x05\xfc_\xcf\x8e\x03\xb6\xc8<n\
x$G\x023f\x5c?\x198\xca)\x96\xd0\x80H\
\x00\xc2\x90\x94J\x8d\xdeD\xdajU\x97\x19\x80c%\
\xfd\xa2\xc6\x18:\x9a\x99=\x08\x5c\x90\xd9\xcc\xae\x92V\
\xf7\x88g0fv\x0f\xf0q\xf2\x8f\x0d\x1e\xcc|\xc0\
\x1f\x81\xffJ\xdaO\xd5\x949.\xa5\xe8\xf8w\x07\xee\
\x03\x8e\xa5|\xdd\x86\xe1\xbc\x05l\xebY\x89p I\
\xab\x92\xaa\x1e\xe68\xc7\xcc\x1e\xf2\x88'4&\x12\x80\
0(Is\x91*q-Tw,\x85oH\xfaZ\
\xddAt\xb0\xdc\x04j\x14i\x84W\x193\xbb\x91\xb4\
3`RE\xb7X\x14\xf8\x15)\x11\xf8\xae*|\xad\
1\x12\xa5\xe9\xf2C\x81\xc7H\x0b5\x97\xac\xe8V\x13\
\x81O\x99\xd9u\x15\xb5\xdf\xe7\xe7\xe4\xf7'\xbf\xf4\x08\
$4.\x12\x800\x94\xe3\x80\xa5\xea\x0eb\x80_(\
\xed\x87\x0eM2\xb3\x7f\x017f6\xb3\x99*8*\
\xb8?3;\x9f4\x05\x9e\xf3\xcab$\x0b\x92\x16\x1f\
>,\xe9J\xa5\xf5-sVx?\xe0\xdd\xf7\xfb{\
I\xba\x9at\xce\xfd\x11\xa4\x85\xb4U\x99\x02\xecmf\
9\xe7B\x8cH\xd2\xba\xe4/\xe2\xbc\xc6\xccn\xf0\x88\
'4.\x12\x800\x0dI\x1f&\x1d\xe4\xd1n\xa6#\
\x9d(\x17\xca\xf9\xaeC\x1b\x95\x14\x8f\xe9\xcf\xcc\xfeL\
:/`B\xc5\xb7\x1aE*W{<\xf0\x82\xa4\x9b\
%\xfdD\xd2\xe6\x92r\x0e\xb1\x01@\xd2\xfb$}\x5c\
\xd2\xcf$\xdd\x02\xbc@z\x15\xb1>yU\xf2\x1a1\
\x81\xb4\xd7\xbf\x15\x05u<\x8e#>\xc4\xa1\x8d\xd0\xa4\
\xd8\x06\x18\x06\x93[\xc6\xb3J[HZ\xc9\xebH\xd5\
^bf\x97I\xba\x9c\xbc\xd1\xda\x16\x92f1\xb3\xdc\
c}\x87ef\xa7I\x1a\x07\xfc\x15\xdf=\xf0C\x19\
M*\xb1\xbb\x06E\x87&\xe9\x09\xe0A\xd2\xc2\xbc\x07\
\x81WH\x07\xff\xbc\xca{\xc7\x06\xbf\x8f\xb4UrV\
`N\xd2\x81A\xcb\x90\xb6\xc9.\xdc\x82\xb8\x07\xf3:\
\xb0\x9d\x99y\x9c\xb70,\xa5#\x7f7\xcdl\xe6\xa2\
\xa2&Dh\xb1H\x00\xc2T\x8a\x05R\x9b\xd7\x1d\xc7\
\x08\xb6\x03\x22\x01(\xe7;\xc0\x0d\x94O\xf0f\x06\xd6\
\xa1\x05\x07\xb5\x98\xd9?%mH:\xfc\xa6\xb2\xedk\
\xc3X\xa4\xf8\xe7Y\xa3\xa0j\xcf\x01[\x9a\xd9m-\
\xba\xdf\xfa\xa4]\x22e\x89T; \xd4 ^\x01\x84\
\x81>\x02\x8c\xa9;\x88\x11lTw\x00\x9d\xca\xccn\
\x02\xce\xcdl\xa6ekC\x8aB>\xeb\x91F\xe1a\
x\xf7\x03\xeb\xb6\xb0\xf3\x07X:\xf3\xfa3\xcd\xecv\
\x97HB\xd3\x22\x01\x08\x03Uu\xf8\x8b\xa7N\x88\xb1\
\x9d\xfd*\xf3\xfa\x96\xee\x0c1\xb3\xb1\xa4\xa9\xf9S[\
y\xdf\x0es2\xf0a3\xfbo\x8b\xef\x9b\xfb\xbb\x10\
\xfb\xfek\x14\x09@\x18h\xde\xba\x03h@\x95+\xa7\
\xbb\x9aR%\xb8\xdfd6S\xd56\xbd!\x99\xd9x\
3\xdb\x15\xd8\x03\xa8t\xfdA\x87y\x1b\xd8\xdf\xccv\
7\xb3\xf15\xdc?\xf7w\xe1XIU\xd4>\x08\x0d\
\x88\x04 \x0c\xd4\xb6\xd5\xd2\xfa\xe9\x84\x18\xdbN\xd1\xf9\
_\x01\xac\x94\xd9\xd4k#\xff'\xd5(V\xb5\x7f\x84\
4\xdd\xdd\xeb\xee\x05\xd60\xb3:G\xd1\xaff^\xbf\
2pY$\x01\xf5\x88\x04 \x84\x1ePt\xfe\x97\x03\
+:4W\xebQ\xad\xc5\x0e\x90U\x80\xfd\xa9\xa6r\
`\xbb{\x8bTC`u3\xbb\xb7\xe6X\xeeqh\
c\x15\xe0\xf2H\x02Z/\x12\x80\x10\xba\x9c\xe3\xc8\x1f\
Re\xb9[\x1d\xda\xc9bf\x13\x8b\x91\xef\xca\xa4]\
\x02\xbd\xe2\x02`\x053;\xdc\xcc\xde\xa9;\x18R\xa9\
\xf0\xc9\x0e\xed\xc4L@\x0db\x1b`\xf0t2\x8d/\
\xea\x99\x89t\xeco\xa8\x90\xf3\xc8\x1f\xe0B3\xcb\x9d\
\xf6ucf\x0f\x03[I\xda\x8eTJv\xf1z#\
\xaa\xcc\xc3\xc0\xd7\xcd\xec\xefu\x07\xd2\x9f\x99\xbd(\xe9\
R\xd2aN\xb9\xfaf\x0266\xb3\x17\x1d\xda\x0b#\
\x88\x04 xz\xd6\xcc\x1a\x1a\x1dJ\x9a\xa5\xea`z\
]\xbf\x91\xbfW\xe7\x0f\xf0{\xc7\xb6\xdc\x98\xd9\xb9\x92\
. \x9d%p\x10\xb0\x5c\xcd!yy\x18\xf8\x09\xf0\
g3\x9bXw0C\xf8\x1d>\x09\x00\xa4\x99\x80H\
\x02Z$\x12\x806!i\x06\xd2~\xe7O\x90\xaa\x88\
\xf5m\xafy\x8a\xb4\x07\xfa\x1f\xc0\xbf\xcc\xac\xea\xf2\xa8\
\xa1P\x1c\x16\xb3\x15\xa9\x5c\xec\x82\xc0\x5c\xa4cU\x9f\
\x06\xae$\x8d\x86\x1f\xaf-\xc0aT0\xf2\x07\xb8\xcc\
\xcc.rl\xcfU\xd1A\x9e$\xe9\x14\xd2\xcf\xed0\
\xa0\xb2\x13\x0c+v\x0f\xf03\xe0T3\xf3\x98b\xaf\
\x8c\x99\xfd]\xd2\x95\xc0\x86NMF\x12\xd0*\xca\x93\
\x95@H:/\xe3\xde\xedX\xab\xbei\x92\xa6\x93\xb4\
\xbb\xa4\x87\x1b\xf8\xccO*\x1dg\x9as\xe6\xf6H\xf1\
\x1c\x94\xf13\xf9i\x13\xf7\x99%\xe3>\x95&A\x92\
\x96\x93t\x92\xa4\xc9#\xc41E\xd2\x99\x92\x96\xa92\
\x9efI\x9aG\xd2\xdd\x19\xcfw0/Ij\xb7\xc3\
\xa1\x86%\xc9\x94j\xf1\x9f!\xe9-\xe7\xe7Q\x857\
%\x9d&i\x0bI\xedZ\x8a{PJ\x7f3\xaf:\
?\x8f;\xd5\x01k\x02$m\x9f\xf1\x19\xcf\xcb\xbc\xf7\
t9\x0f8\x16\x01\xd6H\xef\x8d\xd2N\x04>\xd0\xc0\
%\x0b\x91\x8a\xb8\xfc[\xd2\xa2U\xc6\xd6\xab$}\x01\
\xb8\x0b\xd8\x8d\x91\x17\xc9\x1a\xb0#p\xaf\xa4\xafT\x1d\
[#T\xcd\xc8\x7f2\xb0k\x0dEf\xb2\x98\x99\xcc\
\xec\x223\xdb\x99T;b\x0fR\x09c\xd5\x1b\xd94\
n%\xedhX\xc4\xcc>cf\x17\x9bY\xbb\xc58\
,3{\x00\xd8\x09\xdf\x1a\x11}3\x01m\x9f\x04t\
\xaaH\x00j\x22i\x05\xe06R-\xedf\xadFJ\
\x02\xe2h\x5c'J\xa3\xc5_\x93\xdeq7[g`\
:\xe0\xd7\x92\xfeO5\x8e\xdc\xfau\xfe\x1e\xab\xfd\xfb\
L\x06\xf6\xa8\xfaH\xd9\xaa\x99\xd9\xabfv\x92\x99m\
\x0a,\x01\xec\x0b\x9cE:\xa1\xaf\xd5\x9e\x07\xce\x00\xf6\
\x01\x163\xb35\xcc\xec(3\x1bWC,n\xcc\xec\
\x12\xe0\xb3\xf8'\x01\xff\x92\x14\xc5\xbf*\x10k\x00j\
 iE\xd2\x17uN\xd5\xbd\x05y\xef=\x99\xe7\xbe\
\xec9\x1c\xdb\xaa\x8aI\x9a\xddk5z\xd1i\x1fK\
:\x87>\xc7\xfe\xc0\x8c\x92\xbe\xdc\xea\x11\x9c\xd2\xf1\xb5\
\x97\xe1\xdb\xf9O\x22\x8d\xfc\xcfpl\xb3vf\xf6(\
\xe9\xe7}l\xf1\xb3_\x89t\xbe\xc4\xba\xa4\xf57K\
\x03^\xaf\xd9\xde\xe1\xbd\x13\x05\xaf%-\xca\xbc\xa7\xd3\
F\xf8\x8d2\xb33%MO\x9a\xd5\x1c\xed\xd4\xec\xf2\
\xc0\x85\x92\xd63\xb3^\xac\xfbP\x99H\x00ZL\xd2\
r\xc0\xa5\xf8\x94\xdc\x9d\x1b\xb8R\xd2f\xc5\xa1)e\
cZ\x814\x95\xfd\x19\xd2Q\xa6\xedn:`\x9c\xa4\
\x1bH\xa3\xb83\xcc\xec\xd92\x0d\x15\x1d\xc01\xe4w\
\xfe}\xf6\x05\xa6\x93\xf4E3\x9b\xe2\xd4\xe6\xb0\x8a\xcf\
\xf0'\xd2h\xc9\xcbd\xe0s\xdd\xd6\xf9\x0fTt\xc4\
w\x15\xff~\x05 i4\xb0\x18)\x19X\x0eX\x94\
\xf4\xb76\x17\xe9\xa0\xac\xd9\x064\xf3:\xa9 \xd1\xb8\
\xe2\xdfc\xa4\x0e\x7f,\xf0X\xab~\x0f\xda\x85\x99\x9d\
*i\x22\xe9\xec\x06\xaf>f5\xe0dI;tk\
\xf2T\x8b\x9c\x05\x04\x8aE\x80MQZ(\xf3L\xe6\
3\x1f\xccK\x92\xd6h2\x96\x85$\x1d \xe9\xbf\x8e\
q\xb4j\x11\xe0@\x93$]*iG\xa5\xd1G\xa3\
1\x98\xa4\xdf8\xc6\xd1\xdfqj\xd1\x1a\x1bI\xfb;\
\xc7>Q\xd2\xce\xad\x88=t/I\x9fU\xfa\xdb\xf4\
\xf4\xa5\xba?\xd7@\x8aE\x80a$J\xd3\xfeWS\
\xcdA6s\x02\x17k\x845\x01J\x1d\xdeV\x92.\
\x01\x1e\x07~\x0c,\xe9\x18G3#\x1d\xcfQ\xd1h\
`\x13\xe0L\xe01I?\x90\xb4\xc0p\x17\xe8\xbdi\
\xff\xaa\xbeP\xfe\x078F\x15\xaf\x09\x904+i\xdf\
\xbb\x97\x9e\x18\xf9\x87\xea\x99\xd9\xa9\xc0.\xf8\xae\x098\
\x5c\xe9uWp\x10\x09@\x0b\xc8\xe7\x9d\xffH\xe6&\
\xad\x09\x98&\x09\x904\xb3\xa4}\x80\xfbH\xa5D7\
\xa3\x9a\x9f}\xc3\x8b\x98\xcc\xecm\xaa\xa9\xe3\xbe\x00p\
0\xf0\x88\xa4?K\x9afZ\x5c~\xef\xfcG\xb2/\
\xf0\x9b\x8a\x93\x80/\xe3\xf7{5\x09\xf8l\xf1\xc5\x1d\
B63;\x13\xf8\x1c>\xe5\x82\x01\xe6\x01\xf6vj\
\xab\xe7E\x02P\xb1\x16u\xfe}\xa6J\x02$\xcd(\
\xe9k\xa4jb\xc7R}u\xb4'\x9a\xfc\xef\x9f\xaa\
$\x8adF\xd2\x17\xcf\x1d\x92\xce\xedK\x04Z\xd8\xf9\
\xf7\xa9:\x09\xd8\xc1\xa9\x9d\x18\xf9\x87JT0\x13\xd0\
q\xaf\x7f\xdbU,\x02\xacP\x8b;\xff>}I\xc0\
/H\x9d\xcf\x22-\xbcw\xb3\xb5\xfd\xaf\xa1\xfaE\x87\
\x06|\x12\xd8F\xd2\xd9\xa4\xf3\xd3w\xaf\xf8\x9e\x03\xed\
\x0b \xe7\xdd\x01\x92\xe6\xc5\xa7\xd2]W\xae\xf6\x0f\xed\
\xc3yw\xc0\xda\x92\xe62\xb3\x97\x1cB\xebi1\x03\
P\x91\x9a:\xff>s\x03G\xd2\xda\xce\xffV3{\
\xb2\xc9kZy\xb0\xc9(R\xa1\x92Vw\xfe}\xaa\
\x98\x09X\x9e\xfc\xbf\xe1\x18\xf9\x87\x96p\x9c\x09\x18M\
g\xecVj{\x91\x00T@\xbe[\xfd:\xc5\xff\x95\
\xb8\xe6\x02\xa0\xa3\xaa\xcbe\xda\x17\xf0\xdc\x1d\x90\xbb\xa0\
\xb4\xaf\xc8O\xbc\xf3\x0f-Q\xac\x09\xf0(\x164\xec\
\x22\xdf\xd0\x98x\x05\xe0\xac\xe8\xfc\xaf\xa4\x9a\xd5\xfe\xed\
\xeav\xd2\x0a\xfc\xa6\x98\xd9\x14I\xdf\xa0\xb53\x01u\
\xdb\x1b@\xd2>\x0e\xfb\xc3g\xca\xbc\xfe!\xa0e\x15\
\xfe\x8a\xd9\x8fuI\x07^\xadA:\xbaw\x0c\xe9\xb5\
\xcc\xa3\xa4\xdf\xa3\x0b\x81\xab\xda\xf8\xe4\xbb\x8e\xa2t\xc8\
\xd8\x86\xc0\x96\xc0\xaa\xa4\xfa\x063\x02o\x92\xd6\x06\xdd\
\x02\x9cof\xd7\xb70\xac\xcbI\xb5\x12rv \xc5\
i\xa2\x1er\xf6\x10*\xea\x00LE\xd2\x8a\x92\x9e\xcb\
|\xa6\x9d\xe6u\xa5\xd7\x1d9\xcf\xed\xc4\xba?D\x0d\
~\xab\xcc\xd7\x01J\x87\xc6\xe4\xbaE\xd2\x9c9q4\
\x10\xa7I\xfa\x8c\xa4\xb1\x0d\xc6\xf4\x98\xa4/\xab\xc2C\
\xaf\xba\x9d\xa4\x99$}U\xd2\x13\x0d>\xf3\xfb$\xed\
\xd8\x82\xb8\xe6\x96t{3\xbf\xa0C\xd8\xb8\xeaX\x1b\
\xa5\xa8\x03\x10T\xef;\xff\xba\xbc\x03lof\xf7d\
\xb6\xf3?\xc0?\x1d\xe2\xe9$\x1ek\x02<vQ\xac\
\x0e\x5c\xaa\x8a\x92\x00I\xf3\x91\xca\xdf\xfe\x85\xc6\xdf\xdb\
.J\xaa\xce8V\xa9\x98L|O5H\xd2(I\
\xbb\x91\xaa\x10\x1e\x0d,\xdc\xe0\xa5\xcb\x03gJ\xfa\xa7\
\xd2\x99\x12U\xc467\xa9\x5c\xf5\xaa\x0e\xcd5\xbb\xde\
(\x0c\x22\xfe\xb0\x1cHZ\x1e\xff\xce\xff\x15\xe0e\xc7\
\xf6\xbc=\x05l`f\x97\xe66df\x13\x80mH\
\xdb\xf3\xda\xd9#\xce\xed\xed\x0b\xfc:\xe3\xfa{I\x07\
\xcb\xe4\xaa$\x09P*1}\x03\xb0A\xc9&\x16\x03\
N\x01nV\x1b\x8d\xf8\xda\x95\xa4MI'\x0b\x9eD\
J\xa2\xca\xd8\x14\xb8A\xe9U\xa6\x1b\xe7\xce\xff)\xd2\
\xf9\x0a!S$\x00\x99$\xcdEz\x87\xed\xdd\xf9o\
F\xaan\xd7n[]\xde\x01~\x09\xaclf7x\
5jf\xef\x98\xd9\xbe\xc0\xc7\x01\xcf\xc3\x8d\xbc\xfc\x99\
T\x1b\xfed\xe7v\xbf,i\xbf2\x17\x16k\x08\xbc\
\xde\xe1\xbb&\x01\x92V\x22\xad\x85Y\xdc\xa1\xb9\x0f\x01\
\x97I\xbaP\xd2\x87\x1d\xda\xeb*\x92\xd6V\xaa\xee\xf9\
O|:\xd8%\x80\xab\x8a\x04.\x9bs\xe7\x0f\xf0\x8f\
8\x0f\xc0I\xce\xfb\x03\xc5\x1a\x00$\x9d\x9f\xf9\x0c\x07\
zY\xd2\x9a\xfd\xda\xff\x90\xa4q\xce\xf7h\xd6\xdbJ\
S\x83\xfb(\xfd1W\xfdLM\xd2:\x92\x8e\x96\xf4\
H}\x1f\xfb]\xc7\xab\x98\x86\x964Z\xd2I\xce\xed\
O\x94\xb4V\xc9g\xb5\xa6\xa4)\x8e\xb1\xdc\xae\xcc\x9f\
\xb1\xa4\xe5U\xcd\x99\x17}\xaeU:\xf7\xa1g\x070\
J\x7f#[+\x9d\x81Q\x95\xe7\x94\xbf\xbeg\x0eI\
7;\xc64E\xd2\x87\xbc\x9e\xa3\x07u\xf0\x1a\x80H\
\x00\xf2\xe2\xdf \xf3\xf9\x0d4U\xe7\xdf\xef>u$\
\x01\xcfI\xfa\x83\xa4\xed\x94\xea\xcd\xd7F\xd2\x0a\x92\xbe\
-\xe9_\xf2\xed\xec\x1a\xf1n\xe7\xdf/\x9e*\x92\x80\
\xab2\x9e\xcf\xb9\xce\xb1\x94^\x18(i%I\xcf;\
\xc73\x94{$\xed\xa9\x1eZ,\xa8\xb4\xb8ooI\
\xf7\xb7\xe8\x19?\xab\x923\x01\xf2[\xf0\xd7_\xdb\xd5\
\xabP$\x00\xa5\x83\xef\xf4\x04\xe0\xb2\xcc\xe7\xd7\xdf\xa0\
\x9d\x7f\xbf{\xb5\x22\x09xG\xd29\x92\xb6Q\x13\xa7\
\xea\xb5\x92\xa4\xc5%\x1d*\xe9\xa1\x8a\x9f\x854H\xe7\
\xdf/\x8e*\x92\x80\xf5J>\x93%\xe4\xff\xbb\xd1t\
\x12\xa0\xd6v\xfe\xfd\x8dS:\xd5\xb1k_\x0f(M\
\xf3\xffN\xe9{\xa2\xd5\x9aN\x02TM\xe7\xff\xbc\xa4\
\xc5\xaaz\xc6e)\x12\x80\xd2\xc1wl\x02 iN\
\xa5\xa9[\x0f\xc3v\xfe\xfd\xeeYU\x12\xf0\xb4\xd2\xd1\
\xc0\xefo\xc5\xb3\xf3\xa04\x05\xba\xa1\xd2+\x98*f\
\x05\x86\xec\xfc\xfb\xc5\xe0\x9d\x04\xfc2\xe3yl,\xbf\
\xdf\xc7>\x0d'\x01\xaa\xaf\xf3\x1f\xe8^\xa5\xd9\xa2V\
V\xc1\xac\x84\xa4E%\x1d\xa4\xd6\x8d\xf6\x87\xd3p\x12\
\xa0j:\xff\x09\x926\xa8\xf8\x91\x97\xa2H\x00J\x07\
\xdf\xc9\x09\xc0\x0e\x99\xcf\xaeOC\x9d\x7f\xbf\xfbz&\
\x01\xf7*M\xa1\xceP\xe5\xb3\xaa\x9a\xd2;\xe7?*\
\xadU\xf00b\xe7\xdf\xef\xde\x9eI@\xd6vJI\
{H\x9a\xec\x14K\x9f\x11\x93\x00\xb5O\xe7?\xd0\xed\
\x92~\xa8\xb4\x9e$\xb7\xfe|\xe5\x94~\x97>*\xe9\
HIw\xd6\xf8\xdc\x862b\x12\xa0j:\xffIJ\
[\x1b\xdb\x92\x22\x01(\x1d|''\x00\xdf\xc8|v\
R\x93\x9d\x7f\xbf{\xaf\xa2\xc6\x0b|\x0c\xe61I\xbb\
\xaa\xcb\x16QIZL\xd2\xc9\xca\xeb\x04\x8fj\xf6\xb9\
\xc8/\x09x\xcd\xe1\x19|.\xf3\xf3\x0f\xe6V\x0d\x91\
\x04\xa8};\xff\x81^P\xfa\xdd\xd8Fm\xb4f@\
\xe9\xc4\xcem%\x9d\x22\xe9\xc5\x1a\x9fO\xa3\x9e\xd3\x10\
I\x80z\xb0\xf3\x87H\x00r\x82\xef\xe4\x04\xe0\xc7\x99\
\xcfn\x8a\xa4u3\xee\xbf\xa0\xd2\xca\xfcf\xbc\xac4\
=\x9a[B\xb6\xad)\xcd\x924\xbb>\xe3eI{\
e\xdcs\xb4\xa4\x8b\x9b\xbc\xe7`\xc68|\xfe\x96$\
\x01\xea\x9c\xce\x7f\xa0\x17%}K5\xfe\x1dH\x9aY\
\xd2\x81\x92^\xaa\xf5I\x943M\x12\xa0\x1e\xed\xfc\xa1\
\xb3\x13\x80\xae\x1a\x01\xb6\xd8\xf8\xcc\xeb\x0d8@%\xa7\
\xdf\xcd\xeci3\xdb\x0c\xd8\x0e\xf8\x170\xdc\xbe\xd8g\
\x80C\x81\x0f\x98\xd9O\xcd\xec\xed2\xf7\xec\x14fv\
\x9b\x99mB*@\xf3O\xd2\xa17Cy\x91T\xd7\
`Y3\xfbS\xc6m7\x00\xd6\xcf\xb8\x1e\xd2\x01)\
oe\xb6\x81\x99\x9d\x00\xec\x05\xe4\x9e5\xd0_\xdf^\
\xfc9\xe1\xdd}\xfe\x97\x03\x95T\x8d\xab\xd8\xdc\xc0\xcf\
\x80\xbb$\xad\xdc\xea\x9bKZ\x0d\xb8\x07\xf8\x11Pi\
\x19\xe6\x8a\xcc\x0b\x5c\xa1\x22\x09\x90\xff>\x7fH\x7f\xb3\
{\x9a\x99w\xdd\x8d\xd0O\x1c\x06T\xde\xb3\x0em|\
\x02\xf8\xab\xa4\x1d\x8ajxM3\xb3\xbf\x01\x7fSZ\
\xf4\xb4\x0e\xb0\x22\xe9\xb0\x0f\x01\x8f\x037\x91\x8e\xea\xf5\
\xec\x0c:\x82\x99]\x0d\x5c]|Am\x0c,E\xea\
\xb0\xde\x01\x9e\x03n\x06n*\xfb\xec\xfb(U\xa9;\
\x1f\x989/b\x9e\xf3\xfa9\x99\xd9\x09\x92\x00\xfe\x84\
_\xc1\xaf\xbe$\xe0\x1b\xc0Ytf\xe7\xdf\xdf\xd2\xc0\
\xbf%\xedhf-9\x14I\xd2\xb6\xc0i\xe4\xff\xae\
\xd4\xad/\x09\xd8\x118\x8a\xe8\xfc;R$\x00\xe5\xdd\
\xe8\xd4\xce'\x80\xf3$m\x97327\xb3'\x803\
\x8a\x7f\xa1\x1f3\x1bG\x89\xd3\x0a\x1b!i}\xe0<\
|\xbe\xd0\xbd~\xa7\x80J\x93\x80\xab\x9c\xdaj\x07\xb3\
\x00gI\xda\xcc\xcc\xae\xab\xf2F\x92>\x06\x9cN\xfe\
)\x8e\xedb^\xe0j\xe76\xa3\xf3o\xa1x\x05P\
\x92\x99\xddM:\xc2\xd4\xc3\x16\xc0\xb9\xea\xf2w\xf3\xdd\
\xa6\xe8\xfc/$\x1di\xeb\xe1|\xa7v\xdeU\xd1\xeb\
\x00O\xaf\x00/\xd4\x1c\xc3,\xa4\x83p\xe6\xa8\xea\x06\
\xc5,T;t\xfe\xcf\x03\xaf\xd6\x1c\xc3P\xa2\xf3o\
\xb1H\x00\xf2\xfc\xde\xb1\xad-H#\x91\x8e\xde\x92\xd7\
+\x8ai\xff\x8b\xf1\xeb\xfc_\x04\xceujk*m\
\x9c\x04\xf4\x9dy\xb1$p8\xf0z\x8d\xb1,\x08\xfc\
\xa4\xc2\xf6\x7f\x01\xcc_a\xfb#y\x158\x84\xf4\xac\
7\xa7\xfd\x92\x80\xe8\xfck\x10\x09@\x9e\xa3\xf09\x92\
\xb5O\xdf\xeb\x80\xbaG\x09a\x18\xce\xd3\xfe}\x8e4\
\xb3\xca\xbe\x94\x8b$\xe0\xb3\x0c\xbf \xb2\x95^\x056\
7\xb3\x9b\xcd\xecu3;\x02\xf8\x00\xa9\x13\xce^\x08\
Y\xd2\x9e\xaa\xa0\x80\x90R\xf5\xba\xcfz\xb7\xdb\xa0\x09\
\xc0q\xc02f\xf6\x033\x1bof7\x92\xd6\xc4\xb4\
\xcbi\xa3\x93\x81\xcfG\xe7\xdfz\x91\x00d0\xb3\xb7\
Hg\xd9{~\xa9n\x01\xfc%vh\xb4'I\x1f\
\xc5w\xe4\x0fp\x0d\xf0\x1b\xc7\xf6\x06ef\xa7\x03{\
S\xffL\xc0+\xc0\xa6fvS\xff\xff\xd1\xcc\xc6\x99\
\xd9\x81\xa4S\x17\x8f\x01\xdehq\x5c\xd3\x93\xfe\x9e\xbd\
}\x91\xd6\xaf\xb7\x1aO\x1a\xa0,af\xfb\x98\xd9T\
\xc7F\x9b\xd9\xad\xa4\x937\xeb\x9e\x09\xe8\x1b\xf9\x9fT\
s\x1c=):\x99Lfv\x11p\xa0s\xb3\xdb\x91\
\xb6\x08\x856\x22iq\xd24\xbd\xe7\xc8\xffQ\xe0S\
\xb9;\x11\x1a\xd5\x063\x01\xef\x8e\xfc\x87\xfa\x0f\xcc\xec\
\x093\xfb*iZ~\x7f\xe0\xc9V\x05GJ\xc0\xbd\
}\xbc\x826\x87\xf2\x1cp\x04\xb0\x98\x99\xedofC\
\xceP\xb6\xc1L@\x8c\xfck\x16\x09\x80\x033\xfb9\
\xf0=\xe7f\xbf\xa5\x92G\xc4\x86\xca\xfc\x06\xdf\xado\
O\x00\x9b\x0c\x1c\x9dU\xad\xc6\x99\x80AG\xfeC1\
\xb3\xd7\xcc\xec(\xd2\xf6\xcd\xbd\x80\xbb\xaa\x0c\xae\xf0!\
9\x14c\xea#iv`%\xaf\xf6\x86q\x07\xb0'\
\xb0\xa8\x99\x1dnf/5rQ\x8d3\x011\xf2o\
\x03\x91\x0081\xb3\xc3\x80\xef;69\x8aT\xac$\
\xb4\x01I\x9b\x02[:6\xf9\x04\xb0\x81\x99=\xe4\xd8\
f\xc3j\x98\x09\x18q\xe4?\x143{\xc7\xcc\x8e7\
\xb3UHu.~Bu;\x07F\x03\x0b8\xb6\xb7\
\x10\xd5}\xcf\xbeBz\xbf\xbf\x9e\x99\xadff'\x94\
\x99I\xea7\x13\xd0P\xd2\xe0 F\xfem\x22\xea\x00\
82\xb3C\x956^\x1f\xea\xd4\xe4z\x92>hf\
\xf79\xb5W\x89b\xe7\xc2\x92\xc0r\xc02\xc0\xe2\xc0\
\xac\xa4\xf7\xe4\xb3\x91\xde\xad\xbeEZ\xe5\xfd*i\xca\
\xf1A\xe0\x01`\xac\x99\xd5\xbd\x0d\xac\x11\xfb8\xb6\xf5\
\x04\xb0\xa1\x99=\xec\xd8f\xd3\xcc\xec\xf4b\xc1\xa9g\
\x9d\x80\xc1\xbc\x02lV\xa6\xf3\x1f\xc8\xcc\xee\x05\x0e\x94\
t\x18\xb0-\xb0\x07\xb0)\xe9w\xcc\xcb<\xc0\x7f\x9d\
\xda\x9a\xdb\xa9\x9d>\x13\x80K\x81\x13\x80\xf3\xcd\xec\x1d\
\x8fF\xcd\xecVI[\x02\x97\x00\xb3{\xb49\x84X\
\xed\xdfF\x22\x01pff\x87I2\xd2\x96\x1b\x0f;\
\x00m\x95\x00(\x9d\x01\xb1\x0a\xb0I\xf1o}\xa0\xf4\
\xf6EI\xcf\x91\xca\x19_\x06\x5cW|\xc9\xb7\x0d\xa5\
\xc3c>\xe1\xd4\x5c\xdf\xc8\xbf\xd6\xce\xbfOQ,\xe8\
m\xe0\x14\xd2\xe8\xd7[\xe9\x91\xffp\x8a\x8e\xefL\xd2\
\xfe\xfd1\xc0F\xc0\x8e\xc06\xe4w`\x9e\xc9\x84G\
[o\x00W\x92\xaa/\x9eW\xd5n\x113\xbbQ\xd2\
F\xa4\x04c\xae\x0an\x11#\xffv\x93s\x90\x80z\
\xf80\xa0\x91H:\x22\xf3\xd9\xf6\xf9{\xdd\x9f\x05@\
\xd2(I\xebJ\xfa\xbd\xa4\xd7\x9d>\xdbP\xee\x95t\
\xb8\xd2\xf6\xa9\xdaIZ\xd3\xe9s=.i\xc9\xba?\
\xcf`T\xcd\x01B/KZ\xa3\xc5\x9fc\x06I\x9b\
Kz4#\xee\xdc3\x1d\xfa\xc7\xb3QF\x1c\x0fK\
\xdaT-\xae\x0d\x22i-I\xafd\xc4=\x98\x8e8\
\xd8\xa7\x0c\xc5a@a\xa0bM\x80\xc7\xc2\xc0Z;\
A\xa5S\xbe\x0e'\x9d+p\x0d\xf0\x05\xd2\xf4~\x95\
>\x08\x1c\x06<$\xe9B\xa5\xa2;uZ\xdc\xa1\x8d\
\xbei\xffZ\xde\xf9\x8f\xa4\x825\x01}#\xff[\x9c\
\xdak\x88\x99M0\xb3K\xf0\xad\xcfQ\x97'\xcd\xec\
\xd2V\xed\x10\xe9S\xac\x09\xd8\x08\xbf5\x011\xf2o\
S\x91\x00T\xc8ia\xe0,\x1e\xb14K\xd2\xbcE\
\xc7\xff\x10\xa93^\xa8\x860F\x93V(_&\xe9\
6I;*\xbd^i\xb5\xdc\x9fA\xad\x0b\xfe\x1aU\
\xec\x0e\xd8\x0d\xc8=-\xf2I`\xa3FW\xfb\x87\xf6\
cf\xb7\x91*\x06>\x9d\xd9\xd4\x9b\xc0.\xb1\xda\xbf\
=E\x02P\xbdK3\xaf\x7f\xc5%\x8a\x06I\x9a^\
\xd2~\xbc\xd7\xf1W\xb9 \xa8\x19\xab\x91\xde\xf9\xde$\
i\xcd\x16\xdf;\xf7\x9d\xeb\xe3\xed\xf2\xce\x7f$fv\
\x1aiMG\xd9\x11\xf4\xf5\xc0\x9aE\x07\x12:X1\
{\xb3&\xe9D\xd12\x1e'\xedP\xa8\xe4 \xae\x90\
/\x12\x80\xea\xe5\x16\xf4y\xd4#\x88FH\xda\x80\xb4\
\x9f\xf8WT?\xcd_\xd6\x1a\xc0\xf5\x92\x8e\x92\xf4\xbe\
\x16\xdd3\xb7\xf3\xfe\xa8\xa4\xcd\x5c\x22i\x81b\xc1\xde\
\xb2\xa4\x02W\x8d&\xa0\x8f\x93vJ|\xcc\xcc<\x8e\
\xca\x0em\xc0\xcc\x9e\x06\xd6\x06v\xa2\xf1\xbf\x83\xf1\xa4\
\xad\x9a+E\x22\xd8\xde\x22\x01\xa8\x90\xa4-\x80\x8ff\
6s\xa5G,\xc3\x914\xa3\xa4\xa3\x80+H\xef\xdf\
\xdb\xddt\xc0\xd7\x80{$\xad\xd3\x82\xfb\xddC:E\
-\xc7\x0fkz}Q\x8a\x99\xbdaf?!\xd5\xe7\
\xff\x0cp*p/\xe9\xbd\xf0\x14\xe0Y\xe0v\xe0\xd7\
\xa4\xeayK\x9b\xd9qf6\xa9\xa6\x90CE\xccl\
\x8a\x99\x9dE\xfan\xf88\xa9 \xd6\x1d\xa4\xdf\x81)\
\xc08\xd2\xef\xc6\xc9\xc0\xa7\x81\x85\xcd\xec@3{\xad\
\xa6\x90C\x83b\x1b`\xb5\x0e\xcf\xbc~2\x15\x1c\x11\
\xdb\x9f\xd2J\xfb3\x80N\xac:\xb8\x08p\xb5\xa4\x1f\
\x02\xdf3\xb3J*\xdb\x99\xd9\x14I\xe7\x93\xaa\xd1\x95\
\xb5\x06\xa9\xa3\xbc\xc8'\xaa\xd60\xb3WH\xc7\xd8\x9e\
^w,\xa1^\xc5\xd6\xcb\x8b\x8b\x7f\xa1\x0b\xc4\x0c@\
E$\xadG~\xa7z\xba\x99=\xe1\x11\xcf`$m\
N*\xaf\xda\x89\x9d\x7f\x9f\xe9Hk\x15\xceT\xb5\xa7\
(\xfe\x82\xfc\xd2\xb9\xdf\xf4\x08$\x84\x10<D\x02P\
\x9d\xafg^?\x09\xf8\xa1G \x83\x91\xb4\x0biv\
\xa1U\xef\xd1\xab\xb6\x03p\xa5$\xef\xcak\x00\x98\xd9\
\xfd\xe4\x8f\x827\x96\xb4\xaaG<!\x84\x90+\x12\x80\
\x0a(\x15{\xd9&\xb3\x99\xe3\x8bN\xc7\x9d\xa4\xaf\x91\
\xde\xd7yV<k\x07\x1f\x01\xae\x90\xe4Y\xcb\xbd\xbf\
\xef\x02\xb9\xa5Ws\x13\xc3\x10Bp\x11\x09@5\xf6\
!\xaf\xac\xeax\xf2\xd7\x0f\x0cJ\xd2>\xa4s\xc2\xbb\
\xf5g\xbf2p\xa9$\xf7R\xa6f\xf6\x08i\x01T\
\x8eOKz\xbfG<!\x84\x90\xa3[;\x81\xdaH\
\x9a\x9eTL%\xc7\xcf\xcd\xec\x19\x8fx\xfa\x93\xb4-\
\xf9\x1dX'X\x01\xb8P\x8e\xc7\xba\xf6\xf3C\xf2\xce\
O\x9f\x81\xb4\xaa>\x84\x10j\x15\x09\x80\xbf\xad\x80\xf9\
3\xae\x7f\x9d\xb4\x0f\xdfU\xb1\xc7\xff\x0c\xaa9\xf0\xa5\
\x1d\xad\x05\xfc\xc5\xbb\xdcuq\xce\xfa1\x99\xcd\xec\xed\
\x11K\x08!\xe4\x88m\x80\xfe\xf6\xc8\xbc\xfe8\xef\xd3\
\xbe\x8aw\xe2\xa7\x033z\xb6;\x88\x97\x80\x1b\x81\xfb\
\x81\xb1\xa4\x91\xf2+\x80H\xe5t\xc7\x90\xf6\x95/\x0b\
\xacJ:\xdb\xbd\xca$t\x1b\xe0`\xf2\xcb1\x0ft\
\x0c\xf0-`\xe6\x92\xd7\xaf,iU3\xbb\xc31\xa6\
\xe0\xe74\xa5\x13\x12=\x94\xfd\x1d\x09\xa1r\x91\x008\
\x924\x1bi\xafwY\x13\x81\xa3\x9d\xc2\x01@\xd2h\
R\x11\x97\xf9<\xdb\xed\xe7!\xd2\x82\xc2\xf3\x81;\x9a\
\xd9\x8b_\xbc\x0b\xdf\x10\xd8\x05\xd8\x92\x8c#\x85\x87q\
\x98\xa4k\xcc\xec*\xaf\x06\xcd\xecyI'\x02_\xcc\
hfGR1\x95\xd0~\x16\xac;\x80\x10Z!^\
\x01\xf8\xda\x0a\xc8\xd9\x8b~\x86\x99=\xee\x15L\xe1\x10\
R'\xeb\xedR\xd2\x89aK\x9b\xd9\x11fv[\xb3\
\x85x\xcc\xecE3;\xcb\xcc\xb6#\x1d6t\x18\xa9\
\xaa\x98\xa7\xd1\xa4W\x01\xf38\xb7\xfbK\xf2\xea\x02\xec\
\xe0\x15H\x18T%E\xa1Z\xac\x1b>Chc\x91\
\x00\xf8\xca\xfdR\xff\x83K\x14\x05I+\x00\xdf\xf1l\
\x13\xb8\x0dX\xc7\xcc63\xb3+\xcdL\x1e\x8d\x16\xc9\
\xc0\xf7HG\xef\xfe\x10\xf0<\x02u\x01\xe0\xe7\x8e\xed\
af\xff\x01\xae\xcehbYI+z\xc5\x13\xa6\x91\
[\xba\xb9\x1d\xc4\x99\x0a\xa1R\xf1\x0a`\x80\xa2^\xfb\
\x87\x80O\x00K\x92:\x8f9\x1b\xbc<\xe7\x0b\xfd!\
\xe0\x9a\x8c\xeb\xa7R|\x8e\xdf\xe0\xb7\xd7\xffm\xd2\xe1\
0\xc7\x98\x99\xd7\x99\xf1\xd30\xb3\xf1\xc0w%\x9d\x0c\
\x9c@\xda\xdb\xefa7I\x7f43\xb7gL\x8a/\
gv\xe5|I\x8d\xccxL uhO\x00\xff\x06\
.,J\xf4\x86\xa1\xe5\x1ec\xdb\x0e\xca\x9e\xc8\x18B\
C\x22\x01(\x14\xab\xc5w!\xed\xbf_\xb2\x86\x10N\
\xf2\x1aM\x17v\x05>\xe6\xd4\xd6\x7f\x81\x9d\xcc\xecv\
\xa7\xf6Fdfc%\xadO:M\xf1\x1b@\xeeA\
:\x06\xfcV\xd2\x87\xcclbv\x80\xc9_IIV\
\xd9\x93\x13\x17/\xfe5\xe3+\xc0DI\xa7\x02\x87U\
\xf0\xca\xa8[t\xc3\xfa\x8a;\xeb\x0e t\xb7x\x05\
\xc0\xbb\xab\xe4\xaf%-f\xab\xa3\xf3\xa7\xb8\xb7\x8b\xa2\
\x16\x81\xd7\xca\xf7\x9bIS\xfe-\xeb\xfc\xfb\x98\xd9D\
3\xfb\x16\xf09Ri\xe4\x5c+\x92\xbfK\xe3]f\
\xf6\x06p\x8eW{M\x98\x9e\xf4L\xc6J\xfa\x9f\x1a\
\xee\xdf\x09\xce'\x1d\xa6\xd5\xa9&\x03\x17\xd6\x1dD\xe8\
n=\x9f\x00H\xfa p\x13\xe9\xcc\xeb\xba\xdcUT\
\x99\xf3\xb2\x07\xb0\x98C;W\x02\x1b\x9a\xd9\x0b\x0em\
\x95ff'\x91V\xcd{\x8c\xdc\x0f\x94\xe49\xf3\xf5\
w\xc7\xb6\x9a5\x13p\x9c\xa4_\xd4\x18C[2\xb3\
\xe7i\xc1Q\xda\x15\xfa\xa7\x99\xbdXw\x10\xa1\xbb\xf5\
t\x02P\x1c\x1cs\x1e\xb0p\xcd\xa1\xfc\xc3\xab\xa1b\
\xdb\xdf\xb7\x1d\x9a\xba\x0b\xd8\xbe\x18\xe5\xd6\xce\xcc\xfe\x06\
\xecI\xfe\xca\xe8%Ig\x96{\xb9\x84\xfc\xf3\x01r\
}C\xd2\xfe5\xc7\xd0\x8e\x0e&\xd5\xa0\xe84\x22\xed\
\xde\x09\xa1R=\x9d\x00\x00\x7f\x06\x96\xaa;\x08|\xa7\
\xfav\x00\x96\xcel\xe3\x19`\xb3v[hff\xa7\
\xe2\xf3j\xe3\x00\x876\x80w\x17-^\xeb\xd5^\x86\
\x9fKZ\xa3\xee \xda\x89\x99\xdd\x04\x9cVw\x1c%\
\x9chf\xb7\xd6\x1dD\xe8~=\x9b\x00H\xfa\x18\xb0\
u\xddq\x90\xf6\xbd\xdf\xe0\xd8\xde\xe73\xaf\x9f\x02\xec\
nf\xcfy\x04S\x81\xef\x91j\x10\xe4XQ\xd2\x9a\
\x1e\xc1\x14.pl\xab\xac\xd1\xc0O\xea\x0e\xa2\x0d\xed\
C\x9a\xcd\xea\x14w\x90\x16z\x86P\xb9\x9eM\x00p\
\x1c\x05f:\xdb\xcc<\x16\xb8\xf5-f\xdc$\xb3\x99\
_\x9a\xd9e\x1e\xf1T\xa1(6\xb4'\xe9\xcc\x84\x1c\
\xbb;\x84\xd3\xe7l\xda\xa3h\xcbF\x92>\x5cw\x10\
\xed\xa4\x98\xa1\xd9\x96\xb4\xcd\xb6\xdd\xfd\x07\xd8\xa6]^\
\xbb\x85\xee\xd7\x93\x09\x80\xa4\xd9\x81\x8d\xeb\x8e\xa3p\x82\
c[\xbb\x92w\xd8\xcf\x93\xc0\x11N\xb1T\xc6\xcc\x9e\
\x22\xff\xb8\xe4\xcfHr)=lfO\x02\xed\x924\
mWw\x00\xed\xc6\xcc\x1e\x05>\x0c\x5c^s(\xc3\
\xb9\x14X\xcb\xcc\x9e\xa8;\x90\xd0;z2\x01\x00\xd6\
\xa3\x9a\xba\xf3\xcd:\xcf\xcc<\xa7\xff\xb7\xcf\xbc\xfe\xe0\
b\xc4\xd4\x09\x8e&oT77~u\x12\xa0}\x16\
\x9c\xe5\xce\x00u\xa5\xe2\x14\xc7\xcd\x80\x9d\x80G\xeb\x8d\
f*O\x91^S|\xdc\xccr\x8e\x99\x0e\xa1i\xbd\
\x9a\x00,Rw\x00\xa4w\xff\xfby5V\x1cD\x94\
\xb3\x08\xec\x11\xe0/N\xe1T\xaexm\x92\xfb\xce\xdb\
\xed\x8c\x043\xbb\x05\xf8?\xaf\xf62\xb4\xc3\xefv[\
2\xb3)fv\x16\xb0\x02\xa9\xe8\xd7\x19@\x1d[\xed\
\x9e'\x9d\xce\xf9i\xd2Y\x1a\xc7UY]3\x84\xa1\
\xf4j%\xc0\xf9k\xbe\xff\xdb\xc0\xcef\xf6\x98c\x9b\
\x1f#\xef\xe7\xf9+\xaf\xb5\x08-t\x22\xf0\x03`\xde\
\x92\xd7{\xbf\x06:\x80Tlh3\xe7v\x9b1\x8f\
\xa4\xe9:\xf0g\xd92f\xf6&iw\xc0i\x00\x92\
f\x22\x1dF5G\xc5\xb7~\x19x\xda\xcc\xbc\x8e\x1a\
\x0e!K\xaf&\x00^\xf5\xf1\xcbx\x05\xd8\xce\xf3x\
\xda\xc2F\x19\xd7N\xa0\x83F\xff}\xccl\x82\xa4\xd3\
(?\x93\xb2\xba\xa4\xd9\xcd\xecU\xa7x&I\xda\x06\
8\x05\xf8\x94G\x9b%\x8c\x22\xfd]G\x02\xd0\xa0\xa2\
C\xee\x84E\x82!\xb8\xea\xd5W\x00u\xf9;\xb0R\
\x05\x9d?\xc0\xea\x19\xd7^\xd2\xc1U\xc7N\xcd\xb8v\
4\xb0\xaaW \x00f\xf6\x0e\xe9=\xf3\xe7\xf1?\xda\
8\x84\x10\xdcD\x02P\xbd\xc7\x81?\x01\xab\x9b\xd9\xb6\
\xc5\x8a\xf1*,\x97q\xed%nQ\xb4\xde-\xe4\xbd\
\xc7]\xd6+\x90>f&3\xfb3\xa9\x1c\xf3\xe7\xe0\
\xad\x98\x00\x00\x1fdIDATW\x80\x7fQ\x7f\xb5\
\xc0\x10B\x98J\xaf\xbe\x02\xc8q\x22i\x8aw8\x02\
^\x00\x9ekEA\x1dIsP\xfe=8\xc0\x15^\
\xb1\xb4\x9a\x99I\xd2U\x94\x9frwO\x00\xfa\x14\xfb\
\xb9\x7f\x03\xfcF\xd2\x8c\xc0\xa2\xc0<\xc0,\x0d\x5c~\
\x09\x91\xa0\x87\x10*\x14\x09@\xf3\x1en\xc3B99\
\x9d\xd8\x1b\xc0\x03^\x81\xd4\xe4\x16\xca'\x0093'\
\x0d+^\x0d\xfc\xa7\xf87\x22I\xed\xb0\xa50\x84\xd0\
\xc5b\x84\xd1\x1drv5<hf\x9d\xde\xd9\x8c\xcd\
\xb8v>\xb7(B\x08\xa1\x83D\x02\xd0\x1df\xcd\xb8\
\xf6a\xb7(\xea\x93\xb3\x82{6\xb7(B\x08\xa1\x83\
D\x02\xd0\x1dr:\xb1\xb6:\xf1\xaf\xa4\x9cm|\x91\
\x00\x84\x10zR$\x00\xdd!g\x06\xa0SJ\xff\x0e\
\xe7\xb5\x8ck#\x01\x08!\xf4\xa4H\x00\xbaC\xce;\
|s\x8b\xa2>9\xbf\xc7\x9d\xbe\xfe!\x84\x10J\x89\
\x04\xa0;\xe4\x8c\xe2sf\x0f\xdaE\xce(>\xf7X\
\xe1\x10B\xe8H\x91\x00t\x87\x9cNlN\xb7(\xea\
\x93\xf3\x19\x22\x01\x08!\xf4\xa4H\x00\xbaC\xce\x0c\xc0\
RnQ\xd4'\xe73D\x02\x10B\xe8I\x91\x00t\
\x87\xa72\xae]Z\xd2h\xb7H\xea\x91S\x08\xe9i\
\xb7(B\x08\xa1\x83D%\xc0\xe6\xad i\xc7\x06\xfe\
\xbb\xf1\xc0s\xc0\xbdE\x15\xb8*=HZ\xccVf\
A\xdfL\xc0J\xc0\x1d\xae\x11\xb5\xd6Z\x19\xd7\xb6\xa4\
\x0a\xa2\xa4E\x80\xc5I\xa5\x80\x1bI\xb8\xbaaqf\
\x08\xa1\x8dE\x02\xd0\xbc\x9d\x8a\x7f\x8dzS\xd2\xd5\xc0\
\xef\x80\x7f\x98\xd9\x14\xef\x80\xcc\xecuI\xcf\x00\x0b\x96\
lb#:4\x01(f/\xd6\xcbh\x22\xa7\x8a\xe0\
\xb0$-D:\x0chG`\xc9\xaa\xee\x13B\x08e\
\xc4+\x80\xea\xcd\x02|\x9ct\x14\xf0\x8d\x92V\xaa\xe8\
>9#\xd9-\xdc\xa2h\xbdu\x8092\xaewO\
\x00$M/\xe9\x10R\x95\xc5\x03\x89\xce?\x84\xd0\x86\
\x22\x01h\xad5\x80\x9b\x1b|\x85\xd0\xac\x9b2\xae\xdd\
X\xd2\xc2n\x91\xb4\xd6n\x19\xd7N\xc0y\xe6C\xd2\
\xec\xc0\xa5\xc0\xf7\x80\x19<\xdb\x0e!\x04O\xbd\x9a\x00\
\xd4y6\xfb\x8c\xc0i\x92\x9ay\x8d\xd0\x88\x9c#}\
G\x91\xd7\x91\xd6B\xd2\x18\xd2\xf4zY7\x16G\xf6\
z\xc53\x0bp9\xf01\xaf6K\x98\x0cL\xac\xf1\
\xfe!\x84\x0e\xd1\xab\x09\xc035\xdf\x7f4p\xbc\xa4\
\x15\x1c\xdb\xbc\x8e\xbc\xc4f?I3{\x05\xd3\x22\xfb\
\x907\xfd\x9f\x934\x0d\xe6w\xc0\xea\xcem6\xeby\
3\x9b\x5cs\x0c!\x84\x0e\xd0\xab\x09\xc0cu\x07\x00\
\x8c\x01~\xed\xd5\x98\x99\xbd\x09\xdc\x90\xd1\xc4|\xc0^\
N\xe1T\xaeHV\xbe\x99\xd9\xcc\xe5\x1e\xb1\x00H\xda\
\x00\xd8\xdd\xab\xbd\x0c\x8f\xd6\x1d@\x08\xa13\xf4j\x02\
p\x0d\xf0f\xddA\x00\x1bJ\xda\xd8\xb1\xbd\xb32\xaf\
?B\xd2<.\x91T\xef \xca\xefz\x80\xb4\xff\xff\
z\xa7X\x00~\xe0\xd8V\x8e\x8b\xeb\x0e \x84\xd0\x19\
z2\x01(F\xcb\x17\xd5\x1dG\xc1s\xd4x:i\
a[Ys\x01?v\x8a\xa52\x92\x96\x01\xbe\x9d\xd9\
\xcc)^S\xe5\x92\x96\x04>\xea\xd1\x96\x83s\xea\x0e\
 \x84\xd0\x19z2\x01(\x1c\x09\xb8\xef\xc9/\xe1\x93\
\x92\x5cV\x8b\x9b\xd98\xe0\x1f\x99\xcd|^\xd2\x0e\x1e\
\xf1TA\xd2\x8c\xc0_H\x8b)s\x9c\xe2\x10N\x9f\
O9\xb6\x95\xe3\x5c3\xbb\xa7\xee B\x08\x9d\xa1g\
\x13\x003\xbb\x0d8\xb9\xee8\x80\xf7\x01\xeb;\xb6\xf7\
'\x876\xfe(\xa9]\xcf\x08\xf8\x15\xf9\x0b\xedn4\
\xb3\xbb=\x82)l\xe5\xd8VYo\x93^\x8b\x84\x10\
BCz6\x01(\xec\x0b\xdcZw\x10\xc0\x96\x8em\
]\x08\xdc\x96\xd9\xc6\x1c\xc0%\x92\xe6w\x88\xc7\x8d\xa4\
\x03\x80/:4\xf5#\x876\x00\x904\x17\xb0\xb6W\
{\x19\xf66\xb3\xca\xaa\x1a\x86\x10\xbaOO'\x00f\
\xf6\x16\xb0\x1dpo\xcd\xa1\xb8\x8d \xcdL\xc0O\x1d\
\x9aZ\x02\xb8\xa8]\x16\x05J\xda\x07\x9f\x8e\xfb.R\
UF/[PoI\xed)\xc0\xb7\xcc\xec\xd4\x1ac\
\x08!t\xa0\x9eN\x00\x00\xcc\xec\x09R9\xd9:\x17\
O-#\xe9\x83\x8e\xed\x9d\x8dO\x89\xdbU\x81k%\
}\xc0\xa1\xad\xd2$\x1d\x0a\x1c\x8b\xcf\x019G\x16I\
\x92\x97O:\xb6\xd5\xac\x17\x81m\xcd\xec\x175\xc6\x10\
B\xe8P=\x9f\x00\x00\x98\xd9kf\xb6\x03\xb01p\
-\xe9d\xbdVs\xdb\x0dP\xacn\xdf\xdf\xa9\xb9e\
\x80\x9b$}\xdc\xa9\xbd\x86I\x9aM\xd2_\x80#\x9c\
\x9a\xbc\x99\xfc\xad\x92\xef\x924'\xb0\xb5W{M\x18\
GZ\xc4\xba\x94\x99]P\xc3\xfdC\x08] N\x03\
\xec\xc7\xcc\xae\x00\xae(Nq\xdb\x12X\x0aX\x80t\
dn#>\x0e\xccZ\xf2\xf6\xbbJ:\xd8kk\x9a\
\x99],\xe9<`[\x87\xe6\xde\x0f\x5c \xe9\x97\xc0\
\xe1\x9e\xe5s\x87\x22i}\xe0\x8f\xc0\xd2NMN\x02\
\xbe\xe0|\x1a\xe3\xce4\xfe\xbb1\x98\x9bh\xbc(\xd5\
\x0b\xbcW\xbb\xe0\x1a3\x9b\x94q\xdf\x10B\x00\xe5\xc9\
J $\x9d\x97q\xef\xed\xbd\x9e\x81\x17I'g>\
\xcf\xcd\x9d\xe3YL\xd2\x1b\x991\x0d\xf4\x98\xa4\x1d%\
U2{$iaI'H\x9a\xe2\x1c\xf7Q\x15\xc4\
zCfL\xed\xba\xd3\x22\x84\xd0 I\xdbg|\x07\
\x9c\x97y\xef\xe9r\xbe\x80\xe2\x15\x80\xaf\xbff^\xbf\
\x8fK\x14\x053{\x0c8\xc0\xb3M`Q\xe0L\xe0\
.I\xbbI\xca\x19\x01\xbfK\xd2\xf2\x92~\x0f<\x04\
\xec\x81\xcf\xfb\xfe>\xff\x01\xbe\xeb\xd8\x1e\x92V\x01\xd6\
\xcah\xe2N3\xfb\xafW<!\x84\xd0\xacH\x00|\
]\x0c\xbc\x9eq\xfd\xb6\x92\x96\xf7\x0a\x06\xc0\xcc\x8e!\
?1\x19\xcc\x0a\xc0I\xc0\xb3\x92\xfe(i\x1b\xa5\xa3\
p\x1b\x22\xc9$\xad,\xe9\x1b\x92n\x02\xee\x03\xbe\x80\
\xff\x11\xbao\x03;\x9bY\xce\xcfe0\xff\x9by\xfd\
\xd9.Q\x84\x10BI\xb1\x06\xc0\x91\x99\xbd-\xe9\x02\
\xe03%\x9b\x18\x05\xec\x87\xcf^\xf7\xfe\xf6\x06V#\
m\xed\xf36;\xe9\x10\xa1\xbd\x80\xc9\x92\xee\x01\x1e\x00\
\x1e$\xadR\x1f\x0f\xbc\x05\xcc\x06\xcc\x09,FZX\
\xb82\xd0\x8a-\x86\xdf0\xb3\xdb=\x1b\x94\xb4\x08\x90\
{\x9c\xb3\xdbb\xc4\x10B(#\x12\x00\x7f'P>\
\x01\x00\xf8\x9c\xa4\xc3\xcd\xecY\xa7x0\xb3W\x94\xd6\
L\x5cM\xea\xb0\xab2\x1aX\xa5\xf8\xd7\x0e\xfedf\
\xbf\xab\xa0\xdd\xaf\x03\xd3g\x5c\x7f]\x14\xed\x09!\xd4\
-^\x01\xf8\xbb\x8c\xbc\xe3\x86g$\xff\xa0\x9bi\x98\
\xd9\x9d\xa4\x1d\x01o{\xb7\xdd\xa6.\xc0\x7f&\x05I\
\x0b\x92^U\xe4\xf8\xb3G,!\x84\x90#\x12\x00g\
\xc56\xb3\x132\x9b\xf9\x92*(\xbecfW\x93\xb6\
\xaeu\xfb\x16\xb2\x1b\x80OW\xb4U\xeep`L\xc6\
\xf5\xe3I\x8b(C\x08\xa1V\x91\x00T\xe38\xf2\x8e\
\xe5\x9d\x91T\xe8\xc5\x9d\x99\xfd\x9d\xf4\xfe\xba[g\x02\
\xae\x02\xb6\xa8\xa2V\x81\xa4\xe5\x80=3\x9b9\xb1\x82\
\x05\x89!\x84\xd0\xb4H\x00*`fO\x03gd6\
\xb3\xb3\xa45<\xe2\x19\xc8\xcc\xce%\x15:z\xad\x8a\
\xf6k\xf47`K3{\xb5\xa2\xf6\x7fB\xde\xba\x99\
)\xc0\xd1N\xb1\x84\x10B\x96H\x00\xaa\xf3s\xf2J\
\x0a\x1bp\x88S,\xd36nv%\xb0\x11\xf0TU\
\xf7h\xb1\xa3\x81\x1d\x8a\x03\x9e\xdcIZ\x8d\xfc\xb2\xbf\
\xe7\x9b\xd9\x83\x1e\xf1\x84\x10B\xaeH\x00*bfw\
\x01\x97g6\xb3\xb5\xa4e<\xe2\x19\x8c\x99\xddJ:\
\xf0\xe7\xc2\xaa\xee\xd1\x02\xaf\x03\x9f1\xb3\xfd\x9c\xcb\xfc\
\x0e\xf4-\xf2\x8b\x13\xc5\xa1=!\x84\xb6\x11\x09@\xb5\
\x0e\xcb\xbc\xde\x80m<\x02\x19\xf2\x06f/\x02\x9f\x00\
\x0e\x02&Vy\xaf\x0a\xdc\x06|\xc8\xccN\xaf\xf2&\
J%\xaf\xb7\xccl\xe623\xbb\xc6#\x9e\x10B\xf0\
\x10\x09@\x85\xcc\xeczRu\xc0\x1c\xebz\xc42\x1c\
3\x93\x99\xfd\x18X\x91\xb4\x8d\xb1\xdd\xbdI:!p\
\xed\x16\x95\xd3]\x09\x98#\xb3\x8d\xffo\xef\xce\xa3.\
\xab\xca;\x8f\x7f\x9f\x92*\x0a\x11(DD\xc1\x04c\
D\x08\x12\x85\xc6\x09\x92N\x0b\x11\xd4\x8e85\x0e\x1d\
\x93n;\xb2\x0c\xd1\xb50=\x98d\x99\xd6\x90N\xd2\
\xe9t\xdaN\x8ciL;4\x98\xc1\xae\xc4Fq@\
%\x1a\xe9\x96\x08\x0e\x88\x06\x04A\x04\x14\x90\x88\x0c\x05\
\x05RURUO\xffqnA\x0d\xf7\xbe\xef{\xef\
\xde\xe7\x9e\xf3\xbe\xe7\xfbY\xab\x96,x\xf7>\xcf{\
\xaf\xb0\x7fg\xefs\xf6.\x0d\x83\x92T\x95\x01\xa0}\
g\x17\xb6?\xbcF\x11K1Z\x9f>\x95f/\xfe\
j\x1b\x11U\x944\xaf\xd0=%\x22\xce\x8e\x88\x927\
-\xa6\xf1\xc4\xc2\xf6\x17\x8d\xc2\xa0$\xf5\x86\x01\xa0E\
\x99\x19\xc0/\x15v3\xeb\xf1\xc23\x19\xcd\x06\xfc9\
\xcd\xa0\xf7\xcb\xc0\xad\xf3\xbc\xfe\x04\xdbi6\xf6yv\
D\xbc*\x22\xe6\xfd\xe0\xe2~\x85\xed\x9f\x91\x99\xc7V\
\xa9D\x92*1\x00\xb4d4\xf8\xff\x19\xe5\xbb\xc6=\
P\xa1\x9c\xa9E\xc4\x96\x88x7\xf0d\x9a pE\
\x07el\x04\xde\x07\xfcdD\x9c\x16\x11_\xee\xa0\x06\
h6\xef)q\x10\xf0\x19C\x80\xa4>1\x00\xb4`\
4\xf8\xff)\xe5\x83?@\xa7G\xc6\xee\x08\x02\x11q\
<\xcdZ\xf8\x7f\x05ni\xf1\x92\x0f\x02\x9f\x04^\x03\
<.\x22\xce\x88\x88kZ\xbc\xdeR\xd4\xf8\x0e\x0e\x02\
.nko\x07I\x9a\x96\x87\x01UV\xf1\xce\x7f\x87\
/U\xea\xa7XD|\x1d\xf8u\xe0\xd7G\xbb\xe2\x9d\
<\xfas\x22\xf0\xf8\x19\xbb\xdd\x02\x5c\x05\x5c\x0c|\x16\
\xb8\xa4\x8d]\xfc\x0a]C3\x0bP\xba\x1c\xb3\x0e\xf8\
Tf>/\x22\xbeV^\x96$\xcd\xce\x00PQ\xe5\
;\x7fh\x1ez\xeb\xe5\xb9\xf1\x11q-\xcd\xb1\xbf\xe7\
\x00d\xe6\x01\xc0\x91\xc0Q\xc0\x8f\xd2\x0c\x96\xebF\xff\
\xbb\x86f:\xff\xfe\xd1\x9f;h\x8e\x0b\xbe\x0e\xf8N\
Dl\x9bw\xfd\xd3\x88\x88\xad\x99\xf9a\xe0\x17+t\
\xb7c&\xe0\x94\x88\xb8\xbcB\x7f\x924\x13\x03@%\
-\xdc\xf9C\xf3\xf4\xf8\x0d\x15\xfbk\xcdh\xfb\xdd/\
\xd1\xa3\x19\x8b\xca\xce\x01~\x81\xf2\xcd\x80\xc0\x99\x00I\
=\xe03\x00\x15\xb4p\xe7\x0f\xcd\x89}\xd5\x8f\x05\xd6\
l\x22\xe2\x0b\x94\x9f\xef\xb03\x9f\x09\x90\xd4)\x03@\
\x1d\xbf\x0f\xbc\xa1r\x9fo\x89\x88\xab*\xf7\xa92o\
\x02\xbe]\xb1\xbfu\xc0'2\xf3\x89\x15\xfb\x94\xa4%\
1\x00\x14\xca\xcc\xd7\xd0<\x18W\xd3{\x22\xe2\x0f+\
\xf7\xa9B\x11\xf1}\x9a\x03\x816T\xec\xf6`\xe0#\
\x99\xb9o\xc5>%iQ\x06\x80\x02\x99\xb9\x8e\xfa\xc7\
\xbb\x9e\x07\x9cY\xb9OU2z\x13\xe2d\xe0\xae\x8a\
\xdd>\x0dxs\xc5\xfe$iQ\x06\x802o\x06\x1e\
]\xb1\xbf\xf3\x80\xd7\xb5|\xaa\x9d\x0a\x8d\x1e\xdc;\x15\
\xb8\xbbb\xb7\xff.3\x0f\xae\xd8\x9f$-\xc8\x000\
\xa3\xcc\x5cE\xf96\xbf;;\x17\x07\xffe#\x22\xae\
\x00~\x96z3\x01\xfb\x01\xa7W\xeaK\x92\x16e\x00\
\x98\xdd\xf1\xc0\xe3*\xf5u\x1ep\x86\x83\xff\xf2\xd2\xc2\
L\xc0i\x95\xfa\x91\xa4E\xb9\x0f\xc0\xec\x8e\xab\xd4\xcf\
\xb9\x14\x0e\xfe\xa3\xd7\x10\x9f\x0d\x9c@\xb3\x11\xcf\x814\
;\xec}\x07\xb8\x1c\xf8t\x0fw\xd7\x9b\x9b\xcc<\x9a\
f\xa0~2\xf0X\x9a\xcf\xe6\x1f\x81\xaf\x00\x9f\x89\x88\
\x99\xef\xe2#\xe2\x8a\xcc<\x05\xf84\xe5\xcbA\x9e\x15\
 in\x0c\x00\xb3\xabq\xf7_4\xf8g\xe6^4\
{\x0f\xfc*p\xc4\x02?\xba93\xcf\x03\xfeKD\
|g\x96k-7\xa3%\x9aW\x01o\x01\x8eY\xe0\
G\xb7d\xe6\x05\xc0\xdbF\xc7!O\xadb\x08xl\
f>\xa2\xef;#JZ\x19\x5c\x02\x98\xdd\xda\xc2\xf6\
\x09|\xb0`\xf0?\x8a\xe6\x0e\xf6\x7f\xb0\xf0\xe0\x0fM\
\xadg\x02\xdf\xcc\xcc\xff\x9e\x99\x07\xcdr\xcd\xe5\x223\
_\x08|\x0d\xf8\x00\x0b\x0f\xfe\x00{\xd3\x04\x85\xab2\
\xf3\xad\xa3\xd9\x94Y\x5c\x0d\x5c9c\xdb\x1d\x1eA\xb3\
m\xb2$\xb5\xce\x000\xbb\xdb\x0b\xdb\x07\xf0\xa1\xcc|\
\xfe\xb4\x0d3\xf3\xb9\xc0\xa54\xaf\x8fMc\x0d\xf0o\
\x81oe\xe6\xafe\xe6>\xd3^\xbb\xcf2\xf3\xf8\xcc\
\xfc;\xe0\x134'\x17Nc\x0d\xf0\x9f\x80\xf5\x999\
\xd5 \x9c\x99{\x03\x1f\x06\x9e;\xe55wwoD\
l*\xecC\x92\x96\xc4\x000\xbb\x1b+\xf4\xb1\x16\xb8\
`\x9a\x10\x90\x99'\x03\x17\xd2\xac\xf3\xcfj\x1d\xf0\x07\
\xc0M\x99\xf9\x9b\x99Y\xf3U\xc6\xb9\xcb\xcc\x933\xf3\
\x93\xc0\x97i\xde\xd1/\xf1J\xe0\xfc\xa5\x86\x80\x9d\x06\
\xff\x17\x16^\x17\xea\xfc\x7fJ\x92\x96\xc4\x000\xbb\x8b\
i\x1e&+\xb5\xe4\x100\x1a\xfc?\x06<\xb2\xc2u\
\x01\x0e\x01~\x17\xb893\xdf\x91\x99GV\xea\xb7u\
\x99\xb963\xffef^\x0e\xfc\x1d\xf0\x02\xea\x1c\xd4\
\x03\xf0\x22\x96\x10\x02*\x0f\xfe\x00\x9f\xaa\xd4\x8f$-\
\xca\x000\xa3\x88\xb8\x1f\xb8\xa8Rw\x8b\x86\x80\x16\x06\
\xff\x9d\xed\x0b\x9c\x05\x5c\x9b\x99\x97f\xe6\x99\xa3]\x0e\
{'3O\xc8\xccw\xd1<\xc5\xff\x01\x9a\xd71\xdb\
\xb0`\x08ha\xf0\x078\xbfb_\x92\xb4 \x03@\
\x99\xdf\xa1y\x98\xaf\x86\x89!\xa0\xe5\xc1\x7fw'\x00\
\xef\x02\xfe13/\xcc\xcc_\xc9\xcc\xc3\xe7p\xdd\xb1\
2sMf>/3\xff(3\xbfE\xf3\xec\xc3\x99\
4\xcb\x18m\x1b\x1b\x02Z\x1a\xfc?\x1e\x11_\xa9\xd8\
\x9f$-\xc8\x00P \x22.\x07\xfe\xb2b\x97{\x84\
\x809\x0f\xfe\xbb\xd7\xf2\xcf\x81s\x80og\xe6U\x99\
y\xf6\xe8\xed\x83Ve\xe6>\x99\xf9\x8a\xcc\xfc p\
'\xcd\xebu\xbf\x0a\xfcx\xdb\xd7\x1ec\x97\x10\xd0\xd2\
\xe0\xbf\x19\xf8\x8d\x8a\xfdI\xd2\xa2\x0c\x00\xe5\xce\xa4y\
\xe5\xac\x96\x87B@\x87\x83\xff8\xc7\x00\xbf\x05\x5c\x93\
\x99\xeb3\xf3\xc7j_ 3#3_\x07\x5c\x0f\xfc\
\x0d\xcd\xd6\xb8\xfb\xd5\xbe\xce\x0cv\x84\x80\xfd\xa9?\xf8\
C\xb3\x17\xc4\xd5\x95\xfb\x94\xa4\x05\x19\x00\x0aE\xc4\x03\
\xc0\x8b\x81\x9b*v\xbb\x16\xb8\x80\xfe\x0c\xfe;\x0b\x9a\
\xf7\xe6\xbf\x9a\x99/\xa9\xd5\xe9\xe8\x99\x83\x0b\x80\xf7\x02\
\x87\xd5\xea\xb7\xa2\x17\xd1|\xc7\xb5\x07\xff\xb7E\xc4_\
U\xeeS\x92\x16e\x00\xa8 \x22n\x01\xfe\x19pC\
\xc5n\xd7\xd2\xbf\xc1\x7fg\x07\x00\x1f\xce\xcc\xd7\x96v\
\x94\x99\xfb\x01\x9f\xa1\x09R}V\xfbu\xc9\xb3#\xe2\
w*\xf7)IKb\x00\xa8d\x14\x02~\x96\xba3\
\x01}\x17\xc0\xbb3\xf3\xa7f\xed`\xb4\xf3\xdez\xda\
{\x9a\xbf\xaf\xce\x8e\x88\xdf\xee\xba\x08I\xc3e\x00\xa8\
h\xb4\xcf\xfeI\x0c+\x04\xac\x06\xde\x97\x99\xb3n\x8d\
\xfcK4\x0f\x1b\x0e\x89\x83\xbf\xa4\xce\x19\x00*\x1b\x85\
\x80\xda\xcb\x01}w$\xf0o\xa6m\x94\x99\xab\x81\xb3\
\xabW\xd3o\x0e\xfe\x92z\xc1\x00\xd0\x82\x81.\x07\x9c\
5C\x9b\xd3\x81'\xd4.\xa4\xc7\x1c\xfc%\xf5\x86\x01\
\xa0%\x1d/\x07\xdcL3\xb5\xfe\x0fs\xbc\xe6Q\x99\
\xf9\xa4)\xdb\xccs\xea\x7f3\xf0'\xc0\x1f\xce\xf1\x9a\
;s\xf0\x97\xd4+\x06\x80\x16u\x14\x02n\x06N\x8a\
\x88s\x81\xe3h\x0e\xb7\xb9fN\xd7\x9e\xf6a\xc0\x13\
[\xa9bW?\xa4\xd9\xd9\xf0\x88\x88xSD\xfc\x1a\
\xcd\x0e\x8e\xf3\xe4\xe0/\xa9w\x0c\x00-\x9b\xf33\x01\
\xb7\x00'G\xc4\x8d\xa3kgD|\x90\xe6h\xdcS\
\x80\x8f\xb7|\xfdC[\xfe\xf9il\xa4\xb9\xe3\x7fr\
D\xbc!\x22n\xdd\xf1\x0f\x22\xe2m4G\xff\xce\x83\
\x83\xbf\xa4^2\x00\xcc\xc1\x9c\x9e\x09\xb8\x19xnD\
\xec\x114\x22b{D|&\x22N\xa3y\xdd\xee\xfd\
\xc0\x0fZ\xa8a\xc9\xef\xc9g\xe6>4{\x1d\xd4v\
%\xf0F\xe0\xd0\xd1\x1d\xff-\xe3~(\x22~\x8b\xf6\
g\x02\x1c\xfc%\xf5\x96\x01`NZ^\x0e\xd81\xed\
\xbf\xe8y\xf2\x11qED\xbc\x96\xe6\xee\xfb\xf5\xc0e\
\x15\xeb\x98\xe68\xdeZG\xf7\x02l\xa09\xb3\xe0\x99\
\x11\xf1\xf4\x888'\x22\x16\x0d8\xa3\x99\x80\xb6B\x80\
\x83\xbf\xa4^3\x00\xccQK\xcb\x01\xbbL\xfbOQ\
\xcb\xc6\x88xOD\x9c\x08\x1cNs\xd8\xce\xe7\x81\xed\
\x15kk\xd3\xdd\xc0_\xd0\xec\x1e\xf8\xb8\x88x\xe3\xe8\
p\xa6\xa9\x8cB@\xed\x81\xda\xc1_R\xef\x19\x00\xe6\
\xac\xf2r\xc0\xc4i\xff)k\xba9\x22\xde\x11\x11?\
\xcd\xf2x/\x7f+pHD\xfc\xab\x88\xf8XD\xfc\
\xb0\xa4\xb3\x888\x9bz3\x01\x0e\xfe\x92\x96\x05\x03@\
\x07vZ\x0e(y:\xff:\x9a\xc1\x7f\xaa;\xff%\
\xd8Z\xb9\xbf6dDT\xads4\x13\xf0\x16 g\
\xecb;\xf0\x1b\x0e\xfe\x92\x96\x0b\x03@GF!\xe0\
\x04\x9a\x13\xff\xa6u!\xf0\x9c\x88\x18\xd2FC\xad\x8b\
\x88\xdf\xa7\xd9\x9ch\xe3\x94M\xef\x05^\x16\x11\x7fP\
\xbf*Ij\x87\x01\xa0C\xa3u\xf8\x17\x03\xa7\xd1<\
\xbd\xbe\x98\xab\x80\x97D\xc4\x8b\x22\xe2\x9ev\xab\x1b\xa6\
\x88\xf8\x10p\x04\xf0N`\xcb\x22?\xbe\x19\xf8c\x9a\
W\x0d?\xdavm\x92T\xd3^]\x17 \x88\x88\x8f\
\x03\x1f\xcf\xcc\xa3\x81\x9f\x03\x8e\x06\x0e\xa1yR\xfev\
\x9a\xa5\x82\x0b#\xe2\xea\xee\xaa\x1c\x8e\x88\xf8>pV\
f\xbe\x058\x15\xf8\x19\x9a-\x8b\xd7\xd1\xbcqp+\
\xf09\xe0o\x97\xf2\xb6\x81$\xf5\x91\x01\xa0G\x22\xe2\
\x1a\xe6\xb7k\x9f\x16\x11\x11\xf7\x03\x1f\x1a\xfd\x91\xa4\x15\
\xc5\x00\xa0\x9a\x9e\x98\x99\xcf[\xe2\xcf\xee\xddj%\x92\
\xa4\x05\x19\x00T\xd3+F\x7f$I=\xe7C\x80\x92\
$\x0d\x90\x01@\x92\xa4\x012\x00hw\x8b\xbd\xfa\xd6\
\x07E;\xffI\x92\x0c\x00\xda\xd3\xf7\xba.`\x09\xbe\
\xdbu\x01\x92\xb4\xdc\x19\x00\xb4\xbb\x9b\xbb.`\x09\xc6\
\x1e\xf1+IZ:\x03\x80v\xf7E\x9a\xcdn\xfa\xec\
\xa2\xae\x0b\x90\xa4\xe5\xce\x00\xa0]D\xc4\x834g\x0d\
\xf4U\x02\x17t]\x84$-w\x06\x00\x8d\xf3\x9f\xe9\
\xef\xa9\x80\x7f\x13\x11\xd7w]\x84$-w\x06\x00\xed\
!\x22\xbe\x01\x9c\xd7u\x1dcl\x02~\xb3\xeb\x22$\
i%0\x00h\x92\xb3\x80/w]\xc4N\x128#\
\x22n\xe8\xba\x10IZ\x09\x0c\x00\x1a+\x226\x01/\
\xa7\x1f\x87\x13m\x07\xde\x1c\x11\x1f\xe8\xba\x10IZ)\
\x0c\x00\x9a(\x22n\x05N\x00>\xd2a\x19\x1b\x80\x97\
E\xc4\xdb;\xacA\x92V\x1c\x03\x80\x16\x14\x11\x1b#\
\xe2\xa5\xc0\x0b\x98\xef\x92\xc0}\xc0\x7f\x03\x9e\x1c\x11\x1f\
\x9d\xe3u%i\x10<\x0dPK\x12\x11\x17\x01\x17e\
\xe6\x93\x80\xd3\x80\x1f\x07~\x04xT\xa5Kl\x03n\
\xa7\xd9\xe5\xef\x12\xe0\xb3\x11\xb1\x1c\xb6%\x96\xa4e\xc9\
\x00\xa0\xa9D\xc4\x8d\xc0;\xba\xaeC\x92T\xc6%\x00\
I\x92\x06\xc8\x00 I\xd2\x00\x19\x00$I\x1a \x03\
\x80$I\x03d\x00\x90$i\x80\x0c\x00\x92$\x0d\x90\
\x01@\x92\xa4\x012\x00H\x924@\x06\x00I\x92\x06\
\xc8\x00 I\xd2\x00\x19\x00$I\x1a \x03\x80$I\
\x03d\x00\x90$i\x80\x0c\x00\x92$\x0d\x90\x01@\x92\
\xa4\x012\x00H\x924@{\x15\xb6?#3\xb7\x17\
\xb4?\xbc\xa0\xed)\x99\xf9\x98\x82\xf6\x92$\x95:\xae\
\xa0\xed\xe1\x99\xf9\xfa\x82\xf6E7\xf1\x91\x99Y\xd2\x81\
$IZ~\x5c\x02\x90$i\x80\x0c\x00\x92$\x0d\x90\
\x01@\x92\xa4\x012\x00H\x924@\x06\x00I\x92\x06\
\xc8\x00 I\xd2\x00\x19\x00$I\x1a \x03\x80$I\
\x03d\x00\x90$i\x80\x0c\x00\x92$\x0d\x90\x01@\x92\
\xa4\x012\x00H\x924@\x06\x00I\x92\x06\xa8\xf48\
\xe0\xf7\x02%\xc7\x01K\x92\xa4\xd9\xac\x02\xce\x98\xb5q\
\xe9q\xc0\xab#bkA{I\x924\x83\xcc\xdc\x0b\
xp\xd6\xf6.\x01H\x924@\x06\x00I\x92\x06\xc8\
\x00 I\xd2\x00\x19\x00$I\x1a \x03\x80$I\x03\
d\x00\x90$i\x80\x0c\x00\x92$\x0d\x90\x01@\x92\xa4\
\x012\x00H\x924@\x06\x00I\x92\x06\xc8\x00 I\
\xd2\x00\x19\x00$I\x1a \x03\x80$I\x03d\x00\x90\
$i\x80\x0c\x00\x92$\x0d\xd0^]\x17 i:\x99\
\xb9/\xf0\x04\xe0Q]\xd72r?pKD<\xd0\
u!\x92\x96\xce\x00 -\x03\x99\x19\xc0+\x817\x02\
'\x02\x8f\xe8\xb6\xa2=l\xcb\xcc\xcf\x03\xef\x04\xce\x8f\
\x88\xec\xba I\x0b\x8b\xcc,\xf9\x17uuDl\xad\
V\x8d\xa4=d\xe6:`=\xf0\xfc\xaekY\xa2O\
\x02?\x1f\x11\xf7t]\x88\xb4\x92e\xe6^\xc0\x83\xb3\
\xb67\x00H=\x96\x99k\x81\xcf\x02't]\xcb\x94\
.\x03N\x8a\x88-]\x17\x22\xadT\xa5\x01\xc0\x87\x00\
\xa5~{\x1b\xcbo\xf0\x87\xa6\xe6\xb7v]\x84\xa4\xc9\
\x9c\x01\x90zj4\xf5\xff]\xe0\x91]\xd72\xa3\x1f\
\x00\x87E\xc4\xbd]\x17\x22\xadD\xce\x00H+\xd7\x0b\
Y\xbe\x83?\xc0\xbe\xc0\x0b\xba.B\xd2x\x06\x00\xa9\
\xbf\x8e\xe9\xba\x80\x0aV\xc2\xef \xadH\x06\x00\xa9\xbf\
\xfa\xf2\x9e\x7f\x89\xfd\xbb.@\xd2x\x06\x00\xa9\xbfn\
\xef\xba\x80\x0a\xbe\xd7u\x01\x92\xc63\x00H\xfd\xf5\xf7\
]\x17P\xc1\xe7\xba.@\xd2x\x06\x00\xa9\xbf>\x0f\
\x5c\xdfu\x11\x05\xae\x05\xbe\xd0u\x11\x92\xc63\x00H\
=\x15\x11\xdb\x80\x7f\x0f,\xc7mu\x13\xf8\x0f\xa3\xdf\
AR\x0f\x19\x00\xa4\x1e\x8b\x88\x8f\xb1<7\xd4yk\
D\x5c\xd8u\x11\x92&3\x00H=\x17\x11\xbf\x07\xfc\
\x22pG\xd7\xb5,\xc1\x1d\xc0/\x8cj\x96\xd4c\x91\
\x99\x0f2\xfb\xa9\x80\xfbD\xc4\xe6\x9a\x05I\x1a/3\
\xf7\x07^\x0d\x9cBs\x1c\xf0\xean+z\xc8V\xe0\
\x16\xe0o\x81\xf5\x11q_\xc7\xf5H\x830:+d\
\xd3\x8c\xcd\xb7Ffn\x00\xd6\xcd\xd8\xc1\xc1\x11q\xe7\
\x8cm%I\xd2\x8c2\xf3\xb1\xcc\xfe\xba\xf0\x86U\xc0\
\xfd\x05\xd7\x7f|A[I\x924\xbbC\x0b\xda\xde\xb7\
\x0a(9\xb3\xfb'\x0a\xdaJ\x92\xa4\xd9\x1dU\xd0\xf6\
\x9eU\xc0\x0d\x05\x1d<\xa7\xa0\xad$I\x9a\xdd\x89\x05\
m\xbf\xb5\x0a\xb8\xae\xa0\x83S\x0b\xdaJ\x92\xa4\xd9\x95\
\x8c\xc1\xdf\x5cE\xb3[\xd7\xac\x9e\x9a\x99\xc7\x16\xb4\x97\
$IS\xca\xcc\x7f\x02\x1cY\xd0\xc5\xb5\xab\x80\xcb\x0a\
\xeb\xf8\x95\xc2\xf6\x92$i:\xa5co3\xf6g\xe6\
wsv\x9b3\xf3\x09\xe5\xbf\x8b$IZLf>\
13\xb7\x14\x8c\xdb\xb7\xc0\xc3;\x01^\x5cP\xcb\xde\
\xc0\xdb\x8b\x7f#I\x92\xb4\x14o\x07\xd6\x14\xb4\xff\xec\
C\x7f\x95\x99//H\x12;\xbc\xac\xf8W\x92$I\
\x13e\xe6+*\x8c\xd7/\xdd\xb9\xc3\xbd3\xf3\xae\xc2\
\x0e7d\xe6S:\xfc\x5c$IZ\xb12\xf3\xa8\xcc\
\xbc\xa7p\xac\xbe33\xd7\xc0h\x09 \x22\xb6\x00\x7f\
]X\xdb:\xe0S\x99Y\xb23\x91$I\xdaMf\
\x1e\x06|\x0a8\xa0\xb0\xab\xf5\x11\xf1\xc3\xdd;\x7fj\
fn+L\x16\x99\x997f\xe6\x11\x85\x05J\x92$\
 3\x8f\xcc\xcc\x9b*\x8c\xcf\xdb2s\xfc\x0e\xbe\x99\
\xf9\xa1\x0a\x17\xc8\xcc\xbc73_9\xe7\xcfH\x92\xa4\
\x15%3_\x92\x99wW\x1a\x9b'\xcf\xf4g\xe6\xf1\
\x99\xb9\xbd\xd2\x8523?\x90.\x09H\x924\x95\xcc\
|Bf\xae\xaf8\x1eo\xcf\xcc\xa7/v\xd1\xf7W\
\xbc`f\xe6\xa6\xcc|gf\x1e=\xa7\xcfM\x92\xa4\
e)3\x8f\xce\xcc?\x1d\x8d\x9d5\xbdo\xf7k\xc5\
\x98\x8b?\x96f{\xe0\x03[\xf8\xdd\xbe\x0a\x5c\x04\x5c\
\x0a|\x03\xb8-\x22\x1eh\xe1:\x92$\xf5Zf>\
\x128\x8c\xe6T\xbf\x9f\x02\x9e\x0f\xb4\xb1\xbd\xfe\xdd\xc0\
\x91\x11q\xe7\xce\x7fs\x8f\x000*\xea\xf5\xc0\xffl\
\xa1\x88q\xb6\x01\x1b\xe7t\xad\xe5f\x03p9\xf0\xbf\
\x81\x8fDD\xce\xeb\xc2\x99\xb9\x1fp\x06\xf0\x12\xe0\x08\
`\x9fy][\x92\x06`\x7f\xe0\x11s\xba\xd6\xeb\x22\
\xe2\x7f\xed\xfe7\xc7\x06\x00\x80\xcc\xfc pz\xab%\
i\x1a\x97\x01\xaf\x8a\x88[\xda\xbePf\xfe\x1cp.\
pp\xdb\xd7\x92$\xb5\xea\xaf#\xe2\xd5\xe3\xfe\xc1B\
\x01\xe0\x00\xe0\x0a\xe0ImU\xa5\xa9\xdd\x06<\xa7\xcd\
\x10\x90\x99\xaf\x06\xfe\x92\xf9%SIR;\xae\x07\x9e\
\x11\x11cg\xd9'\x06\x00\x80\xcc<\x06\xf8\x1c\xed<\
\x0f\xa0\xd9|\x018\xb1\x8d\xe5\x80l\xf6o\xf8\x07\x9c\
\xee\x97\xa4\xe5\xeen\xe0\x9fF\xc45\x93~`\xd5\xa4\
\x7f\x00\x10\x11_\x07^\x0cl\xaa\x5c\x98f\xf7\x1c\xe0\
\xe5-\xf5\xfd\xdb8\xf8K\xd2r\xf7\x00p\xdaB\x83\
?,\x12\x00\x00\x22\xe2\xefi\x9e\x050\x04\xf4\xc7k\
jw\x98\x99\xfb\x02/]\xf4\x07%I}\xb6\x098\
=\x22.]\xec\x07\x17\x0d\x00\x00\x11\xf1\x09\xe0$\xe0\
\xae\xc2\xc2T\xc7\xb3Z\xe8\xf3\x18\xbc\xfb\x97\xa4\xe5l\
\x03\xf0\xfc\x88\xf8\xe4R~xI\x01\x00 \x22\xbe\x08\
<\x17\xb8i\xb6\xbaT\xd1c\x96I\x9f\x92\xa4\xf9\xb8\
\x81f\xcd\xff\x92\xa56Xr\x00\x80\x87\x9e\x098\x96\
\xf2\x93\x03U\xa6\x8d\x99\x98\xbb[\xe8S\x92\xd4\xbe\x0b\
\x80gF\xc4\xd5\xd34\x9a*\x00\x00D\xc4\xc6\xd1;\
\x85o\x00\xee\x9d\xb6\xbd\xaa\xf8j\x0b}~\x1d\xd8\xd2\
B\xbf\x92\xa4v\xdc\x03\x9c\x19\x11/\x8b\x88\x0d\xd36\
\x9e:\x00\xec\x10\x11\xef\xa2\xd9\xbe\xf0\xaf\x80\xb9\xedP\
'\x00\xd6\xd7\xee0\x22\xee\x03>Q\xbb_IRu\
\x09\xfc\x05pTD\xcc\xbck\xef\x82\xfb\x00,\xb9\x92\
\xccg\x01\xff\x11xQ\xad>5\xd1U\xc0q\x11\xb1\
\xadv\xc7\x99\xf9\x93\xc0W\x80\xd5\xb5\xfb\x96$\x15K\
\xe0\xa3\xc0\xefE\xc4\x97K;\xab:Xgs\xd4\xe0\
Y4\xaf\x0d\xee_\xb3o\x01\xcd\x13\x9e'D\xc4u\
m] 3\x7f\x19\xf8\xb3\xb6\xfa\x97$M\xed^\xe0\
\xff\x00\x7f\x12\x11W\xd6\xea\xb4\x95\xbb\xf5\xcc\xdc\x87\xe6\
\x9d\xf2\x97\xd3\xbc9\xe0\x13\xe6\xe5\xae\x01\xfeED\x5c\
\xdb\xf6\x852\xf354!\xe0Qm_K\x924\xd6\
\x9d\xc0\xff\x05\xce\xa79\x0c\xae\xfa^<\xadO\xd7g\
\xe6*\xe0i\xc0\x894\xcf\x0c\x1cIs\xbe\xc0A\xc0\
~\xc0^m\xd7\xb0\x8c\xdd\x07|\x89\xe64\xc0?\x8f\
\x88\x07\xe7u\xe1\xd1\xb1\xd0o\xe2\xe1\xd3\x00\xd7\xcc\xeb\
\xda\x924\x10[i\xfe;\x7f\x17p#p\x1d\xf0\x0d\
\xe0R\xe0\xca\xb6O\x80\xed|\xbd>3\xd7\xe2\x064\
\xe3\xfc0\x22~\xd0u\x11;d\xe6\x10\xcf\x83x:\
p\xf1\x8cm\xbfAs\xbe\xb7\xca}\x1e\xf8\x89\x19\xdb\
\x9eDs\xbe\x85\xd47\x9b\x22bs\x97\x05t~\xf7\
=\xfa\x00:\xfd\x10\xb4\xb8Y^1Y\xee2s{\
A\xf3\x8dC\xfc\xcc\xda\x90\x99\xf7\x174\xdf\xea\xf7 \
\x8d7\xf3k\x80\xd2\x00\xec[\xd0\xf6\x81jU\xa8d\
&\xac\xe4;\x94V4\x03\x804Y\xc9\xe0\xd1\x9b\xe5\
\x9b\x15\xa0$L\xf9 \xab4\x81\x01@\x9a\xacd\xf0\
p\x06\xa0\x1eg\x00\xa4\x16\x18\x00\xa4\xc9\x9c\x01\xe8\x87\
\x920e\x00\x90&0\x00H\x93\xf9\x0c@?\x18\x00\
\xa4\x16\x18\x00\xa4\xc9\x9c\x01\xe8\x07\x97\x00\xa4\x16\x18\x00\
\xa4\xc9|\x06\xa0\x1f\x9c\x01\x90Z`\x00\x90&s\x06\
\xa0\x1f\x0c\x00R\x0b\x0c\x00\xd2d\xce\x00\xf4\x83\x01@\
j\x81\x01@\x9a\xcc\x19\x80~(\xf9,\xdd\x07@\x9a\
\xc0\x00 M\xe6[\x00\xfd\xe0C\x80R\x0b\x0c\x00\xd2\
d%w\x8f\x1b\xabU\xa1\xfb\x0a\xda\x1a\x00\xa4\x09\x0c\
\x00\xd2d\x8f,h{O\xb5*Tr\x98\x8f\x01@\
\x9a\xc0\x00 MVr\x04\xb2'\xd0\xd5S\x12\xa6\xd6\
U\xabBZa\x0c\x00\xd2d%\x01\xc0\x19\x80zJ\
>\xcb\x92\xefPZ\xd1\xa2\xeb\x02\xa4>\xca\xcc\xd5\xc0\
\x16f\xffwdmDl\xa9X\xd2`e\xe6>\xcc\
\xfeP\xe5v`MDl\xabX\x92\xb4\x228\x03 \
\x8dw \xb3\x0f\xfe\x0f8\xf8\xd7\x13\x11\x9bh\xc2\xd8\
,V\x01\x07T,GZ1\x0c\x00\xd2x\x8f.h\
\xeb\xf4\x7f}%\x9fi\xc9w)\xadX\x06\x00i<\
\xd7\xff\xfb\xc5\x00 Uf\x00\x90\xc6s\x06\xa0_|\
\x10P\xaa\xcc\x00 \x8dW\x12\x00|\x05\xb0\xbe\x92\xcf\
\xd4\x19\x00i\x0c\x03\x804\x9eK\x00\xfd\xe2\x12\x80T\
\x99\x01@\x1a\xcf%\x80~q\x09@\xaa\xcc\x00 \x8d\
\xe7\x0c@\xbf\x18\x00\xa4\xca\x0c\x00\xd2x%\x83\xc6\xbd\
\xd5\xaa\xd0\x0e%\x9f\xa9K\x00\xd2\x18\x06\x00i<\x97\
\x00\xfa\xc5g\x00\xa4\xca\x0c\x00\xd2x\xbe\x05\xd0/%\
\x9f\xa9K\x00\xd2\x18\x06\x00i\xbc\x92S\xe4\x9c\x01\xa8\
\xcf\xd7\x00\xa5\xca\x0c\x00\xd2x\x07\x15\xb4\xbd\xbdZ\x15\
\xda\xe1\xfb\x05m\x0d\x00\xd2\x18\x06\x00i\xbc\x92\x19\x80\
;\xaaU\xa1\x1dJ\x02\x80K\x00\xd2\x18\x06\x00i7\
\x99y \xb0f\xc6\xe6\xdb\x81;+\x96\xa3\xc6\x1d@\
\xce\xd8vmf\xee_\xb3\x18i%0\x00H{z\
\x5cA\xdb\xbb\x22bk\xb5J\x04@D<H\xd9s\
\x00%\xdf\xa9\xb4\x22\x19\x00\xa4==\xbe\xa0m\xc9T\
\xb5\x16V\xf2\xd9\x1a\x00\xa4\xdd\x18\x00\xa4=\x95\x0c\x16\
>\x00\xd8\x1e\x03\x80T\x91\x01@\xdaS\xc9`\xe1\x0c\
@{\x0c\x00RE\x06\x00iO\x06\x80~*\xf9l\
\x0f\xa9V\x85\xb4B\x18\x00\xa4=\x95\x0c\x16.\x01\xb4\
\xe7{\x05mK\x9e\xeb\x90V$\x03\x80\xb4\xa7C\x0b\
\xda\xdeZ\xad\x0a\xed\xee\xbb\x05m]\x02\x90vc\x00\
\x90\xf6T2X\x94\x0cRZXI\xb8r\x06@\xda\
\x8d\x01@\xda\xd3\x8f\x16\xb4u\x06\xa0=%\xe1\xeaG\
\xaaU!\xad\x10\x06\x00i'\x99\xb9\x0e(\xd95\xce\
\x19\x80\xf6\x94\x84\xab\x832s\xbfj\x95H+\x80\x01\
@\xdaU\xc9\xdd\xff=\x11q\x7f\xb5J\xb4\x8b\x88\xb8\
\x17\xb8\xaf\xa0\x0bg\x01\xa4\x9d\x18\x00\xa4]\x1d^\xd0\
\xd6\xbb\xff\xf6\x95|\xc6%\xe1NZq\x0c\x00\xd2\xae\
\x5c\xff\xef\xb7\x92\xcf\xb8$\xdcI+\x8e\x01@\xdaU\
\xc94\xf1m\xd5\xaa\xd0$%3\x00\x06\x00i'\x06\
\x00iW%\x83\xc4M\xd5\xaa\xd0$\xdf.h\xeb\x12\
\x80\xb4\x13\x03\x80\xb4\xab\x92A\xe2\x86jUh\x92o\
\x15\xb4u\x06@\xda\x89\x01@\xda\xd5S\x0a\xda\x1a\x00\
\xdawcA\xdb#\xaaU!\xad\x00\x06\x00i$3\
\x1f\x0d<\xa6\xa0\x0b\x03@\xfbJ>\xe3CF\xfb<\
H\xc2\x00 \xed\xec\xc8\x82\xb6\x1b#\xe2\xcej\x95h\
\xac\x88\xb8\x9d\xb2\xbd\x00\x9c\x05\x90F\x0c\x00\xd2\xc3J\
\x02\x80w\xff\xf3S\xf2\xb0e\xc9w,\xad(\x06\x00\
\xe9a\xae\xff/\x0f%\x9f\xb5\x01@\x1a1\x00H\x0f\
s\x06`y0\x00H\x15\x18\x00\xa4\x87\x95\xcc\x00|\
\xb3Z\x15Z\xccu\x05m\x0d\x00\xd2\x88\x01@\x022\
s5e\x0f\x88]U\xab\x16-\xaa\xe4\xb3~\xca\xe8\
\xbb\x96\x06\xcf\x00 5\x9e\x06\xec=c\xdbm\xc0\xd5\
\x15k\xd1\xc2\xbe\x0el\x9f\xb1\xedZ\xe0\xa9\x15k\x91\
\x96-\x03\x80\xd4xFA\xdb\x1b\x22\xe2\x81j\x95h\
A\x11\xf1\x03\xca6\x04*\xf9\xae\xa5\x15\xc3\x00 5\
\x8e/h\xeb\xf4\xff\xfc]Y\xd0\xd6\x00 a\x00\x90\
v0\x00,/%\x9f\xb9\x01@\xc2\x00 \x91\x99{\
\x03\xc7\x14tQr7\xaa\xd9\x94\x04\x80\xa7e\xe6\xda\
j\x95H\xcb\xd4^]\x17 M2\xda\xb7=\xe6p\
\xa9c\x815\x05\xedo\xcd\xcc\x03k\x15\xa3%\xb9\xb9\
\xa0\xedj\xe0\x84\xcc\xfcZ\xadb\x16\x90\x11q\xcf\x1c\
\xae#Mm\x1e\xffq\x95\x96$3W\x01?\x0f\xbc\
\x16\xf8if\x7f*_\xea\x93-\xc0%\xc0\xb9\xc0\xfa\
\x88\x98\xf5\x0d\x06\xa9*\x03\x80z!3\x0f\x03\xce\x07\
\x9e\xddu-R\x8b.\x03N\x8f\x88\xdb\xba.D2\
\x00\xa8s\x99y0\xf0E\xe0\xc7\xba\xaeE\x9a\x83\x1b\
\x81gE\xc4]]\x17\xa2a\xf3!@\xf5\xc1{q\
\xf0\xd7p<\x09xO\xd7EH\xce\x00\xa8S\x99\xf9\
,\x9a\xbb\x7fih\x9e\x19\x11\x97w]\x84\x86\xcb\x19\
\x00u\xed\x95]\x17 u\xe4\x15]\x17\xa0a3\x00\
\xa8k\xc7v]\x80\xd4\x91\xe3\xba.@\xc3f\x00P\
\xd7\x0e\xe8\xba\x00\xa9#\xee\x1d\xa1N\x19\x00\xd4\xb5;\
\xba.@\xea\xc8\xf7\xbb.@\xc3f\x00P\xd7\xbe\xd0\
u\x01RG.\xed\xba\x00\x0d\x9bo\x01\xa8S\x99y\
\x04p\x0dnK\xada\xd9\x0a\x1c\x15\x117t]\x88\
\x86\xcb\x19\x00u*\x22\xae\x07\xde\xddu\x1d\xd2\x9c\x9d\
\xe3\xe0\xaf\xae9\x03\xa0\xce\x8dNf\xfb4\xcd\xfe\xff\
\xd2Jw\x09pJDl\xe9\xba\x10\x0d\x9b3\x00\xea\
\x5cDl\x06N\x05\xde\x07xP\x8aV\xaa\xed4;\
\x00\x9e\xea\xe0\xaf>p\x06@\xbd\x92\x99O\x07\xfe5\
\xf03\xc0\xa1\x80\xe7\xb6k9\xdb\x0c\xdc\x06\xfc?\xe0\
\xfd\x11qe\xc7\xf5H\x0f\xf9\xff\xdc^u\x1d\xc18\
p\xf6\x00\x00\x00\x00IEND\xaeB`\x82\
\x00\x00\x0eN\
\x89\
PNG\x0d\x0a\x1a\x0a\x00\x00\x00\x0dIHDR\x00\
\x00\x02\x00\x00\x00\x02\x00\x08\x06\x00\x00\x00\xf4x\xd4\xfa\
\x00\x00\x00\x09pHYs\x00\x00\x0e\xc3\x00\x00\x0e\xc3\
\x01\xc7o\xa8d\x00\x00\x00\x19tEXtSof\
tware\x00www.inksca\
pe.org\x9b\xee<\x1a\x00\x00\x0d\xdbID\
ATx\x9c\xed\xddM\xa8\xa7\xe7Y\xc7\xf1\xdf\x1d\xd3\
 \x89B\x9aj\xd4\xa4(\xd4\x85(*R_\xd0\x10\
\x13Ml\x15iAmJp+\xdd\xa8X\xb0\x96\xba\
P\xa8\x82(\x22\xa2\x16\xea\xcb\xd6Ek5\x8a\xaf\x15\
\xac\xd4XH\xa8i;\x06Tp\xa1\x16\xd1\xaa5\xd5\
\x0a5\xb5\xd4\xb4\x97\x8b\x99\x07\x87f\x92\x99\xc9\x9c\xf3\
\xdc\xf7\xff\xb9>\x1f\xc8&09\xbf3\x9c\xc9\xf5\xfd\
?\xe7\xcc9\x09\x00\x00\x00\x00\x00\x00\x00\x00\x00\x00\x00\
\x00\x00\x00\x00\x00\x00\x00\x00\x00\x00\x00\x00\x00\x00\x00\x00\
\x00\x00\x00\x00\x00\x00\x00\x00\x00\x00\x00\x00\x00\x00\x00\x00\
\x00\x00\x00\x00\x00\x00\x00\x00\x00\x00\x00\x00\x00\x00\x00\x00\
\x00\x00\x00\x00\x00\x00\x00\x00\x00\x00\x00\x00\x00\x00\x00\x00\
\x00\x00\x00\x00\x00\x00\x00\x00\x00\x00\x00\x00\x00\x00\x00\x00\
\x00\x00\x00\x00\x00\x00\x00\x00\x00\x00\x00\x00\x00\x00\x00\x00\
\x00\x00\x00\x00\x00\x00\x00\x00\x00\x00\x00\x00\x00\x00\x00\x00\
\x00\x00\x00\x00\x00\x00\x00\x00\x00\x00\x00\x00\x00\x00\x00\x00\
\x00\x00\x00\x00\x00\x00\x00\x00\x00\x00\x00\x00\x00\x00\x00\x00\
\x00\x00\x00\x00\x00\x00\x00\x00\x00\x00\x00\x00\x00\x00\x00\x00\
\x00\x00\x00\x00\x00\x00\x00\x1c\xc1\x98=\xe0j\xaa\xea\xce\
$/K\xf2\x05In\x99<\x07\x00\x9e\xcf'\x93|\
8\xc9\xdf\x8f1\x9e\x9a=\xe6\xf9,\x19\x00Uu[\
\x92\x1fH\xf2p\x92\x97g\xd1\x9d\x00\xf0\x1c*\xc9\x07\
\x92\xbc#\xc9/\x8f1>>y\xcf\xb3,wX\xab\
\xea\xa1$oI\xf2E\xb3\xb7\x00\xc0\x19\xf8P\x92\xd7\
\x8f1~g\xf6\x90\xcb\xdd4{\xc0\xe5\xaa\xea'\x93\
\xfcf\x1c\x7f\x00\x8e\xe3\xee$\x8fT\xd5\x9bg\x0f\xb9\
\xdc2O\x00\xaa\xea\x8dI~n\xf6\x0e\x008Go\
\x18c\xfc\xc2\xec\x11\xc9\x22\x01PU\xdf\x9c\xe4\xcf\x92\
|\xd6\xec-\x00p\x8e>\x95\xe4\xbe1\xc6\xe3\xb3\x87\
L\x0f\x80\xaa\x1aI\x1eK\xf2M\xb3\xb7\x00\xc0\x0e\x9e\
H\xf2\x8dc\x8c\x9a9b\x85\xaf\x01\xf8\xd68\xfe\x00\
\xf4\xf1\x0dI\xee\x9f=b\x85\x00\xf8\xee\xd9\x03\x00`\
g\xdf5{\xc0\x0a\x01p\xef\xec\x01\x00\xb0\xb3\xfbf\
\x0fX!\x00^:{\x00\x00\xec\xec\xee\xd9\x03V\xf8\
\x22\xc0O\xaf\xb0\x03\x00vTc\x8c\xa9/\xc2Wx\
\x02\xe0\xf8\x03\xd0\xcd\xf4\xdb\xb7B\x00\x00\x00;\x13\x00\
\x00\xd0\x90\x00\x00\x80\x86\x04\x00\x004$\x00\x00\xa0!\
\x01\x00\x00\x0d\x09\x00\x00hH\x00\x00@C\x02\x00\x00\
\xd8_\x9d\x8f\xd7\xce~\xbf\x008\x86\xaaz\xedy\x1c\
\xaa\xd9\xef\x97'\x00\x00\xd0\x90\x00\x00\x80\x86\x04\x00\x00\
4$\x00\x00\xa0!\x01\x00\x00\x0d\x09\x00\x00hH\x00\
\x00@C\x02\x00\x00\x1a\x12\x00\x00\xd0\x90\x00\x00\x80\x86\
\x04\x00\x004$\x00\x00\xa0!\x01\x00\x00\x0d\x09\x00\x00\
hH\x00\x00@C\x02\x00\x00\x1a\x12\x00\x00\xd0\x90\x00\
\x00\x80\x86\x04\x00\x004$\x00\x00\xa0!\x01\x00\x00\x0d\
\x09\x00\x00hH\x00\x00@C\x02\x00\x00\x1a\x12\x00\x00\
\xd0\x90\x00\x00\x80\x86\x04\x00\x004$\x00\x00\xa0!\x01\
\x00\x00\x0d\x09\x00\x00hH\x00\x00@C\x02\x00\x00\x1a\
\x12\x00\x00\xd0\x90\x00\x00\x80\x86\x04\x00\x004$\x00\x00\
\xa0!\x01\x00\x00\x0d\x09\x00\x00hH\x00\x00@C\x02\
\x00\x00\x1a\x12\x00\x00\xd0\x90\x00\x00\x80\x86\x04\x00\x004\
$\x00\x00\xa0!\x01\x00\x00\x0d\x09\x00\x00hH\x00\x00\
@C\x02\x00\x00\x1a\x12\x00\x00\xd0\x90\x00\x00\x80\x86\x04\
\x00\x004$\x00\x00\xa0!\x01\x00\x00\x0d\x09\x00\x00h\
H\x00\x00@C\x02\x00\x00\x1a\x12\x00\x00\xd0\x90\x00\x00\
\x80\x86\x04\x00\x004$\x00\x00\xa0!\x01\x00\x00\x0d\x09\
\x00\x00hH\x00\x00@C\x02\x00\x00\x1a\x12\x00\x00\xd0\
\x90\x00\x00\x80\x86\x04\x00\x004$\x00\x00\xa0!\x01\x00\
\x00\x0d\x09\x00\x00hH\x00\x00@C\x02\x00\x00\x1a\x12\
\x00\x00\xd0\x90\x00\x00\x80\x86\x04\x00\x004$\x00\x00\xa0\
!\x01\x00\x00\x0d\x09\x00\x00hH\x00\x00@C\x02\x00\
\x00\x1a\x12\x00\x00\xd0\x90\x00\x00\x80\x86\x04\x00\x004$\
\x00\x00\xa0!\x01\x00\x00\x0d\x09\x00\x00hH\x00\x00@\
C\x02\x00\x00\x1a\x12\x00\x00\xd0\x90\x00\x00\x80\x86\x04\x00\
\x004$\x00\x00\xa0!\x01\x00\x00\x0d\x09\x00\x00hH\
\x00\x00@C\x02\x00\x00\x1a\x12\x00\x00\xd0\x90\x00\x00\x80\
\x86\x04\x00\x004$\x00\x00\xa0!\x01\x00\x00\x0d\x09\x00\
\x00hH\x00\x00@C\x02\x00\x00\x1a\x12\x00\x00\xd0\x90\
\x00\x00\x80\x86\x04\x00\x004$\x00\x00\xa0!\x01\x00\x00\
\x0d\x09\x00\x00hH\x00\x00@C\x02\x00\x00\x1a\x12\x00\
\x00\xd0\x90\x00\x00\x80\x86\x04\x00\x004$\x00\x00\xa0!\
\x01\x00\x00\x0d\x09\x00\x00hH\x00\x00@C\x02\x00\x00\
\x1a\x12\x00\x00\xd0\x90\x00\x00\x80\x86\x04\x00\x004$\x00\
\x00\xa0!\x01\x00\x00\x0d\x09\x00\x00hH\x00\x00@C\
\x02\x00\x00\x1a\x12\x00\x00\xd0\x90\x00\x00\x80\x86\x04\x00\x00\
4$\x00\x00\xa0!\x01\x00\x00\x0d\x09\x00\x00hH\x00\
\x00@C\x02\x00\x00\x1a\x12\x00\x00\xd0\x90\x00\x00\x80\x86\
\x04\x00\x004$\x00\x00\xa0!\x01\x00\x00\x0d\x09\x00\x00\
hH\x00\x00@C\x02\x00\x00\x1a\x12\x00\x00\xd0\x90\x00\
\x00\x80\x86\x04\x00\x004$\x00\x00\xa0!\x01\x00\x00\x0d\
\x09\x00\x00hH\x00\x00@C\x02\x00\x00\x1a\x12\x00\x00\
\xd0\x90\x00\x00\x80\x86\x04\x00\x004$\x00\x00\xa0!\x01\
\x00\x00\x0d\x09\x00\x00hH\x00\x00@C\x02\x00\x00\x1a\
\x12\x00\x00\xd0\x90\x00\x00\x80\x86\x04\x00\x004$\x00\x00\
\xa0!\x01\x00\x00\x0d\x09\x00\x00hH\x00\x00@C\x02\
\x00\x00\x1a\x12\x00\x00\xd0\x90\x00\x00\x80\x86\x04\x00\x004\
$\x00\x00\xa0!\x01\x00\x00\x0d\x09\x00\x00hH\x00\x00\
@C\x02\x00\x00\x1a\x12\x00\x00\xd0\x90\x00\x00\x80\x86\x04\
\x00\x004$\x00\x00\xa0!\x01\x00\x00\x0d\x09\x00\x00h\
H\x00\x00@C\x02\x00\x00\x1a\x12\x00\x00\xd0\x90\x00\x00\
\x80\x86\x04\x00\x004$\x00\x00\xa0!\x01\x00\x00\x0d\x09\
\x00\x00hH\x00\x00@C\x02\x00\x00\x1a\x12\x00\x00\xd0\
\x90\x00\x00\x80\x86\x04\x00\x004$\x00\x00\xa0!\x01\x00\
\x00\x0d\x09\x00\x00hH\x00\x00@C\x02\x00\x00\x1a\x12\
\x00\x00\xd0\xd0\xcd\xb3\x07\x00\xfb\xaa\xaa\xdb\x93|y\x92\
;\x93|:\xc9\x87\x93\xfc\xcd\x18\xe3\xe9\xa9\xc3\x80]\
\x09\x00h\xa0\xaanJ\xf2p\x92\xd7%\xb9/\xcf\xfe\
\xb3\xff\x89\xaazw\x92\xb7\x8e1\xde\xb9\xf7>`\x7f\
>\x05\x00\x07WU_\x95\xe4\x03I\xde\x96\xe4\x81\x5c\
9\xfc?;\xc9w&\xf9\xa3\xaaz\xb4\xaa\xbex\xc7\
\x89\xc0\x04\x02\x00\x0e\xac\xaa^\x9d\xe4\xb1$_s\x1d\
\xbf\xec\xfe$\xef\xab\xaa{\xceg\x15\xb0\x02\x01\x00\x07\
UU\xafI\xf2\xdbI>\xf7\x05\xfc\xf2;\x93\xbc\xab\
\xaa\x1e8\xdbU\xc0*\x04\x00\x1c\xd0\xa5\xe3\xff\xf6$\
/\xba\x81\xff\xcc\xadI\xfe@\x04\xc01\x09\x008\x98\
3:\xfe\x1b\x11\x00\x07%\x00\xe0@\xce\xf8\xf8oD\
\x00\x1c\x90\x00\x80\x838\xa7\xe3\xbf\x11\x01p0\x02\x00\
\x0e\xe0\x9c\x8f\xffF\x04\xc0\x81\x08\x008q;\x1d\xff\
\x8d\x08\x80\x83\x10\x00p\xc2v>\xfe\x1b\x11\x00\x07 \
\x00\xe0DM:\xfe\x1b\x11\x00'N\x00\xc0\x09\x9a|\
\xfc7\x22\x00N\x98\x00\x80\x13\xb3\xc8\xf1\xdf\x88\x008\
Q\x02\x00N\xc8b\xc7\x7f#\x02\xe0\x04\x09\x008\x11\
\x8b\x1e\xff\x8d\x08\x80\x13#\x00\xe0\x04,~\xfc7\x22\
\x00N\x88\x00\x80\xc5\x9d\xc8\xf1\xdf\x88\x008\x11\x02\x00\
\x16vb\xc7\x7f#\x02\xe0\x04\x08\x00X\xd4\x89\x1e\xff\
\x8d\x08\x80\xc5\x09\x00X\xd0\x89\x1f\xff\x8d\x08\x80\x85\x09\
\x00X\xccA\x8e\xffF\x04\xc0\xa2\x04\x00,\xe4`\xc7\
\x7f#\x02`A\x02\x00\x16q\xd0\xe3\xbf\x11\x01\xb0\x18\
\x01\x00\x0b8\xf8\xf1\xdf\x88\x00X\x88\x00\x80\xc9\xaa\xea\
\xa1$\xbf\x91\xfd\x8f\xff\x85K\xff\xec\xe9\xd6$\xbf_\
U\xf7\xef\xfcv\x81\xcf \x00`\xa2K\xaf\xfc\xdf\x96\
\xe4\xe6\x9d\xdf\xf4\x93I^\x99\xe4\xc1$\xef\xdb\xf9m\
\xdf\x96\xe4\x9d\x9e\x04\xc0\x5c\x02\x00&\x99\xf8\xd8\xff\xc9\
$\xdf6\xc6\xf8\x8f1\xc6\x7f\xe5b\x08\xec\x1d\x01>\
\x1d\x00\x93\x09\x00\x98`\x85\xe3\xbf\xfd\x0b\x11\x00=\x09\
\x00\xd8\xd9J\xc7\x7f#\x02\xa0\x1f\x01\x00;Z\xf1\xf8\
oD\x00\xf4\x22\x00`'+\x1f\xff\x8d\x08\x80>\x04\
\x00\xec\xe0\x14\x8e\xffF\x04@\x0f\x02\x00\xce\xd9)\x1d\
\xff\x8d\x08\x80\xe3\x13\x00p\x8eN\xf1\xf8oD\x00\x1c\
\x9b\x00\x80sr\xca\xc7\x7f#\x02\xe0\xb8\x04\x00\x9c\x83\
#\x1c\xff\x8d\x08\x80c\x12\x00p\xc6\x8et\xfc7\x22\
\x00\x8eG\x00\xc0\x19:\xe2\xf1\xdf\x88\x008\x16\x01\x00\
g\xe4\xc8\xc7\x7f#\x02\xe08\x04\x00\x9c\x81\x0e\xc7\x7f\
#\x02\xe0\x18\x04\x00\xdc\xa0N\xc7\x7f#\x02\xe0\xf4\x09\
\x00\xb8\x01\x1d\x8f\xffF\x04\xc0i\x13\x00\xf0\x02u>\
\xfe\x1b\x11\x00\xa7K\x00\xc0\x0b\xe0\xf8\xff?\x11\x00\xa7\
I\x00\xc0ur\xfc\x9fM\x04\xc0\xe9\x11\x00p\x1d\x1c\
\xff\xe7&\x02\xe0\xb4\x08\x00\xb8F\x8e\xff\xd5\x89\x008\
\x1d\x02\x00\xae\x81\xe3\x7f\xedD\x00\x9c\x06\x01\x00W\xe1\
\xf8_?\x11\x00\xeb\x13\x00\xf0<\x1c\xff\x17N\x04\xc0\
\xda\x04\x00<\x07\xc7\xff\xc6\x89\x00X\x97\x00\x80+p\
\xfc\xcf\x8e\x08\x805\x8d\xd9\x03\xaa\xaafo\x80E\x1c\
\xee\xf8_\xae\xaanO\xf2'I\xbe~\xf6\x16X\xc1\
\x18c\xea\x0d\xf6\x04\x00\xd6p\xe8\xe3\x9fL}\x12\x00\
\x5c\x81\x00\x80\xf9\x0e\x7f\xfc7\x22\x00\xd6!\x00`\xae\
6\xc7\x7f#\x02`\x0d\x02\x00\xe6iw\xfc7\x22\x00\
\xe6\x13\x000G\xdb\xe3\xbf\x11\x010\x97\x00\x80\xfd\xb5\
?\xfe\x1b\x11\x00\xf3\x08\x00\xd8\x97\xe3\xff\x19D\x00\xcc\
!\x00`?\x8e\xffs\x10\x01\xb0?\x01\x00\xfbp\xfc\
\xafB\x04\xc0\xbeV\x08\x00\xdf\x09\x90\xa3\xbb\x90\xe4A\
\xc7\xff\xea.E\xc0w\xe4\xe2\xef\x19\x1c\xd9\xf4\xdb\xb7\
B\x00|d\xf6\x008GO&y\xe5\x18\xe3?g\
\x0f9\x15\x97~\xaf\x1e\x8c'\x01\x1c\xdb\xbf\xcf\x1e\xb0\
B\x00|h\xf6\x008'\x17\x92<\xe0\x95\xff\xf5\xbb\
\xf4$\xe0\xdb\xe3I\x00\xc75\xfd\xf6\xad\x10\x00\xef\x99\
=\x00\xce\xc1\xf6\xca\xff\xa3\xb3\x87\x9c\xaaK\xbfw\x9e\
\x04pT\x7f>{\xc0\x0a\x01\xf0\xbb\xb3\x07\xc0\x19\xf3\
\xca\xff\x8cx\x12\xc0\x81\xfd\xde\xec\x01\xd3\x7f\x1cp\x92\
T\xd5cI\xee\x99\xbd\x03\xce\x80\xaf\xf6?\x07~\x94\
0\x07\xf3\xde$\xf7\x8c1\xa6~!\xe0\x0aO\x00\x92\
\xe4MI>5{\x04\xdc \xaf\xfc\xcf\x89'\x01\x1c\
\xc83I~x\xf6\xf1O\x16\x09\x801\xc6cI~\
t\xf6\x0e\xb8\x01>\xe7\x7f\xce|M\x00\x07\xf1\xc61\
\xc6{g\x8fH\x16\x09\x80$\x19c\xfc|\x92\x9f\xc8\
\x02\x7f7\x12\xae\x93W\xfe;\xf1$\x80\x13VI\xde\
<\xc6\xf8\xa5\xd9C6K|\x0d\xc0\xe5\xaa\xea{\x92\
\xbc%\xc9\xdd\xb3\xb7\xc05\xb8\x90\x8b\x9f\xf3\xf7\xca\x7f\
GU\xf5\xe2$\x7f\x9a\xe4\xe5\xb3\xb7\xc05\xf8\xe7$\
?4\xc6X\xea\x8b\xde\x97\x0b\x80$\xa9\xaa[\x93|\
\x7f\x92\x87\x93|]\x16\xddI{\x8e\xffD\x22\x80\xc5\
U\x92\xf7'y{\x92_\x1dc\xfc\xcf\xe4=\xcf\xb2\
\xfca\xad\xaa\xcfO\xf2\xb2$_\x98\xe4\x96\xc9sX\
\xcf\xfdI~p\xc2\xdb\xbd\x90\xe4\x15\xbe\xc3\xdf\x5cU\
uG\x92weN\x04\xbc5\x0b\xfc]n\x96\xf3\xc9\
$\xff\x9a\xe4\x83c\x8c\xa7f\x8f\x81C\xaa\xaa{\xab\
\xeac\xb5\xbf\xbf\xac\xaa\x97\xcc~\xff\xb9\xa8\xaan\xaf\
\xaa'&|\x1c<]U\x0f\xcc~\xff\x01Z)\xc7\
\x9f\xcb\x94\x08\x008\xber\xfc\xb9\x82\x12\x01\x00\xc7U\
\x8e?\xcf\xa3D\x00\xc0\xf1\x94\xe3\xcf5(\x11\x00p\
\x1c\xe5\xf8s\x1dJ\x04\x00\x9c\xber\xfcy\x01J\x04\
\x00\x9c\xaer\xfc\xb9\x01%\x02\x00NO9\xfe\x9c\x81\
\x12\x01pE\xcb\x7f'@z\xaa\xaaoI\xf2\x87I\
n\xdb\xf9M\xffc\x92\x87\x92\xf8\x0e\x7f\xc7rG\x92\
G\x92|\xc9\xceo\xf7\xe9$\xaf\x1ac<\xba\xf3\xdb\
\x85\xab\x12\x00,\xa7\xaa\xeeM\xf2\xc7I>g\xf6\x16\
8\x03\x1fO\xf2\xea1\xc6\xbbg\x0f\x81\xcb\x09\x00\x96\
\xe2\xf8sP\x22\x80\xe5\x08\x00\x96\xe1\xf8sp\x22\x80\
\xa5\x08\x00\x96PU_\x9b\xe4\xd18\xfe\x1c\xdb\x7f'\
\xb9\x7f\x8cqa\xf6\x10\x10\x00LW\x17\x7f\xae\xfb_\
'\xb9k\xf6\x16\xd8\xc1\xbf$\xf9\xca1\xc6Gg\x0f\
\xa1\xb7\x9bf\x0f\x80$?\x1d\xc7\x9f>\xeeJ\xf23\
\xb3G\x80'\x00LUUw%\xf9`\x92[fo\
\x81\x1d\xfdo\x92/\x1dc\xfc\xd3\xec!\xf4\xe5\x09\x00\
\xb3=\x1c\xc7\x9f~^\x94\xe4{g\x8f\xa07\x01\xc0\
l\xbeS\x1a]\xbdb\xf6\x00z\x13\x00\xcc\xf6e\xb3\
\x07\xc0$>\xf6\x99J\x000\xdb\x8bg\x0f\x80I\xee\
\x98=\x80\xde\x04\x00\xb3}b\xf6\x00\x98\xc4\xc7>S\
\x09\x00f\xfb\x87\xd9\x03`\x92\xbf\x9b=\x80\xde\x04\x00\
\xb3\xfd\xc5\xec\x010\xc9\xe3\xb3\x07\xd0\x9b\x00`\xb6G\
f\x0f\x80I\xde1{\x00\xbd\x09\x00\xa6\x1ac<\x91\
\xe4=\xb3w\xc0\xce\x1e\x1fcx\xfa\xc5T\x02\x80\x15\
\xfcH.~g4\xe8\xe0\x99$o\x98=\x02\x04\x00\
\xd3\x8d1\xde\x9f\xe4M\xb3w\xc0N~\xdc\xab\x7fV\
 \x00X\xc2\x18\xe3\x17\x93\xfcX\x92\x9a\xbd\x05\xce\xd1\
O\x8d1~v\xf6\x08H\xfc0 \x16SU\xafJ\
\xf2+I^:{\x0b\x9c\xa1\x7fK\xf2\xfa1\xc6o\
\xcd\x1e\x02\x1b\x01\xc0r\xaa\xea\xd6$\xafK\xf2}I\
\xbe:>N9]\x7f\x95\xe4\xd7\x93\xfc\xda\x18\xe3c\
\xb3\xc7\xc0\xe5\xfc\x8f\x95\xa5U\xd5K\x92|E\x92\xcf\
Kr\xf3\xe49p-\x9eI\xf2\x91$\x7f;\xc6x\
j\xf6\x18\x00\x00\x00\x00\x00\x00\x00\x00\x00\x00\x00\x00\x00\
\x00\x00\x00\x00\x00\x00\x00\x00\x00\x00\x00\x00\x00\x00\x00\x00\
\x00\x00\x00\x00\x00\x00\x00\x00\x00\x00\x00\x00\x00\x00\x00\x00\
\x00\x00\x00\x00\x00\x00\x00\x00\x00\x00\x00\x00\x00\x00\x00\x00\
\x00\x00\x00\x00\x00\x00\x00\x00\x00\x00\x00\x00\x00\x00\x00\x00\
\x00\x00\x00\x00\x00\x00\x00\x00\x00\x00\x00\x00\x00\x00\x00\x00\
\x00\x00\x00\x00\x00\x00\x00\x00\x00\x00\x00\x00\x00\x00\x00\x00\
\x00\x00\x00\x00\x00\x00\x00\x00\x00\x00\x00\x00\x00\x00\x00\x00\
\x00\x00\x00\x00\x00\x00\x00\x00\x00\x00\x00\x00\x00\x00\x00\x00\
\x00\x00\x00\x00\x00\x00\x00\x00\x00\x00\x00\x00\x00\x00\x00\x00\
\x00\x00\x00\x00\x00\x00\x00\x00\x00\x00\x00\x00\x00\x00\x00\x00\
\x00\x00\x00\x00\x00\x80c\xfb?\x8e\xf3\xc9yY\xc7\xc9\
q\x00\x00\x00\x00IEND\xaeB`\x82\
\x00\x00\x16.\
\x89\
PNG\x0d\x0a\x1a\x0a\x00\x00\x00\x0dIHDR\x00\
\x00\x02\x00\x00\x00\x02\x00\x08\x06\x00\x00\x00\xf4x\xd4\xfa\
\x00\x00\x00\x09pHYs\x00\x00\x0e\xc3\x00\x00\x0e\xc3\
\x01\xc7o\xa8d\x00\x00\x00\x19tEXtSof\
tware\x00www.inksca\
pe.org\x9b\xee<\x1a\x00\x00\x15\xbbID\
ATx\x9c\xed\xdd\x7f\xac\xdd\xf5}\xdf\xf1\xf7\xe7\xdc\
\xeb\x12\xcc\x8a\xc6\x8a\xc1T\xdb\xda\x12Z+%\xd8\x18\
\x86<\xcf\xf7\xc25\xb6\xa61mU\xa7\xb4]\xe4\x10\
\xed\xdf\xa0\x89\xaei\x17\xfc_\x0a\xa8Q4,\xa1E\
\xc9\x22-\x9d&M\x9a\x86\xb4\x84*H\x99\xc6$\xff\
\xb8p/\xb8Yp\xae!\x22S\x92\x92.Y\x12'\
&,\xb4\x1dv\xc0\xf6y\xef\x8f{3!\x8b\xd9\xd7\
\xf8\x1c\x7f\xee\xb9\xef\xc7\xe3O\xf0\xfd\xf0\xba_\x10\xdf\
\xe79\xf7\x9es\x22\x00\x00\x00\x00\x00\x00\x00\x00\x00\x00\
\x00\x00\x00\x00\x00\x00\x00\x00\x00\x00\x00\x00\x00\x00\x00\x00\
\x00\x00\x00\x00\x00\x00\x00\x00\x00\x00\x00\x00\x00\x00\x00\x00\
\x00\x00\x00\x00\x00\x00\x00\x00\x00\x00\x00\x00\x00\x00\x00\x00\
\x00\x00\x00\x00\x00\x00\x00\x00\x00\x00\x00\x00\x00\x00\x00\x00\
\x00\x00\x00\x00\x00\x00\x00\x00\x00\x00\x00\x00\x00\x00\x00\x00\
\x00\x00\x00\x00\x00\x00\x00\x00\x00\x00\x00\x00\x00\x00\x00\x00\
\x00\x00\x00\x00\x00\x00\x00\x00\x00\x00\x00\x00\x00\x00\x00\x00\
\x00\x00\x00\x00\x00F\xa3\xf5\x1e\xb0Ve\xe6-\x11\xf1\
[\x11\xf1\x0f\x22\xe2\xbd\x11qCD\xfc$\x22ND\
\xc4BD|1\x22\x8e\xb4\xd6\xb2\xdb\xc8\x88\xc8\xcc\x16\
\x11\xf7F\xc4oF\xc4lDl\x8e\x88\xeb\x22\xe2d\
D\xfcYD<\x1d\x11O\xb6\xd6\xfe\xac\xdb\xc8\x15\x99\
ym,\xef\xfc\x8d\x88\xb85\x22\xfe\xd6\xca\xdf\xfa_\
\x11\xf1rD<\x15\x11O\xb5\xd6\xfe\xb2\xcfB\x00\xca\
\xca\xcc_\xcc\xcc\x7f\x9f\x99g\xf3\xe2\xbe\x9c\x99ww\
\xdczOf~e\x15;\xcff\xe6\xbf\xcb\xcc\x9b:\
\xed\x9c\xce\xcc\xdf\xcb\xccWW\xb1\xf5df\xfenf\
N\xf5\xd8\x0a@A\x99\xf9w3\xf3\xc4*nRo\
7\xcc\xcc\x87;l\xfd\x17\x99y\xee\x12\xb7\xfe 3\
w\x5c\xe1\x9d\xd7f\xe6\x97.qgf\xe6\x7f\xcb\xcc\
\xeb\xae\xe4V\x00\x0a\xca\xcc\x9d\x99y\xfa]\xdc\xa8~\
\xe6\x8f\xae\xe0\xd6O\x5c\xc6\xceSy\x85\x22 3\xff\
Zf.]\xc6\xd6\xaff\xe65Wb+\x00\x05\xe5\
\xf2\xd3\xfe\x97\xfa\xc8\xff|\xc3\xcc\xfc\x9d+\xb0\xf5\x9f\
\xae\xfc\xb3.\xc7\x0f2s\xf3\x15\xd8\xfa\xe4e\xee\xcc\
\xcc\xfc\xcf\xe3\xde\x09@Q\xb9\xfc3\xffQ\xf8Qf\
\xfe\xfc\x18w^\x93\x97\x1f*?\xf3\xc7\xe3\xda\xb9\xb2\
\xf5\x1f\x8ehgf\xe6\xdf\x1f\xe7V\x00\x0a\xca\xcc[\
ru\xbf\xf0\xb7Z\x1f\x1b\xe3\xd6\x87F\xb8\xf3lf\
\xbew\x8c[_\x18\xe1\xd6\xff>\xae\x9d\x00U\x0dz\
\x0fX\x03~;\x22F\xf9\x1b\xe7\xe3\xfc1\xc0\x07G\
x\xd6TD|`\x84\xe7\xfd?+aq\xe7\x08\x8f\
\xbc+3o\x1e\xe1y\x00\xe5\x09\x80\xe5\xd7\xf9\x8f\xd2\
\x9d\x99y\xc3\x88\xcf\x8c\xcc\xbc1\x22n\x1f\xf1\xb1\xf7\
\x8d\xf8\xbcq\x9e;\xea\x7fO\x00\xa5\x09\x80\x88_\x19\
\xf1y-\x22~y\xc4gF,\xef\x1c\xf5\x1b7\x8d\
\xfa{\x1f\xe7\xb9\xe3\xda\x0aP\x92\x00X~\x87\xbfQ\
\xbbq\x0cgn\x1a\xc3\x99\xe3z%\xc08\xae\xe9\xd8\
_\xb5\x00P\x89\x00\x88\x18\xc7\xdb\xce\xfe\xc5\x18\xce\x1c\
\xc7\xce\xd7\xc7pf\xc4dm\x05(I\x00D|\x7f\
B\xce\xfc\xc1\x84\x9c9\xaes\xc7\xb5\x15\xa0$\x01\xb0\
\xfc\xc1>\xa3\xf4\xfd\x88\xf8\xf6\x88\xcf\x8cX\xfe`\x9f\
\xef\x8d\xf8\xccgF|\xde\xcf<;\x863\xc7\xb5\x15\
\xa0$\x01\xb0\xfc\xa9~\xa3\xf4\xd48>!p\xe5\xcc\
/\x8d\xf8\xd8\xa7F|\xde\xcf<\x1f\xcb\x9fF8*\
?\x8a\x88?\x1d\xe1y\x00T\x97\x99-3\x9f\x1f\xd1\
\x1b\xd6\xbc\x95\xcb\x1f#<\xae\xad7g\xe6\x9b#\xda\
\xfa\xe5\x5c\xfe(\xe1qm\x1d\xe5\x9b\x16\xfd\xfe\xb8v\
\x02PXf\xce\xe6\xa5\x7f\xb2\xde;y\xfc\x0al\xfd\
\xd7#\xd8y63w\x8dy\xe7\xd5\x99\xf9\xca\x08\xb6\
~+3\xdf3\xce\xad\x00\x14\x96\x97\xff\x88\xf5\xb9\xcc\
\xbc\xea\x0a\xec\xdc\x90\x99\xf3\x97\xb9\xf5\x0f\xc6\xbdse\
\xeb\xafg\xe6_\x5c\xc6\xce\xbf\xca\xcc\xdb\xae\xc4V\x00\
\x0a\xcb\xcc?\xcaw\xf7I{\x0b\x99y\xfd\x15\xdcy\
}f.\xbe\x8b\x9d\xc3\xcc|\xf4J\xed\x5c\xd9\xba;\
3_{\x17[\x7f\x9c\x99\xf7\x5c\xc9\xad\x00\x14\x96\x99\
\xbf\x93\xcb\x1f\x97\xbb\x1aoe\xe6\xe3\x99\xf9s\x1dv\
^\x95\xcb?\x0exk\x95[\xbf\x9f\x99cy\xef\xff\
Ul\xbd%\x97#i\xb5\x9e\xc91~P\x11\x00\xbc\
\xa3\x5c\xfe\xd8\xdd\x8fe\xe6W\xf2\x9d\x9f\x11\xf8^f\
\xfe\x9b\x1c\xe3/\xfc]\xc2\xd6_\xcd\xcc\xcf\xael:\
\xdfp\xe5{\xf8\x97\x99\xb9q\x0dl\xfd\x8d\xcc|*\
3O\xbd\xc3\xd672\xf3\x8b\x99\xf9\x8fz\xef\x04\xa8\
`l\xbf\x05\xbe^d\xe6\xa6\x88\xb89\x96\xdf\xde\xf7\
'\x11q\x22\x22^\x19\xc7K\xfd.G.\xffF\xff\
{#\xe2\x17#\xe2\xaf\xc7\xf2K\xe7\xbe\xddZ{\xb5\
\xeb\xb0w\xb0\x12#7G\xc4\xdf\x5c\xf9K\xdf\x8b\xe5\
\xad\xa7\xfa\xad\x02\x00\x00\x00\x00\x00\x00\x00\x00\x00\x00\x00\
\x00\x00\x00\x00\x00\x00\x00\x00\x00\x00\x00\x00\x00\x00\x00\x00\
\x00\x00\x00\x00\x00\x00\x00\x00\x00\x00\x00\x00\x00\xd6\x83\xd6\
{\x00\x8c\xc6\xc3\x83;w\xce\xff\xda\xb9\xe9\xf6\xde\xc8\
\xb61b\xf0\xeaT{\xf3\x1b\xc7\x16\x16N\xf4^\x06\
\xb0\x16\x09\x00&\xda\xb6]\xbbomm\xf0\xbb\x11\xf9\
O\x22b\xd3;\xfc\x91\x97\xa3\xe5\x7f\x88\xa9\xfc\xe3\xe3\
\xf3\xf3\xaf_\xe9}\x00k\x95\x00`\x22\xed\xdc\xb9\xf3\
\xea\x9fN_\xfdXf<\x10\x11S\xab\xf8\x92\x93-\
\xe2\xf7\x96\x16\x0f?1\xeem\x00\x93`5\xff\xe3\x84\
5\xe5\xce\xb9\xb9\xeb\xdf\x8a\xab\x0eE\xc4oF\xc4`\
\x95_vMD|`\xf3\xdf\xfe\xe5\x8d?\xfc\xee\xff\
<8\xbeu\x00\x93A\x000Qv\xee\xdcy\xf5\xf2\
\xcd?\xff\xce\xbb;\xa1\xed\xba\xe9\x97n\xce\x1f~\xf7\
\xcf\x9f\x19\xed2\x80\xc9\xb2\xdaGO\xb0&\x9c\x1a\x5c\
\xfd\xaf\xde\xfd\xcd\x7fYf\xfe\xe1\xf6\xd9\xdd\xf7\x8cj\
\x13\xc0$\x12\x00L\x8c\xad\xbbvoi-\x1e\x18\xc1\
Q\x83\xc8\xf6\xe9\x88\x87\xfd\xf7\x0f\x94\xe5\x7f\x80L\x8c\
A\x1b\xfc~DL\x8f\xe2\xac\x8c\xb8m\xfb\xcc\xe2\xbd\
\xa38\x0b`\x12\x09\x00&\xc4\xc3\x83h\xf9\x81\xd1\x9e\
y\xee\xb7F{\x1e\xc0\xe4\x10\x00L\x84\xad\xbb\x9e\xf9\
\xd5\xc8\xf8\x85Q\x9e\x99\xd1v\x8e\xf2<\x80I\x22\x00\
\x98\x08\xd3m\xf0+c8\xf6\x97\xc6p&\xc0D\x10\
\x00L\x84a\xe4\xcf\x8f\xe1\xd8k\xc7p&\xc0D\x10\
\x00L\x84\xcc\x1c\xc7\xbbVz'L\xa0,\x01\x00\x00\
\x05\x09\x00\x00(H\x00\x00@A\x02\x00\x00\x0a\x12\x00\
\x00P\x90\x00\x00\x80\x82\x04\x00\x00\x14$\x00\x00\xa0 \
\x01\x00\x00\x05\x09\x00\x00(H\x00\x00@A\x02\x00\x00\
\x0a\x12\x00\x00P\x90\x00\x00\x80\x82\x04\x00\x00\x14$\x00\
\x00\xa0 \x01\x00\x00\x05\x09\x00\x00(H\x00\x00@A\
\x02\x00\x00\x0a\x12\x00\x00P\x90\x00\x00\x80\x82\x04\x00\x00\
\x14$\x00\x00\xa0 \x01\x00\x00\x05\x09\x00\x00(H\x00\
\x00@A\x02\x00\x00\x0a\x12\x00\x00P\x90\x00\x00\x80\x82\
\x04\x00\x00\x14$\x00\x00\xa0 \x01\x00\x00\x05\x09\x00\x00\
(H\x00\x00@A\x02\x00\x00\x0a\x12\x00\x00P\x90\x00\
\x00\x80\x82\x04\x00\x00\x14$\x00\x00\xa0 \x01\x00\x00\x05\
\x09\x00\x00(H\x00\x00@A\x02\x00\x00\x0a\x12\x00\x00\
P\x90\x00\x00\x80\x82\x04\x00\x00\x14$\x00\x00\xa0 \x01\
\x00\x00\x05\x09\x00\x00(H\x00\x00@A\x02\x00\x00\x0a\
\x12\x00\x00P\x90\x00\x00\x80\x82\x04\x00\x00\x14$\x00\x00\
\xa0 \x01\x00\x00\x05\x09\x00\x00(H\x00\x00@A\x02\
\x00\x00\x0a\x12\x00\x00P\x90\x00\x00\x80\x82\x04\x00\x00\x14\
$\x00\x00\xa0 \x01\x00\x00\x05\x09\x00\x00(H\x00\x00\
@A\x02\x00\x00\x0a\x12\x00\x00P\x90\x00\x00\x80\x82\x04\
\x00\x00\x14$\x00\x00\xa0 \x01\x00\x00\x05M\xf7\x1e\xb0\
V\xdd6\xb3\xf7\xe6\xe9\x96\xf7G\xe6\xde\x8c\xd8\x12\x11\
7\xf4\xde\xb4\x06\xbc\x11\x11\xafd\x8b\xe7\x079xr\
i\xf1\xe0\xa1\x88\xc8\xde\xa3\x00\xb8t\x02\xe0<w\xcd\
\xcdm>sfp b\xb8/\xd33$\xe7\xb9&\
\x22\xb6\xb6\x8c\xad\x19\xc3\x8f\xdc>s\xefKm\x10\x0f\
.={\xf8\xd9\xde\xc3\x00\xb84npo\xb3u\xd7\
\x9e\xd93g\x07/F\x8b\xfb\xc3\xb5Y\x8d\xad9\x8c\
\xf9\xed\xb3{>\x1e\x11\xad\xf7\x18\x00V\xcfMn\xc5\
\xb6\x99\xbd3\x83\x96O\x87\xa7\xfa/U\xcb\xccG\xb6\
\xcf\xdc\xfb\xc9\xdeC\x00X=\x01\x10\x11\xdbgg7\
E\x0c?\x1f\x11\x1b{o\x99T\x19\xb1\x7f\xfb\xec\x9e\
\x0f\xf6\xde\x01\xc0\xea\x08\x80\x88\xc8\xe1\x86\xc7[\xc4\xe6\
\xde;&]f~z\xc7\x8e\xfb\xae\xed\xbd\x03\x80\x8b\
+\x1f\x00w\xec\x9c\xbb%Z\xec\xeb\xbdc\x9d\xb8\xfe\
\xa7\x1b\xde|\xa0\xf7\x08\x00.\xae|\x00\x0c\xa7\x06\x1f\
\x0a\xd7adZ\xc4\x87{o\x00\xe0\xe2\xdc\xf8\x22v\
\xf7\x1e\xb0\xce\xdc\xfa\xfe\x1d{n\xec=\x02\x80\x0b\x13\
\x00\x11\xef\xeb=`\xbd\x99\xde\xd0\x5cS\x805N\x00\
D\x5c\xd7{\xc0z\x931tM\x01\xd68\x01\x10q\
\xaa\xf7\x80ug\x18o\xf4\x9e\x00\xc0\x85\x09\x80\x88\xef\
\xf4\x1e\xb0\xdedK\xd7\x14`\x8d+\x1f\x00-\xf2h\
\xef\x0d\xebJ\x8b\xd7^z\xee\x9eo\xf5\x9e\x01\xc0\x85\
\x95\x0f\x80\x88\xa9/\xf4^\xb0\xaed{2\xe2\xe1a\
\xef\x19\x00\x5cX\xf9\x00XZ<x(2\x96z\xef\
X'\xce\xb5\x16\x9f\xea=\x02\x80\x8b+\x1f\x00\x11\x91\
m\x90\x1f\x8d\x08\x8fZ/Sf|vi\xe1\xd0\xd7\
{\xef\x00\xe0\xe2\x04@D,-\x1cy\xa6\xb5\xf6H\
\xef\x1d\x93\xad\xbd\xb0qxz\x7f\xef\x15\x00\xac\x8e\x00\
X\xb1\xb4p\xe8\xd1\x88|\xac\xf7\x8e\xc9\xd4^\x98\x9a\
>w\xdf\xd1\xa3GO\xf7^\x02\xc0\xea\x08\x80\xb79\
\xbexd\x7f\x8b\xd8\x17\x11'{o\x99\x10\xe7Z\x8b\
\xcf\x5c}\xee\xd4\xdd\xc7\xe6\xe7\x7f\xdc{\x0c\x00\xab'\
\x00\xce\xb3\xb4x\xf8\x89\x98\x1en\x89\x96\x0fE\xc4\xcb\
\xbd\xf7\xacQ\xafF\xb4\xcfe\xe6\xb6\xa5\x85\xc3\x0fz\
\xe4\x0f0y\xa6{\x0fX\x8b\x8e\xcf\xcf\xbf\x1e\x11\x07\
\x22\xe2\xc0\x9d\xb3\xb37\x9d\xcb\xab\xb6D\x0c7\xf5\xde\
\xd5]\xcbSSg\xf3\x95cG\xe7\xbe\xe9\xa5~\x00\
\x93M\x00\x5c\xc4\xb1\x85\x85\x13\x11q\xa2\xf7\x8e\xb5e\
\xbe\xf7\x00\x00.\x93\x1f\x01\x00@A\x02\x00\x00\x0a\x12\
\x00\x00P\x90\x00\x00\x80\x82\x04\x00\x00\x14$\x00\x00\xa0\
 \x01\x00\x00\x05\x09\x00\x00(H\x00\x00@A\x02\x00\
\x00\x0a\x12\x00\x00P\x90\x00\x00\x80\x82\x04\x00\x00\x14$\
\x00\x00\xa0 \x01\x00\x00\x05\x09\x00\x00(H\x00\x00@\
A\x02\x00\x00\x0a\x12\x00\x00P\x90\x00\x00\x80\x82\x04\x00\
\x00\x14$\x00\x00\xa0 \x01\x00\x00\x05\x09\x00\x00(H\
\x00\x00@A\x02\x00\x00\x0a\x12\x00\x00P\x90\x00\x00\x80\
\x82\x04\x00\x00\x14$\x00\x00\xa0 \x01\x00\x00\x05\x09\x00\
\x00(H\x00\x00@A\x02\x00\x00\x0a\x12\x00\x00P\x90\
\x00\x00\x80\x82\x04\x00\x00\x14$\x00\x00\xa0 \x01\x00\x00\
\x05\x09\x00\x00(H\x00\x00@A\xd3\xbd\x07\xacU\xb7\
\xcd\xec\xbdy\xba\xe5\xfd\x91\xb97#\xb6D\xc4\x0d\xbd\
7\xad\x01oD\xc4+\xd9\xe2\xf9A\x0e\x9e\x5cZ<\
x(\x22\xb2\xf7(\x00.\x9d\x008\xcf]ss\x9b\
\xcf\x9c\x19\x1c\x88\x18\xee\xcb\xf4\x0c\xc9y\xae\x89\x88\xad\
-ck\xc6\xf0#\xb7\xcf\xdc\xfbR\x1b\xc4\x83K\xcf\
\x1e~\xb6\xf70\x00.\x8d\x1b\xdc\xdbl\xdd\xb5g\xf6\
\xcc\xd9\xc1\x8b\xd1\xe2\xfepmVck\x0ec~\xfb\
\xec\x9e\x8fGD\xeb=\x06\x80\xd5s\x93[\xb1mf\
\xef\xcc\xa0\xe5\xd3\xe1\xa9\xfeK\xd52\xf3\x91\xed3\xf7\
~\xb2\xf7\x10\x00VO\x00D\xc4\xf6\xd9\xd9M\x11\xc3\
\xcfG\xc4\xc6\xde[&UF\xec\xdf>\xbb\xe7\x83\xbd\
w\x00\xb0:\x02 \x22r\xb8\xe1\xf1\x16\xb1\xb9\xf7\x8e\
I\x97\x99\x9f\xde\xb1\xe3\xbek{\xef\x00\xe0\xe2\xca\x07\
\xc0\x1d;\xe7n\x89\x16\xfbz\xefX'\xae\xff\xe9\x86\
7\x1f\xe8=\x02\x80\x8b+\x1f\x00\xc3\xa9\xc1\x87\xc2u\
\x18\x99\x16\xf1\xe1\xde\x1b\x00\xb887\xbe\x88\xdd\xbd\x07\
\xac3\xb7\xbe\x7f\xc7\x9e\x1b{\x8f\x00\xe0\xc2\x04@\xc4\
\xfbz\x0fXo\xa674\xd7\x14`\x8d\x13\x00\x11\xd7\
\xf5\x1e\xb0\xded\x0c]S\x805N\x00D\x9c\xea=\
`\xdd\x19\xc6\x1b\xbd'\x00pa\x02 \xe2;\xbd\x07\
\xac7\xd9\xd25\x05X\xe3\xca\x07@\x8b<\xda{\xc3\
\xba\xd2\xe2\xb5\x97\x9e\xbb\xe7[\xbdg\x00pa\xe5\x03\
 b\xea\x0b\xbd\x17\xac+\xd9\x9e\x8cxx\xd8{\x06\
\x00\x17V>\x00\x96\x16\x0f\x1e\x8a\x8c\xa5\xde;\xd6\x89\
s\xad\xc5\xa7z\x8f\x00\xe0\xe2\xca\x07@Dd\x1b\xe4\
G#\xc2\xa3\xd6\xcb\x94\x19\x9f]Z8\xf4\xf5\xde;\
\x00\xb88\x01\x10\x11K\x0bG\x9ei\xad=\xd2{\xc7\
dk/l\x1c\x9e\xde\xdf{\x05\x00\xab#\x00V,\
-\x1cz4\x22\x1f\xeb\xbdc2\xb5\x17\xa6\xa6\xcf\xdd\
w\xf4\xe8\xd1\xd3\xbd\x97\x00\xb0:\x02\xe0m\x8e/\x1e\
\xd9\xdf\x22\xf6E\xc4\xc9\xde[&\xc4\xb9\xd6\xe23W\
\x9f;u\xf7\xb1\xf9\xf9\x1f\xf7\x1e\x03\xc0\xea\x09\x80\xf3\
,-\x1e~\x22\xa6\x87[\xa2\xe5C\x11\xf1r\xef=\
k\xd4\xab\x11\xeds\x99\xb9mi\xe1\xf0\x83\x1e\xf9\x03\
L\x9e\xe9\xde\x03\xd6\xa2\xe3\xf3\xf3\xafG\xc4\x81\x888\
p\xe7\xec\xecM\xe7\xf2\xaa-\x11\xc3M\xbdwu\xd7\
\xf2\xd4\xd4\xd9|\xe5\xd8\xd1\xb9oz\xa9\x1f\xc0d\x13\
\x00\x17qla\xe1DD\x9c\xe8\xbdcm\x99\xef=\
\x00\x80\xcb\xe4G\x00\x00P\x90\x00\x00\x80\x82\x04\x00\x00\
\x14$\x00\x00\xa0 \x01\x00\x00\x05\x09\x00\x00(H\x00\
\x00@A\x02\x00\x00\x0a\x12\x00\x00P\x90\x00\x00\x80\x82\
\x04\x00\x00\x14$\x00\x00\xa0 \x01\x00\x00\x05\x09\x00\x00\
(H\x00\x00@A\x02\x00\x00\x0a\x12\x00\x00P\x90\x00\
\x00\x80\x82\x04\x00\x00\x14$\x00\x00\xa0 \x01\x00\x00\x05\
\x09\x00\x00(H\x00\x00@A\x02\x00\x00\x0a\x12\x00\x00\
P\x90\x00\x00\x80\x82\x04\x00\x00\x14$\x00\x00\xa0 \x01\
\x00\x00\x05\x09\x00\x00(H\x00\x00@A\x02\x00\x00\x0a\
\x12\x00\x00P\x90\x00\x00\x80\x82\x04\x00\x00\x14$\x00\x00\
\xa0 \x01\x00\x00\x05\x09\x00\x00(H\x00\x00@A\x02\
\x00\x00\x0a\x12\x00\x00P\xd0t\xef\x01k\xd5m3{\
o\x9eny\x7fd\xee\xcd\x88-\x11qC\xefMk\
\xc0\x1b\x11\xf1J\xb6x~\x90\x83'\x97\x16\x0f\x1e\x8a\
\x88\xec=\x0a\x80K'\x00\xces\xd7\xdc\xdc\xe63g\
\x06\x07\x22\x86\xfb2=Cr\x9ek\x22bk\xcb\xd8\
\x9a1\xfc\xc8\xed3\xf7\xbe\xd4\x06\xf1\xe0\xd2\xb3\x87\x9f\
\xed=\x0c\x80K\xe3\x06\xf76[w\xed\x99=sv\
\xf0b\xb4\xb8?\x5c\x9b\xd5\xd8\x9a\xc3\x98\xdf>\xbb\xe7\
\xe3\x11\xd1z\x8f\x01`\xf5\xdc\xe4Vl\x9b\xd9;3\
h\xf9tx\xaa\xffR\xb5\xcc|d\xfb\xcc\xbd\x9f\xec\
=\x04\x80\xd5\x13\x00\x11\xb1}vvS\xc4\xf0\xf3\x11\
\xb1\xb1\xf7\x96I\x95\x11\xfb\xb7\xcf\xee\xf9`\xef\x1d\x00\
\xac\x8e\x00\x88\x88\x1cnx\xbcEl\xee\xbdc\xd2e\
\xe6\xa7w\xec\xb8\xef\xda\xde;\x00\xb8\xb8\xf2\x01p\xc7\
\xce\xb9[\xa2\xc5\xbe\xde;\xd6\x89\xeb\x7f\xba\xe1\xcd\x07\
z\x8f\x00\xe0\xe2\xca\x07\xc0pj\xf0\xa1p\x1dF\xa6\
E|\xb8\xf7\x06\x00.\xce\x8d/bw\xef\x01\xeb\xcc\
\xad\xef\xdf\xb1\xe7\xc6\xde#\x00\xb80\x01\x10\xf1\xbe\xde\
\x03\xd6\x9b\xe9\x0d\xcd5\x05X\xe3\x04@\xc4u\xbd\x07\
\xac7\x19C\xd7\x14`\x8d\x13\x00\x11\xa7z\x0fXw\
\x86\xf1F\xef\x09\x00\x5c\x98\x00\x88\xf8N\xef\x01\xebM\
\xb6tM\x01\xd6\xb8\xf2\x01\xd0\x22\x8f\xf6\xde\xb0\xae\xb4\
x\xed\xa5\xe7\xee\xf9V\xef\x19\x00\x5cX\xf9\x00\x88\x98\
\xfaB\xef\x05\xebJ\xb6'#\x1e\x1e\xf6\x9e\x01\xc0\x85\
\x95\x0f\x80\xa5\xc5\x83\x87\x22c\xa9\xf7\x8eu\xe2\x5ck\
\xf1\xa9\xde#\x00\xb8\xb8\xf2\x01\x10\x11\xd9\x06\xf9\xd1\x88\
\xf0\xa8\xf52e\xc6g\x97\x16\x0e}\xbd\xf7\x0e\x00.\
N\x00D\xc4\xd2\xc2\x91gZk\x8f\xf4\xde1\xd9\xda\
\x0b\x1b\x87\xa7\xf7\xf7^\x01\xc0\xea\x08\x80\x15K\x0b\x87\
\x1e\x8d\xc8\xc7z\xef\x98L\xed\x85\xa9\xe9s\xf7\x1d=\
z\xf4t\xef%\x00\xac\x8e\x00x\x9b\xe3\x8bG\xf6\xb7\
\x88}\x11q\xb2\xf7\x96\x09q\xae\xb5\xf8\xcc\xd5\xe7N\
\xdd}l~\xfe\xc7\xbd\xc7\x00\xb0z\x02\xe0<K\x8b\
\x87\x9f\x88\xe9\xe1\x96h\xf9PD\xbc\xdc{\xcf\x1a\xf5\
jD\xfb\x5cfn[Z8\xfc\xa0G\xfe\x00\x93g\
\xba\xf7\x80\xb5\xe8\xf8\xfc\xfc\xeb\x11q \x22\x0e\xdc9\
;{\xd3\xb9\xbcjK\xc4pS\xef]\xdd\xb5<5\
u6_9vt\xee\x9b^\xea\x070\xd9\x04\xc0E\
\x1c[X8\x11\x11'z\xefX[\xe6{\x0f\x00\xe0\
2\xf9\x11\x00\x00\x14$\x00\x00\xa0 \x01\x00\x00\x05\x09\
\x00\x00(H\x00\x00@A\x02\x00\x00\x0a\x12\x00\x00P\
\x90\x00\x00\x80\x82\x04\x00\x00\x14$\x00\x00\xa0 \x01\x00\
\x00\x05\x09\x00\x00(H\x00\x00@A\x02\x00\x00\x0a\x12\
\x00\x00P\x90\x00\x00\x80\x82\x04\x00\x00\x14$\x00\x00\xa0\
 \x01\x00\x00\x05\x09\x00\x00(H\x00\x00@A\x02\x00\
\x00\x0a\x12\x00\x00P\x90\x00\x00\x80\x82\x04\x00\x00\x14$\
\x00\x00\xa0 \x01\x00\x00\x05\x09\x00\x00(H\x00\x00@\
A\x02\x00\x00\x0a\x12\x00\x00P\x90\x00\x00\x80\x82\x04\x00\
\x00\x14$\x00\x00\xa0 \x01\x00\x00\x05\x09\x00\x00(H\
\x00\x00@A\x02\x00\x00\x0a\x12\x00\x00P\x90\x00\x00\x80\
\x82\x04\x00\x00\x144\xdd{\xc0Zu\xdb\xcc\xde\x9b\xa7\
[\xde\x1f\x99{3bKD\xdc\xd0{\xd3%:\xd9\
\x22\xbe\x11\xad\x1d<\x9b\xed?~m\xf1\xe0\xb7{\x0f\
\x02`\xed\x10\x00\xe7\xb9knn\xf3\x993\x83\x03\x11\
\xc3}\x99\x13\xfd\x0c\xc9\x0d\x19qCd\xceNE\xfe\
\xe1\xed\xbb\xee\xfdO\x1b6\x0c?\xf6\x95\xf9\xf9\x1f\xf6\
\x1e\x06@\x7f\x93|\x83\x1b\xb9\xad\xbb\xf6\xcc\x9e9;\
x1Z\xdc\x1f\xeb\xeb\xda\x0c\xa2\xc5\xfdg\xce\x0e^\
\xdc\xbak\xcfl\xef1\x00\xf4\xb7\x9enr\x97e\xdb\
\xcc\xde\x99A\xcb\xa7c\xf2\x9e\xea\xbf\x147\x0cZ>\
\xbdmf\xefL\xef!\x00\xf4%\x00\x22b\xfb\xec\xec\
\xa6\x88\xe1\xe7#bc\xef-W\xc0\xc6\x16\xc3?\xb9\
knns\xef!\x00\xf4#\x00\x22\x22\x87\x1b\x1eo\
\x11\x95n\x88\x9b\x96\x7f\xcf\x01\x80\xaa\xca\x07\xc0\x1d;\
\xe7n\x89\x16\xfbz\xef\xb8\xe2Z\xec\xbbc\xe7\xdc-\
\xbdg\x00\xd0G\xf9\x00\x18N\x0d>\x145\xaf\xc3`\
\xe5{\x07\xa0\xa0\x8a7\xbe\xf3\xed\xee=\xa0\x9f\x9c\xeb\
\xbd\x00\x80>\x04@\xc4\xfbz\x0f\xe8\xa7\xfdz\xef\x05\
\x00\xf4!\x00\x22\xae\xeb=\xa0\xa3\xca\xdf;@i\x02\
 \xe2T\xef\x01\x1d\xbd\xd1{\x00\x00}\x08\x80\x88\xef\
\xf4\x1e\xd0\xd1w{\x0f\x00\xa0\x8f\xf2\x01\xd0\x22\x8f\xf6\
\xde\xd0K\xe5\xef\x1d\xa0\xba\xf2\x01\x101\xf5\x85\xde\x0b\
\xfa\xa9\xfc\xbd\x03\xd4V>\x00\x96\x16\x0f\x1e\x8a\x8c\xa5\
\xde;\xae\xb4\x16\xf1\xb5\xa5\xc5\x99\xc3\xbdw\x00\xd0G\
\xf9\x00\x88\x88l\x83\xfchD\x0c{\x0f\xb9\x82\x86\xd1\
\xf2\xc1\x88\x87+}\xcf\x00\xbc\x8d\x00\x88\x88\xa5\x85#\
\xcf\xb4\xd6\x1e\xe9\xbd\xe3Ji\xad=\xb2\xb4p\xe4\x99\
\xde;\x00\xe8G\x00\xacXZ8\xf4hD>\xd6{\
\xc7\xf8\xe5c\xcb\xdf+\x00\x95\x09\x80\xb79\xbexd\
\x7f\x8b\xd8\x17\x11'{o\x19\x83\x93-b\xdf\xf1\xc5\
#\xfb{\x0f\x01\xa0?\x01p\x9e\xa5\xc5\xc3O\xc4\xf4\
pK\xb4|(\x22^\xee\xbdg\x04^\x8e\x96\x0f\xc5\
\xf4p\xcb\xd2\xe2\xe1'z\x8f\x01`m\x98\xee=`\
-:>?\xffzD\x1c\x88\x88\x03w\xce\xce\xdet\
.\xaf\xda\x121\xdc\xd4{\xd7\xa5\x19\xbc:\xd5\xde\xfc\
\xc6\xb1\x85\x85\x13\xbd\x97\x00\xb0\xf6\x08\x80\x8bX\xb9\x81\
\xba\x89\x02\xb0\xae\xf8\x11\x00\x00\x14$\x00\x00\xa0 \x01\
\x00\x00\x05\x09\x00\x00(H\x00\x00@A\x02\x00\x00\x0a\
\x12\x00\x00P\x90\x00\x00\x80\x82\x04\x00\x00\x14$\x00\x00\
\xa0 \x01\x00\x00\x05\x09\x00\x00(H\x00\x00@A\x02\
\x00\x00\x0a\x12\x00\x00P\x90\x00\x00\x80\x82\x04\x00\x00\x14\
$\x00\x00\xa0 \x01\x00\x00\x05\x09\x00\x00(H\x00\x00\
@A\x02\x00\x00\x0a\x12\x00\x00P\x90\x00\x00\x80\x82\x04\
\x00\x00\x14$\x00\x00\xa0 \x01\x00\x00\x05\x09\x00\x00(\
H\x00\x00@A\x02\x00\x00\x0a\x12\x00\x00P\x90\x00\x00\
\x80\x82\x04\x00\x00\x14$\x00\x00\xa0 \x01\x00\x00\x05\x09\
\x00\x00(H\x00\x00@A\x02\x00\x00\x0a\x12\x00\x00P\
\x90\x00\x00\x80\x82\x04\x00\x00\x14$\x00\x00\xa0 \x01\x00\
\x00\x05\x09\x00\x00(H\x00\x00@A\x02\x00\x00\x0a\x12\
\x00\x00P\x90\x00\x00\x80\x82\x04\x00\x00\x14$\x00\x00\xa0\
 \x01\x00\x00\x05\x09\x00\x00(H\x00\x00@A\x02\x00\
\x00\x0a\x12\x00\x00P\x90\x00\x00\x80\x82\x04\x00\x00\x14$\
\x00\x00\xa0 \x01\x00\x00\x05\x09\x00\x00(H\x00\x00@\
A\x02\x00\x00\x0a\x12\x00\x00P\x90\x00\x00\x80\x82\x04\x00\
\x00\x14$\x00\x00\xa0 \x01\x00\x00\x05\x09\x00\x00(H\
\x00\x00@A\x02\x00\x00\x0a\x12\x00\x00P\x90\x00\x00\x80\
\x82\x04\x00\x00\x14$\x00\x98\x08\xd9\xda\xe91\x1c{j\
\x0cg\x02L\x04\x01\xc0Dh-~4\xf2C3N\
\x8e\xfcL\x80\x09!\x00\x98\x08\x1b\xcf\x9e\xfeZD\x9c\
\x19\xe5\x99\xad\xc5WGy\x1e\xc0$\x11\x00L\x84\xa3\
G\x8f\x9en\xd1\x0e\x8f\xf2\xcca\xc4\x97Fy\x1e\xc0\
$\x11\x00L\x8ca\xe4\xbf\x1d\xe1q\xff\xfb=g\xae\
zr\x84\xe7\x01L\x14\x01\xc0\xc4xq\xf1\xf0\x173\
\xda\x9f\x8e\xe2\xac\x8c\xf6\x89/\x7f\xf9\xbf\xfe\xe5(\xce\
\x02\x98D\x02\x80I\x92\x11\xf1\xcf\x22\xe2\xaf.\xf3\x98\
\xf9_\xbb\xe9o|j\x14\x83\x00&U\xeb=\x00.\
\xd5\xb6]{v\xb7\x96\xff%\x22\xae~\x17_\xfe\xe2\
\xb9xk\xf7\xd7\x16\x17\x7f2\xea]\x00\x93\xc43\x00\
L\x9c\x17\x9f;td\x109\x1b\x91\x7f~)_\xd7\
\x22\xfe\xe4\xaa3W\xdd\xed\xe6\x0f\xe0\x19\x00&\xd8\x9d\
w\xfe\xe3\x8d\xc3\xf7\xfc\x9f?\xc8\xd6\xfeyD\xdc\xf8\
\xff\xfd\x83-\xbe\x12\x91\x9f8\xbep\xe4\xa9+\xb7\x0e\
`m\x13\x00L\xbc[o\xfd\xed\x9f\x9b\xfa\x85\xd7f\
\xda0\xfe^kyKd\xdb\x18\x91'[k\xdfh\
mp\xf0\xab\xcf\x1e\xfc\x1f\xbd7\x02\x00\x00\x00\x00\x00\
\x00\x00\x00\x00\x00\x00\x00\x00\x00\x00\x00\x00\x00\x00\x00\x00\
\x00\x00\x00\x00\x00\x00\x00\x00\x00\x00\x00\x00\x00\x00\x00\x00\
\x00\x00\x00\x00\x00c\xf2\x7f\x01O\xa0\xb3\xfb\xb6\x1f\xfe\
\xa7\x00\x00\x00\x00IEND\xaeB`\x82\
\x00\x00\x5c,\
\x89\
PNG\x0d\x0a\x1a\x0a\x00\x00\x00\x0dIHDR\x00\
\x00\x02\x00\x00\x00\x02\x00\x08\x06\x00\x00\x00\xf4x\xd4\xfa\
\x00\x00\x00\x09pHYs\x00\x00\x0e\xc3\x00\x00\x0e\xc3\
\x01\xc7o\xa8d\x00\x00\x00\x19tEXtSof\
tware\x00www.inksca\
pe.org\x9b\xee<\x1a\x00\x00 \x00ID\
ATx\x9c\xec\xddw\xbcdE\x99\xff\xf1\xcfC\x06\
\xc99\x08\x88H\x16P\x11AEA\x92\xa2\x22\xa8\x80\
\x01\x01\x13\xe0\xfe\x5c\xb3(\x983b@Ew\xd7\xc8\
\xae\x04E\xc4\x00\x02*\x92\x04DP\x5c0\x91%\xe7\
\x9c\x86!\xcc\xcc\xf7\xf7G\xf5\xb8\xd7\xe1\xce\xcc\xed\xae\
:\xa7\xba\xfb|\xdf\xaf\xd7\xbcvenU=\xe7L\
\xdf\xae\xe7\xd4\xa9\x00fff\xd69Q;\x003\xab\
K\xd2\x22\xc0J\xc0\xaa\xbd?+\x01\xab\x03\xcb\x00\xcb\
\xf6~li`A`\x09`\xd1\xde\x7f\x9b\x0e<\x02\
<\x0e<\x04\xcc\x02\xee\x07\xee\x06n\x07\xee\x04n\x01\
\xee\x00\xee\x8c\x88\x19-\x5c\x8e\x99M\x91\x13\x00\xb3\x8e\
\x91\xf4d`o\xe0\xb9\xc0\xb3\x815\xdah\x16\xb8\x1e\
\xf8\x03p\x1e\xf0\x83\x88\xb8\xbb\x85v\xcd\xcc\xcc\xbaM\
\xd2\xfa\x92~,\xe9q\xd57]\xd2w%\xadV\xfb\
\xbe\x98\x99\x99\x8d%I!\xe9\xfd\x92\x1e\xae\xda\xe5O\
\xee\x1eI\xfb\xd4\xbeGfffcE\xd2\x82JO\
\xda\xc3\xee\xf3\xb5\xef\x95\x99\x99\xd9\xd8\x90td\xed\x9e\
\xbd\x0f\x9f\xa8}\xbf\xcc\xba\xc4\x93\x00\xcd\xc6\x94\xa4\xb7\
\x00\xdf\xad\x1dG\x1ff\x01\xbbD\xc4i\xb5\x031\xeb\
\x02'\x00fcHi\xa6\xff\x15\xa4e{\xa3\xe4V\
\xe0i\x11\xf1p\xed@\xcc\xc6\xdd\x02\xb5\x030\xb3F\
|\x80\xd1\xeb\xfc\x01V\x03\xdeV;\x08\xb3.\xf0\x08\
\x80\xd9\x98\x91\xb4,i\x03\x9e\xc5k\xc72\xa0[\x80\
5#bV\xed@\xcc\xc6\x99G\x00\xcc\xc6\xcfN\x8c\
n\xe7\x0fi\x17\xc2-j\x07a6\xee\x9c\x00\x98\x8d\
\x9f\x9dk\x07P\xc0Kj\x07`6\xee\x9c\x00\x98\x8d\
\x9f\x0dj\x07P\xc0z\xb5\x030\x1bwN\x00\xcc\xc6\
\xcf*\xb5\x03(`\xd5\xda\x01\x98\x8d;'\x00f\xe3\
g\x99\xda\x01\x14\xb0\x5c\xed\x00\xcc\xc6\xddB\xb5\x030\
\xb3\xa1\xf2[\xd2,\xfc\xbbH\xc7\xfa\xde\x05<@:\
\xf6\x17\xe0\xde\x09?\xbb \xe9\x98`HK\x0e\x97\x01\
V\x00V\xec\xfdy\x0a\xf0\x9c\xc6#6\xb3\x818\x01\
0\xb3\x89\xf6\x8a\x88;JT$iK\xd2\xf1\xbff\
6\x84\xfc\x0a\xc0\xcc\xcc\xac\x83\x9c\x00\x98\x99\x99u\x90\
\x13\x0033\xb3\x0e\xf2\x1c\x00\xb3\x01IZ\x00X\x1f\
\xd8\x0cX\xb6\xf7\x9f\xef$\x1d\xc2seD\xcc\xa8\x15\
\x9b\x0dN\xd2b\xc0\x86\xa4\xbd\x08f\xafF\xb8\x0b\xb8\
8\x22\xae\xad\x16\x98YaN\x00\xcc\xfa$\xe9\xd9\xa4\
\x03k\xf6`\xeeK\xee\xee\x96\xf43\xe0\xc8\x88\xf8}\
k\xc1\xd9\xc0$\xed\x02\xec\x03\xbc\x02x\xd2\x5c~\xe6\
N\xe0X\xe0[\x11qy\x8b\xe1\x99\x99Y-\x92\xd6\
\x90t\xa2\xfa\xf7\x13IOk1\xce\xdb\x06\x88q\xb6\
\x95\x0b\xc6\xb1eF\x1c\x7f,\x15\xc7\x14\xe2\xdcB\xd2\
\xd9}\xc67K\xd2\xf7$y\xbf\x023\xb3q&i\
/I\xf7eth\x0fHzyK\xb1:\x01\x98z\
\x8c\xfbKz,#\xce[%\xbd\xa8\x8dX\xcdJ\xf3\
$@\xb3y\x90\x14\x92>\x01\x1cG\xde\x0e{K\x01\
'Jzg\x91\xc0,\x9b\xa4\xc3\x80o\x03\x0bgT\
\xb3*\xf0kI\x07\x94\x89\xca\xcc\xcc\xaa\x93\xb4\x98\xa4\
c2\x9e\x0e\xe7\xe6\xe0\x86\xe3\xf6\x08\xc0\xfcc;4\
#\xb6\xb9\xf9\x96\xa4\x9cd\xc2\xacU\x1e\x010\x9b\x84\
\xa4\xd5\x81s\x80\xbd\x1b\xa8\xfeP5\x9c\x04\xd8\xdcI\
:\x14h\xe2\xfe\x1f\x00\x9c,i\xd9\xf9\xfe\xa4\xd9\x10\
p\x02`6\x07I[\x00\x17\x01[6\xd8\xcc\xa1\x92\
\xde\xd3`\xfd6\x09I\x87\xd3L\xe7?\xdb\xce\xc0\xef\
%\xad\xd3`\x1bfE8\x010\x9b@\xd2\x0b\x803\
\x81\xd5Zh\xeep\x8f\x04\xb4\xa7\xf7\xe4\xdfF\xd2\xb5\
!p\xbe\xa4M[h\xcbl`N\x00\xccz\x94\xd6\
\x81\xff\x9a\xff;\xe1\xae\x0d~\x1d\xd0\x82\x06\x87\xfd\xe7\
fU\xe0\xb7\x92\xb6j\xb1M\xb3\xbe8\x010\x03$\
\xed\x06\xfc\x0cX\xbcB\xf3N\x02\x1aT\xa1\xf3\x9fm\
9\xe0tI;Th\xdbl\xbe\x9c\x00X\xe7Iz\
\x03p\x02\xb0h\xc50\x0e\x95tH\xc5\xf6\xc7R\xc5\
\xce\x7f\xb6%\x81Sz\x09\xa6\xd9Pq\x02`\x9d&\
i\x7f\xe0(\x86c[\xec\xcfIzo\xed \xc6\x85\
\xa4\xafP\xb7\xf3\x9fmQ\xe0xI/\xad\x1d\x88\xd9\
DN\x00\xac\xb3$\xbd\x16\xf8/ j\xc72\xc1\x97\
s\x92\x00I\xcf\x03\x96(\x18O-+I\xda|\xd0\
\xc2\xbd\xce\xff\xdd\x05\xe3\xc9\xb5\x08p\x82\xa4mk\x07\
bf\xd6i\x92^\xae\xbc-`\x9b6\xe5$@\xd2\
\xda\x92>*\xe9\xca\x02\xed\x0e\xcbF@\xb3]\x22\xe9\
=\x92V\xe9\xa3\xdd\xaf\x14h\xb7)\xf7+\x1d&e\
ffm\x93\xb4\x9d\xa4\x87+w\x04S1\xd7$@\
\xd2\x22\x92\xf6\x95t\x96\xa4\x99\x05\xdb\x5c\xac\xe0}\xde\
\xa0`\x5c\x8fK\xfa\x85\xa4W*\x1d\xc3<\xb76\x87\
\xb9\xf3\x9f\xed.I\x9b\x94\xba\xcfff6\x05\x92\x9e\
\xa3t0OI\xb3$}D\xd2\xe9\x85\xeb\x95\xe6H\
\x02$-#\xe9\x03\x92nn\xa0\xad\xfb\x0b\xdf\xeb\x15\
\x1a\x88QJ#\x1do\x93\xb4\xf8\x1c\xed5\xd1\xf9\x1f\
-\xe9\x1b\x0d\xd4{\xb3\xa4uK\xdeo33\x9b\x0b\
\xa5\xa1\xf2\xdb\x0b\x7f\x91?\x22\xe9\xf5\xbd\xfa\x17\x97\xf4\
\x9b\xc2\xf5K\xd2!\x92V\x91\xf4\x09I\xf74P\xff\
l\xe77p\xcfoi0\xde;\x94\xee\xc9\x0a\x92>\
\xdf@\xfd\xc7IZ\xa8w\x1d\x07(\x8dB\x94\xf4\x0f\
I+\x96\xbe\xe7ff6\x81\xa4\xa5$\xfd\xa5\xf0\x17\
\xf8\xad\x92\x9e3G;\x8b\xab\x99\x91\x806\xe6+|\
\xbe\x81\xfb\xfe\xa3\x16\xe2n\xe2\xde\x1c-i\xc19\xae\
\xe5\xe5\x92\x1e,\xdc\xce\xe9\xea%\x19fm\xf3*\x00\
\x1b{J\xef\x8c\x8f\x05Jn\xcdz%\xb0uD\xfc\
a\xe2\x7f\x8c\x88\xe9\xc0\xae\xc0\x19\x05\xdb\x82\xbc#k\
\xa7\xea\x84\x11\xa9sN\xa5\xef\xcd1\xc0\x1b#b\xe6\
\xc4\xff\x18\x11'\x03/\x04\xee(\xd8\xd6\x0e\xc0\x11\x05\
\xeb33\xb3\xd9$\x1dV\xf8\xa9\xed\xcf\x9a\xcf\xact\
5\xf7:\xa0)\xc5\x87\xff{\xf7aaI7\xd5\xbe\
\xb8><\xe1\xc9\x7f\x92k\xda@\xd2\x8d\x85\xdb}{\
\x13\xf7\xdf\xcc\xac\xb3$\xedS\xf8\x8b\xfa\x22M\xf1\xbd\
\xadF'\x09\x98%i\xfb\x06\xff\x0d\xdeT\xfb\x02\xa7\
\xe8\x9f\xef\xfc\xa7pMkK\xba\xaa`\xdb3\xe4\x8d\
\x82\xcc\xcc\xcaPzR\x9b^\xf0K\xfa\xb7\x92\x96\xea\
3\x86QH\x02\xbe\xdb\xd4\xbfA\xef\x1e\x84\x9a\x99\x17\
Q\xd2|\x9f\xfc'\xb9\xae\xd5%]Z0\x86;%\
\xad\xd4\xd4\xbf\x83\x99Y'HZ@\xd29\x05\xbf\x9c\
/P\x9f\x9d\xff\x84X\x869\x09\xb8PR\xe3;\x07\
*\xcd\xd4\xbf\xa2\xf2\xb5\xce\xcd\x94\x9f\xfc'\xb9\xaeU\
$]^0\x96cJ\xdf{3\xb3N\x91\xf4\xea\x82\
_\xca\x97HZ.3\x9eaL\x02\xce\x93\xb4|\xa9\
{>\x85{\xb0\x8e\xa4\xcb*_\xf3\x9c\xfa~\xf2\x9f\
\xe4\xba\x9e\x22\xe9\x86\x821mQ\xea\x9e\x9b\x99u\x8e\
\xcau\xb6\x97\xa9\xd0\xf6\xb8\x1a\x9e$`\x96\xa4oI\
j\xfd\xf4CI\xcbJ:\xb1\xee\xe5\xffSv\xe7?\
\xe1\xba6\x90t[\xa1\xb8\xbeS\x22&3\xb3\xce\x91\
\xb4\x86R'\x97\xeb&IO.\x1c[\xed$\xe0<\
\xa5\x03\x83\xaa\x92\xf4\x0aI\x7f\xabx\x1f\x8au\xfe\x13\
\xae\xe9\x19*\xb3\xcb\xe4C\x92\xdaX\xf6if6^\
$\xbd\xaa\xc0\x97\xf0\x83\x92\x9e\xd9P|m'\x01w\
H\xfa\xba\xa4\xcd\x9a\xb8\x9e\x1c\x92\xb6\x91\xf4\xdfJ\x87\
\xe4\xb4\xa5x\xe7?\xe1z^\xaa4\xa3?\xd7\xb3\x9a\
\x88\xcf\xccl\xacI\xfal\xe6\x97\xef\x0cI\xbb6\x1c\
c\xd3I\xc0\xc3J\x93\xdb^\xae\x11x\x9a\xec\xdd\x8f\
\xd7I:Y\xe5\xb7\xdc\x9d\xa8\xb1\xce\x7f\xc2\xb5\xbc\xbd\
@\x9c\xfb7\x19\xa3\x99\xd9X\x92\xf4\x9f\x99_\xbe\xad\
\x9c#\xaf\xd4\xe9\xfd*\xbf\xaf\xf8\x17\x97Hz\xb3\xa4\
\xa5\xdb\xb8\x86&HZY\xd2\xbb$]S\xf8\xde\xfc\
\x8f\x1a\xee\xfc'\x5c\xc3\xd72c\xfd@\x1bqZ\xb7\
y+`\x1bG\x8bd\x94\x15pw\xa9@\xe6e\xc2\
\xb6\xc1%&}\x9d\x0b\xbc\x0cxfD\x1c\x19\x11\x0f\
\x14\xa8\xb3\x8a\x88\xb8#\x22\xbe\x06\xac\x0f\xec\x0d\xfc9\
\xb3J\x01\x1f\x07\xde4\xe7\xf6\xbe\x0d\xba=\xb3|\xeb\
\x134\xcd\xccF\x9e\xa4/g>}\xcd\x90\xb4O\xcb\
1\xef\xa1\xfe\xb7\x97\x9d%\xe9$\x0d\xc1\xa4\xbe&)\
m$\xb4\x8b\xd2FL\xfd\xfa\xbb\xa4\xedZ\x8e\xf7\x90\
\x01\xe2\x9c\xd3;\xdb\x8c\xd9\xccl,H:\xb0\xc0\x17\
p\x8d$\xe0IJ\xc7\xce\xfeQ\xf3^\xc5p\xbb\xa4\
#$m\xd0f|\xc3@\xd2\x16J\x93\x06\xef\x9b\xcf\
\xbf\xddY\x92^\xab\x96\xe7?\xa8L\xe7/I/n\
3n\xeb\xa6\xa8\x1d\x80YiJG\xf4^X\xa0\xaa\
\x99\xa4a\xe3\xa3\x0b\xd4\xd5\x17\xa5\xf3\x06\x9e\x0b\xac\x09\
,\x03<B:\x85\xee\x12\xe0\xd2\x88P\xdb1\x0d\x13\
\xa5w\xf9\xcf\x046\x06V\x22\xbd\xf6\xb9\x17\xb8\x06\xb8\
\xa0\xc6+\x10I\x87\x00\x9f+P\xd5,`\x8d\x88\xb8\
\xad@]ff\xdd\xa14d|m\xa1'\xb1\x99\x92\
\xf6\xab}M6\xdc$\xbd\xbf\xd0\xe7M\x92\xce\xae}\
=ff#K\xd2\xe7\x0a~!\xb7\xfe:\xc0F\x87\
\xca\x0d\xfb\xcfv@\xedk\xb2n\xf0+\x00\x1bKJ\
{\xf7_\x05\xacP\xa8\xcaY\xc0\x9b#\xe2\xfb\x85\xea\
\x1bZJ'\xd2m\x00l\x08\xac\x03\xac\x08,\xd9\xfb\
\xf3$`\xd9\xde\x8f\xdeGz5\xf10p?p3\
p5\xf0\x0f\xe0\x1f\x11qG\xbb\x91\xb7O\xd2\xfb\x81\
/\x16\xac\xf2\x1f\xc0\xc6\x11\xf1X\xc1:\xcd\xcc\xbaE\
\xd2;\x0b?\x99\x8d\xddH\x80\xa4%\x95f\xd8\x7fA\
\xd2\xef$\xdd]\xf0~\xdd'\xe9\x97\x92>*i{\
IO\xaa}\xbd%\xa9\xfc\x93\xbf$\xedV\xfb\xba\xcc\
\xccF\x9e\xd2\x5c\x80\x1f\x14\xfe\x82\x1e\xf99\x01\x926\
\x93\xf4i\xa5s\x01\x9a\xdcuoN\x8fK:Wi\
\x93\x9f\xa2g,\xb4Me\xdf\xf9\xcfVr$\xc1\xcc\
\xac\xdb$-\xa1t\xe6}I#7\x12 iUI\
\xefQ\xda)p\x18\xcc\x92t\xbeRL\xcb\xd4\xbe?\
\xfdP3O\xfe'\xa9\xa5]\x0a\xcd\xcc:C\xd22\
\x92.(\xfc\x85=\x12#\x01\x92\xb6U\xf3\xfb\xeb\xe7\
\xbaG\xd2\x9bj\xdf\xab\xa9P3O\xfe\xbf\x94\xb4X\
\xedk33\x1bK\xeaX\x12\xa0\xf4^\xff\xdc\xc2\xd7\
\xdb\xb4O\xd6\xbeo\xf3\x22w\xfeff\xa3I\x1dH\
\x02\x94\x8e\xa3\xfdS\xe1kl\xd3PN\x82\x93;\x7f\
3\xb3\xd1&iYI\x7f(\xfcE>C\xd2\xeb+\
_\xd7\xda\x92~^\xf8\xbaj\xb8Z\xd2P\x1dR&\
\xe9\xa0\x06\xae\xf3\x14I>\xf0\xc7\xcc\xacMjf$\
\xe01I/\xaap-\x8bH:X\xd2\xb4\xc2\xd7S\
\xd3\xb6m\xdf\xc7\xb9\x91\xb4\xa7\xe6}.\xc3 \xfc\xe4\
ofV\x8b\x9a\x19\x09\xb8CR\xa9\x8d\x87\xa6r\x0d\
\x9bJ\xfa[\xe1k\x18\x06\x07\xb7u\x0f\xe7E\xd2\xfa\
\x92\xa6\x17\xbe6?\xf9\xdb\xd0\x18\xaa\xa16\xb3\xb6D\
\xc4}\xc0N\x9494h\xb6\x95\x80\xcf\x16\xaco\xae\
$\xbd\x85\x14\xfb&m\xb4\xd7\xb2\xd5j\x07\xd0\xf3U\
\xa0\xe4\x93\xfa\xaf\x80WG\xc4\xa3\x05\xeb4\x1b\x98\x13\
\x00\xeb\xac\x88\xb8\x1fx1e\x93\x80\xfd%\xad]\xb0\
\xbe\x7f\xa1\xb4s\xdf\xd1\xc0w\x81\xc5\x9bj\xa7\xb2\xd6\
O\xf2\x9b\x93\xa4\x17\x00\xbb\x14\xac\xf2W\xc0+#\xe2\
\x91\x82u\x9aeq\x02`\x9d\xd6K\x02^\x02\xfc\xb1\
P\x95\x0b\x00o)T\xd7\xbf\x90\xf4\x14\xe0\x0f\xc0\x1b\
\x9a\xa8\x7f\x88\x5c\x5c;\x00\xe0\xc0\x82u\x9d\x0a\xec\xee\
\xce\xdf\x86\x8d\x0f\x032#M\x0c\x04~\x0dlU\xa0\
\xba?G\xc43\x0a\xd4\xf3O\x92\x9eN\x8ao\xf5\x92\
\xf5\x0e\xa1\xfb\x81\xb5{\x89Y\x15J\xab\x10\xee\x01J\
\xecP\xe8'\x7f\x1bZ\x1e\x010\xa3\xf8H\xc0\xd3U\
p{[I\xdb\x00\xe70\xfe\x9d?\xc0\x97kv\xfe\
=\x9bP\xa6\xf3\xf7\x93\xbf\x0d\xb5\x85j\x07`6,\
\x22\xe2>I;\x91?\x12\xb0 \xe9\x18\xddKrc\
\x92\xf42\xe0\xc7\xb4\xff\xbe\xffn\xe0r\xe0\x8a\xde\x9f\
\x9b\x80i\xc0C\xa4c\x80!\x1d\x0b\xbc\x18\xb0\x1c\xf0\
\x14`]`=`s\xd2\xd1\xc1\xfd:\x1b84#\
\xe6R\xd6/P\x87'\xfc\xd9\xd0s\x02`6AD\
\xdc/\xe9\xc5\xe4'\x01\xcb\xe7\xc6\xa2\xb4\x1e\xfe\x04\xca\
\xceD\x9f\x9b{\x803\x81\xb3\x803#\xe2\xf2A+\
\x92\xb4\x10\xb0\x19\xf0|`G`g\xe6\x7f\x0d?\x01\
\xf6\x8b\x88\x19\x83\xb6[P\xeeRN\x0f\xfb\x9b\x99\x8d\
*I/\xcc\x5c\xef\xbd]f\xfb\x9bK\xba/3\x86\
\xf9yT\xd2O%\xed&i\x91B\xb7n\xb2kY\
Z\xd2\xeb%\x9d\xa0t\xf0\xcfl\x8fH:Ui\x94\
chHzk\xe6}]\xa7\xf65\x98\x99\xd9\x80$\
\xfd0\xb3\x13\xd88\xa3\xed\xa7J\xba%\xb3\xfdy\xb9\
K\xd2G\xd5\xe2\xa6E\x13\xaemAI\xabHZS\
Cz\xfc\xad\xa4]3\xef\xef\xe7k_\x83\x99\x99\x0d\
@\xd2S\x94w|\xee\xa3\x92\x96\x18\xb0\xed\xe5$]\
\x95\xd9\x01\xcd\xcd\xed\x92\xde'i\x90\xf7\xf3\x9d\xa1\xb4\
\x03`\x8e{%-]\xfb:\xcc\xcc\xacO\x92\xbe\x9e\
\xd9\x01\x9c;`\xbb\xa14$_\xdaLIGIZ\
\xb1\xf4\xbd\x1aW\x92n\xca\xbc\xe7\xef\xab}\x0dff\
\xd6\x07I+Hz\xa8\xc6\x97\xbf\xa4wg\xb6;\x99\
K$mY\xfa>\x8d;I\xff\x91y\xdfo\x94\xb4\
p\xed\xeb03\xb3)\x92\xf4\x91\xcc/\xfei\x92\x96\
\x1b\xa0\xdd-\x95^\x1d\x94t\x94\x06|\x15\xd1u\x92\
6T\xfe)\x80\xfb\xd4\xbe\x0e33\x9b\x02\xa5!\xf8\
k2\xbf\xf4\xffs\x80v\x97*\xd0\xeeD\xf7K\xda\
\xb3\x89{\xd4%J'\xf7\xe5\xf8m\xedk03\xb3\
)\x90\xb4]\xe6\x17\xfe\x0cIO\x1b\xa0\xdd/e\xb6\
;\xd1m\x92\x9e\xd9\xc4\xfd\xe9\x1a\xe5/\x05\x9d%\xe9\
\xa9\xb5\xaf\xc3\xcc\xcc\xe6C\xd2\x91\x99_\xf8\xc7\x0e\xd0\
\xe6&\x92\x1e\xcblw\xb6k$\xad\xd7\xc4\xbd\xe9*\
I\xe7e\xfe\x9b|\xac\xf65\x98\x99\xd9<HZB\
\xd2\x03\x99_\xf6}=y+\xbdr8'\xb3\xcd\xd9\
\xae\x90\xb4jS\xf7\xa7\xab$\xbd\x22\xf3\xdf\xe5\x1aI\
>t\xcd\xcclXIzC\xe6\x17\xfd\xc9\x03\xb4\xb9\
_f\x9b\xb3\xdd\xactTp\xe7IZ[\xd2\x07$\
\x1d/\xe9tI?\xe9\xfd\xef\x81v\xe7SJ\xd2\xfe\
\x9a\xf9\xef\xb3M\xe9\xeb4+\xc1\x99\xa9\x8d\x04\xa5\xa7\
\xa8\xcd\x81\x1d\x80\xb5\x80U\xc8\xdf\xb3}\xa2\x0d\x81'\
g\x94\xdf!\x22\xce\x9c\xea\x0f+m\xbd{5\xb0f\
F\x9b\x00\xf7\x02\xdbF\xc4_3\xeb\x19i\x92\x16\x07\
\x0e\x03\xde\x06L\xb6\xfc\xeeq\xe0\xdb\xc0A\x111\xbd\
\xcf\xba\xdf\x02|7#\xbc\xab\x81\xeb2\xcaO4\x0b\
\xb8\x13\xb8\x03\xf8\x07pZD\x5cU\xa8n3\xb3\xe1\
\xa14C\xfe\x83\xca\xdf\x98\xa5I\xd7+\x9d!\xdf\xcf\
u\xe5\xee7/\xa5If\xbb4u\xef'\x89yA\
\xa5\x9d\x0a\xd7V\xda\xcaw9\x0d\xc1\xf0\xb6\xd2g\xe4\
wS\xbcg\x17\xa8\xcf\x9d\x10\x95\xce2\x98V\xe0\xdf\
\xab)WH:P\x0d\x9e\xe7`f\xd6*I{)\
\xed[?\xec>\xd7\xe7u-\xa82\xdb\xfd6\xb6\xe7\
|/\xc6\xad%\x1d\x22\xe9\x17\xbdx'\xdb\x1e\xf9Q\
I\x97*\x0d\xb5\xbf[\xd2fM\xc54\x8fX\xfb=\
\xb7\xe1\xb8\x16\xda\xa8\xe1:e\x1eBefV\x95R\
\xe7\xf3\x9f\x95\xbfL\xfb\xb1I\x9f\xd7\xf7\xfa\x02m\x9e\
\xa7t\xecn\xe9{\xbf\xae\xa4\xc3\x947\xe2r\x85\xd2\
aC\x8dOJ\x94\xf4\xbc\x01c|a\x9f\xed\xbc,\
\xe3~\xb4i\x86\xa4\x0f7u\xbf\xcd\xcc\x1a\xa34\xe9\
\xea;\x95\xbfD\xfb\xf1\xa7\x01\xae\xf1/\x99m>\xa2\
\xc2\xcb\xfd\x94\x0e\xc09V\xa9\x03)e\xba\xa4oH\
Z\xadd\xacs\xc4\xfd?\x03\xc6\xf6\xe3>\xdbYH\
i\x8f\x85Q\xf1\xf1\xa6\xee\xb9\x99Y#$}\xba\xf6\
7g\x9f\xde\xdb\xe7\xf5mY\xa0\xcdO\x16\xbc\xdf\x8b\
)\xdd\xf3G\x0a\xc457\xf7Iz\xa7\xfa\x9c'1\
\xc5\xf8\xaf\x1d0\xa6G\xd5\xe7\xe1H\x92\xbeV\xe8~\
\xb4\xe5\xcd\xa5\xef\xb7\x99Y#$=C\xe56\xc5i\
\xc3\xa3\x92V\xee\xf3\x1asO\x1a\xbcZi\xc6{\x89\
\xfb\xbd\x9e\xa4\x8bsoB\x1f\xceT\xe1\xd1\x00\xa5Q\
\x86A\xbd\xab\xcf\xb66+s\x1bZs\xbf\xa4\xb5J\
\xdeo\x1b/\xc53r\xb3\x0c\xdfd\xf2%\x5c\xc3\xea\
\xa7\x11q\xc7T\x7fXi\x96\xf6k3\xdb\xfcH\xbf\
\xcb\xd8\xe6\x12\xcb\x8e\xc0\x9f\x80g\xe4\xd6\xd5\x87\x17\x01\
\x17\xa9\xecD\xc1i\x19e\xdf\xd4\xcf\x0fG\xc4_\x80\
\x0b3\xdak\xdb\xd2\xa4\xa5\x91f\x93r\x02`CA\
\xd2\xd6\xc0V\xb5\xe3\xe8\xc3\x0c\xa0\xaf\xd9\xff\xc0.@\
_\xc3\xces\xb8\x12\xe8\xeb\xdd\xf5d$\xed\x01\x9c\x02\
,\x95[\xd7\x00V\x07~\xabr\x9b\xe3\x5c\x9aQv\
sI[\xf4Y\xe6#\x19\xed\xd5\xb0\x87\xa4\x9c\xfd-\
l\x8c9\x01\xb0a\xf1\xd6\xda\x01\xf4\xe9\xf0\x016\xdf\
y]f\x9b\x87E\xc4\xcc\x9c\x0azO\xfe\xc7\x005\
\xd7\x8c/\x0b\x9c\xa22\x87\x16\xfd4\xb3\xfcn\xfd\xfc\
pD\x9cN\x81$\xacE\x0b\x01\xfb\xd5\x0e\xc2\x86S\
\xf5M<\xcc\x00$]\x05\xf4}\x92^%\xe7\x00;\
E\xc4cS-\xa0\xb4a\xce\xed\xc0J\x03\xb6y+\
\xb0vD<>`yzC\xef\xe7\x03O\x1a\xb4\x8e\
\xc2n\x05\xb6\x88\x88[\x07\xad@\xd2*\xc0\x8d\x0c\xfe\
\xea\xe8\xf7\x11\xf1\xbc>\xdb\x5c\x8at\x1f\x9f>`\x9b\
m;-\x22^\x5c;\x08\x1b>\x1e\x01\xb0\xea$-\
\x0f\xac[;\x8e)\xba\x10\xd8\xbd\x9f\xce\xbfg3\x06\
\xef\xfc\x01\x8e\xcd\xec\xfc\x97\x04\x8ecx:\x7f\x80\xd5\
\x80\x1fJZp\xd0\x0a\x22\xe2v\xe0\xd4\x8c\x18\xb6\x94\
\xb4L\x9fm>\x08\xbc\x82\xb4\x15\xef(\xd8J\x0d\xac\
\xc0\xb0\xd1\xe7\x0f\x85\x0d\x83u\x19\x8d\xd1\xa8\x13\x80\xed\
#\xe2\xde\x01\xcan\x9f\xd9\xf6\xd1\x99\xe5\xbf\x08l\x94\
YG\x13\xb6\x05\xde\x93Y\xc7\x7fg\x94]\x08\xd8\xae\
\xdfB\x11q-\xf0\x5c\xe0\xdc\x8c\xb6\xdb\xb2\x0cy\xc9\
\xa7\x8d)'\x006\x0c\x1a\xdb(\xa6\x90\xeb\x81WG\
\xc4\x9e\x11\xf1\xf0\x80u\xbc(\xa3\xfd?\xf7f\xa0\x0f\
D\xd2\xb3\x81\x032\xdao\xda'\x95w\x9a\xe1)\xc0\
]\x19\xe5w\x1a\xa4PD\xdcIJ\x1e\xfe-\xb3\xfd\
6\x0c\xfb\xef\x98U\xe0\x04\xc0\x86\xc10\x9ec\x7f\x0f\
p\x22\xb0\x07\xb0nD\x0c<\xd9\xac\xf7\xfe\xff\x05\x19\
\xb1\xf4}\xd4\xf0\x1c\xbe\xc4p\xff\xae/\x01|l\xd0\
\xc2\x111\x038#\xa3\xfd\xe7g\xb4=+\x22\xbeI\
:\xd5\xf1-\xc0i\xc0C\x19\xb14e\x18\x7f\xc7\xac\
\xb2\xe2{\x89\x9b\x0d \xe7\xcb\xe98\xe0{\xa5\x02!\
\xad+\xbf\x0d\xb8>\x22f\x15\xaasu\xd2\xcc\xf7A\
M\xf9\x98\xe19\xf5\x96Wn\x9b\xd1v[\xde \xe9\
S\x11q\xdd\x80\xe5\xcf\x00^3`\xd9\xf5%-\x90\
\xf3\xef\x1d\x11\x8f\x00G\x02G*\x9d\xd1\xb0.i\xd8\
}\xb1A\xeb\x9c\xc4\x87\x18|$\xc9\x09\x80=\x81\x13\
\x00\x1b\x069\xc3\x93\xff\xdb[\x9a5\xcc6\xc8(\xfb\
\x08\xf0\xfb\x8c\xf2}mU<\x05\xb3Hg\xd1/\x00\
\xf4\xb5\x0b\xe2|,L\x1aJ\xff\xe0\x80\xe5O\xcbh\
{\x09`-\xe0\xba\x8c:\xfe\xa97\x22qE\xefO\
1\x92vg\xf0\x04\xc0\xaf\x00\xec\x09\xc6&\x01\x90\xb4\
\x18\xe9\x97\xe3\x05\xc0\xa6\xa4\x0c|\xc9\xde\x1f\x1bn9\
3\xd3\x87\xfd\xdd+\xe4%\x00\x7f\x1ct\xe7?I\xcb\
\x01\xbbf\xb4=\xdb,\xe0X\xe0(\xe0\xb7\xb3W#\
(mI\xbc\x13i\x0f\x87\x12\xed\xec-\xe9C\x83\xec\
u\x10\x11\xd7K\xba\x914\x14?\x88\x0d)\x94\x004\
(\xe7\xb3\xfe1I\x07\xcd\xe7g\xee#\xdd\x83_\x02\
GF\xc4\xdd\x19\xed\xd9\x08\x18\xf9\x04@\xd2\x06\xa4\xa7\
\x9c\xd7\x90f\xbbZ\xb7\x8c{\x02\xf0\xf7\x8c\xb2\xbb\x92\
?\x04}\x0d\xb0GD\x5c<\xe7_\xf4\x12\x93\x93\x80\
\x93z\x1b\x0c\xfd\x90\xbc\x9d\x0e\xd7 \xcd\xac?o\xc0\
\xf2\x97\x91\x97\x00\xfcj\xc0\xb2m\xc9\xe9\x90\x17c\xfe\
\x9f\x85\xe5\x80uH\x0fR\x1f\x96\xf4\x9e\x88\xc8Ya\
aCn\x98'\x06\xcd\x93\xa4\x95$}\x8f\xb4\x15\xe8\
\x01\xb8\xf3\xef\xaaQH\x00\xd6\xcf({eF\xd9\xdc\
\xa5\x87\x97\x03[M\xd6\xf9\xcf\xa9\xf7\x1afk\xd2\xeb\
\x81\x1c;d\x94\xbd,\xa3lN\x92\xd6\x966?\xeb\
\xcb\x90\xe63\x1c\xd2b\x9b\xd6\xb2\x91L\x00$\xbd\x84\
\xf4d\xf4fF\xf4\x1a\xac\x98\xfbj\x070\x059k\
\xb0/\xcf(\xfb\xc2\x8c\xb2\xd3\x81WD\xc4\x94;\x9d\
\x88\xf8\x07\xb0\x17\xa0\x8cvsb\xcey\xe7\xbe\x5cF\
\xd9\xb6\xd4\xf8\xac\x7fFRNRfCl\xe4:O\
\xa5#<O\xc1\x1b[X\xd2\xef\x8e|5\xe4\xccC\
\xb9~\x90B\x92\x96\x00\xd6\xceh\xf7\x88\x88\xb8\xaa\xdf\
B\x11\xf1[\xf2\xf6\xca\xdf8\xa3\xecu\x19e\x97\xce\
(\xdb\x96G+\xb4\xb9\x00i\x13)\x1bC#5\x07\
@\xd2\xc7\x80O\xd6\x8e\xc3\x86J\x8d/\xc5~\xe5\x9c\
\xbaw\xff\x80\xe5\xd6#/\xc1\xffff\xd9\xbd\x06,\
\xbb\xaa\xa4\xa5#\xe2\x81\x01\xca>8`\x9bP\xe7d\
\xc4~\xd5\xfa\xac?S\xd2&\x11\xd1\xd7|\x94\xde\xf6\
\xc3\xcf\x03\x9e\x05,\x0e<\x00\x5c\x14\x11\x7fl F\
\x1b\xc0\xc8$\x00\x92>\x0e|\xa2v\x1c6tFa\
\x04 \xa7s\x19\xb4S\xcb\x99\x8cwy\xc6z|H\
\xdb\xe3Nc\xf0\xd5\x1d+\x91:\x8b~9\x01h\xce\
\xd6\xf41!U\xd2\xeb\x81O\x03O\x9d\xe4\xef.\x05\
\x0e\x8a\x88\x9c3\x1c\xac\x80\x91x\x05\xd0{\xf2\xffD\
\xed8l(\x0d\xf5\x08@o\x17\xc0A;B\x91:\
\xd2A\xe4th\xd7e\x94\x9d\xbd\x0e\xfe\xc6\x8c*\x06\
\x8d\xdd\x09@s\xa6\xb4\xe7\x83\xa4\x05$}\x8b\xb4l\
\xf4\x09\x9d\x7f\xcf\xc6\xa4\xe3\xa0?U*8\x1b\xcc\xd0\
'\x00\x1e\xf6\xb7\xf9(\xb5[_S\x82\xc1\x7f\xcf\xc4\
\xe0\xd77\xf0\x09{\x94\x19U\xc9\xe9\xac\x06\x1d\x99\x9c\
Q\xa1\xcd6\xd5\xfc\xac\xdf3\xc5\x9f\xfb\x0cS?w\
\xe2\xa3\x92JoTe}\x18\xea\x04\xc0\x9d\xbfM\xc1\
\xa2\xb5\x03\x98\x97\xde\xf6\xb2\x03m\xe4C\xfa\xfd\x5c|\
\xc0\xb29\xfb\xd1\x97\xd85n\x8d\x8c\xb2\x83>\xc9\xd7\
x\xd5\xd2\xa6\x9a\x9f\xf5K\xe6\xf7\x03\x926\x03>\xd0\
g\xbd\x9f\x97\xf4\xbc\xc1B\xb2\x5cC\x9b\x00\xb8\xf3\xb7\
)Z\xa4v\x00SPch:g\xc9\xd8\xe6\x92\x06\
\xdeWC\xd2\xc6\xe4\xcdA\x18\xe4\xb8e\xc8\x9b\xc9\xef\
\x04`\xee\xae\x05\xa62q\xef\xed\xf4?\xf2\xb40i\
\xbf\x81\x92g&\xd8\x14\x0de\x02\xe0\xce\xdf\xfa0\xd4\
#\x00=5\x12\x80\x7fd\xb4\xb9\x08\xb0gF\xf9\xbd\
3\xca>\x10\x11\x83n&\xe4\x11\x80f|d\x8a\x07\
%\x0dt\xac2i\x13\xa6\xf7\x0fX\xd62\x0c]\x02\
\xe0\xce\xdf\xfa4\xee#\x00\xab\x0fR\xa8\xb7\x81O\xee\
\xde\xf1K\xf4[H\xd2\xea\xc0\xbb2\xda\xcd\xd9\xf9p\
\xa0{\xd5\xe3\x04`r\xdf\x8b\x88\x1f\xcc\xef\x87z'\
 >%\xa3\x9d\xf7KZ>\xa3\xbc\x0d`\xa8\x12\x00\
w\xfe6\x80Q8\xec)g8>g\x8b\xda\x0b2\
\xca\xae\x09\x1c\xdd[\xc50%\x92\x16&\x9d\x07\x90s\
\xb8\xd3\xf9\x19es\xb6\x5c\x1e\x85\x1d%\xdb\xfc\xac\xcf\
\x02\x0e\x03\x0e\x9c\xe2\xcf\xe7\xec\xfe\x08i\xeb\xe1\xff\x97\
Y\x87\xf5ih\x12\x00w\xfe6\xa0\x9cw\xcdm\xb9\
&\xa3lN\x02pVFY\x80W\x01\xc7Me$\
\xa0\xf7\xf4\xf6K\xf2\xb6\xf2\x0583\xa3\xec\x86\x19e\
s^\x99\xb4\xa5\x8d\xcf\xfa\xad\xc0\x91\xc03#\xe2\xe0\
\xa9\x9e\xcc\xd8\xfb\xb9\x9c\xcf9\xc0\x01\x92rV\xafX\
\x9f\x86b\xe9KC\x9d\xff9\xc0!\xa4\xbd\xd4s\xb3\
Sk\xd6\xb1\xc0.\x03\x96\x1d\x85\x04 g?\xff\x9c\
N\xed$\xe0K\xa4\xa5\x88\x83\xda\x0bx\x96\xa4\x8f\x02\
?\x8b\x88\x7fY\xde'iI`\x1f\xe0c\xc0\xaa\x19\
\xed@\xda\xf3\xe0\x8c\x8c\xf29\xc9R\xce9\x02m\xc9\
\xf9\xac\x7f\x8b\xf4}8/\xd3#\xe2\x91\x8c6~M\
\xdeS\xfc\x9a\xa4\x0427q\xb5)\xaa\x9e\x00H\xfa\
 \xe5;\xff_\x02\xaf\x9c\xf3\xcb\xca\x86\x93\xa4\x9b2\
\x8a\x8f\xc2\x99\x109\x9d\xcb\xd6\x92\x16\x98\xe2$\xac\x7f\
\x11\x11WK\xfa=i;\xd6\x1cO#\x0d\xed?(\
\xe9|\xe0\x16\xd2\xe8\xe1Z\xa4\xe3{K\xcd\xe0\xfey\
D\x0c\xb4|Q\xd2\xb2\xe4%\x009IZ[r\x12\
\x80\xeb#b\xd0\xd5\x15S\xf5\x1f\xc0\xfe\xa4\x99\xfd\x83\
\xda\x0d'\x00\xad\xa9\x9a\x00\xf4:\xff\xcf\x17\xae\xd6\x9d\
\xff\xe8\xb9=\xa3\xec\x0a\xc5\xa2hNN\x02\xb0\x02\xb0\
)\xf0\xe7\x01\xcb\x7f\x8b\xfc\x04`\xb6\xa5\x80\x17\x17\xaa\
k2\xdf\xca(\xbb=\x83o~4\x8b\xf1\x7f\x05\x90\
\xf3;6%\x11q\xa9\xa4CI\xa3A\x83\xda\xb6T\
<6\x7f\xd5\xe6\x00\xf4\x86\xfdKw\xfe\xbf\x00vw\
\xe7?rn\xcb(\xfb\x11\x95u\xb7\xa4\xcb%\x1d+\
\xe9@I%\x12\x8ck\xc8\xdb]o\xfb\x8c\xb2?$\
\xad\xe3\x1ev\xbf\x8d\x88s3\xca\xe7\xdc\xa3k3\x87\
\xbe\x01\x90\xb4\x86\xa4wI\xfa\x89\xa4+$\xdd[\xf2\
\x83\x09\xbc!#\xbcA\x97V\xf6\xeb3\xc0E\x19\xe5\
7\x95\x943\x89\xd4\x86\x9d\xa4\x8f\x95\xfc\xc5\xe89I\
\xd2(,\x09\xb39H\xda\xa3\x81\xcfC)\x0fK\xfa\
\x8e\xa4\xac\xdd\xf1$\x9d\x97\x11\xc3/3\xdb\xde\xaf\xc4\
\x8dh\xd0,I/\xc8\xbc\xc6+3\xda?:\xb3\xed\
\xf5$\x1d/\xe9\xf1\x127\xa3!\xcf\xce\xb9\xc6>\xef\
\xc7\x8e\x99\xb1n\xd6V\xac]\xd7\xfa\x08\x80\x9a\x99\xf0\
\xf7\x0b`\x8f\x88\x18\x85\x93\xe1\xec\x89\x1a\x1f\x9e\xcc\xb0\
8\xf0V\xe02Io\xca\xa8'\xe7\xbd\xe6\x8e\x92r\
&\xd8\x1d\x05\x9c\x9dQ\xbeiG\xe5<\xfdKz\x0e\
\xe9\xf8\xe3A\x0d\xb4\xf2@RH:\x18\xf8\x0bi\xe3\
\xa4\xeas\xaa\xe6\xa1\xcd\xdf\xb13H\xf3D\x06\xb5N\
\xa9@l\xdeZM\x00\xdc\xf9\xdb\x5c\xe4\x9c\x1c\xd7\x96\
eH[\x96~A}\xac\x8d\x9f '\x01X\x08x\
\xdd\xa0\x85#B\xc0\xbf\x91w>@Sn&\x7f\x17\
\xb8}2\xcb\xf7\xfdo#iQ\xe0\x18\xe0P\xcaM\
\x82l\xcac\xb4\x98\x00\xf4>o\x17fT\xb1l\xa9\
Xl\xdeZK\x00\xd4\xdcl\xff=\xdd\xf9\x8f\xb6\xde\
\xd9\xf3\xc3<\x0a0\xd1A\xa4\xf7\x9c\xfd:\x1f\xc8y\
\xcf\xbcoFY\x22\xe2rR\x120Lf\x00\xaf\xeb\
\xedZ8\x10\xa5\xcd\x87^\x9b\x11\xc3?z\x9f\xbf~\
\xda\x0c\xe0{\xc0\xeb3\xdam\xd3\xc5\x15\xbe#s~\
\x9f=\x07\xa0%\xad$\x00\xf2\x84?\x9b\xbf?\xd4\x0e\
\xa0\x0f\x87H\xda\xab\x9f\x02\xbdIf\xbf\xcbh\xf3\x19\
\x92\xb2fHG\xc41\xc0gs\xea(H\xc0\xdb2\
'\xfeA:w gv\xfc \xc3\xff\x07\x91w\xde\
A\xdbrv\x84\x1cT\xce\xd1\xccC\xb3A\xdd\xb8k\
\xfcF\xfb\xc9\xdf\xa6\xe8\x98\xda\x01\xf4!\x80#\x94\xd6\
\x9e\xf7\xe3\xa7\x99\xed~8\xb3<\xc0G\xc9[nW\
\xca!\x11\xf1\xbd\x9c\x0a\x94v\x8d;83\x8e\x13\xfa\
lsm\xe0\xe3\x99m\xb6\xad\xc6\xef\xd6\xc3\x19e\xa7\
\x15\x8b\xc2\xe6\xa9\xd1\x04\xc0O\xfe\xd6\x87\x9f\x91\xde\x07\
\x8f\x8aU\xe8\xff\xec\xf3\xe3\x80\x9c\xcf\xedN\x92\x9e\x9b\
Q~\xe2|\x80Z\xdbn\xcf\x04\xfe_D\x1cV\xa0\
\xae=\xc9\xdb\xfc\xe7\x16\xfa\xdfy\xf00\xa0\xefC\x92\
*\xba0\x22r\x96\xe5\x0d*g^\xcf\xf5\xc5\xa2\xb0\
:$}0s)\xc8dN\xedM\xbe\xb11\xa4\xe1\
_\xae6\xa7;\xd5\xe7\xe7Qi\x8dx\x8e\xdf\x14\xbc\
\xdfo\x944-\xfb.L\xdd\x1d\x92\x8al$$i\
\x11I\x97e\xc6\xf3\xa5>\xdb\x5cE\xd2c\xb97\xa1\
E3\x95\xf9\xdahP\x92\x9e6`\xcc\x0fJ\x1a\xf6\
I\x956/\xf2:\x7f\x1b\x90R\x927J\xfa\x9a\x0b\
 \xe9\x95m\xb79\x9fx6\x91ta\x81\x98\xe6\xe7\
TIk\x14\x8c\xfb\xe0\x021\xf5\xb5\xde\x5c\xd2A\x05\
\xdal\xd3\x7f\x94\xba\xdf\x83\x90\xf4\xeb\x01b>\xbcf\
\xcc\x96I~\xf2\xb7\x0c\x92\x96\x95tq\x03\x9f\xa1\xa6\
\x9c\xd4\xe7\xf5-\xa24r\x90\xe3&IK\x15\xbc\xe7\
\x0b(\xedzxKf\x5c\x93\xb9R\xd2\xabJ\xc5\xda\
\x8bw-I\x0fe\xc6u\xf1\x00\xed\xfe%\xfbn\xb4\
\xe7LU~\x92\x96\xb4\x91\xa4\x07\xfa\x88\xf9Z\xa5S\
%m\x14\xc9O\xfeV\x80\xa4\xd5$\xfd\xbd\x81\xcfR\
\x13\x1e\x93\xd4\xd7\x81D\x92>Z\xa0\xdd\xe2Ow\x92\
\x16\x93\xf4o*\xd3\xd1\x9d/\xe9u*|\xbc\xab\xd2\
\xe6;\xa7\x14\x88\xaf\xaf\xbd\x03$m^\xa0\xcd\xb6\x9c\
\xa3tJcu\x92v\xd6\xd4\x92\x80\x1b%mR;\
^\x1b\x90\xfc\xe4o\x05IZ\x5c\xd2\xd7\x1a\xf8L5\
\xe1\xdf\xfb\xbc\xb6eTf\x9f\xf8W7x\xff\x9f!\
\xe9\x13\x92\xce\x95\xf4\xe8\x14b\x99&\xe94\xa5\xef\x81\
\xa75\x18\xd7\xfb\x0b\xdc\xb7\x7fH\xeak\xd7>I_\
*\xd0n\xd3f)\xfd\xce\x0c\xd5\x03\x93\xd2H\xc0\xdc\
^\x07\xcc\x94t\x94\xf2v\xba\xb4\x01\xe5\x9c\x13\xfeO\
\xf2\x0e\x7f\xd6\x10I;\x90N\x17{a\xedX\xe6\xe1\
\xc2\x88\xd8\xba\x9f\x02J\xa7\xa6\xe5.a\xbb\x0f\xd8\x22\
\x22\xae\xc9\xacg\x9e\x94:\xcbuH3\xee\x97\xe1\xff\
6jy\x10\xb8\x07\xb8\x92t\xdcl\xdfG\x16\xf7\x19\
\xc7s\x80s\x81\xdc\x0e\xee\x80\x88\xf8N\x1f\xed.\x08\
\xdc\x00\xac\x9e\xd9nSD\xfa\xbe\xfcTD\xfc\xa9v\
0s#i\x03`g`m\xe0q\xd2!Y\xa7F\
\xc4(\xad\xfe\x19+\xd9\x09\x80;\x7fk\x83\xa4g\x00\
\xbb\x00;\x92\xbe@Vc\xb8\x96cm\x10\x11WN\
\xf5\x87%\xadL:\xa5/\xf7\x1a.\x06\xb6\x8d\x88\x07\
3\xeb\x19jJ\x13\x08\x7f\x0f\xac\x99Y\xd5M\xc0\xba\
\xfd|\xb7H\xda\x19\xf8uf\xbb%=HZ\xc2x\
-p\x1aprD\x5cU7$\xeb\x1cy\xd8\xdf\xc6\
\x84\xa4C2?\xb7G\x0c\xd0\xe6a\xf9\xbf.\x92\xa4\
\xd35\xc6\xbf3\x92\x96\x93\xf4\xd7B\xf7\xea\xc0\x01\xda\
?9\xb3\xcd\x9c\xad\x8a\xcd\x86\x8f\xdc\xf9\xdb\x18Q:\
\xcb}F\xc6gw\x9a\xfa\x9f\x0c\xb8\x84\xa4\xeb\x0a\xfc\
\xdeH\xd2\xcfTx\xc2\xdd0P\x9a\x0brN\xa1{\
tQ\xbf\xf7H\xe9\xfd\xf5\xcc\x8c6\xef\x974L#\
Ufy\xe4\xce\xdf\xc6\x90\xa4\xdfd~\x86?5@\
\x9b{\xe6\xff\xea\xfc\xd3O5F\x9b\xa8HZRi\
ba\x093%m5@\x0cGg\xb6\xfb\xed&\xee\
\x8dY\x15r\xe7ocJ\xd2\x1b2?\xc7\xf7h\x80\
\xf5\xf9*\xb3\xacm\xb63$-\xdd\xc4\xfdi\x93\xa4\
U%\xfdo\xc1\xfb\xd2\xf7\xb2IIk*\x7f\xe7\xbf\
\xe77q\x7f\xccZ'w\xfe6\xc6\x94\x86\xe4\xfb\xd9\
\xb8d2\xef\x1b\xa0\xdd\xa7Iz8\xf7\x17i\x82\x8b\
$\xad\xd5\xc4=j\x83\xa4\xcd\x94\x96\xea\x95r\x9b\xa4\
\xe5\x06\x88\xe3\x88\xccv\xafR::\xd8l\xb4\xc9\x9b\
\xfcX\x07H\xfan\xe6g\xfaF\xf5\xb9\xc6\xbc\xd7\xee\
\x01\xd9\xbfM\xff\xea>I{4q\x8f\x9a$i_\
\x95=\x9f`\xa6\xd2,\xfe~\xe3XN\xf9\xbb\x0d\x96\
8\xbd\xd1\xac.\xf9\xc9\xdf:B\xf9\x93\xbe$i\xcf\
\x01\xdb>6\xfb\xb7\xea_\xcd\x92t\xb8F`\x12\x9a\
\xa4\x15$\xfd\xb0\xf0\xf5K\xd2\xa7\x07\x8c'w\xdf\xff\
i\x92V,}\x9f\xccZ\xa5f\x9e\xfcO\x94\x9f\xfc\
mH)\xff\x9d\xfc\xcf\x07lwI\xe5\x9fp7\x99\
\x9b$\xed[\xfa>\x95\xa0\xb4\xb5\xef\xbeJ'\x05\x96\
\xf6[\x0d\xb82B\xd2\x9f3\xdb\xaez\x10\x8fY6\
\xf9\xc9\xdf:H\xd2v\x99\x9f\xf1{5x\xc7\xb3\xb9\
\xca\xce\x07\x98\xe8$I\x9b\x96\xbe_\x83\x92\xb4\x8d\xd2\
\x99\x01M\xb8M\xd2@;\xf7)\x8dF\xe4\x8c\x02\xcd\
P\x83\xdb!\x8f*\xa5\xb3&^\xa4\x94\xf0\xed-i\
+\x8d\xe1\xd2\xd5\xb1 ?\xf9[\x87I\xfaC\xe6g\
}\xe0\x0e@\xd2\xcb%=\x9e\xfd\xdb6\xb9Y\x92~\
\xa1\x01\x96\xc4\x95\xa2\xd4\xf1\xff\xa2\xa1\xeb\x93\xd2\xf0\xfb\
s3\xe2\xdb)\xb3\xfd\xe3K\xde\xafQ'iy\xa5\
WQ\x0fNr\xafnWz\xd0\x1c\x9b\xe5\xab#O\
eN+\x9b\x93;\x7f\x1b\x19\xca_\x9f\xff\xbc\xcc\xf6\
\xdf\xa2\xd4Y7\xe9\x5cI\xfbKZ\xb6\xd4}\x9b\xc7\
\xf5\xac*\xe9=\x92.i\xf8\x9a\x1e\xd5\x00\x93\xfe\xe6\
\x885w9\xe8sJ\xdd\xb7Q'icI\xd7L\
\xe1\x9e] i\x95\xda\xf1v\x9e\xd2/ii\xee\xfc\
m\xa4H\xfaJ\xe6g~\xa7\x021\xe4nO<U\
\xd3%\x9d \xe9\xad\x92\x9eZ\xe2\xfe\xf5\xe2\xdfX\xd2\
;$\xfdRy\xbb,N\xd5LI\xaf/\x10\xf7\xdb\
2\xe3xO\x89\xfb7\xea\x94\x92\xbe\x1b\xfa\xb8o\x17\
\xc8#\x01\xf5H\xdaU\xe5\x9f:\xdc\xf9\xdbHQ~\
\xe7/I[\x16\x8a\xa5\xc61\xb4\xd7J:F\xd2\x87\
\x95F:k\xec\xee\x00\x00 \x00IDATB6\
SZ\x16\xf7\x84\xe5\x8d\x92\x16\x91\xb4\xa2\xa4-$\xbd\
N\xd2'%\x1d/\xe9\xd6\x96c\x9e%\xe9\x1d\x85\xee\
\xf9k\x0a\xc4\xd3\xf9$@\xe9\x98\xdf~}\xb0v\xdc\
\x9d$i5Iw\x15\xf8\xe0O\xe4\xce\xdfF\x8a\xca\
t\xfeR:\xbd\xaeTL\x1fV\xf3\xaf\x03\xa6\xeaa\
\xa5\x19\xfbwIz\xa4r,\xb3=&i\xbf\x82\xf7\
{\x9bBqu6\x09\x90\xb4\xba\x06\x9bHy\x87<\
1\xb0}*\xbf\x06\xd9\xb3\xfdm\xa4H\xfa|\xa1\xcf\
\xfeu\x0d\xc4\xb6\x9f\x9a\x9b\x188\xca\xa6IzY\xe1\
{\xbd\xb8\xd2\x5c\x82\x12\x0e.\x19\xdb\xa8P\x9a\xc32\
\xa8\x81'pZ\x7f\x16\x80\xb4\xf4\x08x]\xc1zO\
\x02v\x8f\x88G\x0b\xd6i\xd6\x18I_\x01J\x0d?\
\x9e^\xa8\x9e\x7f\x8a\x88\xef\x03\xaf\x06\xa6\x97\xae{\x84\
\xdd\x0b\xec\x1c\x11\xa7\x94\xac4\x22\xa6\x03\xe7\x17\xaa\xee\
Pus$`\xddJe\xad\x0f\x0b\xf4\xfe\xefA@\
\xa9=\xabO\x02\xf6\x8c\x88\xc7\x0a\xd5g\xd6\xa8^\xe7\
\xff\xee\x82U~\xb7`]\xff\x14\x11'\x01\xdb\x00W\
7Q\xff\x88\xf9\x13\xb0eD\xfc\xae\xa1\xfa\xbfS\xb0\
\xae\xc3;\x98\x04\xf4}(\xd6\x04\x8d\xafJ\xb1d\x01\
I\xcb\x00\xaf*T\x9f;\x7f\x1b)\x0dt\xfe\xe7E\
\xc4\x05\x05\xeb\xfb\x17\x11\xf1\xbf\xc0\xb3\x80\xe3\x9ajc\
\x04|\x1bx^D\xfc\xa3\xc16~\x02\x5cS\xb0\xbe\
.&\x016\xe4\x16\x00v\x01\x16/P\x97;\x7f\x1b\
)\x0dt\xfe3\x80\x7f/X\xdf\xa4\x22\xe2\xc1\x88x\
\x1d\xb0\x1f\xddz%\xf0\x00\xf0\x9a\x888\xb0\xe9\xef\x99\
\xde\xeb\xcbw\x15\xae\xd6I\x80\x0d\x95\x05\x80m\x0b\xd4\
\xe3\xce\xdfFJ\x03\x9d?\xc0\x87#\xe2\xcf\x85\xeb\x9c\
\xab\x888\x0ax6pv[mVt\x02\xb0ID\
\xb4\xb6\xcb^D\x9c\x0c|\xb3p\xb5N\x02lxH\
\xfa]\xc6lM\xc9K\xfdl\xc4\xa8\xdcR\xbf\x89J\
\xbe3\x1e\xe4\x9avU:\x8ax\xdc\x5c-i\x97\x8a\
\xf7u!I\xbfj\xe0\xba\xc6:\x09\x90\xf4\xf5\x8c{\
\xd3\xf8(\x9a%\x0b\x009;\x7f\x9d\x81\x9f\xfcm\x84\
\xa8\x99'\xffc\x80\xb7\x15\xae\xb3/\x11\xf1\x0b`S\
\xe0\xeb\xc08\xfc>>\x08|\x1cxzD\xfc\xb2V\
\x10\x111\x834G\xea\xcc\xc2U{$\xc0\xeaS\xde\
\xc9c\x9b\xd4\x8e\xdfl\xaa\xd4\xcc\x93\xff\xd1\x1a\xb2\x8d\
K$\xad\xa2\xb4\xa7\xc1\xb4\x06\xae\xb7i\xf7+\xc5\xbe\
|\xed\xfb8\x91\xa4%$\x9d\xd1\xc0\xf5\x8ee\x12 \
\x8f\x00\x8c\x86\xcc\x0f\xef\x02\xf3o\xc1\xac>u\xa4\xf3\
\x9fH\xd2\xcaJ\x9d\xe9\xfd\x0d\x5c{i\xb7K:X\
R\xce\xf2\xb1F\xc9I\xc0\x94\xc9\x09\xc0h\xc8\xf9\xd4\
\xd6\x8e\xddl*\x94\x8e\x22-m\xa8;\xff\x89\x94\xce\
a\xdfS\xe9\x08\xdea\xdaM\xf0Q\xa5\x98\xf6\xd4\x88\
\xcc#RsI@\xe9\x15\x07U\xc9\x09\xc0h\xc8\xf9\
\xc4\xd6\x8e\xddl~$\xbd3\xe73>\x17\xc7i\x92\
\x83qF\x81\xa45$\x1d$\xe9\x0fj\xe7\x84\xbe9\
=*\xe9,I\xff\xa6!\x1b\xe6\x9f*\xa5\xad\x82\x7f\
S\xf8\xbe\xcc\x92\xb4g\xedk+EN\x00FC\xce\
'\xb6v\xecf\xf3\x22\xe9E*\xff\xc4;2O\xfe\
\xf3#iII;*\xbd&\xb8H\xcd\x1c84\xa3\
W\xf7\xd7\x94\x9e\xf4\x97\xae}\xdd%\xa8\x99\x91\x80\x07\
%mX\xfb\xdaJ\x90\x13\x80\x910\x92O1f\xf3\
\xa3\xd4I\x7f\x9d\xb2\x9f\xf1\x1f\x01o\x8a\x88\x99\x05\xeb\
\xac&\x22\x1e\x22\x9d[p:\x80\xa4e\x81\xf5\x81\x0d\
\x81\x0dz\x7f\xd6'm\xeb\xba\x0c\xb040g\xf2\xf3\
8\xf0\x10i_\xfe\xfb\x81+z\x7f.\x07\xae\x04\xae\
\x88\x88iM_K\xdb\x22\xe2aI/'\xed\x81\xb2\
c\xa1j\x97\x04\x0e\x07^Z\xa8>\xb3y\xcbIW\
k\xc7n67\x92\xf6\xcf\xf9lObl\x9e\xfcs\
(\x0d\x7f\xaf$i\x05\xf9\xb4\xcf\xa6F\x02v\xa8}\
]\xb9$\x1d\x96q\xfdo\xaa\x1d\x7fWx\x16\xbf\x8d\
\xab\xfd\x0b\xd65VO\xfe9\x22bzD\xdc\x19\x11\
w\xfb\xb4\xcf4\x12\x00\xbc\x9c\xb2'@\xbe\xb5`]\
\xb5\xdc\x98Q\xf6\xfabQ\xd8<\x854\xf8\x93|D\
\x94:A\xd0\xac\x18IO%\x9d\x98W\xe2\xf3y\x0c\
\xf0\xc6\x1a\x9d\xbf\xd2\x13\xf6j\xc0\xf2\xc0#\xc0\xed\x11\
qw\xdbq\x0c+I\x01\xac\x0c\xacDz\xd5s\x0f\
pkD<^!\x96%\x80_\x00\xdb\x17\xa8n\x1a\
\xb0r/\xb9\x18I\x92\x9e\x06\x5c5@\xd1\x87\x80\x95\
\x22\xe2\x91\xc2!\xd9dr\xc6\xa9j\xc7n6\x19I\
\xfb\xe4|\xae'h}\xd8_\xd2\xda\x92>-\xe9B\
I\x8fM\x12\xd3\x0d\x92\x8e\x92\xb4\x8b:\xb8\x0f\x87\xd2\
\xd6\xbc{I:^i\xef\x809=,\xe9\x1cI\x1f\
\x90\xb4r\xcb\xb1\x95|\x1d\xf0\xfc6co\x82\xa4_\
\x0fp\xdd\x87\xd7\x8e\xbbSr>\xa1\xb5c7\x9b\x8c\
R\x07\x9a\xab\xd5\xce_\xd2j\x92\x8e\x914\xb3\x8f\x18\
\xaf\x90\xf46I\x8b\xb5\x15g-\x92\x96VZ\xbe\xd8\
\xcfy\x07\x8f*\xad>X\xa6\xc58K%\x01on\
+\xe6\xa6H\xdaH\xd2\x03}\x5c\xf3\xb5\x1a\xd1\xa5\xa1\
#+\xe7\x13Z;v\xb3\xc9H\xfa^\xce\xe7Z\xed\
w\xfe\xafR\xden}\xb7*\xed\xa2\xd7ZG\xd7\x16\
\xa5m\x8d?'\xe9\xde\xcc\xfb\xd3\xda\x13\xb5\xca$\x01\
\x1fi+\xde&I\xdaYSK\x02n\x94\xb7\x96o\
_\xce'\xb4v\xecf\x93\x91\xf4\xad\x8c\x8f\xf5,I\
\xdb\xb4\x18\xeb{\xd5\xdfS\xff\xbc\xcc\xdeG\x7f\x8d\xb6\
\xe2o\x8a\xa4\xf5%\xfd\x97\xa4\xe9\x85\xee\xcd#\x92^\
\xd3b\xfc{g\xc6\xfb\xc1\xb6bm\x9a\xd2H\xc0\xdc\
^\x07\xccTz\xa5\xb5j\xed8;)\xe7\x13Z;\
v\xb3\xc9(\x7f\xdf\xff\xdb%\xad\xd3B\x9c\x1f\xca\x8c\
snf*\xedT\xb7\xaf\x86xo\xfd9)--\
|\xbb\xa4\xf3\x1b\xba/3$\xbd\xa1\x85\xeb\xd8R\xf9\
\x071\xbd\xa3\xe98\xdb&i\x03I\xef\x90\xf4%I\
\x87*-\xd5\x1d\xf9du\xa4\xe5|Bk\xc7n6\
\x19Io\xce\xfc\xf2\x95\xa4K\x956\xc6i*\xc6\xa6\
:\xff9M\x93t\xac\xa4\x97h\x08\xf71\x90\xb4\xa8\
\xa4=$\x9d\xa8\xf4\xce\xbei\x8d&\x01J\x938o\
-\x10\xe7vM\xc5h6[g\x97\x01*\x0d\xf3\xee\
J\xda\xf5l\x89\xca\xe1\xd8\xbc\xcd\x04n\x05\xce\x02~\
\x1e\x11\x0f\xcc\xeb\x87%m\x0a\xfc\xa5@\xbb\xa7\x03/\
-\xbd\xacL\xd2\x87\x80\xcf\x96\xacs\x8an\x00\xbe\x03\
|\xb5\xb7\x0b`5J3\xf4\x0f\x02\xf6#-\xe3k\
\xd3L\xd2\xd2\xcecJV\xaa\xb4\xcd\xf1\xef\x80\xa7g\
V5\x0bXn~\x9fs\xb3l9)j\xed\xd8\x07\
!i]Iggf\xe7V\xcf\x1d\x9a\xcfNa\x92\
Bi\x86|\x09?P\xc1\xe5vj\xef\xc9\x7f^n\
\x94\xf4\xcaR\xd74\xc0=8P\xd2=\x95\xefA\xd1\
\x91\x00\xa5\x1d\x12K}\xaf\xfc\xaaT\x5cf\xf3\xd2\xa9\
u\xc4\x92\x9e\x05\x5c\x08l[;\x16\x1b\xd8J\xc0\x91\
\x92>?\xb7\x1f\x88\x08\x91\x9etKx\x1d\xf0=\xa5\
Mg\xb2H:\x88:O\xfesz2\xf0\x13\xa5\x09\
\x83\xad}\x07HZD\xd2\x91\xc07\x81\xe5\xdajw\
.\x16\x04\xfeG\xd2\xbe\xb9\x15IZ\x18\xf81\xe5\xbe\
W\xbeU\xa8\x1e\xb3y\xea\xcc+\x00I\xcb\x91\x86\x85\
\x9f\x5c;\x16+f\xdf\x888z\xb2\xbfPZ\x12w\
)\xb0z\xa1\xb6\xbe\x1a\x11\xef\x19\xb4\xb0\xea\x0d\xfb\xcf\
\xcf\xe1\x11\xf1\xbe\xa6\x1b\xe9%\x1a\xc7\x03\xafn\xba\xad\
>e\xbd\x0eP\x9aW\xf1#\xca]\xd7%\xc0\x96\x11\
1\xa3P}fs\xd5\xa5\x11\x80\x83q\xe7?n\xbe\
 \xe9I\x93\xfdED\xdc\x0f\x94<V\xf4\xdd\x92\x06\
\xea\xc0\x87\xb8\xf3\x07x\xaf\xa4\x03Zh\xe73\x0c_\
\xe7\x0f\xff7\x12\xd0\xf7\xeb\x80^\xe7\xff\xdf\x94\xbb\xae\
\x99\xc0\xfe\xee\xfc\xad-\x9d\x18\x01\xe8\xfd\xa2\xdeJ\xfb\
\x93\x8d\xacy\xaf\x89\x88\xe3\xe7\xf6\x97\x92\xbe\x07\x94\xdc\
U\xed+\xc0\xfbz\xaf\x19\xe6k\xc8;\xff\xd9\x1e\x02\
6\x8e\x88\x9c\x03\x5c\xe6J\xd2\x96\xc0\xefy\xe2Q\xc2\
\xc3\xa4\xaf\x91\x80\xde\xb0\xff1\xc0^\x05c\xf8xD\
|\xaa`}f\xf3\xd4\x95\x11\x80\x8dp\xe7?\xae\xe6\
\xf7\xde\xf5\xdf\x80s\x0b\xb6\xf7\x1e\xe0[Syw>\
\x22\x9d?\xa4s\xe8\xe7:\xa7\xa2\x80#\x18\xee\xce\x1f\
\xfa\x18\x09P\xdaz\xf9g\x94\xed\xfc\x7f\x04|\xba`\
}f\xf3\xd5\x95\x04`\xb5\xda\x01Xc\xe6\xf9\x8e?\
\x22\x1e#\x0d\xd1^[\xb0\xcd\xfd\x81\xa3%-4\xb7\
\x1f\x18\xa1\xce\x7f\xb6=%\x95\x9a/\xf1O\x92\xb6\x02\
\xb6.]oC\xe6\x9b\x04HZ\x128\x05xY\xc1\
v\xffH:nz$WV\xd9\xe8\xeaJ\x020\xad\
v\x00\xd6\x98\xf9\xaeg\x8f\x88;\x81W\x00\x0f\x16l\
\xf7\xf5\xc0)\x9ad\xff\xfd\x11\xec\xfc\x01\x16\x06\xf6n\
\xa0\xde\xfd\x1a\xa8\xb3IsM\x02z\x09\xd2o)s\
\xe4\xefl7\x03\xbbG\xc4\xf4\x82u\x0e%I\x8bI\
z\x91\xd2\x0e\x95{K\xdaJC\xb89U\x97t%\
\x01\xb8\x92\xf4\x8e\xcf\xc6\xcfeS\xf9\xa1\x88\xf8\x1b\xa9\
\xd3.\xf99\xd8\x198O\xd2Sf\xff\x87\x06;\xff\
_0\xc5k\xcd\xb0\xdd\x88\xd49\xd1\x05\xa4\x7f\xd7\x8b\
\x0a\xd6\xf9\x84$@\xd2\xe6\xa4%\xc4\xcf*\xd8\xce\xc3\
\xc0n\x11qK\xc1:\x87\x8e\xa4\xe5\x95\x8e\xf9\xbd\x13\
8\x13\xf8>i\xfe\xc4\x05\xc0-\x92>\xa8\x0e\x9ch\
9\x8c:1\x09\x10@\xd2Y4\xffed\xed\x12\xf0\
\xf4\x88\xb8t\xca\x05\xd2\x1e\xebG\x14\x8e\xe3v`7\
`\x07\x9a{\xf2\x7f;\xf0_\xa4\xa1\xe7\xf7\xd3\xcc^\
\x16wD\xc4*\xa5*\xeb\x0d\x97?\x00\x94\xfe\x9e\x98\
E\x1a\x86\xffbD\x9c\xdbkk9\xe04\xe0\xd9\x05\
\xdb\x99\x09\xbc\x11\xb8\x17\xf8!P\xf2\x5c\x85\x19\xc0\x9e\
\x11\xf1\xf3\x82u\x0e\x1dI\x1b\x03'\x03\xf3;[\xe3\
BR2t{\xf3Q\xd9l]J\x00\xb6\x07\xce\xa8\
\x1d\x87\x15\xf5\xe3\x88\xe8{\x22\x96\xa4\x8f\x01\x9f,\x1c\
\xcbc\xc0\x22\x85\xeb\x9c\xe8\xed\x11\xf1\x9f\xb3\xffGo\
f\xfd\xfb\x80\xdd\x81E\x0b\xb51\x0bX\xb4\xd424\
\xa5\x03\x95\xae)QW\xcf\x83\xc0q\xc0W\x22\xe2\x09\
\xa3!\x0d&\x01Pv\x12\xa3H+\x0e\x8e*X\xe7\
\xd0Q:\xe1\xef\x0f\xc0\x9aS,r!\xb0]D<\
\xd2\x5cT6QW^\x01\x10\x11g\x92\x96p\xd9x\
\xb8\x81\x01\xd7\xf9\xf7\x96Z}\xb9l8\x8dv\xfeO\
\x10\x11\x7f\x8c\x88\xd7\x92&A\xfe;\xe9\xcb3\xd7\x02\
@\xc9\x03\x90\x96/P\xc7,R\xe2\xbe/\xb0ZD\
\x1c0Y\xe7\x0f\x10\x11\xf7\x92^\xcb\x94~\x1dP\xfa\
=\xf5;\xc7\xbd\xf3\xef\xf9\x02S\xef\xfc\x01\xb6\x02\xde\
\xd5P,6\x89\xce$\x00=\x07\x01_\xac\x1d\x84e\
\xfb\x1b\xf0\xa2\x88\xb8#\xa3\x8e\x83\x80\xef\x16\x8a\xa7\x9a\
\x88\xb8'\x22\xfe#\x22\xb6&-w=\x944\x1a1\
\xa8\x92\xdf\x099u\xdd\x07|\x04xJD\xec\x18\x11\
GG\xc4|'\xf36\x94\x04\x94\xf4\x91\x88\xf8F\xed\
 \x9a\xd6\x9b09\xc8\xa4\xd2\xf7yb`{:\x95\
\x00D\xc4\xcc\x88\xf8\x00\xf0|\xe0T\xe0\xd1\xca!Y\
\x7f\xae \x0d{?;\x22\xb2\x86\x96{K\xae\x0e$\
\x0d)\x8f\x85\x88\xb8<\x22>D\xea<G\xddU\x11\
\xf1\xd9A6'\xea%\x01;\x92\x86\x9f\x87\xc9\xd7\x22\
b\xd4V\x87\x0cj\x17\x06\xeb_V\x02\x9eS8\x16\
\x9b\x8b\xb9\xaec\x1eg\x11q>\xf0\xb2\xde6\xb2O\
\x01V\xa1c\xc9\xd0\x88y\x10\xb8!\x22n-Yi\
D\xcc\xea\x1d\x06\xb3\x00e7u\xb1\xca\x22\xe2~I\
/\xa1\xfc\x9c\x80A}\x85\x94\xbcv\xc5S3\xca\xae\
K\xda9\xd2\x1a\xd6\xc9\x04`\xb6\xde\x90\xe2\xdf{\x7f\
\xac\x83\x22\xe2qI\xaf'\xcdV\x7fk\xedx\xac\x9c\
\x88\xb8W\xd2\x8e\xa4$\xa0\xe6S\xe5a\x11qp\xc5\
\xf6kX:\xa3l\xc9y(6\x0f~\xea\xb5\xce\x8b\
\x88\x99\xc0\x01\x94\x9f\x18h\x95\xf5\x0e\x85\xda\x99:\xaf\
\x03\x04\xbc\xbf\x83\x9d\xbf\x8d\x08'\x00f\xa49\x01\x11\
\xf1~\xd2\xa9\x916F*%\x013\x81\x03\x22\xc2I\
\xa5\x0d-'\x00f\x13D\xc4a\xa4\x03\x7ff\xd5\x8e\
\xc5\xca\xe9%\x01/\xa1\x9d\xd5\x01\x8f\x02\xaf\x8d\x88\x91\
_eb\xe3\xcd\x09\x80\xd9\x1c\x22\xe2\xab\xc0\xae\xa4y\
\x016&ZZ\x1dp\x17\xb0sD\x9c\xd0`\x1bf\
E8\x010\x9bDD\x9c\x0al\x03\x5cW9\x14+\
\xa8\xe1\xd7\x01\x7f\x05\xb6\x8c\x88s\x1a\xa8\xdb\xac8'\
\x00fs\x11\x11\x7f%\x1de{~\xedX\xac\x9c^\
\x12\xf0b\xd21\xbc\xa5\x9c\x08</\x22\xae+X\xa7\
Y\xa3\x9c\x00\x98\xcdC\xefp\x92\xed\x81\xa3\x0bT\xe7\
W\x0aC\x22\x22\xee\x03^\x04\xfc\xac@u\x87\x01\xaf\
\x8a\x88\xf9\x1eMm6L\x9c\x00\x98\xcdGD<\x1a\
\x11\xfb\x92\xb66\xbdk\x80*\xee!\x1dY{L\xd1\
\xc0,Ko\x1f\x90=H+?\x06\xe9\xbc\xaf!\xbd\
\xef?8\x22<i\xd4F\x8e\x13\x00\xb3)\x8a\x88\x1f\
\x90\xf6\xdb\xff80\x953\xdco'\xedg\xbf^D\
\xfc\xb0\xc9\xd8l0\x111\xab\xb7\xf2c=\xd21\xd1\
SI\xf0\xae \xad\x14\xd94\x22~\xd3d|fM\
\xea\xf4N\x80f\xfd\x8a\x88\xbb\x80OI\xfa\x1c\xb0%\
\xf0\x02`\x03`9`aRbp\x0dp\x16\xf0\xa7\
\xde&C6\xe4\x22\xe26\xe0]\x92\xdeGz\xe5\xb3\
\x05\xb0>\xb0\x02\xf0\x08i\x84\xe0O\xa4S\x17\xff\xd4\
;K\xc2l\xa49\x010\x1b@D\xcc \xedW\xee\
=\xcb\xc7H\xef\xdf\xf5\xb4\xde\x1f\xb3\xb1\xe6W\x00f\
fV\xda\xc3\x19e\xe7{\xec\xb3\x95\xe1\x04\xc0\xcc\xcc\
J\xeb\xfb\x18\xe7\x09\xae/\x16\x85\xcd\x93\x13\x0033\
+\xedW\x03\x96{\x08\xef\xbb\xd1\x1a\xcf\x010\xb3\x89\
\xf6\x97t=i6\xfc]\xc0\x9d\xf4\xf6/\xe8m\xa5\
\xfb/$-\x00,\xd3\xfb\x9f\xcb\x03+\x92&\xce\xad\
\x08l\xdeF\xc06|\x22\xe2jI\xa7\x91v]\xec\
\xc7w\x22\xe2\x91&b\xb2'r\x02`f\x13}f\
n\x7f!\xfds\xe2\xfb\xa3\xa4\xd1\xc3\x85\xdb\x08\xc8F\
\xd6\xbbI\xab&\x96\x9a\xe2\xcf_\xc7<>\x7fV\x9e\
_\x01\x98\x8d\x9f\x9c\x09XS\xb1(\xcdw\xfeM_\
\x835,\x22.#m\xb4\xf4\xe0\x14~\xfc&\xe0\xe5\
\x11qO\xb3Q\xd9DN\x00\xcc\xc6\xcf\xed\xb5\x03(\
\xe0\xd6\xda\x01X\xbe\x888\x0d\xd8\x8a\xb9/\xab\x9cE\
\xdaf{\xcb\x88\xf8{k\x81\x19\xe0W\x00f\xe3\xe8\
&\xd2\x97\xee(\xbb\xa9v\x00VFo$\xe0\xc5\x92\
6 \xcd\x09X\x1bx\x9c\xb4a\xd6\xa9\x11qs\xcd\
\xf8\xba\xac\xb3\x09\x80\xa4\x00\x9eI\xda\xda\xf5I\x95\xc3\
\xb1y\x9bA\xdaa\xef\xfc\x88\xf0\x81:\xf3w\x16\xf0\
\xea\xdaAd:\xb3v\x00VVD\x5cA\xdaF\xd9\
\x86D\xe7\x12\x00I\x0b\x02\x07\x00\x1f\x02\x9e\x5c9\x1c\
\xeb\xcf\xa3\x92\x8e\x07>\x1c\x119\xeb\x8c\xc7\xdd/k\
\x07\x90i:\xf0\xdb\xdaA\x98\x8d\xbbN\xcd\x01\x90\xb4\
$\xf0\x0b\xe0?q\xe7?\x8a\x16\x05\xf6\x01.\x96\xb4\
m\xed`\x86UD\x5c\xc3\xe0\xeb\xb0\x87\xc1\x91\x11\xe1\
I\x80f\x0d\xebL\x02\xd0[\xaf\xfc\x03`\x97\xda\xb1\
X\xb6\x15\x80\x93$m\x5c;\x90!\xf6\xc9\xda\x01\x0c\
\xe8q\xe0\x8b\xb5\x830\xeb\x82\xce$\x00\xa4\xb3\xdcw\
\xad\x1d\x84\x15\xb34\xf0\xbd\xde\x5c\x0e\x9bCD\x5c\x00\
|\xa7v\x1c\x03\xf8XDx+X\xb3\x16t)\x01\
x\x7f\xed\x00\xac\xb8\xad\x81\xe7\xd6\x0eb\x88\xbd\x0b\xf8\
k\xed \xfa\xf0\x1b\xe0\x0b\xb5\x830\xeb\x8aN$\x00\
\x92\xd6\x046\xab\x1d\x875\xe2e\xb5\x03\x18V\x111\
\x1d\xd8\x09\xf8K\xedX\xa6\xe0\x1c`\x8f\x88\x98U;\
\x10\xb3\xae\xe8D\x02\x00<\xb5v\x00\xd6\x98uk\x07\
0\xcc\x22\xe2v`\x07\xe0\x8c\xda\xb1\xcc\xc3\x0f\x80\x97\
x\x89\xa7Y\xbb\xba\x92\x00,X;\x00kL\xe7\x96\
\xb2\xf6+\x22\xee\x22\x8d\x04\xbc\x0d\xb8\xbbr8\x13\xdd\
\x08\xbc2\x22\xf6\xee\x8dV\x98Y\x8b\xba\xf2\xe5\xe95\
\xe3\xe3\xcb\x13\xc6\xa6 \x22\x04|K\xd2Q\xc0\xeb\x80\
}\x81-\x81%Z\x0e\xe5\x01\xe0w\xc0\xf7\x80\x13#\
bF\xcb\xed[%\x92\x16#\xcd\xd9Y\x13\x98\x09\x5c\
\x0d\x5c\x14\x113\xab\x06\xd6a\x9dH\x00\x22\xe2*I\
\xd7\xe0W\x01\xe3\xe8\xd7\xb5\x03\x18%\xbd'\xed#\x81\
#%-D\x9a\x1b\xb3&\xb0\x1a\xb0\x0a\xb0\x12\xb0:\
\xb0r\xef\xff_\x88t\x9a\xdbB\xa4\x1d3\x17\x99\xa3\
\xcaGH\x1b\xf7<\x06L\xeb\xfd\xdf;H\xe7\x11\xdc\
F:N\xf8\xd6\xde\xff\xbe\x16\xb8\xd4\xef\xf9\xbbE\xd2\
\xf2\xc0G\x80\xfd\x81%\xe7\xf8\xeb;$\x1d\x0e|\xcd\
\xc7\x00\xb7\xaf\x13\x09@\xcf7\x80\xc3k\x07aE]\
\x8e\xb7\x8c\x1dX\xef\xe9\xfb\x7f{\x7f\xa6\xac\xf7$7\
+\x22\x1ek$0\x1b\x1b\xbd\xbd:N\x06\xd6\x99\xcb\
\x8f\xac\x0c|\x1ex\xa5\xa4\xddzsV\xac%]\x99\
\x03\x00i\xf7\xbf?\xd5\x0e\xc2\x8a\x99\x01\xfc\x9b\x87\x90\
\xdb\x17\x11\x8f\xb8\xf3\xb7\xf9\x91\xb4*iG\xca\xb9u\
\xfe\x13m\x05\x9c\xd8K.\xad%\x9dI\x00\x22\xe2Q\
`7\xc0GN\x8e\xbe\xc7\x80\xb7D\xc4\xd9\xb5\x031\
\xb3\xb9\xfa\x02\xe9\xf5\xd2TmE\xda\xbb\xc2Z\xd2\x99\
\x04\x00\xa0w\xec\xe4s\x81\xaf\x91:\x11\x1b=\x17\x02\
\xdbF\xc4Q\xb5\x031\xb3\xc9IZ\x9d\xb4\xfbj\xbf\
\xde\xd7;\xb0\xcdZ\xd0\xa59\x00\x00D\xc4\x83\xc0\xbb\
%}\x9at.\xc0z\xa4\xc9O\xdeRvxM\x03\
n\x00\xce\x8e\x88Kj\x07cf\xf3\xb5\x0b\x83=`\
\xae\x04<\x07\xf8}\xd9pl2\x9dK\x00f\x8b\x88\
\xbb\x81cj\xc7af6\x86r6\xe8Z\x17'\x00\
\xad\xe8\xd4+\x0033k\xc5R\x19e\x97-\x16\x85\
\xcd\x93\x13\x0033\xb3\x0er\x02`ff\xd6AN\
\x00\xcc\xcc\xcc:\xc8\x09\x80\x99\x99Y\x079\x0103\
3\xeb '\x00fff\x1d\xe4\x04\xc0\xcc\xcc\xac\x83\
\x9c\x00\x98\x99\x99u\x90\x13\x0033\xb3\x0er\x02`\
ff\xd6AN\x00\xcc\xcc\xcc:\xc8\x09\x80\x99\x99\x95\
\xf6HF\xd9\xe9\xc5\xa2\xb0yr\x02`ff\xa5\xdd\
\x90Q\xf6\xbaRA\xd8\xbc9\x010k\xcfC\x19e\
\xef/\x16\x85Y\xf3N\x1f\xb0\xdcC\xc0\x05%\x03\xb1\
\xb9s\x02`\xd6\x9e\xeb2\xca^_*\x08\xb3\xa6E\
\xc4e\x0c\x96\x04|/\x22\xa6\x95\x8e\xc7&\xb7P\xed\
\x00\xcc:\xe4W\x03\x96\xbb\x07\xb8\xb0d 6w\x92\
V\x016\x04\x9e\x0c\xac\x0c,R7\xa2\x91\xd5\xefk\
\x00\x01\xd3%}\xb0\x89`:\xe0\x11\xe0\x16\xe0V\xe0\
/\x11\xf1\xc0\xfc\x0a\x84$\x0d\xdaZD\xc4\xa0e\xcd\
\xbaH\xd2O\x81W\xf6Y\xec\x13\x11\xf1\xc9&\xe2\xb1\
D\xd2\xe2\xc0\x01\xc0^\xc0\xd6xt\xd4F\xdbc\xc0\
Y\xc01\xc0\x0f\x22b\xd6d?\xe4\x04\xc0\xacE\x92\
\x9e\x02\xfc\x11Xq\x8aE\xfe\x0a<\xd7\xc3\xa2\xcd\x91\
\xb4\x0f\xf09\xd2\x13\xbf\xd9\xb8\xf9+\xf0\xee\x888s\
\xce\xbf\xe8t\x02 i)`m\xd20\x9f3\xfe\xe1\
\xf5\x10pcD\xdc\x5c;\x90\x12$m\x0d\x9cH\xfa\
\xdc\xcd\xcb\xa5\xc0K#\xc2\xef\xff\x1b i!\xe0+\
\xc0\xbf\xd7\x8e\xc5\xaca\x02>\x15\x11\x9f\x98\xf8\x1f;\
\x99\x00H\xda\x06\xf80\xb0=~\xbf7J\xae\x02\xbe\
\x0d|#\x22r\xd6\x19W'\xe9\xc9\xc0\xa1\xc0\xeb\x80\
\x05\xe7\xf8\xeb\x87\x81\xff\x00>\x1d\x11\x0f\xb6\x1d[\x17\
HZ\x90\x94\x84\xbd\xacv,f-\xfarD\xbc\x7f\
\xf6\xff\xe8T\x02\xd0\xfb\xa5\xff\x02\xf0\xde\xda\xb1X\x96\
K\x81WD\xc4?j\x07\x92K\xd2\x8a\xa4D\xf4\xc9\
\xc0L\xe0\x1a\xe0L\x0f\xf97K\xd2\x97\xf1\xf7\x80u\
\xd3\x81\x11\xf1m\xe8^\x02\xf0U\xe0]\xb5\xe3\xb0\x22\
n\x01\xb6\x8c\x88[j\x07b\xa3E\xd2\xf6\xc0\x19\xb5\
\xe30\xab\xe4\x11`\xc3\x88\xb8\xbe3\xef\xbd%\xed\x88\
;\xffq\xb2:pD\xed l\xb4H\x0a\xd2(\xa0\
YW-\x06|\x0a:4\x02 \xe9l`\xdb\xdaq\
XQ\x026\x8d\x88\xbf\xd7\x0e\xc4F\x83\xa4\x9d\x80\xd3\
j\xc7aV\xd9,`\xedN\x8c\x00HZ\x09xA\
\xed8\xac\xb8\x00v\xaf\x1d\x84\x8d\x94~\xf7`0\x1b\
G\x0b\x00\xbbu\x22\x01\x00\xd6\xc7\xcb\xfc\xc6\xd5\x86\xb5\
\x03\xb0\x91\xb2K\xed\x00\xcc\x86\xc4.]\xe9\x14\x97\xa8\
\x1d\x805f\xc9\xda\x01\xd8h\xe8\xad\xfb_\xabv\x1c\
fC\xe2\xa9]I\x00n\xad\x1d\x805\xc6\xab\x00l\
\xaaV\xc1#\x81f\xb3\xad\xde\x95_\x86K\x81\xdbj\
\x07a\x8d8\xabv\x0062\x96\xae\x1d\x80\xd9\x10Y\
\xa6\x13\x09@\xef \x84\xef\xd7\x8e\xc3\x8a\xbb\x158\xb5\
v\x10ff\xa3\xa8K\xc7\x01\x1f\x06\xbc\x1eX\xb3v\
 V\xcc\x07\x22\xe2\xe1\xdaAX'\xdc\x0d|\xb7v\
\x10f\x93\x18\xf8\xf8\xe4\xce\xec\x03\x00 \xe9\x99\xc0o\
\x80\x15j\xc7b\xd9>\x1f\x11\x87\xd4\x0e\xc2F\x87\xa4\
\x8dH\xaf\x03\x07qYDl\x5c2\x1e\xb3\x12r\xfa\
\xf0N\xbc\x02\x98-\x22.\x06\x9e\x03<\xe1XD\x1b\
\x19w\x00ot\xe7of\x96\xa7K\xaf\x00\x00\x88\x88\
k\x80\x1d$=\x17x\x05\xb0\x11\xf0\xa4\xbaQ\xd9|\
\xcc \xcd\xf6?\x0b8\xd1'\xe4\x99\x99\xe5\xeb\x5c\x02\
0[D\xfc\x1e\xf8}\xed8\xcc\xcc\xccj\xe8\xd4+\
\x00333K\x9c\x00\x98\x99\x99u\x90\x13\x0033\
\xb3\x0er\x02`ff\xd6AN\x00\xcc\xcc\xcc:\xa8\
\xb3\xab\x00\xcc\x86\x81\xa4\x95\x80\x1d\x805\x80\x99\xc0\xb5\
\xc0\x19\x11\xf1P\xd5\xc0\xccl\xec9\x010\xab@\xd2\
Z\xc0\xa1\xc0k\x80\x05\xe7\xf8\xeb\xe9\x92\xfe\x0b\xf8T\
D\xdc\xdfzpf\xd6\x09~\x05`\xd62I[\x03\
\x17\x91\xce\xa6\x98\xb3\xf3\x07X\x1cx/\xf0{Ik\
\xb7\x19\x9b\x99u\x87\x13\x00\xb3\x16IZ\x078\x19X\
i\x0a?\xbe\x11p\xb2\xa4%\x9b\x8d\xca\xcc\xba\xc8\x09\
\x80Y\xbb\xbeB\x7f\x87Q=\x1d8\xa8\xa1X\xcc\xac\
\xc3\x9c\x00\x98\xb5D\xd2S\x81\xdd\x06(\xfa\x0eI\x0b\
\x97\x8e\xc7\xcc\xba\xcd\x09\x80Y{^2`\xb9\xe5\x80\
\xadJ\x06bf\xe6U\x00f\xedyJF\xd9u\x80\
\xf3\x0a\xc5aCN\xd2\x12\xc0\xa2\xb5\xe3\xb0\x81L\x8f\
\x88Gj\x071\x15N\x00\xcc\xda\x93s\xec\xf4R\xc5\
\xa2\xb0\xa1$\xe9\xf9\xc0;\x80\x9d\x80\xe5+\x87c\x19\
$\xdd\x0c\x9c\x02\x1c\x1e\x11W\xd4\x8egn\xfc\x0a\xc0\
\xcc\xac\x22I\x8bJ\xfa.i\x84\xe75\xb8\xf3\x1f\x07\
k\x00\x07\x00\x7f\x93\xf4aIQ;\xa0\xc9x\x04\xc0\
\xcc\xac\x12I\x0b\x00\xc7\x03\xaf\xa8\x1d\x8b5b!\xe0\
3\xa4\x11\xbc\x83+\xc7\xf2\x04\x1e\x0103\xab\xe7\xdd\
\xb8\xf3\xef\x82\x0fJzq\xed \xe6\xe4\x04\xc0\xcc\xac\
\x02I\x8b\x03\x1f\xae\x1d\x87\xb5\xe63\xb5\x03\x98\x93\x13\
\x003\xb3:v\xc4\xef\xfb\xbb\xe4\xd9\xbd\xbd@\x86\x86\
\x13\x003\xb3:\x9eQ;\x00k\xddP\xfd\x9bwv\
\x12\xa0\xa4\xadH\xef\xde6\x00\x96\xa9\x1c\x8e\xcd\xdbc\
\xc0-\xc0Y\xc0I>*\xd7\xc6\x84\xbfw\xbag\xb9\
\xda\x01L\xd4\xb9\x04\xa0w\x18\xcbwHg\xb0\xdbh\
y+p\xbb\xa4\x0fD\xc4Q\xb5\x831\xcbtg\xed\
\x00\xacuw\xd4\x0e`\xa2N\xbd\x02\x90\xf4\x0c\xe0\x0f\
\xb8\xf3\x1fe\xab\x00\xdf\x97\xf4\xd9\xda\x81\x98e\xba\xa0\
v\x00\xd6\xaaY\xc0\x1fk\x071Qg\x12\x00I\xcb\
\x01'\x01+\xd6\x8e\xc5\x8a\xf8\x90\xa4\xbdk\x07a\x96\
\xe1<\xe0\xda\xdaAXk~\x1d\x11\xb7\xd5\x0eb\xa2\
\xce$\x00\xc0\x07\x815k\x07aE}\xb1\xb7g\xba\
\xd9\xc8\x89\x88\x99\xa4\xef%\x1b\x7f\x8f\x01\x87\xd4\x0eb\
N\x9dH\x00z\xbbm\xedW;\x0e+n5\xe0e\
\xb5\x830\x1bTD\xfc\x18\xf8R\xed8\xacQ\xb3\x80\
\xb7E\xc4\x9fk\x072\xa7N$\x00\xc0\xc6\xc0\xaa\xb5\
\x83\xb0FlW;\x00\xb3\x1c\x11q\x10\xf0.`Z\
\xedX\xac\xb8\xdb\x81WF\xc4\x7f\xd7\x0ed2]Y\
\x05\xb0Z\xed\x00\xac1\xab\xd7\x0e\xc0,WD\x1c!\
\xe9x\xe0M\xc0\x8b\x81\xb5\x80e\xebFe\x03\xba\x13\
\xb8\x068\x19\xf8\xfe0/[\xeeJ\x02\xe0\xccz|\
\x0d\xed/\x97Y?z\x13\xc4\x0e\xed\xfd1k\x5cW\
^\x01\x5cEz\x0fc\xe3\xe7\xf2\xda\x01\x98\x99\x8d\xa2\
N$\x00\x11q'i\xc9\x8d\x8d\x17\x01?\xaf\x1d\x84\
\x99\xd9(\xeaD\x02\xd0\xf3\xe9\xda\x01Xq?\x8d\x88\
\xbf\xd7\x0e\xc2\xccl\x14u&\x01\x88\x88\xd3\x81#j\
\xc7a\xc5\xdc\x02\xbc\xb3v\x10ff\xa3\xaa3\x09@\
\xcf{\x81\xaf\xd4\x0e\xc2\xb2]\x06l\x1b\x11\xb7\xd4\x0e\
\xc4\xcclTu*\x01\x88\x88\x99\x11\xf1^`[\xe0\
4\xe0\xf1\xca!Y\x7f\xfeA\xda9m\x8b\x88\xb8\xba\
v0ff\xa3\xac+\xcb\x00\xffED\x9c\x03\x9c#\
i\x19`m`\xe5\xca!\xd9\xbcM\x07n\x8c\x88\x1b\
j\x07bf6.:\x99\x00\xcc\x16\x11\xf7\x03\x7f\xa9\
\x1d\x87\x99\x99Y\xdb:\xf5\x0a\xc0\xcc\xcc\xcc\x12'\x00\
fff\x1d\xe4\x04\xc0\xcc\xcc\xac\x83\x9c\x00\x98\x99\x99\
u\x90\x13\x0033\xb3\x0er\x02`ff\xd6AN\
\x00\xcc\xcc\xcc:\xc8\x09\x80\x99\x99Y\x07uz# \
3\xb3)ZK\xd2oj\x07aV\x92\x13\x003\xb3\
\xf9{\x12\xb0c\xed \xccJ\x0aI\x1a\xb8pD\x94\
\x0c\xc6l\x1c\xf4\xce\x98\xd8\x00\xd8\x10\xd8\xa8\xf7\xffo\
\x04\xac\x0b,<`\xb5\xf7\x01\x7f\x06.\x07\xfeN:\
\x11\xf1R\x9f\x888u\x926$\xdd73\x039\x01\
0\xcb$iY\xe0\x85\xc0\xf6\xc0\x8b\x80M\x81\xb6~\
7\xee\x06~\x0b\x9c\x01\x9c\x19\x11\x97\xb7\xd4\xee\xc8\x91\
\xb42p{\xed8\xcc\x86\xc4]N\x00\xcc\x06 i\
\x0b`/R\xa7\xffL`\xc1\xba\x11\xfd\xd3\xcd\xc0\x99\
\xc0\xaf\x80\x13#bZ\xe5x\x86\x86\xa4\x05\x80G\x18\
|\x14\xc6l\x9c\xfc\xc5\x09\x80\xd9\x14IZ\x13x\x15\
\xf0F\xe0\x19u\xa3\x99\x92\xe9\xc0\xc9\xc0\xd1\xc0/#\
bF\xe5x\xaa\x93\xf47`\x93\xdaq\x98\x0d\x81\x1f\
;\x010\x9b\x07I\x8b\x02\xfb\x00o\x02\x9eK{C\
\xfb\xa5\xdd\x0a\xfc\x10\xf8fD\x5cU;\x98Z$\x1d\
\x0a\x1c\x5c;\x0e\xb3!\xf0\x06'\x00f\x93\x90\xb4\x14\
\xf0f\xe0 `\x8d\xca\xe1\x944\x0b8\x15\xf8LD\
\x5cX;\x98\xb6\xf5^\xdd\x5cT;\x0e\xb3\xca\xa6\x03\
kx# \xb3\x09$\xad,\xe9\x13\xc0\xf5\xc0W\x19\
\xaf\xce\x1f\xd2\xe6_/\x07.\x90t\x9e\xa4]k\x07\
\xd4\xa6\x88\xf8\x13\xe9\xb5\x88Y\x97}-\x22\xee\xf5\x08\
\x80\x19 iI\xe0C\xc0{\x80\xc5*\x87\xd3\xb6\xf3\
\x81wG\xc4\x1fk\x07\xd2\x06I\x9b\x00\x17\xe3\xc9\x80\
\xd6Mw\x02\xebG\xc4}\x1e\x01\xb0N\x93\x14\x92\xf6\
$\xad\xad?\x84\xeeu\xfe\x00\xcf\x03.\x94t\x94\xa4\
Uk\x07\xd3\xb4\x88\xf8;p`\xed8\xcc*x\x1c\
xmD\xdc\x07\x1d\xde\x08HR\x00\x9b\x936iY\
\xa6r89\xee\x07\xae\x04.\x89\x88\x81\xff-\xbbH\
\xd2\xb3\x81\xaf\x91:@K\xa6\x01_\x02\x0e\x8d\x88G\
k\x07\xd3$I_\x02\xdeW;\x0e\xb3\x96\xcc\x04\xde\
\x16\x11\xdf\x9d\xfd\x1f:\x97\x00HZ\x10x\x0bi\xb8\
w\xed\xca\xe1\x94t\x03\xf0y\xe0\xdb\x111\xb3v0\
\xc3L\xd2b\xc0\xa1\xc0\xbb\x18\xddY\xfdM\xbb\x14\xd8\
;\x22.\xa9\x1dH\x93$\x1d\x00|\x03\xbf\x0e\xb0\xf1\
\xf6 \xb0OD\x9c8\xf1?v*\x01\xe8\xbd\xe7=\
\x0exY\xedX\x1a\xf4k`\xaf\x88x\xa0v \xc3\
H\xd2\xc6\xc0\xb1\x8c\xc6:\xfe\xda\x1e\x07>\x07|*\
\x22f\xd5\x0e\xa6)\x92\xb6\x04\xbe\x00lW9\x14\xb3\
\xd2\x04\xfc\x08\xf8PD\x5c;\xe7_v&\x01\xe8\xed\
\x02\xf6S`\xb7\xda\xb1\xb4\xe0T`\xd7q\xfe\xd2\xee\
W\xef\x95\xcf\xfe\xc0W\x80%*\x873j\xce\x04\xf6\
\x8d\x88\x9bk\x07\xd2$I\xdb\x93vw|\x05\xb0Z\
\xe5p\xccr\x5c\x0d\xfc\x0c\xf8\xc1\xbcF\xf1\xba\x94\x00\
\xbc\x81\xb4#ZW\xbc1\x22\xbe_;\x88a i\
y\xd2&8;\xd7\x8ee\x84\xddM\xfaLub\x09\
\x9d\xa4\x95\x80U\x81Uj\xc72\xa2\xfe\x9d\xc1\x1f\xb6\
\xbe\x01\x9c8\xdf\x9f\xb29\xcd$\x9duqsD\xdc\
?\x95\x02]J\x00.!M\xfa\xeb\x8aK#\xa2\xf3\
[\x9eJZ\x9f\xb4\xee{\xbd\xda\xb1\xf4\xcc\x00n!\
-\xc5\x99\xd6\xfb\xf3\x10\xe9\xb4\xbf%H\xc7\xce.\x09\
,\xdb\xfb\xffWgx&\xa9\xce\x02\x0e\x8a\x88\xc3k\
\x07b\xc3M\xd2\xd7II\xc0 \xde\x11\x11\xdf(\x19\
\x8fMn\xa1\xda\x01\xb4A\xd2\x93\xe9V\xe7\x0f\xb0\xb1\
\xa4u&{\xef\xd3\x15\x92\xb6\x03~\x02,_)\x84\
\xeb\x80sI\x13\xea\xae$\x1d\xe5{uD<\xd6O\
%\x92V#\x1d-\xbc>i\xd5\xca\xb3\x81\xad\x80E\
J\x06;\x05\x0b\x00_\x96\xb4\x1e\xe9K\xba\xf3g\x0b\
\x98\x8d\xb2N$\x00\xa4s\xd8\xbbh]\xa0\x93\x09\x80\
\xa47\x01\xdf\xa4\xddN\xf26\xd2\xb1\xbcg\x91\x8e\xe6\
-r\xef#\xe2V\xd2^\xfeg\xcd\xfeo\x92\x9e\x04\
<\x9ft\x1a\xe1\xf6\xc0\x16\xa4\x0e\xba\x0do\x03\xd6\x91\
\xe4\xc9\xa6f#\xac+\x09\xc0\xb0\x1c\xd5\xda\xb6N.\
m\x92\xf4Q\xe0S-57\x8d4\xb9\xf4(R\xa7\
\xdf\xca\xc4\xcb\xde1\xbf\xa7\xf5\xfe i-\xe0\x0d\xa4\
\x83\x8b6l!\x84\x17\x03\xbf\x93\xb4SD\xdc\xd6B\
{fVXWv\x02\xbc\xb1v\x00\x95\x5c_;\x80\
\xb6I\xfa0\xedt\xfe\xe7\x03\xfb\x01\xabF\xc4\xbe\x11\
qz\xcdU\x17\x11qCD|.\x226\x22\xbd\x1e\
\xf8O\xe0\xe1\x86\x9b}:p\xba\xa4\x95\x1bn\xc7\xcc\
\x1a\xd0\x89\x04\xa0w\xfci\xd7\x86\xc2o\x06.\xab\x1d\
D\x9b$\xbd\x17\xf8L\xc3\xcd\xfc\x0exED<?\
\x22\x8e\x8a\x88\x87\x1an\xafo\x11\xf1\x87\x88x;i\
\xa3\xabO\x92&\x186e\x13R\x12\xb0b\x83m\x98\
Y\x03:\x91\x00\xf4\xfcG\xed\x00ZvD\x97\xb6\x06\
\x96\xf4>\xe0\xcb\x0d6q2\xb0uDl\x13\x11\xbf\
h\xb0\x9db\x22\xe2\xae\x88\xf8\x04\xb0\x0e\xf01\xe0\xde\
\x86\x9a\xda\x14\xf8Mo\xb9\xa5\x99\x8d\x88\xae%\x00\xff\
[;\x88\x96\xfc\x05\xf8z\xed \xda\x22\xe9\xff\x91\xf6\
\xafo\xc2\xd5\xc0.\x11\xb1kD\x5c\xd8P\x1b\x8d\x8a\
\x88\xfb\x22\xe2\xd3\xa4\xb9\x01G\x91v\x07+\xed\x19\xc0\
i\x92\x96n\xa0n3k@g\x12\x80\x88x\x84\xb4\
1\xc5\xa5\xb5ci\xd8\x15\xa4!\xea\xe9\xb5\x03i\x83\
\xa4\x9dH\x07\xfa\x94\xf6\x18p\x18\xb0iD\xfc\xaa\x81\
\xfa[\x17\x11wD\xc4~\xc0\xb6\xc0\xdf\x1ahb\x0b\
\xe0G\xbd\xf36\xccl\xc8u&\x01\x00\x88\x88\x9b\x80\
\xe7\x92v\x9az\xbcr8\xa5=\x0e\xfc\x17i\x98\xba\
\x13\x93\xff$m\x00\x1cO\xf9\xd5,\x17\x00\x9bD\xc4\
\xc1\xbd\xc4q\xacD\xc4\xb9\xc0\xb3\x80\x8f\x926&*\
\xe9%\xc0\xa7\x0b\xd7if\x0d\xe8\xca2\xc0\x7f\xea\xad\
[~\x87\xa4O\x01/%\xed\x10\xb7R\xdd\xa8\xb2\xdc\
E\x1a\xa6>%\x22\xee\xa8\x1dL[zC\xcd?%\
\xed\x98W\xacZ\xd2\xab\x93\x83\xfa\xdd\xacg\xd4D\xc4\
\xe3\xc0g$\x9d\x03\xfc\x00X\xa3`\xf5\x07K\xfa[\
D\xfc\xa0`\x9dfV\x9a2\xd4\x8e\xdd\xbaI\xd2\x82\
\x92N\xc9\xf9\xecN\xe2>I{\xd4\xbe\xb6\x1a$\xad\
\xd8\xc0\xfd\x9c.\xe99\xb5\xaf\xcd\xea\x90\xf4\xf5\x8c\xcf\
\xce\xa0[\x08[\x9f:\xf5\x0a\xc0\xc6\xc6\xc7I\xa37\
\xa5\xfc\x0d\xd8,\x22N(X\xe7\xc8\x88\x88\xbb\x80\x97\
Sv\xe8~1\xe0\x04I%Gh\xcc\xac '\x00\
6R$=\x0b8\xb8`\x95\x7f\x00^\x14\x117\x14\
\xacs\xe4D\x84\x22\xe2c\xc0\xdbI\x87\xfe\x94\xb0&\
\xcdL\xd04\xb3\x02:s\x1a\xa0\x8d>I\x8b\x01\x17\
\x916\x9f)\xe1d\xe05\x11\xd1\xf4\x8ey#E\xd2\
\xee\xa4\xe3\x93\x17+T\xe5\x9e\xa32\xba\x22i\x19`\
\x17`c\xd2\xbc\x88\xa5\xeaF4\xb2\x9e\x09<m\xc0\
\xb2\x17\x93\xe65Y\xff\xee!\x9d\x1br\x11p\xc6\xfc\
&1;\x01\xb0\x91!\xe9\xab\xc0\xbb\x0aUw\x0c\xf0\
&\x9fh79I\xdb\x03\xbf \x1dQ\x9c\xeb\x0e\xe0\
\xe9\x11qg\x81\xba\x1a!\xe9\x99\xa4]\x13_L\xfb\
\xa7,\x9a5\xe1!\xe0\x04\xe0\x13s[\x19\xe6\x04\xc0\
F\x82\xa4\x17\x00gS\xe6\xb5\xd5\xc9\xc0+\xdd\xf9\xcf\
\x9b\xa4\x1d\x81S(\xd3!\x9e\x18\x11\xbb\x17\xa8\xa7(\
IK\x92\x96\x05\xef\x83_\x89\xdaxz\x14\xf8\x02\xf0\
\xc9\x88\x989\xf1/\x9c\x00\xd8\xd0\x93\xb40i\xa2\xde\
\xfa\x05\xaa;\x0f\xd8\xb9+\x1b%\xe5\x92\xb4/\xf0?\
@\x89\xdf\xf5\xdd#\xe2\xc4\x02\xf5\x14!im\xe0D\
`\xf3\xda\xb1\x98\xb5\xe0T\xe0\xf5\x11q\xff\xec\xff\xe0\
\x8c\xd7F\xc1\xdb)\xd3\xf9\xff\x8d\x0e\xed\x92XBD\
\x1c\x05\xbc\xb3Pu_\x964\x14\xc3\xebJ\xe7\x16\x9c\
\x8e;\x7f\xeb\x8e\x97\x02'O\xfc\x1dt\x02`x^\
\xe5P\x00\x00\x1b\xa1IDATCM\xd2r\xc0G\
\x0aTu\x07\xf0\x92\x88h\xea@\x9c\xb1\x15\x11\xdf\x00\
\xbeY\xa0\xaau\x81\x03\x0b\xd4\x93E\xd2B\xc0O\x18\
|\x92\x9a\xd9\xa8\xda\x068b\xf6\xffp\x02`\xc3\xee\
\xa3\xc0\x0a\x99u\xcc\x02\xf6\x8d\x88\x9b\x0b\xc4\xd3U\xef\
\xa6\xccaZ\x9fT\xfdS\x03\xdf\x02lW9\x06\xb3\
Z\x0e\x94\xb4\x0d8\x01\xb0!&\xe9\xa9\xc0\xff+P\
\xd5\xa1\x11\xf1\xeb\x02\xf5tVD<\x0a\xbc\x06\xb8\x7f\
~?;\x1f\xcb\x01\x87\xe4G4\x18IO\x22m$\
e\xd6e\x87\x81'\x01\xda\x10\x93t4\xf0\x86\xccj\
\xce\x01v\xf0\x8c\xff2$\xbd\x068.\xb3\x9aG\x81\
\xa7F\xc4-\x05B\xea\x8b\xa47\x00G\xb7\xdd\xae\xd9\
\x10z\xa6G\x00l(IZ\x83\xf4\xc4\x99\xe3!`\
\x1fw\xfe\xe5D\xc4\x8f\xc8\xef@\x17\x05j\xed\xf7\xbe\
[\xa5v\xcd\x86\xcd\xeeN\x00lX\xbd\x13X8\xb3\
\x8eOv}\x8b\xdf\x86\x1c\x04\xe4N\xa6|[o8\
\xbem\xdbUh\xd3l\x18\xbd\xc8\x09\x80\x0d\x9d^\xc7\
\xf0\xd6\xccj\xfe\x8e\xf7\xa1oDD\xdcN\x9a\x9c\x99\
c9`\xbf\x02\xe1L\x99\xa4\xc5\x81\x15\xdbl\xd3l\
\x88=\xd9\x09\x80\x0d\xa3\xb7\x0093\xc5\x05\xfc{\xef\
\xcc{k\xc6\x7f\x91\x0eR\xca\xf1nIm~\x07\xad\
\xdab[f\xc3nu'\x006T$\x05\xf0\x8e\xcc\
j\x8e\x8b\x88\xb3\x0b\x84cs\x11\x11\xb3HK\x03s\
\xac\x07\xbc\xac@8SU\xeap#\xb3q\xb0\x98\x13\
\x00\x1b6\xcf'o\x83\x16\x01\x9f+\x14\x8b\xcdCD\
\xfc\x1e\xf8Mf5\xfb\x96\x88\xc5\xcc\xfa\xb7P\xed\x00\
\xcc\xe6\x90;\xf3\xff\xa7\x11\xf1\xb7\x22\x91\xd8T|\x16\
\xd8)\xa3\xfc\xcb%-\x1d\x11\x0f\x94\x0a\xa8!7\x03\
\xef\xa9\x1d\x84\xd9$\x8e\x1f\xb4\xa0\xf7\x01\xb0\xa1\xd1{\
\x1f|#\xb0zF5[F\xc4E\x85B\x1a+\x92\
V\x076\x02\x96$\x9d\x19~q\x89y\x12\x92\xce\x01\
^\x90Q\xc5\xeb#\xe2\x87\xb9q\xcc\x8f\xa4\x8d\x80K\
\x07,~YDl\x5c2\x1e\xb3\x12r\xfap\xbf\x02\
\xb0a\xb2-y\x9d\xff/\xdd\xf9?\x91\xa4\x97I\xba\
\x00\xb8\x89t\x00\xce\xcf\x81\x0b\x81;%\x1d!i\xe5\
\xcc&>\x9bY~\xaf\xcc\xf2f6\x08e\xa8\x1d\xbb\
\x8d\x17I\xdf\xca\xf9<J\xda\xb5\xf65\x0c\x13I\x0b\
I\xfa\xc6\x14\xee\xdb-\x92\xb6\xcel\xeb\x8a\x8c\x7f\xb7\
G$-S\xea\xba\xe7\x11\xe3F\x191\x0e:r`\
\xd6\xa8\x8c\xcft\xabKp\xcc\xe6Ji\xf6\xff\xee\x19\
U\xdc\x01\xfc\xaaP8#O\xd2\x82\xc0\xff\x90\x8eR\
\x9e\x9f\xd5\x80\xd3$m\x92\xd1\xe4\x0f2\xca.J:\
\xaa\xd4\xccZ\xe4\x04\xc0\x86\xc5\xc6@\xceP\xf4\x0f\xbd\
\xee?Q:\xee\xf6X`\xef>\x8a-\x05|;\xa3\
\xd9\xef\x93V`\x0cj\xbb\x8c\xb2f6\x00'\x006\
,^\x98Y\xfe\xa8\x22Q\x8c\xb8^\xe7\x7f\x0c\x83\xad\
\xa6x\x9e\xa4m\x07i7\x22\xae\x03~7H\xd9\x9e\
\x9cI\x84f6\x00'\x006,\xb6\xc9({YD\
\x948\xab~\xa4ev\xfe\xb3\xbd\x22\xa3\xec\xb1\x19e\
7\x94\xb4RFy3\xeb\x93\x13\x00\x1b\x169O\x80\
\xbf.\x16\xc5\x88\x9a\xf0\xce?w\x1f\x85\xf53\xca\xfe\
2\xa3l\x90\x97\x04\x9aY\x9f\x9c\x00Xu\x92\xd6\x01\
\xd6\xcc\xa8\xe2\xac\x82\xb1,,ioI\xc7I\xfa\xb3\
\xa4\xcb$\x9d.\xe9\x10\xa5u\xf4Cg\xc0w\xfes\
\xb3\xe8\xa0\x05#\xe2z\xe0\xda\x8c\xb6\xfd\x1a\xc0\xacE\
N\x00l\x18l\x95Qv&pN\x89 $=\x17\
\xb8\x8c\xff\x1bF\xdf\x0c\xd8\x10\xd8\x81\xb4\xbd\xf0U\x92\
>\xd8[\xb10\x14\x0a\x0d\xfbOtSf\xf933\
\xca>/\xb3m3\xeb\x83\x13\x00\x1b\x06\x1bd\x94\xfd\
SD\xdc\x97\x1b\x80\xa4\x17\x93F\x12\xd6\x9d\xc7\x8f-\
\x01|\x1e\xf8\x9f\xde\x90{U\x0dt\xfe\x00gd\x96\
?;\xa3l\xce\xe7\xc0\xcc\xfa\xe4\x04\xc0\x86A\xce\xe1\
?\xe7\xe66.i-\xe0GL}\xf8{_\xe0\xfb\
5\x93\x80\x86:\xff[\x81\x9fe\xd6qvF\xd9e\
%\xad\x98\xd9\xbe\x99M\x91\x13\x00\x1b\x06\xebe\x94-\
q\xf0\xcf\xc7\x81~w\xa2\xdb\x9bJI@C\x9d?\
\xc0{#\xe2\xe1\x9c\x0a\x22\xe2& gDf^#\
0fV\x90\x13\x00\x1b\x069\x09\xc0\x159\x0dKZ\
\x94\xc1;\xd2\xd6\x93\x80\x06;\xff\xcfF\xc4q\x85\xea\
\xba*\xa3l\xceg\xc1\xcc\xfa\xe0\x04\xc0\xaa\x92\xb4\x1c\
\xb0|F\x15Wf\x86\xb09\xf0\xa4\x8c\xf2\xad%\x01\
\x0dv\xfe_\x88\x88\x8f\x14\xac\xef\xf2\x8c\xb29\xaf\x83\
\xcc\xac\x0fN\x00\xac\xb6\xa7f\x94\xbd3\x22\xee\xcel\
\xbf\xc4\xe63\x8d'\x01\x0dw\xfe\x1f,\x5cg\xce\xa8\
\x8c_\x01\x98\xb5d\xa1\xda\x01X\xe7\xe5\x9c\x02\x973\
\xd4<\xdb\x03\x05\xea\x80\x94\x04,,i\xef\x88\x98Q\
\xa8N\xa0\xe8&?s\xfar\x03\x9d?\xe4\xfd\xbbt\
z7\xc0\xde\x01m\x9b\x02k\x01\x8bU\x0e\xc7\x063\
\x0d\xb8:\x22rG'\x1b\xe7\x04\xc0j[*\xa3\xec\
=\xff\xbf\xbd;\x8f\xba\xab\xaa\xcf8\xfe\xfd1C\x98\
Uf\x94 \x83a\xa8\x223*\x82\xa0!(Pp\
\x89\xad\xa2\xb2\xd0\x96\xda\xd5.\x1c\x08P\x94VEd\
p\xc0\x09\x04D\x04,\xae\xb6P\xcaT\xa5b\x01A\
\x06%\xa0\xa0\xcc\x02\x01$\x84\x04\xc2\x94@B\x86\xa7\
\x7f\xec\x1b\x1a\xe0Mr\xef\xdd\xfb\xdcs\xee{\x9e\xcf\
Z\xefb\xadp\xcf>\xcf\xbd\xef}\xef\xfe\xdd}\xf6\
\xd9\xbb\xc0\xf9\xef\x04\xe6Q\xe6o\xe1``\xae\xa4O\
D\xc4\xfc\x02\xed\x0d\xdb7\xff\x85r~/9\x97\x83\
\x86\x96\xa41\xc0gI\xbb7\xaeWs\x1c+@\xd2\
\xfd\xc0\xd7\x81sJ}\x1e\x94\xe6K\x00V\xb7\x9c\xeb\
\xef3sO\x1e\x113\xc8[\xbc\xe6\xd5\x8a]\x0e\x18\
\xd2\xce\x1f\xe0\xf9\x8cc\xd7*\x96bHH\xda\x04\xb8\
\x198\x1ew\xfe\xa3\xc9\xe6\xa4\x1d6\x7f&)g\xa4\
\xb32.\x00\xacn9#\x009\x1d\xcd\xa2\xbe\x04,\
(\xd4\x16\x14(\x02\x86\xb8\xf3\x87\xbc\xdf\xcb\xca\xc5R\
\x0c\x81\xce$\xd8\xff\x01\xb6\xa9;\x8bU\xe6}\xc0E\
\x9d\xbf\xe9Fq\x01`u[5\xe3\xd8\xec\x11\x00\x80\
\x88\xb8\x09(9\x0b\x1e2\x8a\x80!\xef\xfc!\xaf\x00\
X\xa1X\x8a\xe1p\x22y\x1b0\xd9p\xd8\x1b8\xbc\
\xee\x10\xaf\xe6\x02\xc0\xea\xb6J\xc6\xb1E\x0a\x00\x80\x88\
8\x91\xf4a\x5c\xd2G\x81\x9f\xf6R\xf9\x0f\xe1\x84\xbf\
\x91\xe4\xfc^\xfa\xde\x8ch\xd8t\xb6?>\xac\xee\x1c\
60\xc74i\x1f\x11H\x05@\xdfC\x9f\x92Z5\
\x5cg\x8dStH-\x22\x8e\xa5|\x11p0pA\
7E@\xa7\xf3?\x8f2\xbb\xfa-\xea\x9b\x11qd\
\xe16\x97$\xe7\xf7R\xf2RL\xd3M\x00\x96\xaf;\
\x84\x0d\xccF\xc0\xdb\xeb\x0e\xb1\xa8e\xc8\xab\xd6\xc7\x97\
\x0ab\xad\xf5R\xc6\xb19\x97\x0fFTW\x110\x8a\
:\x7f\xc8\x9b\xd71\xa7X\x8a\xe6\xf3\xaa\x87\xed\xd3\xa8\
\xdf\xf9r\xc0t`\xf5>\x8f\xffagv\xe3\x8d\xa4\
mY\xcdz\x95\xd3Y\xe4\x1c\xbbX\x11q\xac$\x80\
\x7f*\xd8\xec\xc1\x00#\xad\x130\xca:\x7fp\x01\xd0\
\xad\xb6\xcdw\xb0\x86\xad\xed\xb0\x1ci\xd5\xae~W\xdf\
z=\xe9z\xa5Y\x1d*)\x00`pE\xc0(\xec\
\xfc!\xef\xf7\x92\xb5\x19\xd1\x90y\xac\xee\x006p\x8f\
\xd6\x1d`Q\xcb\x00\xb7\xd4\x1d\xc2\xacO\xc5/\x01,\
\xaa\xea\xcb\x01\xa3\xb4\xf3\x87\xbc\x02`z\xb1\x14\xcd\xf7\
\xcb\xba\x03\xd8@\xbd\x00\xdcTw\x88E-\x03\x5cU\
w\x08\xb3>\xad_\xf5\x09:E\xc0\xb7\x0a7{0\
i\xe4\xec\x02\xcaw\xfe\xa7\xd4\xdc\xf9C\xdeb6%\
Vw\x1c\x0a\x11q\x17p]\xdd9l`\xce\xcb\xdd\
n\xbb\xb4eH\xd7\xef'\xd7\x9c\xc3\xac\x1f\x9bw\xd6\
N\xafTD|\x9ejn\x11\x1c\xe6[\xfd\x96d\xcb\
\x8cc\xdb4\x02\x00p\x04\xf0b\xdd!\xacrSH\
\x0b\x8e5\xca2\x11!\xd2r\x85f\xc3fe\xd2\xa6\
)\x95\xab\xe8r@Iu\x0f\xfb/*\xa7\x00x\xa4\
X\x8a!\x10\x11\xbf\x07\x0e\x01f\xd7\x9d\xc5*3\x1d\
8 \x22\xa6\xd5\x1d\xe4\xd5\x16~{:\x1dx\xba\xce\
 f}\xca\xe9lz\xd2\xe0\x22\xa0I\x9d?\xc0[\
2\x8e}\xa8X\x8a!\x11\x11\x17\x03\xef\x02~[w\
\x16+\xeer`\xa7\x88\x98Tw\x90\x91,\x07\x10\x11\
\xcfJ\xfa\x22pZ\xcdy\xccz\xb5%i-\xf5\x81\
\xa8\xe8\xee\x80\x1c\x8d\xea\xfc;k\x1dl\x9a\xd1\xc4\xe4\
BQ\x86JDL\x92\xb4\x0b\xb0\x13i}\x957Q\
\xe1].V\xa9\x19\xc0\x03\xc0\x15\x11qw\xdda\x96\
d\xd1\x85I\xce\x04>\x04\xecQO\x14\xb3\xbel7\
\xe8\x136\xa8\x08hT\xe7\xdf\xb1\x0dy\xf7\xb7\xdfS\
*\xc8\xb0\xe9\x5c\x8e\xfdM\xe7\xc7\xacr/O\xa0\xea\
\xecW\xfcQ|o\xaa\x0d\x97\xf7\xd4q\xd2\x06\x5c\x0e\
hb\xe7\x0f\xb0g\xc6\xb1S\x22\xe2\xc9bI\xccl\
\x89^1\x83:\x22\xa6\x00\xfb\xd0\xa2[ql\xe8\xbd\
QR\xbf\x0bYe\xa9\xb1\x08hj\xe7\x0fy\x05\xd9\
\x1d\xc5R\x98\xd9R\xbd\xe6\x16\xaa\x88\xf8#\xb0;\x0d\
[\xb1\xc8l\x09j\x19\x05\x80Z\x8a\x80\xc6v\xfe\x9d\
\xeb\xff\xbbg4q[\xa9,f\xb6t#\xdeC\x1d\
\x11w\x02;0\xc0\xc9Uf\x19j+\x00`\xa0E\
@c;\xff\x8e\x1d\xe8\x7f_\x11\x80\x1bJ\x051\xb3\
\xa5[\xec\x22*\x9d{\x16'\x00\x9f\x00\x1e\x1fX\x22\
\xb3\xde\x8d\x97T\xeb>\xf2\x03(\x02\x9a\xde\xf9\x03\xec\
\x9fq\xec\x02\x1a\xb6L\xaa\xd9h\xb7\xc4U\xd4\x22B\
\x11q>\xe9\xb6\x9e\xbf\x07~7\x90Tf\xbdY\x0b\
\xd8\xaf\xee\x10\x15\x16\x01\x8d\xef\xfc;+2\x1e\x92\xd1\
\xc4\x1f\x22\xc2k\x91\x98\x0d\xd0b\xf7'_TD\xcc\
\x06~\x00\xfc@\xd2\x16\xc0^\xa4\xe1\xbe-H;\x02\
z[\xcb\xe1\xb4&\xb0v\x9f\xc7>C\xf9\xc9\xa2c\
\x81\xe8\xf3\xd8\x8f\x01\x17\x15\xcc\xd2\x97\x0an\x11l|\
\xe7\xdf\xb1\x07\xb0q\xc6\xf1W\x16\xcaaffK#\
\xe9(\xf5\xef\xe4\x0a\xf2\xdc\x9c\x91\xe7%Io(\x9d\
\xa9_\x92\xbe\x96\xf1\x5c\x16\xfaF\xdd\xcf\xa3[\x92\xce\
\xcd|\xae\xef\x1e@\xc6q\x19\xf9\xee\xaa:\x9fY?\
r\xfe\xe8*\xdfH\xc5\xac\x07\xff\x99q\xec\xf2\xc0_\
\x97\x0a\x92\xab\xc0\xe5\x80a\xf9\xe6\x8f\xa41\xc0A\x19\
M<C\xda\x94\xcc\xcc\x06\xc8\x05\x805\xc9\x85\x802\
\x8e?B\xe9V\xb4F\xc8(\x02\x86\xa6\xf3\xef\xf8;\
\xf2\x96\xad\xbd$\x22\xe6\x96\x0acf\xddq\x01`\x8d\
\x11\x11\x93\xc9\xbb\x17|S\xe0\xaf\xca\xa4)\xa3S\x04\
\xf42\x94\x7f\xd20u\xfeJw_|.\xb3\x99\x7f\
/\x91\xc5\xccz\xe3\x02\xc0\x9a&\xe72\x00\xc0\xb1M\
\xbb\xb4\x15\x11\x13I\xdf\x92g.\xe1a\xcf\x03\x9f\x8a\
\x88\xba\xf7\x17\xe8\xd5'\x81\x0d2\x8e\x7f\x12\xf8\xdfB\
Y\xcc\xac\x07\x8d\xfa\xa04\x03\xce\x03r\x86\x83\xc7\x01\
\x07\x16\xcaRLD\x9c\x09\xbc\x198\x0e\xf85i\xcf\
\x8d\xc7\x80\xeb\x80/\x00\x9bF\xc4\x8f\xeaK\xd8;I\
\xcb\x03\x133\x9b\xf9\x89\x87\xff\xcd\xea\xd1\x98\xeb\xa5f\
\x90\xf6\xa3\x90t9y\x93\xca\xbe,\xe9\xb2\xa6u,\
\x9d\xc5\xb5\xbe\xda\xf9\x19\x0d\x0e\x076\xc9l\xe3\xec\x02\
9\xcc\xac\x0f\x1e\x01h\xb7\x9c\x0er^\xb1\x14\xaf\xf5\
\xfd\xcc\xe3\xb7\x06\x8e(\x11\xc4F&i]\xe0\xf8\xcc\
fn\x88\x08\xdf^gV\x13\x17\x00\xed6-\xe3\xd8\
\xa9\xc5R\xbc\xd6\xb5\xc0\x9d\x99m\xfc\x8b\xa4\x8d\x0ad\
\xb1\x91\x9dBZH*\xc7\xb7J\x041\xb3\xfe\xf8\x12\
@\xbb\xdd\x5c\xd3\xb1K\x14\x11\x92t\x1apzF3\
\xab\x02\xa7\x02\x1f*\x93\xca\x16\x92\xb4;i\xe5\xc5\x1c\
\x7f\x02.-\x10gP\xc6I\xca\xb9E\xd5\xea3\x13\
x\x90\xb4\xda\xe4\xe9\x11\xf1\xf0\xa0N,i\x13\xd22\
\xfa\xfb\x90V:]uP\xe7\xeeF\xbf\xcb\xae\xda(\
!\xe9F`\xd7\x1e\x0f\xbb\x07\xd8*\x22*\xfb@\x94\
\xb42\xa9\x93\xc8\x99a\x0e\xb0\x7fD\x5c^ \x92\xf1\
\xf2\xefe\x12\xb0UfS\x9f\x8e\x883\x0aD\xea\x9a\
\xa4q\x80/9\xb4\xdb\x1c\xe0\xb8\x88\xf8z\xd5'\x92\
t4\xf0e\xa0\xd6\x8d\xca\x96\xc4\x97\x00\xech`~\
\x0f\x8f\x17pT\x95\x9d?@D\xbc\x08\x9cP\xa0\xa9\
\x1fK\xcaY\xa3\xde^\xe9;\xe4w\xfe\x0f\x03\xe7\x14\
\xc8\xd2\xab^\xde\xe76:\xad\x08\x9c\x22\xe9\x94*O\
\xa2\xb4\x8c\xf7I4\xb8\xf3\x07\xe6\xbb\x00h\xb9\x88\xb8\
\x9e\xden\xe5:a\x80\xdf\xa8\xcf\x06\x1e\xcal\xe3u\
\xc0O\x9b\xb4B\xe0\xb0\x92\xf4\x11\xe0o\x0a4u|\
D\xbcT\xa0\x9d^\xe5\xccy\xb1\xd1e\xa2\xa4\x9c\xed\
\xab\x17K\xd2\x81\xc0\xe7\xabh\xbb\xb0'|\x09\xc0\x00\
\x90t\x08\xf0]\xd2\xd6\xba#\x99I\xfa\xe6\xff\x83\xc1\
\xa5\x02I\x9f\x00\xce-\xd0\xd4IC\xb8\xc8Nc(\
\xed\x02:\x89\xbc%\x7f\x01\xee\x05\xb6\x89\x88*\xef\x22\
Y,I\xb3\x80U\xea8\xb75\xce\xdd\xc0\xd6%G\
3%E\xa7\xdd-K\xb5Y\xa1I.\x00\xece\x92\
\xd6\x22\xad\xec6\x81\xb4\xac\xee\xb2\xa4o\xe0W\x02\xe7\
D\xc4\x135dZ\x16\xb8\x83\xfca\xe7\x05\xc0\x07#\
\xe2\x92\xfcT\xed\x22iu\xd2\xe2E\xdb\x16h\xee\xfd\
\x11\xf1\xb3\x02\xed\xf4E\xd2\xaf\x80\xdd\xeb:\xbf5\xce\
\xdb#\xe2w\xa5\x1a\x93\xb4\x03pK\xa9\xf6*v\xba\
\x0b\x00k<I\xef\x02~E\xfe\xa4\xd5\xd9\xc0\xf8\x88\
\xb8.?U;HZ\x01\xb8\x02xo\x81\xe6\xae\x8a\
\x88\xf7\x15h\xa7o\x92>\x07|\xb3\xce\x0c\xd6(\x7f\
\x1b\x11?,\xd5\x98\xa4\xc3\x81\x81Nn\xcd0\xdes\
\x00\xac\xf1:\xf3\x14~\x5c\xa0\xa9\x95\x80K%\x95\xf8\
&;\xeau\xf6T\xf8W\xcat\xfe\xb3\x81\x7f(\xd0\
N\xae\x0bI3\xc1\xcd\x00^_\xb8\xbd\xb5\x0b\xb7W\
\x95)\xc0\xb5.\x00lXL\xa4\xcc$\xae5\x81+\
;\xf7\xe7\xda\x92}\x8br\xeb(|%\x22\xee+\xd4\
V\xdf\x22\xe2Q`\xa0\xf3X\xac\xd1\xa6\x17n\xef\xa9\
\xc2\xedU\xe5\x9f#\xe2%\x17\x006\x14\x22b\x06\xe5\
f\xd6n\x00\x5c\xdd\x99\xd8f\xaf\x22i\x19I\xdf\xa5\
\xdcr\xca\xb7\xd3\xdb\x96\xc8U\xfb*\xf0x\xdd!\xac\
\x11nmx{U\xb8\x95\xce\xc4j\xcf\x01\xb0\xa1\x22\
\xe9\x12\xe0\x80B\xcdM#MJ\x9bT\xa8\xbd\xa1\xd7\
\xb9\xe6\x7f>\xf0\xe1BM\xce\x06v\x8a\x88?\x14j\
\xaf\x08I\xbb\x00\xd7\x90.\x0bY;\xb5\xf1.\x80\xa9\
\xa4\xbf\xc7G\xc1\x0b\x01\xd9\xf09\x14\x98\x5c\xa8\xadu\
\x80k%\xedS\xa8\xbd\xa1&iU\xe02\xcau\xfe\
\x90n\x1dmT\xe7\x0f\x10\x117\x03\x1f\x01^\xa8;\
\x8b\xd5\xe6\x98\xd2\x0b\x9au\xdak\xea\xed\xc6S\x81\xfd\
\x16v\xfe\xe0\x02\xc0\x86LD<C\xfa\xe0.\xb5\xd5\
\xef\x18\xd2\xc4\xc0\x12\x0b\xdc\x0c-I\x9b\x02\xd7\x01\xe3\
\x0b6{\x05\xf9;;V&\x22\xfe\x8btK\xe0\xa3\
K{\xac\x8d:_\x8f\x88\xcb\xaah\xb8\xf3\xbej\xda\
FW\xb7\x92\xbe\xf9\xbfb\xb4\xd3\x05\x80\x0d\x9d\x88\xb8\
\x098\xae`\x93+\x00gI\xbaH\xd2\x1a\x05\xdb\x1d\
\x0a\x92\x0e -\xf2\xb3]\xc1f'\x03\x87V\xbdd\
t\xae\x88\xb8\x15\x18Gz?=_s\x1c\xab\xde\x1c\
\xd2\xa8\xd4Q\x15\x9f\xe7H\xe0\x18\xea\xbf\xe3d\x0ai\
\xf5\xce\x9d\x17\xfd\xe6\xbf\x90\xe7\x00\xd8P\xea\x5ck\xbb\
\x18\xf8\xcb\xc2M\xdf\x0b|8\x22n/\xdcn\xe3H\
Z\x9149\xaf\xf4\xedy/\x00\xbb\x0d\xdbk(i\
5\xd2\x22X\xfb\x01\x7f\x01\xacG\xbaLd\xc3m\x16\
\xf0\x00\xf5\xef\x06\xb8)i\xc4\xb1*\x0b\x80'H\x9d\
\xfe$\xe0\x12\xe0\x9a\x88\xa8\xbb\x08\xb1a#i\x05I\
\x8d\x9e %i\x15I\xbfQy/H\x9a(i\xf9\
\xba\x9fcU$\xed \xe9\xb6\x0a^\xbb\xf9\x92\x0e\xaa\
\xfb\xf9Y\xbd$}/\xe3=\xd4\x84\xf5\x22Z\xc1\x97\
\x00\xece\x92\xb6\x96t\x96\xa4GICW/Jz\
\x5c\xd2\xb9\x92\xb6\xaf;\xdf\xabE\xc4\x0b\xc0\xfb\x81\xfb\
\x0b7\xbd2p\x0a\xf0GI%\x16\xc1i\x0cIk\
J\xfa\x0ep3e\x87\xfc\x17:2\x22.\xae\xa0]\
33+MRH:^\xd2\xbc%T\xe5\x0b$}\
G\x0d\xdcUO\xd2\x16\x92\x9e\xcc\xf8\xc6\xb1$\x0b$\
\x9d/i\xbd\xba\x9fg\x0e\xa5{\xfb\x0f\x95\xf4DE\
\xaf\x93$\x9dZ\xf7\xf3\xb4f\x90G\x00\xcc\x86C\x8f\
\x7f\xac\x17(]\x7fo\x14I\xbbJz6\xe3Cg\
if)\x15@\x1b\xd5\xfd\x5c{!i9I\x87H\
\xba\xb3\xc2\xd7F\x92\xceV\x03\xdf\x17V\x0f\xb9\x000\
k>I\x1f\xec\xe3\x0f\xf4Su\xe7\x1e\x89\xa4\x9d%\
=\x9d\xf1\xc1\xd3\x8d9\x92\xceT\xbam\xae\xb1\x94\xe6\
p|R\xd2\x9f*~=$\xe9\xa7J\xbb6\x9a\x01\
.\x00\xcc\x86\x82\xa4\xbb\xfb\xf8\x03}L\x0d\xbc\x14\x00\
 i;I\xd33>|\xba5_\xd2U\x92>.\
\xa9\xca\x99\xbd=Q\x9a\xc7q\x92\xd2\xdc\x8dA\xf8\x89\
\x1a\xfa^\xb0\xfa\xc8\x05\x80Y\xb3Izk\xc6\x1f\xe9\
\x9eu\xe7_\x9c\xce\xf3\x9a\x96\xf1\xdcz\xf5\xac\xa4\x1f\
I\xdaK\xe9\xd6\xbaA?\xdf7K:R\xd2\x1d\x03\
|\xceR\xba$\xe2a\x7f{\x0d\xb9\x00\x18\x0a\xae\xdc\
\xdb\xedm\x99\xc7^S*HI\x11q\xbb\xa4]\x81\
\xcbI\x8b\xbcTmu\xe0\xb0\xce\xcf\x8b\x92n\x03~\
\x0d\xfc\x12\xb8.\x22^*y2I\xeb\x92V\xb0\xdb\
\x9b\xb4U\xef\xd8\x92\xedw\x13\x81\xb4\xbb\xdf\x97\x06|\
^3+\xc8\x05@\xbb\xe5\xec\x85\xdd\xe8\x05R\x22\xe2\
\x01I\xbb\x01\xffA\x99\xfd\xec\xbb\xb52\xf0\x8e\xce\xcf\
\xd1\xa4\x82\xe0>\xd2\x02C\xf7\x02\xf7\x00\x0f\x023\x80\
\x99\xc0\xcc\x88xn\xe1\xc1J#\x08cH\xdb\x16\xaf\
F\xda\xb9\xf0-\xa4\xcdE\x16\xfe\xac?\xa8'3\x82\
\xd9\xc0\xc7#\xe2\xc2\x1a3\x98Y\x01.\x00\xda-g\
\xe2V\xe3\xd7\x90\x88\x88g$\xed\x0b\x9cJ\xf9\xd5\xee\
\xba\xb52\xf0\xd6\xce\xcf\x88$\x01<\xd7yl\x93\x17\
\x1fz\x18\xf8`g\xf9\x5c3\x1br\x8d\xff\x107\xcb\
\x11\x11\xf3\x22\xe2\x1fI\xeba7y\xe7\xb7\xd5iv\
\xe7\xff\x0b`{w\xfef\xa3\x87\x0b\x00k\x85\x888\
\x1b\xd8\x16\xb8\xb1\xee,Cf\x1e\xf0e`BD<\
Uw\x183+\xc7\x05\x80\xb5FD<\x08\xec\x01\x9c\
\x08\xcc\xaf7\xcdP\xb8\x07\xd8%\x22\xbe\x14\x11\x0b\xea\
\x0ecfe\xb9\x00\xb0V\x89\x88\xb9\x11q,\xb0'\
pw\xddy\x1aj.p\x02\xb0\x9d\x87\xfc\xcdF/\
\x17\x00\xd6J\x11q=ib\xdeD\xbc\x0f\xfc\xa2\xae\
']\xeb\xffbD\xcc\xae;\x8c\x99U\xc7w\x01X\
kE\xc4\x5c\xe0\x1b\x92.\x00N\x06\x0e\x01\xda\xba\xb0\
\xcd\x9f\x81/\x00?\x89\x08\xd5\x1d\xa6\x0eJ\xdb_\xef\
\x05\x1c\x00lE\xba\x05s\xcdZC\x0d\xafU2\x8e\
=Y\xd2W\x8a%i\x97\xe9\xc0T\xe0\x16\xe0R\xe0\
\xc6\x88X\xec\xe5N\x17\x00\xd6z\x11\xf18\xf0qI\
\xa7\x01\xc7\x91\xb6\x18n\x8bi\xc0I\xc0\x19\x11\xf1b\
\xdda\xea i\x05\xe0P\xe0x\x1a\xbe\xbeEK\xac\
B^\x01\xd1fk\x01[\x90\x16\x0a\xfb<\xf0\x88\xa4\
\x13\x80\xb3G\x9a\xc7\xe3K\x00f\x1d\x11\xf1\x9b\x88\xf8\
\x00\xb0\x03p\x09i\xc5\xbb\xd1\xeaq\xd2BE\x9bF\
\xc4\xa9-\xee\xfc\xb7\x01\xee\x04\xce\xc4\x9d\xbf\x8d>o\
$\xbd\xb7\x7f\xa5\x11\xb64w\x01`\xf6*\x11qk\
D\x1cHZ\xee\xf8<\x9a\xbd~@\xaf\xee\x04>\x09\
\x8c\x8d\x88S\x22bV\xdd\x81\xea\x22i\x02\xe9\xb6\xd0\
\xcd\xea\xcebV\xb1w\x02\xbf\x95\xb4\xed\xa2\xff\xe8\x02\
\xc0l1\x22\xe2\x8e\x888\x94\xb4\xf4\xee\xe1\xc0m\xf5\
&\xea\xdbl\xe0B\xd2\x92\xc8\xdbF\xc49\x111\xa7\
\xe6L\xb5\x92\xf46\xd2k\xb2Z\xddY\xcc\x06dc\
\xe0JI\x1b.\xfc\x07\x17\x00\xed67\xe3\xd8y\xc5\
R4\x5cD<\x17\x11gE\xc4\xf6\xc0\x8e\xc0\xb7\x81\
\x07j\x8e\xb54/\x01W\x00\x1f\x03\xd6\x8d\x88\x83#\
\xe2\x97m\x9d\xe0\xb7(Ik\x01\x97\x91\xf6\x5c0k\
\x93\x0d\x80\x0b%-\x03\x9e\x04\xd8v\xd32\x8e\x9dZ\
,\xc5\x10\x89\x88I\xc0$\xe0\xb3\x92\xc6\x01\xfbu~\
v%oo\x85\x12\xa6\x00W\x02?\x07\xae\x8a\x88g\
k\xce\xd3T\xc7\x92\xbe\x0d\x99\xb5\xd1\xae\xa4/\x06\xe7\
\xb5\xf5\x96'\x03$m\x02<\xd4\xe7\xe1;v:C\
\x03$\xadF\x9a<\xb83\xb0S\xe7\xbf\x1bTx\xca\
\x97\x80\xbb\x80[I[\x0f\xdf\x18\x11\xf7Ux\xbeQ\
A\xd2\x06\xa4\xd1\x9b\x95\xea\xcebV\xa3G\x80\xcd\x5c\
\x00\xb4\x9c\xa4\x1bI\x15a/\xee\x06\xb6\xf6p\xf2\x92\
u:\x9b\xcd\x80M\x80\xb1\x9d\x9fMHs\x0aV$\
m\x004\x06Xa\x84\xc3\x9f\x07\x9e\x22\xdd\xd7;\x9d\
\xb4\x13\xdfC\xc0dR\xc7\x7foD\xb4\xe62L)\
\x92>C\xda\x1d\xd2\xac\xed\xde\xeb\x02\xa0\xe5$\xbd\x0b\
\xb8\x86\xee\x87\xaf\x05\xec\x1f\x11WT\x97\xaa]$\x05\
\x9d\x05g\x22\xe2\xe9\x9a\xe3\x8cj\x92\xae!\xed\x07a\
\xd6v\xdf\xf7$\xc0\x96\xeb,\x89{d\x0f\x87\x9c\xe0\
\xce\xbf\xac\x88PD<\xed\xce\x7f v\xac;\x80Y\
C\xec\xec\x11\x00\x03@\xd2G\x81\xef\x02k/\xe6!\
\xcf\x03GE\xc4\x19\x83KeV\x8e\xa45\x80g\xea\
\xcea\xd6\x10\x8f\xb9\x00\xb0\x97un\x8f:\x0c\xd8\x97\
t\xbdzY\xd2u\xe7+\x81s\x22\x22\xe7\xae\x01\xb3\
ZI\xda\x1c\xf0DI\xb3d\x9e\x0b\x003k\x85\xce\
m\x9bw\xd5\x9d\xc3\xac)<\x07\xc0\xcc\xcc\xac\x85\xbc\
\x10\x90\x99\xd9\xd2\xdd\x07\xecRw\x08\xb3\x11\xcc\xe8\xf7\
@\x17\x00ffK7\xdfwiX\x13I\xfd/\xc7\
\xe2K\x00fff-\xe4\x02\xc0\xcc\xcc\xac\x85\x5c\x00\
\x98\x99\x99\xb5\x90\x0b\x0033\xb3\x16r\x01`ff\
\xd6B\xbe\x0b\xc0F$iU`C\xd2{drD\
\xcc\xaa9\x92\x99\x99\x15\xe4\x11\x00{\x05I\xef\x93\xf4\
\x0b\xd2V\xb4\xf7\x00\x7f\x04\x9e\x93t\xad\xa4\x83\xeaM\
gfffEIZI\xd2\xf9Z\xbaK;\xa3\x03\
fCE\xd2\xb8.\xde\xdf\x8b\xe3%\x84\xad\x912\xde\
\xd3\xf2\x08\x80\xd1y\x1f\x5c\x00|\xac\x8b\x87\xef\x0f\x5c\
.\xc9\x97\x8f\xcc\xcc\x86\x98\x0b\x00\x83\xb4\x03`/\xc3\
\xfb{\x00\x13\xab\x89bff\x83\xe0\x02\xa0\xe5:\xdf\
\xfe\x8f\xeb\xe3\xd0#\x95\xf6W73\xb3!\xe4\x02\xc0\
v\x02\xde\xd8\xc7qk\x03\x9f)\x9c\xc5\xcc\xcc\x06\xc4\
\x05\x80m\x93q\xec1\x92v(\x96\xc4\xcc\xcc\x06\xc6\
\x05\x80\xad\x92q\xecJ\xc0e.\x02\xcc\xcc\x86\x8f\x0b\
\x00{\x22\xf3\xf8\xf5\x81\xeb%\x9d$i\xcd\x12\x81\xcc\
\xcc\xaczQw\x00\xab\x97\xa4\xf5\x80)\x94y/\xcc\
\x00\x8e\x8a\x88\x1f\xe56$i\x0b`\x1f`,\xbd\x8f\
R\xbc\x00<\x04\x5c\x19\x11\xf7\xe5fq\xa6\x9e3m\
\x09\x8coX\xa6-\x80\x8f\x00\xff\xd2g\x13wG\xc4\
V\xa5\xf2,\x8e\xa4m\x81\xf7\x92\xe6\xe5\xac\x5c\xf5\xf9\
\xac\x123\x81\xfb\x81\x9fG\xc4\xc3U\x9fL\x92\xaa>\
\x87\x8db\x92~\x91\xb3\x98\xc4\x08\xbe\x96\x91e3I\
W\x14\xccr\xb9\xa47g\xbe>\xce\xd4}\xa6\xffn\
X\xa6\xb1\x9dL\x0b2\xb3T\xba\x10\x90\xa4m%]\
\x93\x99\xd1\x9ae\x81\xa4\x7f\x93\xb4A\xc5\xef\x9d\xbeU\
\x99\xcb\x86\x84\xa4}\x8a\xbc\xdd_\xe9\xc3}\xe4x\xa7\
\xa4\x19\x15dyJ\xd2;\xfa|m\x9cix3\xed\
&\xe9\x99B9*+\x00$M\x904\xb3PNk\
\x9e\xc7\x94Fv\xaaz\xff\xf4\xcd\x97\x00\x8c\xce\xfb\xe0\
\x06`\xd7\x82\xcd>\x06\x8c\x8d\x88\xb9]fx\x13p\
+\xf0\xba\x82\x19\x16\xf5$\xb0}D<\xd2\xed\x01\xce\
\xd4u\xa6M\x80I\x0d\xcb\xb4\x11\xf0\xfb\x82\x99*\xb9\
\x04 ik\xe0f\xc0\xcbk\x8fn\x0f\x93\xde\xc3O\
\x95nX\xea\xff\x9b\xbc'\x01\x1a\x11!\xd2=\xfd%\
\x87\x846\x04&\xf4\xf0\xf8\x93\xa9\xae\x03\x01x=p\
R\x8f\xc78SwN\xa2y\x99\xbeI\xb5\x99J\xf9\
6\xee\xfc\xdb\xe0M\xf4\xb7\xe0Z\xa5<\x02`/\x93\
\xf4m\xe0\x88\x82M\x9e\x12\x11Gwq\xdeu\x80\xc7\
\xa9\xbe \x9d\x0f\xac\x1f\x11\xd3\x9diTgZ\x8f4\
\x02U2S\xf1\x11\x00I\x9b\x03\xc5&:Z\xe3\xcd\
\x04\xde\x10\x11\xb3K6\xea\x11\x00+\xe5\x18\xe0\x8e\x82\
\xed\xad\xdb\xe5\xe3\xf6b0\xef\xc5e\x81\xf7t\xf9X\
g\xeaN\x133\xed\xc9p|\xb6\x8d\xaf;\x80\x0d\xd4\
\xaa\x94\xbd\xcc\x9am\x18\xfeHl@:\x95\xe9\x01\xc0\
\xd4BM\xce\xea\xf2q\x1b\x15:_7\xba]\xf6\xd8\
\x99\xba\xd3\xc4L\x1bW\x9a\xa2\x9cA\xbev\xd6\x0c\xfd\
,\xbb^\x19\x17\x00\xf6\x0a\x111\x19x?\xf0t\x81\
\xe6\xee\xec\xf2q]M\x14,\xe4\xa5.\x1f\xe7L\xdd\
ib\xa6y\x95\xa6(g\x90\xaf\x9d5C\xb7\xef\xe1\
\x81p\x01`\xaf\x11\x11\xb7\x91\x86QsV\x09\x9c\x0b\
\x5c\xda\xe5c\x1f\xcc8O\xaf\x1e\xe8\xf2q\xce\xd4\x9d\
&f\xba\xbf\xd2\x14\xe5t\xfb|l\xf4h\xd4\xef\xdc\
\x93\x00m\xb1:\xb7\x9c]\x08\xec\xd8\xc7\xe1gD\xc4\
\xa7\xbb<\xcf\x18`\x1ay\xfb\x12tc\x16\xb0ND\
\xbc\xe0L\xa3:\xd3j\xa4\x89\x89c\x0a\x9e\xbf\x8aI\
\x80\xeb\x01\x7f&\xcdo\xb0\xd1o*\xb0aD,(\
\xd9\xa8'\x01Z%:\xcbX\xbe\x0b\xf8\x06\xbd\x0d\xab\
\xde\x09L\xec\xe1<\xb3\x80\xd3zK\xd7\x97\xefu\xd3\
\x81\x803\x0dy\xa6\xe7\x813*\xce\x93-\x22\xa6\x02\
\xe7\xd5\x9d\xc3\x06\xe6\xe4\xd2\x9d\x7f.\x8f\x00XW$\
\xbd\x95t\xcf\xf2\x1eKy\xe8\x0d\xc0A\x111\xad\xc7\
\xf6W\x03n$o{\xe2%\xf9\x03\xb0[D\xcct\
\xa6J2\xdd\x04l\xdd\xa0Lc\x80[\x80q\x852\
T\xb5\x10\xd0\x1b\x80\xdf\x02\x9b\x94n\xdb\x1a\xe5z`\
\xef\x88(>\x07\xc0#\x00V\xb9\x88\xb8=\x22\xf6\x04\
v\x07.&m\xda\xb2\xd0\x02\xd2Jp\x87\x01\xef\xee\
\xb5\xf3\xef\xb4\xff<\xb0/p{\x81\xb8\xaf\xf6{`\
\xdf^:\x10g\xea9\xd3\x84\x86e\x9a\x05\xecM*\
\x1e\x1a\xab\xb3\xae\xc1x\x86g\xde\x82\xf5\xeez\xe0\xc0\
*:\x7f\xb3ZHZQ\xd2\xa6\x92\xb6\x96\xb4F\xc1\
vW\x91\xf4EI\xd3r\xd6\xb8\xee\x98&\xe9\x0b\x92\
\xb2\xaeO;SO\x99\x8e\x934\xbdA\x99V\xead\
\xca}\x9d\xaa\xde\x0ch\x0dI'Jz:3\xa75\
\xc7\x9f%\x1d!i\xf9\x8a\xdf;}\xf3%\x00k$\
I\xcb\x02;\x90\xb6\x94]\xbd\xc7\xc3\x9f#m);\
)\x22\xe6;\x933u2\xedO\x1a\xbd\xea\xc7\xa0\xb6\
\x03^\x9e4\xe9v,e'1\xda\xe0<M\x9a\xed\
\xff\xbb\xce2\xeb\x95\x92\xfa\xbf\x04\xe0\x02\xc0\xccZA\
\xd28\xa0\xdfo\xf2\x03)\x00\xccz\x95S\x00x\x0e\
\x80\x99\x99Y\x0b\xb9\x00033k!\x17\x00ff\
f-\xe4\x02\xc0\xcc\xcc\xac\x85\x5c\x00\x98\x99\x99\xb5\x90\
\x0b\x0033\xb3\x16r\x01`ff\xd6B.\x00\xcc\
\xcc\xccZ\xc8\x05\x80\x99\x99Y\x0b\xb9\x00033k\
!\x17\x00fff-\xe4\x02\xc0\xcc\xcc\xac\x85\x5c\x00\
\x98\x99\x99\xb5\x90\x0b\x0033\xb3\x16r\x01`ff\
\xd6B\xcb\xd5\x1d\xc0\xccl\x08\x8c\x91\xb4w\xdd!\xcc\
J\x8a\xba\x03\x98\x99\x0d\x82\xa4q\xc0]u\xe70k\
\x0a_\x02033k!\x17\x00f\xd6\x16s\xea\x0e\
`\xd6 s\x5c\x00\x98Y[<^w\x00\xb3\x06y\
\xcc\x05\x80\x99\xb5BD\xbc\x08\xcc\xa8;\x87YCL\
q\x01`fmrm\xdd\x01\xcc\x1a\xe2j\x17\x00f\
\xd6&\x97\xd6\x1d\xc0\xac!.\xf5m\x80f\xd6\x1a\x92\
V\x03\xfe\x04\xacSw\x16\xb3\x1a\xdd\x02\xec\xec\x11\x00\
3k\x8d\x88x\x1e\xf8J\xdd9\xccjvLD\xc8\
\x05\x80\x99\xb5\xcdY\xc0\x8du\x870\xab\xc9\xb9\x11q\
5x%@3k!I\xeb\x92\x86A7\xae;\x8b\
\xd9\x00\xdd\x04\xec\x19\x11s\xc0\x0b\x01\x99Y\x0bE\xc4\
\x13\xc0^\xc0=ug1\x1b\x90k\x80\xfd\x16v\xfe\
\xe0\x02\xc0\xccZ*\x22\xee\x07v\x05.\xaa;\x8bY\
\x85\xe6\x01\xa7\x02\xe3#\xe2\xa9E\xff\x87\x0b\x003k\
\xad\x88x&\x22>\x04\xbc\x13\xb8\x1aXPs$\xb3\
R\xe6\x00\x17\x02\xdbD\xc4\xe7\x22b\xee\xab\x1f\xe09\
\x00ff\x1d\x92\xd6\x01>\x00l\x0b\xac\x0f\xbc\xae\xde\
Df]\x13\xf0\x040\x954\xbf\xe5\xe7\x9d\xbb^\xcc\
\xcc\xcc\xcc\xfe\xdf\xff\x01\x0b\xef\x8fHJ\xa31\xdf\x00\
\x00\x00\x00IEND\xaeB`\x82\
\x00\x00!\x95\
\x89\
PNG\x0d\x0a\x1a\x0a\x00\x00\x00\x0dIHDR\x00\
\x00\x02\x00\x00\x00\x02\x00\x08\x06\x00\x00\x00\xf4x\xd4\xfa\
\x00\x00\x00\x09pHYs\x00\x00\x0e\xc3\x00\x00\x0e\xc3\
\x01\xc7o\xa8d\x00\x00\x00\x19tEXtSof\
tware\x00www.inksca\
pe.org\x9b\xee<\x1a\x00\x00 \x00ID\
ATx\x9c\xed\xdd{\xb0lU}'\xf0\xdf\xee>\
\xe7\xbe\x09o0h\x02>0\xe8\x08F\x89\xa8$\x19\
_(Q1>&W|F\xc9\x18&\x95T2S\
y\x94\xa9\xa9\xa4\x86\x9a\x99\x9a\x98\x99$3\x99Te\
\x0c\xa3\x09AE\x92\x9bhTP|\xa0\xa4\xc6\x04\x8d\
\xc1\x07\x88\xf8\x0a\xa0\xf1\xc5S\xb8\xf7\xf4\xe9sz\xf7\
\xdek\xfe\xd8}\xe0@\xb8\xdcs\xce\xed\xdd\xbb\xbb\xf7\
\xe7Su\xcb\xab%k\xff\xa0\x80\xfe\x9eo\xaf\xbdV\
\x04\x00\x00\x00\x00\x00\x00\x00\x00\x00\x00\x00\x00\x00\x00\x00\
\x00\x00\x00\x00\x00\x00\x00\x00\x00\x00\x00\x00\x00\x00\x00\x00\
\x00\x00\x00\x00\x00\x00\x00\x00\x00\x00\x00\x00\x00\x00\x00\x00\
\x00\x00\x00\x00\x00\x00\x00\x00\x00\x00\x00\x00\x00\x00\x00\x00\
\x00\x00\x00\x00\x00\x00\x00\x00\x00\x00\x00\x00\x00\x00\x00\x00\
\x00\x00\x00\x00\x00\x00\x00\x00\x00\x00\x00\x00\x00\x00\x00\x00\
\x00\x00\x00\x00\x00\x00\x00\x00\x00\x00\x00\x00\x00\x00\x00\x00\
\x00\x00\x00\x00\x00\x00\x00\x00\x00\x00\x00\x00\x00\x00\x00\xc0\
xdM\x0f\xb0\x15\xcf\xdc\xbbwg\xef\xc0\xae\xb3\xcb\
n\xe7)Y\xa4\xc7G\x8a\xc7G\xc4\x0fE\xc4\x9e\x88\
\xd8=\xfa\x05\x00\xe3\xd2\x1b\xfdZ\x8a\x88\x7f\x8e,\xbe\
\x9a\xca\xf4\x95Nt>\xb7{\xcf\xd2\xb5\xd7\xee\xdb\xd7\
ox\xbeM\x9b\x99\x00p\xc6\x0b\xdf\xf4\xa8\xd4\x19\xbe\
6R\xbc(\x22\x9e\x1e\x11\xdb\x9b\x9e\x09\x00\x22b5\
\x22>\x95E\x5c\x99u\xca\xcb\xbep\xc5\xa5\xdfnz\
\xa0\x8d\x98\xee\x00p\xd1E\x9d3\xfe\xe1\x96\x97\xa7\x88\
_\x88\xc8\x9e\x1b\x11\x9d\xa6G\x02\x80\x87QD\xc4\xc7\
S\x16o\xfd\xe2\xd3N\xf9\x9b\xb8\xe8\xa2\xb2\xe9\x81\x0e\
f*\x03\xc0\xde\xbd{\xbb_Y\xde\xf3\xba\x94\xd2o\
F\xc4iM\xcf\x03\x00\x9b\x97\xdd\x94\x22\xfd\xce\x13v\
\xf7.\xdb\xb7o_\xd1\xf44\x0f6u\x01\xe0\xf4\x17\
\xbf\xe1\xcc\x94\xb2?\xce\x22\xcejz\x16\x008\x5cY\
\xc4\xe7S\xa7\xfc\xc5\x1b\xae\xb8\xf4\xda\xa6gYoj\
\x02\xc0\x99/\xb9p\xd7\xa0\x18\xfcAD\xfc|\xa8\xfa\
\x01\x98/e\xca\xd2\x9f\x1c\xb1k\xf9\xd7\xa6e\xc3\xe0\
T\x04\x80\xd3_\xf2\xc6\xd3\xa2\x88\xbf\x8c\x88\xd3\x9b\x9e\
\x05\x00\xea\x93\xdd\x14\x91\xce\xbf\xe1\x83\x97\xdc\xd0\xf4$\
\x8d\xff\xa4\xfd\x84s_\xf3\xe6(\xca\xcf\x86\x0f\x7f\x00\
\xe6^zBD\x5c{\xfa\x8b.xi\xd3\x93t\x9b\
|\xf8\x13^\xf0\xea\xffY\xac\xae\xfeV9\xcc\x17\xb3\
N'\xb2N\xa3\xe3\x00\xc0$l\x8b\x88\xbd'>\xfe\
\xc9\xdf\xbb\xfdk_\xb8\xae\xa9!\x1a\xfb\xc4}\xe29\
\xafzW1\xc8\x7f~\xed\xbf\x97\xc3a\xa4TF\xa7\
\xbb\x10Y6\x15\xdfL\x00@]:\x11\xd9y\x8f8\
\xf5G\xef\xb9\xedk\x9f\xfft\x13\x034\x12\x00N{\
\xfe\xab\x7f\xaf\xcc\x07\xff\xee\xc1\xff{*\xcb(\x86y\
d\xd1\x89NW\x1b\x00\xc0\x5c\xcb\x22\xe2\xdc\x13O\xfd\
\xd1o\xdc\xfe\xb5\xcf\x7f\xbe\x89\x87O\xd4i\xe7\xbc\xfa\
\x97\xcb|\xf5\x7f\x1f\xea\xff\xd7\xe9.\xc4\xc2\xf6\x1d\x91\
e\x8doS\x00\x80:\xe5)\xe2\xc5_\xfc\xe0%\x1f\
\x9d\xe4C'\x1a\x00~\xe4\xd9\xaf\xfa\xb1\x94\x0d?\x1d\
e\xb9\xb1O\xf5,\x8b\x85m;\xa2\xbb\xb0X\xf3d\
\x00\xd0\xa8\xbb\xcbn\xf9\x94\x1b?p\xe97'\xf5\xc0\
\x89\xfdx}\xe6\x99\x17.f\x9d\xe2#\x1b\xfe\xf0\x8f\
\x88H)\x86\xab\xfd\xc8W\x96#\xa5\xa9=M\x11\x00\
\x0e\xd71\x9d\xa2\xf3\xceg?\xfb\xa2\x85I=pb\
\x01`\xf9\xa8{\xf7\x95Eq\xf4V\xfe\xd8\xb2\x18\xc6\
\xa0\xbf\x14E\x9e\x8f{,\x00\x98\x16?y\xd7\xce[\
~uR\x0f\x9b\xc8W\x00\xa7\xbe\xe0UO\xcfV\x07\
\xd7\x8e\xe3y\x9d\xeeB,n\xdf\x11ao\x00\x00\xf3\
g\xb9[\xc6\xbf\xfa\xfcU\x97\xdcZ\xf7\x83&\xf2)\
\xda-\xd2_\xc4\x98\xc2F\xd5\x06\xf4\xa2\x18\xacF\xa4\
q\xac\x08\x00ScW\xd1M\xffc\x12\x0f\xaa=\x00\
\x9c\xfe\xbcW\xbe\xac\x1c\x0eO\x1e\xe7\x9a)\xa5\x18\xe6\
\xab1X\xe9\xd9\x1b\x00\xc0|I\xd9\xcf\x9c\xf1\x92\x0b\
\x9eZ\xf7cj\x0f\x00yJ\x7fT\xd7\x8f\xea\xa9,\
\x22\xef\xf7\xa2\xc8\x07\xda\x00\x00\xe6F*\xe2\xcdu?\
\xa3\xd6=\x00Oz\xc1\xeb\xce\x1e\xac.\xff]\x9d\xcf\
X\xd3\xe9vca\xdb\xce\xc8:\xf6\x06\x000\xf3\x8a\
\xb2\xe8\x9ev\xe3\x87\xdf\xfe\xf5\xba\x1eP\xeb\xa7\xe5\xb0\
\xc8\x7f\xa7\xce\xf5\xd7+\x8b\xa2zS`\xb0\xaa\x0c\x00\
`\xd6u;\x9d\xf2\xf5u>\xa0\xbe\xf7\x0d\xf7\xee\xed\
\xa6;\x86g\xd7\xb6\xfeA\x0c\xf3\xd5\xe8\x94\xc3(\x8f\
=)\xfa'\x9c\x1c\xabG\x9d\x18\xc3\x9d\xbb\xa3\xd8\xb6\
s\xd2\xa3\x000\x83\xba\x83~,\xf4{\xb1\xfd\x9e\xdb\
b\xf7m\xb7\xc6\xe2\xf2\xfeF\xe6\xc8\xb2\xf4\x86\x88\xb8\
(j\xfa\x92\xbb\xb6\x00\xf0\xc4{\xb7\xbda\x98\xfa\x13\
;\xd0 \x22\xa2\xd8\xb1;\xee8\xebe\xb1\xf4\xa8'\
E\xd9\xd9\x11\xb1\xbd\x13\xb1\xc3W\x02\x00l\xdd\xce\xbb\
\xbe\x13G\x7f\xfdsq\xf4\xd7\xff1:\xf9`b\xcf\
M\x11'\x9f~\xde\xcf>\xe3\x86+.\xbd\xb6\x8e\xf5\
k\xfb\x80.\x8b\xe2\xb5u\xad\xfd`\xa9\xd3\x8d\xdb\xcf\
\xde\x1b\xf7\x9e\xf2\xb4\x884\xda\xd6\x90R\xc4J\x11\x91\
\x97\x11\xbb\xba\x11]7\x0c\x02\xb0y\xfdcO\x8a\xfe\
\xb1'\xc5m?\xfa\x9c8\xf1\xf3\x1f\x8fc\xbe\xfc\xe9\
\xc8&\xf5\x06Z\xd19'\x22j\x09\x00\xb5\xfdx\x9c\
\xca\xe2\xcc\xba\xd6^/\xff\x81\xe3\xe2\xe6W\xfe\xe7\xb8\
\xf7\xe4\xb3\xee\xff\xf0_\xafH\x11\x07\x86U\x18\x00\x80\
-*\xb6\xef\x8a\xef<\xfd\xbc\xb8\xe5\xdc\x9f\x8b\xe1\xf6\
]\x13yf\x96e\xcf\xa9m\xed:\x16=\xe9%\x17\
\xee\xda\xb3\xff\xce^\x1dk\xaf\xb7t\xf2\xe9\xf1\xdd\x9f\
xC\xa4\x8d\xe6\x98N\x16\xb1[\x1b\x00\xc0\xe1Y\xec\
\xdd\x1b'_\xfd\xce\xd8y\xf7w\xea~\xd4J\xb9\xbb\
w\xe4\x8d\xfb\xf6\x8d\xfd\xbb\x87Z\x1a\x80c\xfa\xcb\xb5\
%\x965\xfd\x13\x1f\x1d\xdf\xf9\xc9\x0b6\xfe\xe1\x1f\x11\
Q\xa6\x88\xa5aD_\x1b\x00\xc0\xd6\xe5\xbb\x8f\x8c[\
~\xeaM\xb1r\xf4#\xea~\xd4\x8e\xce\xca\xee\xc7\xd4\
\xb1p-\x01\xa0H\xf9\xbf\xaec\xdd5\xc3]G\xc6\
\xb7\xce\xf9\xc5\xad\xed\x8bL\x11\xb1ZV_\x0b\x0c\xbd\
0\x08\xc0\xd6\x14\xdb\xb6\xc7\xad\xe7\xbc>\x8a\xed5\xbf\
eVd?R\xc7\xb2u\xed\x018\xbd\xa6u#\x22\
\xe2\x9f_\xf4+\x91\xa2{x\x8b\x14\xa36`\xb9p\
\x8a \x00[\x92\xef>*\xbe\xfd\x8c\x97\xd6\xfa\x8c,\
\xd2\xe3\xebX\xb7\xa6\x00\x90\x1d[\xcf\xba\x11w\x9f\xfe\
\xbc\xc8\xb7o\xe9V\xe1\x876(#\x0e\xe4\xda\x00\x00\
\xb6\xe4\xdeS\x9e\x14\xcb\xc7\xffPm\xeb\xa7\x14\xb5|\
\xa6\xd6\x12\x00R*\xf6\xd4\xb1nD\xc4\xdd\xa7?\x7f\
\xfc\x8b\x96\xb1\xae\x0d\x10\x04\x00\xd8\x84,\x8b\xef\xfd\xd8\
O\xd5\xb6|\xca\xe2\x88:\xd6\xad'\x00DV\xcb\xfb\
\x11\xfbO=+\xcal[\x1dKW\x06e\xc4\xfea\
D.\x04\x00\xb0q\xbd\x13O\x89\xe5\x13~\xb8\x96\xb5\
;1C\x01 R\xaa\xe5\x80\xa1\xef?\xf1Yu,\
\xfb@)\x22z\xf6\x06\x00\xb09\xf7<\xe6\xc9\xb5\xac\
\x9b\x22\xdb^\xc7\xba\x13=\xaa\xf7p\x0d\xf6\x9c0\xc1\
\x87\x95\xd5\xbe\x80\x9d\x9d\x88E\xc7\x09\x03\xf0\xf0\x96N\
z\x5c\xd3#l\xca\xcc|\xb2\xe5G\x1cw\xf8;\xff\
7\xabL\x11\xbd\xa2\xfa5\xa1S\x1f\x01\x98M\xab?\
p\x5c\xfd\xaf\x04\x8e\xd1\xcc\x04\x80\xfe\x09\xa74\xf7\xf0\
\xbc\xac6\x09\x0e|'\x00\xc0\xc1\xad\xfe@m/\xc1\
\x8d\xdd\xcc\x04\x80\xe1\x9ec\x9a\x1d\xa0L\x11\xcb\xc3j\
\x7f\x80\x1c\x00\xc0C(&tG\xc08\xccL\x00(\
\xb6MI\xad\x92\xa7\x88\xfdy\xb5G\x00\x00\xd6)\x17\
j|Sm\xccf&\x00D6E\x17\xf8\xa4\xa8\xde\
\x12X\x1a\xda\x1b\x00\xc0:S\xf4Yu\x08\xb3\x13\x00\
\xa6\xd10U\xa7\x08j\x03\x00\x981\x02\xc0\xe1\xba\xaf\
\x0d(\xaa}\x02\x000\x03\x04\x80q\x19\x8en\x18\x5c\
\xd5\x06\x000\xfd\x04\x80qJ\x11\xd1_\xdb\x1b\xa0\x0d\
\x00`z\x09\x00u\x18&m\x00\x00SM\x00\xa8\xcb\
\xfa6\xa0\xd0\x06\x000]\x04\x80\xbai\x03\x00\x98B\
\x02\xc0\xa4\xf4\x8b*\x08h\x03\x00\x98\x02\x02\xc0$\x15\
\xa36\xa0_4=\x09\x00-'\x004a\xb5\xac\x0e\
\x10\x1aj\x03\x00h\x86\x00\xd0\x94\x22\xaa\x8b\x85\xfa\x85\
\xcb\x85\x00\x988\x01\xa0I)\xaa6\xc0\x9b\x02\x00L\
\x98\x000\x0d\xd6\xf6\x06,\xdb\x1b\x00\xc0d\x08\x00\xd3\
dPVW\x0d\xdb\x1b\x00@\xcd\x04\x80iSF\xf5\
\x95\xc0\xb2\xbd\x01\x00\xd4G\x00\x98V\x83\xd1\xe5B\xb9\
\x14\x00\xc0\xf8\x09\x00\xd3\xacL\xd5\x9b\x02\xcbED\x12\
\x04\x00\x18\x1f\x01`\x16h\x03\x00\x183\x01`V\x94\
1j\x03\x86\xd5\xef\x01\xe00\x08\x00\xb3f\x90\xaaM\
\x82\xb9\x14\x00\xc0\xd6\x09\x00\xb3\xa8L\x11\xbd\xa2j\x03\
|+\x00\xc0\x16\x08\x00\xb3l0:@h \x05\x00\
\xb09\x02\xc0\xac+S\xd5\x04\xf4\xec\x0d\x00`\xe3\x04\
\x80y\x91\xa7\xea\x86\xc1\x81\x14\x00\xc0\xa1\x09\x00\xf3$\
Euf@\xcf\xb9\x01\x00<<\x01`\x1e\xe5e\xc4\
\xfe\xa16\x00\x80\x83\x12\x00\xe6\xd5\xfa6\xa0\xd4\x06\x00\
\xf0@\x02\xc0\xbc\xcbG\xa7\x08\xaej\x03\x00\xb8\x9f\x00\
\xd0\x06)\x22\xfaE\x15\x04\xb4\x01\x00\x84\x00\xd0.E\
\xd2\x06\x00\x10\x11\x02@\xfb\xac\xb5\x01K\xda\x00\x806\
\x13\x00\xdaj\x98\xaa7\x05V\x8a\xa6'\x01\xa0\x01\x02\
@\xdb\xad\x8c6\x09\x16\xda\x00\x806\x11\x00\xb8\x7fo\
@_\x1b\x00\xd0\x16\x02\x00\xf7[-\xab\xe3\x84\x87\xda\
\x00\x80y'\x00\xf0@ET\x17\x0b\xf5\x0bW\x0d\x03\
\xcc1\x01\x80\x7f)E\xd5\x06,\x0d\xb5\x01\x00sJ\
\x00\xe0\xe0\x8aT\x85\x80e{\x03\x00\xe6\x8d\x00\xc0\xa1\
\x0dF\x97\x0bi\x03\x00\xe6\x86\x00\xc0\xc6\x94\xeb\xda\x00\
9\x00`\xe6\x09\x00l\xce`tn\x806\x00`\xa6\
\x09\x00l\x9e6\x00`\xe6\x09\x00l\xdd`tn@\
\xeer!\x80Y#\x00px\xca\x88\xe8\x15\x11\xcb\xc3\
\xea\xf7\x00\xcc\x04\x01\x80\xf1\x18\x8c\x8e\x13\xd6\x06\x00\xcc\
\x04\x01\x80\xf1I\xe9\xfe6 \xd9\x1c\x000\xcd\x04\x00\
\xc6o\x90\x22\x0e\x14\xd5\x7f\x020\x95\x04\x00\xeaQ\xa6\
\xaa\x09\xe8\xd9\x1b\x000\x8d\x04\x00\xea\x95\xa7\xeaM\x81\
\x81\x14\x000M\x04\x00\xea\x97\xa2:3\xa0W\xd8\x1b\
\x000%\x04\x00&'\x1f\xdd)\xa0\x0d\x00h\x9c\x00\
\xc0d\xad\xb5\x01K\x85\xbd\x01\x00\x0d\x12\x00h\xc6p\
t\x8a\xe0\xaa\x14\x00\xd0\x04\x01\x80\xe6\xa4\x88\xe8\x17\xd5\
\x01B\xa5\xbd\x01\x00\x93$\x00\xd0\xbcbt\x8a\xa06\
\x00`b\x04\x00\xa6\x836\x00`\xa2\x04\x00\xa6K\x91\
\xaa7\x05V\x8a\xa6'\x01\x98k\x02\x00\xd3i\xa5\xac\
\xda\x80B\x1b\x00P\x07\x01\x80\xe9\xb5\xb67\xa0\xaf\x0d\
\x00\x187\x01\x80\xe9\xb7:zep\xa8\x0d\x00\x18\x17\
\x01\x80\xd9PDu\xb1P\xbf\xa86\x0c\x02pX\x04\
\x00fG\x8aum\x80W\x06\x01\x0e\x87\x00\xc0\xec)\
\xa3:Jx\xd9\xde\x00\x80\xad\x12\x00\x98]\x83\xd1\xe5\
B\xf6\x06\x00l\x9a\x00\xc0l+S\xc4\xd2\xb0j\x03\
\x5c5\x0c\xb0a\x02\x00\xf3aPF\x1c(\xb4\x01\x00\
\x1b$\x000?\x1e\xd0\x064=\x0c\xc0t\x13\x00\x98\
?\x83\xd1\x9b\x02\xb97\x05\x00\x0eF\x00`>\x95\x11\
\xd1+\x22\x96\x87\xd5\xef\x01x\x00\x01\x80\xf96\x18\x1d\
'\xac\x0d\x00x\x00\x01\x80\xf9\x97\xd2\xfdm\x807\x05\
\x00\x22B\x00\xa0M\x06\xa3\xab\x86\x07\xda\x00\x00\x01\x80\
vIQ\xbd%\xd0\xb37\x00h7\x01\x80v\xcaS\
\xf5\xa6\x806\x00h)\x01\x80\xf6\xba\xaf\x0dp\x8a \
\xd0>\x02\x00\xe4e\xc4\xfeB\x1b\x00\xb4\x8a\x00\x00\x11\
U\x03\xb0\x5cT\xb7\x0c\x16\xda\x00`\xfe\x09\x00\xb0\xde\
\xb0\xac\x8e\x13^\xd5\x06\x00\xf3M\x00\x80\x07K\x11\xd1\
/\xaa\x03\x84Jm\x000\x9f\x04\x008\x98bt\x8a\
\xa06\x00\x98C\x02\x00<\x1cm\x000\xa7\x04\x00\xd8\
\x88bt\x8a`\xbfhz\x12\x80\xb1\x10\x00`3V\
\xcb\xaa\x0d\xf0\xa6\x000\xe3\x04\x00\xd8\xac\x22Uo\x0a\
\xf4\x8b\xea+\x02\x80\x19$\x00\xc0V\xa4\xd0\x06\x003\
M\x00\x80\xc3Q\xaek\x03\x00f\x88\x00\x00\x87k\xad\
\x0d\xd8\x9fW\x07\x09\x01\xcc\x00\x01\x00\xc6\xa5\x8c\xea(\
\xe1e{\x03\x80\xe9'\x00\xc0\xb8\x0dF{\x03\x86R\
\x000\xbd\x04\x00\xa8\xc3\xda\xde\x80eW\x0d\x03\xd3I\
\x00\x80:\x0d\xca\x88\x03\x856\x00\x98:\x02\x00\xd4\xed\
\xbe6`ho\x0005\x04\x00\x98\x94A\x8a8\x90\
G\xe4\xde\x14\x00\x9a'\x00\xc0$\x95\x11\xd1+\xb4\x01\
@\xe3\x04\x00h\xc2`t\xb9\x906\x00h\x88\x00\x00\
MIi]\x1b\xa0\x0e\x00&K\x00\x80\xa6\xad\xb5\x01\
\x03m\x0009\x02\x00L\x83\x14\xd5\x99\x01\xbda\xb5\
O\x00\xa0f\x02\x00L\x93|\xf4\xa6\x806\x00\xa8\x99\
\x00\x00\xd3\xe6\xbe6\xa0\xa8\xce\x10\x00\xa8\xc1B\xd3\x03\
\x00\x07\x91\x97\xd5\x09\x82;:\x11\xdbeu`\xbc\xfc\
[\x05\xa6YJ\x11\xfd\xa2:I\xb0\xd0\x06\x00\xe3#\
\x00\xc0,\x18\x8e\x8e\x13^\xb57\x00\x18\x0f\x01\x00f\
E\x0am\x0006\x02\x00\xcc\x1am\x000\x06\x02\x00\
\xcc\xa2\xb56\xe0\x806\x00\xd8\x1a\x01\x00fY\x91\xaa\
\x10\xd0/\x9a\x9e\x04\x981\x02\x00\xcc\x83\xd5R\x1b\x00\
l\x8a\x00\x00\xf3\xa2\x18\xed\x0d\xe8\x17\xae\x1a\x06\x0eI\
\x00\x80y\x92B\x1b\x00l\x88\x00\x00\xf3\xa8\xd4\x06\x00\
\x0fO\x00\x80yu_\x1b\x90G\x0c\xbd2\x08<\x90\
\x00\x00\xf3\xae\x8c\x88\xa5\xa2\xba`H\x1b\x00\x8c\x08\x00\
\xd0\x16\x83\xd1\xde\x80\xa1\x14\x00\x08\x00\xd0.k{\x03\
\x96\x8b\xea\xa2!\xa0\xb5\x04\x00h\xa3A\x19q\xa0\xd0\
\x06@\x8b\x09\x00\xd0V\xf7\xb5\x01C{\x03\xa0\x85\x04\
\x00h\xbb\xc1\xe88\xe1\xdc\x9b\x02\xd0&\x02\x00P\xb5\
\x01\xbdB\x1b\x00-\x22\x00\x00\xf7\x1b\xa4\x88\xfd\xc3\x88\
\x5c\x0a\x80y'\x00\x00\x0f\x94RDoX\xfd\x92\x03\
`n\x09\x00\xc0C\xcbS\xc4\xfe\xbczc\x00\x98;\
\x02\x00pp)\xaa3\x03\x96\x86\xd5\x89\x82\xc0\xdc\x10\
\x00\x80C\x1b\xa6\xeaN\x01m\x00\xcc\x0d\x01\x00\xd8\x98\
\xfb\xda\x80\xa2zk\x00\x98i\x02\x00\xb09\xc3\xd1)\
\x82\xab\xda\x00\x98e\x02\x00\xb0y)E\xf4G{\x03\
\x0am\x00\xcc\x22\x01\x00\xd8\xba\xe1\xe88am\x00\xcc\
\x1c\x01\x008<)\xb4\x010\x83\x04\x00`<\x86\xa3\
;\x05\xb4\x010\x13\x04\x00`\xbc\xfaE\x15\x04\xb4\x01\
0\xd5\x04\x00`\xfc\x8aQ\x1b\xd0/\x9a\x9e\x048\x08\
\x01\x00\xa8\xcfj\xa9\x0d\x80)%\x00\x00\xf5*Fo\
\x0a\xf4\x0b\x97\x0b\xc1\x14\x11\x00\x80\xfa\xa5\xa8\xda\x00o\
\x0a\xc0\xd4\x10\x00\x80\xc9\xd1\x06\xc0\xd4\x10\x00\x80\xc9Z\
k\x03\x0e\xe4\xd5\xab\x83@#\x04\x00\xa0\x19eTm\
\xc0\xb26\x00\x9a \x00\x00\xcd\x1a\x8c\xde\x14\xc8\xa5\x00\
\x98$\x01\x00h^\x99\x22zkm\x80 \x00\x93 \
\x00\x00\xd3cPF\xec\xd7\x06\xc0$\x08\x00\xc0tI\
1j\x03\x86\xf6\x06@\x8d\x04\x00`:\x0dF\xc7\x09\
\xe7.\x17\x82:\x08\x00\xc0\xf4*SD\xaf\xd0\x06@\
\x0d\x04\x00`\xfa\xdd\xd7\x06H\x010.\x02\x000\x1b\
\xd6\xde\x14\xe8i\x03`\x1c\x04\x00`\xb6\xe4)b\x7f\
^\xbd1\x00l\x99\x00\x00\xcc\x9e\x14\xd5\x99\x01K\xc3\
\xeaDA`\xd3\x04\x00`v\x0dSu\xa7\x806\x00\
6M\x00\x00f\xdb}m@Q\xed\x13\x006D\x00\
\x00\xe6\xc3pt\xa7\xc0\xaa6\x006B\x00\x00\xe6G\
\x8a\x88\xfe\xda\xde\x00m\x00<\x1c\x01\x00\x98?\xc3\xa4\
\x0d\x80C\x10\x00\x80\xf9\xb4\xbe\x0d(\xb4\x01\xf0`\x02\
\x000\xdf\xb4\x01\xf0\x90\x04\x00\xa0\x1d\xfaE\x15\x04\xb4\
\x01\x10\x11\x02\x00\xd0&\xc5\xa8\x0d\xe8\x17MO\x02\x8d\
\x13\x00\x80\xf6Y-\xb5\x01\xb4\x9e\x00\x00\xb4S\x91\xaa\
\x0d\x82\xfd\xc2\xe5B\xb4\x92\x00\x00\xb4W\x8a\xaa\x0d\xf0\
\xa6\x00-$\x00\x00\xac\xed\x0dX\xb67\x80\xf6\x10\x00\
\x00\xd6\x0c\xca\xea\xaa\xe1\xa16\x80\xf9'\x00\x00\xacW\
F\xf5\x95\xc0\xb2\xbd\x01\xcc7\x01\x00\xe0\xa1\x0cFo\
\x0a\xe4R\x00\xf3I\x00\x008\x982E\xf4\xd6\xda\x00\
A\x80\xf9\x22\x00\x00\x1c\xca\xa0\x8c\xd8\xaf\x0d`\xbe\x08\
\x00\x00\x1b\x91b\xd4\x06\x0c\xab}\x020\xe3\x04\x00\x80\
\xcd\x18\x8c\x0e\x10\xca\xa5\x00f\x9b\x00\x00\xb0Ye\x8a\
\xe8\x15U\x1b\xe0[\x01f\x94\x00\x00\xb0U\x83\xd1\x01\
B\x03)\x80\xd9#\x00\x00\x1c\x8e2UM@O\x1b\
\xc0l\x11\x00\x00\xc6!O\xd5)\x82\x03{\x03\x98\x0d\
\x02\x00\xc0\xb8\xa4\xa8\xce\x0cX\xf2\xa6\x00\xd3O\x00\x00\
\x18\xb7a\x8a8\xa0\x0d`\xba\x09\x00\x00u\xb8\xaf\x0d\
(\xaa}\x020e\x04\x00\x80:\x0dGw\x0a\xacj\
\x03\x98.\x02\x00@\xddRD\xf4\xd7\xf6\x06h\x03\x98\
\x0e\x02\x00\xc0\xa4\x0c\x936\x80\xa9!\x00\x00L\xd2\xfa\
6\xa0\xd0\x06\xd0\x1c\x01\x00\xa0\x09km\xc0J\xd1\xf4\
$\xb4\x94\x00\x00\xd0\xa4\x95\xd1&Am\x00\x13&\x00\
\x004\xad\x18\xb5\x01}m\x00\x93#\x00\x00L\x8b\xd5\
\xb2:@h\xa8\x0d\xa0~\x02\x00\xc04)\xa2\xbaX\
\xa8_\xb8\x5c\x88Z\x09\x00\x00\xd3&E\xd5\x06xS\
\x80\x1a\x09\x00\x00\xd3jmo\xc0\xb2\xbd\x01\x8c\x9f\x00\
\x000\xed\x06e\xc4\xfe\xa1\xbd\x01\x8c\x95\x00\x000\x0b\
\xcaT}%\xb0lo\x00\xe3!\x00\x00\xcc\x92\xc1\xe8\
\xdc\x00m\x00\x87I\x00\x00\x985\x0fh\x03\x04\x01\xb6\
F\x00\x00\x98Ukm@.\x04\xb0y\x02\x00\xc0,\
+\xa3:7`yX\xfd\x1e6H\x00\x00\x98\x07\x83\
\xd1\xd7\x02\xb9\x14\xc0\xc6\x08\x00\x00\xf3\xa2L\x11\xbd\xa2\
j\x03\xec\x0d\xe0\x10\x04\x00\x80y3H\x11\x07\x8a\xea\
?\xe1 \x04\x00\x80yT\xa6\xaa\x09\xe8\xd9\x1b\xc0C\
\x13\x00\x00\xe6Y\x9e\xaa\x1b\x06\x07R\x00\x0f$\x00\x00\
\xcc\xbb\x14\xd5\x99\x01=\xe7\x06p?\x01\x00\xa0-\xf2\
\xd1\x9d\x02\xda\x00B\x00\x00h\x97\xf5m@\xa9\x0dh\
3\x01\x00\xa0\x8d\xf2\xd1)\x82\xab\xda\x80\xb6\x12\x00\x00\
\xda*ED\xbf\xa8\x82\x806\xa0u\x04\x00\x80\xb6+\
\x926\xa0\x85\x04\x00\x00\xeeo\x03\x96\xb4\x01m!\x00\
\x00p\xbfa\xaa\xde\x14X)\x9a\x9e\x84\x9a\x09\x00\x00\
\xfcK+\xa3M\x82\x856`^\x09\x00\x00<\xb4\xb5\
\xbd\x01}m\xc0<\x12\x00\x00xx\xabeu\x9c\xf0\
P\x1b0O\x04\x00\x00\x0e\xad\x88\xeab\xa1~Qm\
\x18d\xe6\x09\x00\x00lL\x8a\xaa\x0dX\x1aj\x03\xe6\
\x80\x00\x00\xc0\xe6\x14\xa9\x0a\x01\xcb\xf6\x06\xcc\xb2\x19\x0a\
\x00\xd2&\xc0T\x19\x8c.\x17\xd2\x06\xac3;\x7f-\
f&\x00t\x06\xabM\x8f\x00\xc0\x83\x95\xeb\xda\x80\xd9\
\xf9\xec\xabMg8hz\x84\x0d\x9b\x99\x00\xb0\xb0|\
O\xd3#\x00p0\x83\xd1\xb9\x01-o\x03\xba\xab\xcb\
M\x8f\xb0a3\x13\x00v}\xef\xebM\x8f\x00\xc0\xc3\
Yk\x03\xfaEDjg\x10\xd8~\xef]M\x8f\xb0\
a3\x13\x00\x16\xf7\xdf\x19Y\xd8p\x020\xf5VG\
m@\xde\xae\xcb\x85\xb6\xdf{gt\x07\xfd\xa6\xc7\xd8\
\xb0\x99\x09\x00\x11\x11\xdb\x96\xeehz\x04\x006\xa2\x8c\
\x88^\xd1\xaa\xbd\x01{\xbe\xf3\xb5\xa6G\xd8\x94\x99\x0a\
\x00G}\xe5\xff5=\x02\x00\x9b1\x18\x9d\x22\xd8\x82\
6\xe0\xa8\x9b\xafoz\x84M\x99\xa9\x00p\xe4\x97\xaf\
\x8dN\x9a\x9d\x1d\x96\x00\xc4\xba6`8\xb7{\x03v\
\xdfvK\xec\xba\xe3\x9bM\x8f\xb1)3\x15\x00\x22\x22\
\x8e\xb9\xf1\xe3M\x8f\x00\xc0V\x0cR\xc4\x81\x22\x22\x9f\
\xb3\x10\x90R<\xe2\x1f\xafjz\x8aM\x9b\xbd\x00\xf0\
\x85\x8f\xc4\xc2\xe0\xde\xa6\xc7\x00`+\xcaT\xdd)\xd0\
+\xaa\xdf\xcf\x81\xa3n\xbd!v\xdd\xf1\xad\xa6\xc7\xd8\
\xb4\x99\x0b\x00\x11\x11?|\xe5\xff\x8a,y#\x00`\
f\xe5\xa37\x05\x06\xb3\xbd7`\xdb\xd2\xf7\xe3\xa4k\
\xdf\xdf\xf4\x18[2\x93\x01`a\xf9\xdex\xd4\xd5\xff\
'\x22kz\x12\x00\xb6,E\xf5\x96@o6\xcf\x0d\
\xe8\x0eV\xe3\xe4\x8f\xbfs\xa6^\xfd[o&\x03@\
D\xc4\xce\xdbn\x8e\x93\xaey[d\xd9\xec\xfdM\x03\
\xc0:\xf9\xe8N\x81\x19j\x03\x16\xfa\x07\xe2\xd1\x1f~\
[\xec\xb8\xfb{M\x8f\xb2e3\x1b\x00\x22\x22\xf6|\
\xebKq\xf2\x07\x7f?:\xe5J\xd3\xa3\x00p8\xd6\
\xda\x80\xa5\xe1\xd4\xef\x0d\xd8}\xdb\xad\xf1\xb8+\xfe8\
v\xde\xf5\x9d\xa6G9,3\x1d\x00\x22\x22\xb6\xdd\xfd\
\x9dx\xdc_\xfcv\x1c\xf9\x8d\x7f\x88\xd0\x06\x00\xcc\xb6\
a\xaa\xf6\x06\xacN_\x1b\xb0\xd0_\x8aG^\xfb\xbe\
x\xcc\x87\xde\x16\x8b\xbd\xfdM\x8fs\xd8\x16\x9a\x1e`\
,\xca\x22N\xfc\xe4\xe5q\xdc?\xbc/n?\xfb\x95\
\xd1;\xe9\x09Qf\xdb\x9a\x9e\x0a\x80\xadHQ\xdd'\
\x90\xa7\x88]\xdd\xc6\x7fT\xddu\xe7\xb7\xe2\xa8\xaf\x7f\
.\x8e\xfe\xfau\xd1\x19\xe6\xcd\x0e3F\xf3\x11\x00F\
\xba\x83~\xfc\xe05\x7f\x1e\x11\x11\xab\xc7>2\xf6?\
\xee\xacX9\xfa\xa4(v\x1c\x11\xe5\xe2\xf6\x86\xa7\x03\
`S\x06\x11Y/b\xc7\xca]\xd1I\x93\xfa\xe0M\
\xd1\x1d\xf4cq\xf9@l\xbf\xe7\xf6\xd8}\xdb7b\
\xa1\x7f`B\xcf\x9e\xac\xb9\x0a\x00\xebm\xbf\xeb\xdbq\
\xfc]\xefmz\x0c\x00\x0eW\x96\xc5\xe2\xb6\x9d\xd1Y\
\x98\xdb\x8f\xacF\xcc\xfc\x1e\x00\x00\xe6\x5cJ\x91\xaf.\
G\xbe\xda\x8f\x94\xa6oo\xc0\xac\x12\x00\x00\x98\x09\xe5\
0\x8f\xbc\xbf\x1ce1?\xdf\xc37I\x00\x00`f\
\xa4TF\xbe\xd2\x8f|\xa5\x1f\xa9\xd4\x06\x1c\x0e\x01\x00\
\x80\x99S\x16y\x0cVzQ\xe4\xda\x80\xad\x12\x00\x00\
\x98M)\xc5p\xd0\x8f|e9\xd2\x0c\x1e%\xdc4\
\x01\x00\x80\x99V\x16\xc3\xc8\xfbK\xda\x80M\x12\x00\x00\
\x98y\xe9\x01m\x80\xbd\x01\x1b!\x00\x0007\xcab\
\x18\x03m\xc0\x86\x08\x00\x00\xcc\x97\x14\xa36\xa0\xa7\x0d\
x\x18\xb5\x1c\xab\x94u\xa2\xf4\xd7\x1c\xa6\xcf\x9e];\
\xe3\x19O=#N9\xf9\xa48\xe1\xd8c\x22\x22\xe2\
\xf6\xbb\xee\x8e[\xbe\xf9\xed\xf8\xf4u7\xc4\xd2\xf2l\
\xdek\x0e\x0f\xa5,\x8a\x18\xf4{\xb1\xb0m{t\x17\
f\xf9~\x98\xb2\xa8c\xd5z\xceUL\x99\xfbya\
\x8a\xfc\xe0\x89\xc7\xc5\xcf\xbf\xe6\xe5\xf1\x9c\xb3\x9f\x16\x8b\
\x8b\x0f\xfd\x8f}\x9e\x0f\xe3\x13\x7f\xff\x99\xb8\xf8]\xef\
\x8d\xef\xdd~\xe7\x84'\x84\x9a\xa4\x14\xc3\xd5\x95(\xf2\
<\x16\xb7\xef\x8c\xac3\x83\xc5w\x96-\xd5\xb1l-\
\x01 e\xb1\x5c\xc7\xba\xc0\xe6\xbd\xfc\x85\xcf\x8d_\xf9\
\xb9W\x1d\xf4\x83\x7f\xcd\xe2\xe2B\xbc\xe0Y\xcf\x8c\xe7\
\x9c\xfdc\xf1\x87o\x7fw\xfc\xcdU\xd7Lf@\x98\
\x80T\x16\x91\xaf,Ewa{t\xb6m\x8f\xac\xe9\
\x816!\x8b\xac\x96\xbb\x87\xeb\xf9\x0a \xc5\xbd\xde\xc8\
\x84\xe6\xfd\xd2\x1b\xcf\x8fW\xbf\xec\xdcM\xfd1\x8b\x8b\
\x8b\xf1\xeb\xbf\xf0\xb3q\xd2\x09\xc7\xc7\x1f_\xba\xaf\xa6\
\xc9`\xf2R\x8a\x18\xe6\xab\x91\x15\xc3\x99j\x03R\x94\
\xb5\x04\x80Z\xfe\xec\xb3\xac\xfb\xb5:\xd6\x056\xee\x15\
/z\xde\xa6?\xfc\xd7{\xcd+^\x18/=\xf79\
c\x9c\x08\xa6C*\x8b\xeaM\x81\xc1j\xcc\xc4\x0f\xab\
e\xfcS\x1d\xcb\xd6\x13\x7f\xba\xe9S\xb5\xac\x0bl\xc8\
#N8.~\xf9\x82W\x1e\xf6:\xff\xe1M\xaf\x8e\
\x93\x1eq\xfc\x18&\x82\xe93\xccW#\xef\xf7\x22\xd5\
\xb3\xc7nlR\xd6\xfdJ\x1d\xeb\xd6\x12\x00R'\xae\
\xaec]`c.|\xed\xcbcqq\xf1\xb0\xd7Y\
\x5c\x5c\x88\x7f\xfb\xaa\x97\x8ea\x22\x98NU\x1b\xb0\x1c\
\xc3\xc1 b:\xfb\x80\xb4}\xb0PK\xab^K\x00\
\xf8\xf2U\x97\xdf\x9au\xb2A\x1dk\x03\x0fo\xcf\xae\
\x9d\xf1\x9c\xb3\x9f6\xb6\xf5\x9e\xfb\xe3O\x8b\xdd\xbbv\
\x8cm=\x98>)\x8a|%\x06S\xd9\x06\xa4\x1b\xaf\
\xfb\xd8\xc5\xf7\xd6\xb1rm; \xb2\xac\xfb\xd5\xba\xd6\
\x06\x0e\xee\xe9g\x9e~\xc8\x1d\xff\x9b\xb1\xb8\xb8\x18g\
=\xe5\xf4\xb1\xad\x07\xd3*\x95e\xd5\x06\xe4\xab1-\
m@\x16\x9d\x8f\xd7\xb5v}[ ;\x9d\xabj[\
\x1b8\xa8\xc7\x9e\xfc\xa8\xf1\xafy\xca\xf8\xd7\x84\xe9\x94\
\xa2\x18\xacNM\x1b\x90R\xfaD]k\xd7\x16\x00\xca\
a\xf6\xbb\xd9\xb4D(h\x91c\x8f>j\xeck\x1e\
\x7f\xf4\xd1c_\x13\xa6\xd9\x03\xdb\x80\xc6\xf4\xb2\xa2\xf8\
h]\x8b\xd7\x16\x00\xbez\xcd\xbb\xef\xect\x17o\xae\
k}\xe0 j\x88\xdd\xeeZ\xa7\x9dFm\xc0\xf2R\
\x94E\x03m@\x8a\xbf\xba\xfe#\xef\xe8\xd5\xb5|\xad\
\xa7 \xa4N\xf6\xd6:\xd7\x07\xfe\xa5;\xbf\x7f\xcf\xd8\
\xd7\xbc\xe3\xee\xef\x8f}M\x98\x15)\x951\x5c\xe9\xc5\
p\xb0\x12\x93\xcc\xc2YJ\xef\xa8s\xfdZ\x03\xc0\x97\
?v\xf9\xefgY\xc7\xed\x220A7\x7f\xf3[5\
\xac\xf9\xed\xb1\xaf\x09\xb3$ED\x91\x0f\x22_Y\x8a\
4\x996\xe0\x0b\xd7_\xf5\xe7\xb5m\x00\x8c\xa8\xff:\
\xe0\xd4\xe9v/\xae\xf9\x19\xc0:\x9f\xba\xee\xfa\xc8\xf3\
\xe1\xd8\xd6\xcb\xf3<>\xfd\xd9\x1b\xc6\xb6\x1e\xcc\xb2T\
\x961X\xe9\xc5p\xd0\x8f:\xb7\xb9\xa5H\xff\xad\xd6\
\x07D\xfd\x01 v\xdds\xe4od\x9dN\xa3\xbb(\
\xa0Mz\xcb+\xf1\x89\xbf\xff\xcc\xd8\xd6\xbb\xfa\x93\x9f\
\x89\xe5\xbe\x0b>a\xbd\x22\xcfc\xd0\xefEY\x8c/\
l\xaf\xf3\xa5/\x9e\xf5\xe8\xbf\xaac\xe1\xf5j\x0f\x00\
\xd7]wq\x9eu\xba\xff\xb1\xee\xe7\x00\xf7\xbb\xf8]\
\xef\x8d<\xcf\x0f{\x9d\xc1 \x8f\xb7]\xf6\x9e1L\
\x04\xf3'\x95e\xe4+\xcbU\x1b0\xc6\xcd\x01Y\xc4\
\xaf\xc5E\x17\x95c[\xf0 &r\x15\xd2\x97\xaf\xfe\
\x8b?\xe8t\x17\xbf1\x89g\x01\x11\xdf\xbb\xfd\xce\xf8\
\xbd\xb7\x1e\xfe\xfe\xa1?|\xfbe\xf1\xbd;\xee\x1e\xc3\
D0\xbf\x8a<\x8f\xd5\xfeR\x94\xc3\xc3o\x03R\x8a\
\xcb\xaf\xff\xe0%\x139Ggbw!.d\x9d\x9f\
\x8eN\xa7\xf6D\x03T\xae\xbc\xfa\x93q\xd9{>\xb4\
\xe5?\xfe\x9d\xef\xf9`\xbc\xef\xc3\x7f;\xc6\x89`\x8e\
\xa5\x14\xf9\xear\xe4\xab\xfd\xc3ym\xf6\xf6\xa2\x1c\xfe\
\xea8\xc7z8\xddI=\xe8\xf6[\xbex\xdb\x09\x8f\
;\xbd\x1fe\xf9\xfcI=\x13\xda\xee3_\xf8R\xdc\
}\xcf\xbd\xf1\xb4'?1\xba\xdd\x8d\xfd\xe3>\x18\xe4\
\xf1{o}G\x5c\xf6\xde\xad\x87\x07h\xabT\x96Q\
\x0c\xf3\xe8d\xdd\xc8:\x9b\xfa\x19\xbbL)\xfd\x9b/\
]\xf5\x8e/\xd45\xdb\x83e\x93z\xd0\x9a'<\xf7\
U\xd7\x14\xc5\xe0Y\x93~.\xb4\xd9\x89\xc7\x1f\x1b\x17\
\xbe\xf6\xe5\xf1\xdc\x1f\x7f\xdaAo\x09\xcc\xf3<\xae\xfe\
\xe4g\xe2m\x97\xbdG\xed\x0fc\xd0YX\x8c\xc5m\
;\x22\xb2\x8d|\xd4\xa6\xffz\xc3\x07\xff\xfc\xb7k\x1f\
j\x9d\x89\x07\x80\x88\xc8N{\xee\xf9_*\x8b\xfc\xb4\
\x06\x9e\x0d\xad\xb6{\xd7\x8ex\xfaSO\x8f\xc7\xfc\xf0\
#\xe3\xf8c\x8f\x89\x88\x88\xdb\xef\xbc;n\xfe\xe6\xb7\
\xe3\xd3\x9f\xbd\xc1n\x7f\x18\xb3,\xeb\xc4\xc2\xf6\xed\xd1\
\xe9>\xec\xf5\xdc\x97\xddp\xd6)\xaf\x9f\xc4\xc6\xbf\xf5\
\x9a\x08\x00q\xca\xb3\xdf\xb8cGg\xf9\xd6\xb2\x18\x9e\
\xd8\xc4\xf3\x01`\x92:\x0b\x0b\xb1\xb0mgd\x0fn\
\x03\xb2\xb8\xba\xdc\xd5{\xd1\x8d\xfb\xf6\x0d&>\xd3\xa4\
\x1f\x18\x11q\xeb5\x97\xac\xa4\xd5=\xa7v:\xdd\xf1\
\x1fY\x06\x00S\xa6\x1c\x0ec\xd0_\x8ab\xdd\xeb\xb9\
)\xe2\x03\xdb:\xdb~\xba\x89\x0f\xff\x88\x86\x02@D\
\xc4W\xfe\xeeO\x0f\xec\xde\x7f\xf4c\xba\xdd\xc5\x1b\x9b\
\x9a\x01\x00&&\xa5\x18\x0e\xfa\x91\xaf,G*\xd3\xbb\
\x8e[>\xe5\x15\xd7}\xe0\xe2\xe5\xa6\xc6i\xe4+\x80\
\x07\xc9\x9ep\xce\xab\xdeU\x0e\xf3W\xbbq\x0c\x80y\
\xd7]\xd8~\xf9MW\xbf\xfb5Q\xf3Q\xbf\x87\xd2\
X\x03\xb0N\xba\xe9c\x97\xbf\xa6\xdb\xdd\xfe\xba,\xeb\
\x1c\xfe\xd1e\x000\x85\xb2Ng\xd0\xe9n\x7f\xcdM\
W\xbf\xfb\xd5\xd1\xf0\x87\x7f\xc4t4\x00\xf79\xf3\x9c\
\x0b\x8f\xec\xa7\xfd\x97\x0f\x87\x83\x9fjz\x16\x00\x18\x97\
\xce\xe2\xb6\xeb\x22m;\xf7\xcbW_zW\xd3\xb3\xac\
\x99\xaa\x00\xb0\xe6\xb4\xe7\x9f\xff\x82(\xd2\x9f\x96\xe5\xf0\
\x91\xcdg$\x00\xd8\x82,\xa2\xd3Y\xf8f\x96u\xdf\
t\xd3\xd5\xef\xfeh\xd3\xe3<\xd8T\x06\x805Oz\
\xde\xf9\xe7\x0dS\xfcaY\xe4\x8fiz\x16\x00\xd8\x88\
,\xcb\x22:\xdd\x7f\xeav\x16~\xedK\x1f\xbb\xec}\
M\xcfs0S\x1d\x00\xd6<\xe9\x85\xe7?v\x98g\
\xff%\x15\xc3\xf3\xa2,\x8fP\x0a\x000m\xb2n\xf7\
\xdeN\xa7\xf3\x91b{\xf77\xbfz\xe5e77=\
\xcf\xa1\xccD\x00X\xef\xa9\xe7\xee}\x5c\x7f\xb8pa\
J\xe5\xb9\xa9,\x1e\x9dR\xda\x13\x91f\xee\xcf\x03\x80\
\x19\x96e\xa9\x93u\x96\x22\xeb\xdc\xdc\xc9\xe2ci\xe7\
\xf0On\xba\xe2\xaf\xbf\xd6\xf4X\x9b1\x17\x1f\x9cO\
~\xd1\xf9\x8f\x1f\xac\xc6S\xa3\x93\x1d\x1beyLd\
qt\xd33\xd1^\xa9L\xe7E\xc4\xa9M\xcf1_\
\xb2\xaff\x9d\xb8\xb2\xe9)h\xaf\x94\xb2{:\x91\xdd\
\x93\x22n\xdb\xb9P\x5c\xf7\xd9\x0f\xef\xfbz\xd33\x1d\
\xae\xb9\x08\x000MN}\xd6+\xf6e\x11?\xd3\xf4\
\x1c\xf3%\xdb\xf7\xd5\xbf\xfd\xebW6=\x05\xcc\x93i\
8\x07\x00\x00\x980\x01\x00\x00ZH\x00\x00\x80\x16\x12\
\x00\x00\xa0\x85\x04\x00\x00h!\x01\x00\x00ZH\x00\x00\
\x80\x16\x12\x00\x00\xa0\x85\x04\x00\x00h!\x01\x00\x00Z\
H\x00\x00\x80\x16\x12\x00\x00\xa0\x85\x04\x00\x00h!\x01\
\x00\x00ZH\x00\x00\x80\x16\x12\x00\x00\xa0\x85\x04\x00\x00\
h!\x01\x00\x00ZH\x00\x00\x80\x16\x12\x00\x00\xa0\x85\
\x04\x00\x00h!\x01\x00\x00ZH\x00\x00\x80\x16\x12\x00\
\x00\xa0\x85\x04\x00\x00h!\x01\x00\x00ZH\x00\x00\x80\
\x16\x12\x00\x00\xa0\x85\x04\x00\x00h!\x01\x00\x00ZH\
\x00\x00\x80\x16\x12\x00\x00\xa0\x85\x04\x00\x00h!\x01\x00\
\x00ZH\x00\x00\x80\x16\x12\x00\x00\xa0\x85\x04\x00\x00h\
!\x01\x00\x00ZH\x00\x00\x80\x16\x12\x00\x00\xa0\x85\x04\
\x00\x00h\xa1\xac\xe9\x01\xe6\xc9)\xcf~\xe3\x8e={\
\xe2\x19Y\x99\xfdDD\xf9\xc4\x8885RvRd\
\xb1+\x22\x8ejz>\x80\x19qOD\xf4\x22\xd2w\
#\xb2\xafFd7\xa5N\xfa\xe4\xd2R|\xea\xd6k\
.Yiz\xb8y!\x00\x1c\xa6g\xee\xdd\xbb\xb3\xd7\
\xdb\xf3\xb2\x14\xe9\xb5\x11\xf1\xbc\x88\xd8\xd1\xf4L\x00s\
j%\x8b\xf4\xb1\xc8\xb2w\xed\xde\xd5{\xdf\xb5\xfb\xf6\
\xf5\x9b\x1eh\x96\x09\x00[\xf4\x94\x17^p|\x91\xa5\
_J\x11\xbf\x1c\x11\xc74=\x0f@\xcb\x1c\xc8\x22\xfb\
\xb3\xbc\xc8\xdfr\xd3\x87\xdf\xf9\xdd\xa6\x87\x99E\x02\xc0\
&U?\xf1\xef~s\x8a\xf8\x8d\x88\xd8\xd5\xf4<\x00\
-\xb7\x1cY\xfa\xdd\x03\xbd\xec\xbf\xfbz`s\x04\x80\
M8\xe3\x85\x17<7e\xe9\xffF\xc4c\x9a\x9e\x05\
\x80\x07\xb8\xb9\xcc\xca7\xddx\xe5\xa5\x9fhz\x90Y\
!\x00l\xc0\xde\xbd{\xbb_\xe9\xed\xfe\xed\x14\xf1[\
\x11\xd1mz\x1e\x00\x1eR\xca\x22\xfb\xa3\xc5\xdb\x16\x7f\
\xfd\xba\xeb.\xce\x9b\x1ef\xda\x09\x00\x87p\xe6K.\
\xdc5(\x06\x7f\x19\x11/nz\x16\x00\x0e-\x8bt\
\xc5bw\xfb\xf9\xd7}\xe0\xe2\xe5\xa6g\x99f\x02\xc0\
\xc38\xfd\xc5\xaf9:\xd2\xb6+\x22\xe2\xec\xa6g\x01\
`S\xfe>\xb2\xc1y7\x5cy\xd9\xf7\x9b\x1edZ\
9\x08\xe8 \x9e\xb9w\xef\xce\x14\x8b\xef\x0f\x1f\xfe\x00\
\xb3\xe8\xecH\xdb>t\xc6\x0b^\xbf\xbb\xe9A\xa6\x95\
\x00\xf0\x10\xf6\xee\xdd\xdb]\xea\xed\xde\x97\xa5\xec'\x9a\
\x9e\x05\x80-{z,t.\xdf\xbbw\xaf\xbd[\x0f\
A\x00x\x08_^\xde\xfd\x9f\xc2w\xfe\x003/E\
v\xdeM\xbd\xdd\xbf\xd5\xf4\x1c\xd3\xc8\x1e\x80\x07\x19\xbd\
\xea\xf7\xd1\x10\x8e\x00\xe6E\x91:q\xce\x17\xaf\xb8\xe4\
\x9a\xa6\x07\x99&>\xe4\xd6y\xe6\xde\xbd;G\xef\xf9\
\xfb\xeb\x020?\xbaY\x19o;\xe5\xd9otT\xfb\
:>\xe8\xd6\xe9\xf5v\xbf9\x1c\xf2\x030\x8f\x1e{\
\xc4\xce\xf8\x8d\xa6\x87\x98&\xbe\x02\x189\xe3\x05\xaf?\
!-to\x09\xc7\xfb\x02\xcc\xab\xe5\x85\x94\x9d\xf2\xb9\
\x0f\xfd\xd9\x1dM\x0f2\x0d4\x00#\xe5b\xf7\xdf\x87\
\x0f\x7f\x80y\xb6k\x98\x95\xbf\xd2\xf4\x10\xd3B\x03\x10\
\xf7\x9d\xf6\xf7\xed\x888\xaa\xe9Y\x00\xa8\xd5\xf7\xf7\xec\
\xee=\xd2U\xc2\x1a\x80\x88\x88\xc8\x8b\xfc\xa5\xe1\xc3\x1f\
\xa0\x0d\x8e>\xd0\xdb\xf5\x92\xa6\x87\x98\x06\x02@D\xa4\
H\xafmz\x06\x00&%{]\xd3\x13L\x83\xd6\x7f\
\x05p\xca\xb3\xdf\xb8\xe3\x88]\xf1\xfd\x88\xf0z\x08@\
;\xac\x1cX\x8e\xa3o\xbd\xe6\x92\x95\xa6\x07iR\xeb\
\x1b\x80\xdd\xbb\xcbg\x86\x0f\x7f\x806\xd9q\xc4\xaet\
V\xd3C4\xad\xf5\x01\xa0Sv\x9c\xf7\x0f\xd02Y\
\x16?\xd9\xf4\x0cMk}\x00\x88,Nkz\x04\x00\
&,e?\xd2\xf4\x08M\x13\x00\x22Z\xff7\x01@\
\xdb\x94\xfe\xdd/\x00D\x8a\x1flz\x04\x00&+\x8b\
tR\xd334M\x00\xc8bO\xd3#\x000i\xd9\
\x11Mg\xbb\x99>\x00\x00\x01\x16IDATO\xd0\
4\x01 \x92\xe3\x7f\x01Z'\xednz\x82\xa6\x09\x00\
\x91\xdd\xd5\xf4\x04\x00LZvg\xd3\x134M\x00\x88\
\xf4\xf1\xa6'\x00`\xc2\xb2\xb8\xba\xe9\x11\x9a\xd6\xfa\x00\
\x90\xca\xf4\x96\x88\x184=\x07\x00\x13\xb3\x9aE\xf7-\
M\x0f\xd1\xb4\xd6\x07\x80/^u\xe9\xf5\x11qA\x08\
\x01\x00m\xb0\x9aEv\xc1\xf5W\xbe\xfd\x8bM\x0f\xd2\
\xb4n\xd3\x03L\x83\xdb\xbf\xf6\xf9\x1bNx\xec\x19\xef\
\xcf\xb2\xec\xc8\x888.\x22Z\xbf;\x14`\xce|7\
\xb2x\x7f\x96u\x7f\xf6\xfa\x0f\xfe\xa9\xaf~\x01\x00\x00\
\x00\x00\x00\x00\x00\x00\x00\x00\x00\x00\x00\x00\x00\x00\x00\x00\
\x00\x00\x00\x00\x00\x00\x00\x00\x00\x00\x00\x00\x00\x00\x00\x00\
\x00\x00\x00\x00\x00\x00\x00\x00\x00\x00\x00\x00\x00\x00\x00\x00\
\x00\x00\x00\x00\x00\x00\x00\x00\x00\x00\x00\x00\x00\x00\x00\x00\
\x00\x00\x00\x00\x00\x00\x00\x00\x00\x00\x00\x00\x00\x00\x00\x00\
\x00\x00\x00\x00\x00\x00\x00\x00\x00\x00\x00\x00\x00\x00\x00\x00\
\x00\x00\x00\x00\x00\x00\x00\x00\x00\x00\x00\x00\x00\x00\x00\x00\
\x00\x00\x00\x00\x00\x00\x00\x00\x00\x00\x00\x00\xc6\xe8\xff\x03\
\x16\x98\xf1\xf6\x90\xb2J\xd1\x00\x00\x00\x00IEND\
\xaeB`\x82\
\x00\x00?g\
\x89\
PNG\x0d\x0a\x1a\x0a\x00\x00\x00\x0dIHDR\x00\
\x00\x02\x00\x00\x00\x02\x00\x08\x06\x00\x00\x00\xf4x\xd4\xfa\
\x00\x00\x00\x09pHYs\x00\x00\x0e\xc3\x00\x00\x0e\xc3\
\x01\xc7o\xa8d\x00\x00\x00\x19tEXtSof\
tware\x00www.inksca\
pe.org\x9b\xee<\x1a\x00\x00 \x00ID\
ATx\x9c\xed\xddw\xb8]e\x99\xfe\xf1\xef\x03\x09\
\xbd#R\x04\xa4w\x10E\x91\x0e\x02\x02\xe3\xa0 \x0a\
\xca\xcf\x82:\x0aV\xd0qTtt@\x1dGql\
\xe8\x8c\x8a]TT\x8a(\xd8(\x22h@PPz\
G\xaa\xf4\xa6tHr\xff\xfexW\x86C8\xc9i\
{\xedg\x95\xfbs]\xfb:!3\xae}\x9f\xe4d\
?\xcfz\xd7[\x0233\xb3\x96\x92\xb4\x05\xb0\x0b\xb0\
\x15\xb0\x01\xb0\x12\xb0\x14\xf0\x04\xf0\x00p\x03p9\xf0\
;\xe0\xd4\x88\xb8%'\xa9\x99\x99\x99M\x89\xa4%$\
\xbdW\xd2\x95\x9a\x98Y\x92~#ioI\x91\xfd}\
\x98\x99\x99\xd98HZ@\xd2\xdb%\xdd=\xc1\xc2?\
\x9a\x0b%m\x9f\xfd=\x99\x99\x99\xd9|HZM\xd2\
\x8c\x01\x14\xfe\x91fK\xfa\x82\xa4\x85\xb2\xbf?33\
3\x9b\x8b\xa4\x17J\xbak\xc0\xc5\x7f\xa4\xb3%-\x97\
\xfd}\x9a\x99\x99YE\xd2\xf6\x92\x1e\xac\xb1\xf8\xcfq\
\x89\xa4\xe5\xb3\xbf_33\xb3\xde\x93\xb4\x89\xa4\xfb\x86\
P\xfc\xe78W\xd2\x22\xd9\xdf\xb7\x99\x99YoIZ\
\x5c\xd2\xe5C,\xfes|5\xfb{733\xeb-\
I\xff\x93P\xfc\xe7\xd8#\xfb\xfb\x1f\x06\xaf\x8343\
\xb3F\x91\xb49p>\xb0`R\x84k\x81\x8d\x22\xe2\
\x89\xa4\xf7\x1f\x8a\x05\xb2\x03\x98\x99\x99\xcd\xe5#\xe4\x15\
\x7f\x80u\x80\xd7%\xbe\xffPx\x04\xc0\xcc\xcc\x1aC\
\xd2\x1a\xc0u\xe4\xdf\xa0^\x1a\x11\x9b&g\xa8U\xf6\
\x1f\xb0\x99\x99\xd9H\xaf\xa5\x19\xb5i\x13I\xcf\xcd\x0e\
Q\xa7&\xfc!\x9b\x99\x99\xcd\xb1gv\x80\x11\xfe9\
;@\x9d\xdc\x00\x98\x99Y#HZ\x02\xd8\x22;\xc7\
\x08;e\x07\xa8\x93\x1b\x0033k\x8a\xf5\x81i\xd9\
!F\xd88;@\x9d\xdc\x00\x98\x99YS\xac\x95\x1d\
`.+IZ<;D]\xdc\x00\x98\x99YS,\
\x93\x1d`\x14Kg\x07\xa8K\x93\x86Z\xccl\x9c$\
=\x03x&\xb0\x02\xb0\x10\xe5\x83s!`q`\x09\
`:\xb0\xec\x88\xdf[\xbc\xfa\xf5\xfc<\x00\xcc\x1c\xf1\
\xdf3\xab\xdf\xbb\x0f\xf8G\xf5\xeb\x91_\xef\x9b\xf3\xeb\
\x88xl\x10\xdf\x97\xf5^\x13\xf7\xe1_,;@]\
\xdc\x00\x985\x84\xa4\xc5(C\xa0\xabS\x0a\xfb\x0a\xc0\
\xca\xf3\xf8\xf5\xf4\xa4\x98\xa3\x92\xf4(pk\xf5\xfa\x1b\
p\x1bp\x0bp;ps\xf5\xf5\x96\x88x8-\xa4\
\xb5A\x13\xf7\xa6ib\xa6\x81p\x03`6D\x92V\
\x00\xd6\xae^k\x8d\xf8\xf5\xda\x94\x02\xdfV\x8bP\xbe\
\x9f\xf9>\xc3\x95t?\xa5I\xb8\x16\xb8\x0a\xb8\xba\xfa\
zeD\xdcUwH3{\x92\x1b\x00\xb3\x1aHZ\
\x15xN\xf5\xda\x1cX\x97R\xe4\x97\xcc\xcc\xd5\x00\xcb\
T\xaf\x8d\xe6\xfe?H\xba\x8f\xd2\x10\x5cIi\x0a\xe6\
\xbc\xae\xee\xfa\x9e\xecf\x19\xdc\x00\x98M\x81\xa4i\x94\
\xa5K\x1bQ\x96\x0cm\x01\xbc\x00X13WK-\
\x0b\xbc\xb0z\x8d4S\xd2\xd5\xc0\x05#^\x7f\xf2\xbc\
\x03\xb3\xa9q\x03`6\x01\x92\xd6\x07\xb6\x03\xb6\xa1\xdc\
\xd9o\xc2\xd8\x93\xeblj\xa6Q\x1a\xac\x8dx\xf2\x80\
\x96G%]Di\x06\xce\xaf\xbe^\x1e\x113G\xbf\
\x84\x99\xcd\xcd\x0d\x80\xd9<Tw\xf7\xcf\x03\xb6\x05\xb6\
\xaf\xbe>35\x94\xcd\xb1\x08O\x1f-xX\xd2\x9f\
\x81\xdf\x02g\x02\x7f\x88\x88G\x12\xb2\x99\xb5\x82\x1b\x00\
\xb3J\xb5\xe1\xc7s)\x85~;J\xd1\xef\xec\x1a\xe0\
\x0eZ\x8c\xf2\xf7\xb6\x1d\xe58\xd9\x99\xd5(\xc1\xe9\xd5\
kFD<\x9a\x98\xcf\xacQ\xdc\x00X\xafIZ\x0b\
x)\xe5\x00\x92\x1d\xf0p~\x97L\xa3\xcc\xc9\xd8\x02\
\xf8\x00n\x08\xcc\x9e\xc2\x0d\x80\xf5J\xb5\xd6~\x1bJ\
\xd1\x7f9\xb0Zn\x22\x1b\xa2\xb9\x1b\x82G$\xfd\x06\
8\x1989\x22n\xcb\x0cg6ln\x00\xac\xf3\xe6\
\xba\xcb\xdf\x1eX87\x915\xc4\xa2\x94\x9f\x89=\x81\
\xafH\xfa\x0b\xf0sJ3pAj2\xb3!p\x03\
`\x9d$iK\xe0U\xc0+\x80g'\xc7\xb1\xe6[\
\x80'G\x07\x0e\xab\x96\x1d\x9eT\xbd\xce\x89\x88Y\x99\
\xe1\xcc\xea\xe0\x06\xc0:C\xd2\xe6\x94\xa2\xff*`\xcd\
\xe48\xd6n\xeb\x01\xffV\xbd\xee\x96t2p\x0cp\
FD\xccNMf6 n\x00\xac\xd5$m\x0c\xec\
K)\xfa\x1b$\xc7\xb1nz\x06\xf0\xc6\xeau\xab\xa4\
\xe3\x81\xe3\x22bFn,\xb3\xa9q\x03`\xad#i\
]\xe0\xd5\x94\xa2\xbfqr\x1c\xeb\x97U\x80\x83\x81\x83\
%]\x0a\xfc\x00\xf8AD\xdc\x9c\x1b\xcbl\xe2\x16\xc8\
\x0e`6\x1e\x92\x16\x96\xb4\xaf\xa4\xd3(\xfb\xc3\x7f\x0c\
\x17\x7f\xcb\xb5\x09\xf0I\xe0\x06I3$\x1dR\x1d\xd3\
l\xd6\x0an\x00\xac\xd1$m,\xe9\x0b\x94\x13\xe4\x8e\
\x05v\xa5\xc3\xc7sZ+-@\xd9<\xea\x0b\xc0\xcd\
\x92~(i\x87\xe4Lfcr\x03`\x8d#i\x91\
\x11w\xfb\x97\x00\x87\x00\xcb%\xc72\x1b\x8fE(\x8f\
\xa7\xce\x92t\xa5\xa4\x0fHZ6;\x94\xd9h\xdc\x00\
XcH\xdaP\xd2\xa7\x80[\xf0\xdd\xbe\xb5\xdf\xfa\xc0\
\xa7\x80\x1b%\x1d%i\xb3\xec@f#\xb9\x01\xb0T\
\x92\x16\x90\xb4\x8f\xa4\xb3\x81\xcb);\xb4-\x9f\x1c\xcb\
l\x90\x96\x04\x0e\x04.\x92t\xa6\xa4\xfd$M\xcf\x0e\
e\xe6\x06\xc0RHZL\xd2\xdb)\x13\xfaN\xa0l\
\xcfk\xd6u;\x02?\xa6\x8c\x0a|T\xd2\x8a\xd9\x81\
\xac\xbf\xdc\x00\xd8PIZA\xd2\xe1\xc0\x8d\xc0\xff\x02\
\xeb\xe4&2K\xb12\xf0\x1f\xc0M\x92\x8e\xae\x96\xb6\
\x9a\x0d\x95\x1b\x00\x1b\x0aI\xebH:\x92R\xf8\x0f\xa3\
l\xaeb\xd6w\x0b\x01\xaf\x03\xae\x94tl\xb5\xb1\x95\
\xd9P\xb8\x01\xb0ZI\xdaA\xd2I\x94\xa1\xfe\x83)\
\x07\xb0\x98\xd9S-@\xd9\xd1\xf2bI'VgY\
\x98\xd5\xca\x0d\x80\xd5B\xd2\xd6\x92N\x07\xce\xa2\x9c\xc4\
\xe7\x9f5\xb3\xb1-\x00\xec\x0d\x9cWm.\xf4\xd2\xec\
@\xd6]\xfeP\xb6\x81\x92\xf4\x02I\xbf\x02\xce\x01v\
\xc9\xcec\xd6b\xdb\x02'I:\xcf\x8d\x80\xd5\xc1\x0d\
\x80\x0dD\xb5c\xdf\xb1\xc0y\xc0\x1e\xd9y\xcc:d\
KJ#p\xae\xa4\x9d\xb2\xc3Xw\xb8\x01\xb0)\x91\
\xb4\x81\xa4\xa3\x81\x8b(\xcf0\xbdq\x8fY=^\x08\
\xfcV\xd2i\xd5\xd1\xd7fS\xe2\x06\xc0&E\xd2\xb3\
%\x1dE\xd9\xaa\xf7u\xc0\x82\xc9\x91\xcc\xfabW\xe0\
\x82j\xd5\xc0Z\xd9a\xac\xbd\xdc\x00\xd8\x84HZN\
\xd2\x97\x80k(\xbb\x9b\xf9Hi\xb3\xe1\x9b\xb3j\xe0\
2I\x9f\x95\xe4\xdd3m\xc2\xdc\x00\xd8\xb8H\x9a&\
\xe9@\xe0J\xe0\x9d\x80\xb725\xcb\xb7\x08\xf0\xaf\x94\
#\x89?%i\xc9\xec@\xd6\x1en\x00lL\x92v\
\x01\xfe\x02\x1c\x05\xac\x90\x1c\xc7\xcc\x9en\x09\xca9\x1a\
WI:@\x92\xe7\xe2\xd8\x98\xdc\x00\xd8<IZ\xad\
\x9a\xe0w:\xb0Iv\x1e3\x1b\xd3\xca\xc0w\x80?\
J\xda:9\x8b5\x9c\x1b\x00{\x1aI\x8bW\xfb\xf5\
_M\x99\xe0gf\xed\xf2|\xe0\xec\xea\x9c\x81\x95\xb2\
\xc3X3\xb9\x01\xb0\xff#)$\x1d@\x99\xe0w\x18\
\xe5\xf9\xa2\x99\xb5S\xf0\xe49\x03\xef\x94\xe4\xcf{{\
\x0a\xff@\x18\x00\x926\x04fP\x86\x0fW\xceMc\
f\x03\xb44\xf0%\xe0\x5cI\xcf\xcd\x0ec\xcd\xe1\x06\
\xa0\xe7$M\x97\xf4a\xca$\xbfm\xb2\xf3\xd8P<\
\x00\xdcW\xbd\xee\xa9\xbe>\x94\x9a\xc8\x86\xe1\x05\x94\xb9\
\x01\x9f\xf7j\x01\x03\xaf\xe1\xee5I[\x00\xdf\x04\x9e\
\x93\x9d\xc5\xc6\xe5^\xe0.J\xd1\x1e\xf9\xba{\x94\xdf\
\x7f\x14\x98\x05\xfc\xa3\xfa\xdf>\x1a\x11\x8f\x8c\xe7M\xaa\
\xe20\x8d\xb2\xb9\xd3R\xd5o/\x0e,\x0b,OY\
\x09\xb2\x02\xe5H\xe7\xe5G|}f\xf5\xeb%\xa6\xf0\
=Z\xbd\xa6\x01\xef\x06^)\xe9m\x11\xf1\xf3\xec@\
\x96\xc7\x0d@\x0fIZ\x048\x14\xf8\x10^\xcf\xdf$\
\x8f\x02\xb7\x02\x7f\x1d\xe5umD\xfc}\x18!\x22\xe2\
\x81\x11\xffy\xf7D\xff\xf7\xd5\xcf\xd7*\xc0Z\xa3\xbc\
\xd6\xc7\x0dB\x13\xac\x0a\x9c,\xe98\xe0\xed\x111\xe1\
\xbfgk?7\x00=#iG\xe0\xeb\xc0\xba\xd9Y\
z\xecV\xe0R\xca\xf9\x09\x97\x00\x97\x01\x7f\x8d\x88\xfb\
SS\x0dHD<\xca\x93\x8d\xcb\xd3HZ\x05X\x93\
\xf23\xb8)e\x04js\xca(\x82\x0d\xd7\xbe\xc0\x8e\
\x92\xde\x19\x11\xc7e\x87\xb1\xe1r\x03\xd0\x13\x92\x96\x02\
\x8e\x00\x0e\xc2\x07\xf6\x0c\xcb\xc3\xc0\xe5<Y\xe8/\x01\
.\x8a\x88{RS%\x8b\x88[)M\xd0\xd9#\x7f\
_\xd2\xaa\x94f`NC\xf0\x1c`\x1d<W\xa9n\
\xcf\x04\x8e\x95t\x22\xf0\xd6\x88\xb83;\x90\x0d\x87\x1b\
\x80\x1e\x90\xb4;\xf0\x0d\xca\xb0\x9f\xd5\xe7o\x94\x95\x14\
\xe7T\xaf\x0b#bfn\xa4\xf6\x88\x88[\x80[\x80\
_\xcc\xf9=I\x8b\x03\x9bQ&\xa8n\x0fl\x87G\
\x0a\xea\xf2r`[I\x07F\xc4\xcf\xb2\xc3X\xfd|\
'\xd8a\x92\xa6\x03\xff\x0e|\x04\xdfE\x0d\xda,\xe0\
*J\xc1?\x1b\xb8 \x22.\xcb\x8d\xd4\x0f\xd5\x09x\
\xdb\x01\xdb\x02/\xa6<N\xb0\xc1:\x0e8p\xd8\x8f\
\xa5$\x1d\x0c\x1c9\xcc\xf7\x1c\x87\xf5\x22\xe2\x9a\xec\x10\
u\xf0\x08@GI\xda\x008\x06\xf0\xba\xdf\xc1\xb9\x06\
\xf8\x15\xf0k`\xc6\x5c\x93\xe5lH\x22b\xce\xfc\x82\
\xa3\xa1\x1cM\x0d\xec@\x19!\xd8\x0dxv^\xba\xce\
\xd8\x17x\xbe\xa4\x03\x22\xe2\xf7\xd9a\xac\x1e\x1e\x01\xe8\
 I\xaf\x07\xbeLY\xbae\x93\xf7\x08\xe5\xee\xfet\
\xe0\xe4\x88\xb8<9\x8f\x8dC5B\xf0R`O`\
G\xbc\xd2e*D\xd9D\xe8\xdf\x22\xe2\x89\xda\xdf\xcc\
#\x00C\xe5\x06\xa0C$-\x0b|\x0dxev\x96\
\x16\xbb\x92'\xef\xf2\x7fW\xcdh\xb7\x96\x92\xb4\x1c\xb0\
\x07\xf0\xcf\xd5\xd7\xe5r\x13\xb5\xd6\x0c\xe05\x11qS\
\x9do\xe2\x06`\xb8\xfc\x08\xa0#$\xed\x00|\x1fX\
-;K\x0b]\x01\x1c\x0b\x1c\xeb\xbb\xfcn\x89\x88{\
)\x8f\xc2\x8e\x91\xb4 \xb05ed`_\xca\xbe\x04\
6>\xdb\x01\x17JzKD\x9c\x90\x1d\xc6\x06\xc3\x13\
\xc3ZN\xd24I\x1f\x03\xce\xc0\xc5\x7f\x22\xae\x06\xfe\
\x13\xd8,\x226\x8a\x88\xc3]\xfc\xbb-\x22fE\xc4\
\x8c\x888\x94\xb2\xbcpk\xca\xf0\xf6\x1d\xb9\xc9Zc\
Y\xe0xI_\x96\xb4pv\x18\x9b:?\x02h1\
I\xab\x01?\xa6|\x90\xd9\xd8\xae\xe3\xc9;\xfd\x0b\xb3\
\xc3X3T#\x03\xbb\x00\xfbS\x96\xc2-\x9d\x9b\xa8\
\x15\xce\x07\xf6\x8d\x88\x1b\x06yQ?\x02\x18.\x8f\x00\
\xb4\x94\xa4]\x80\x0bp\xf1\x1f\xcbC\xc0\xb7\x81m\x22\
b\x9d\x88\xf8\x90\x8b\xbf\x8dT\x8d\x0c\x9c\x1a\x11o\x04\
V\xa2\xcc\xa1\xf9\x09ekf\x1b\xdd\xf3\x81\x0b$\xfd\
sv\x10\x9b<7\x00-#)$\x1dB\x99\xa4\xb6\
Bv\x9e\x06\xbb\x9cr\xde\xc1\xea\x11\xf1\xa6\x88\xf8C\
v k\xbe\x88x4\x22N\x88\x88WP\x9a\x81\x83\
(\xdb6\xdb\xd3-G9O\xe0HI\x9eO\xd6B\
n\x00ZD\xd2\xd2\xc0\x89\xc0\x17\xf0\x04\xce\xd1\xfc\x03\
\xf8*\xb0EDl\x1c\x11GT\x93\xc0\xcc&,\x22\
\xfe\x1e\x11_\xa3\xecD\xb8\x0bp<P\xfbR\xb8\x96\
\x09\xe0`\xe0\x17\xd5\x8a\x0bk\x117\x00-!i}\
\xe0\x8f\xc0^\xd9Y\x1a\xe8O\xc0\xbf\x00\xabD\xc4\xdb\
\x22\xe2\xcf\xd9\x81\xac;\x22B\x11qFD\xecK\xd9\
d\xe8?\x80\x9b\x93c5\xcdn\xc0\x1f%m\x92\x1d\
\xc4\xc6\xcf\x0d@\x0bT{\xf9\x9f\x0b\xac\x97\x9d\xa5A\
f\x03'\x01;F\xc4\x96\x11\xf1\xad\x88x(;\x94\
u[D\xdc\x16\x11\x1f\xa7l?\xbc7p\x0a\xe5g\
\xd1`m\xe0\x1cI/\xcf\x0eb\xe3\xe3\x06\xa0\xe1$\
\xbd\x87r8\xca2\xd9Y\x1a\xe2\x11\xe0(`\xc3\x88\
\xd8+\x22~\x97\x1d\xc8\xfa\xa7\x9a8\xf8\xb3\x88\xd8\x83\
r\xa4\xf1w\xf1\xe3\x01\x80%\x81\x13$\x1d.\xc9\xab\
\xcc\x1a\xce\x0d@CIZX\xd2\xb7\x80\xcf\x01\x0bf\
\xe7i\x80;\x81\xc3\x80gG\xc4[#\xe2\xea\xec@\
f\x00\x11qyD\xbc\x81\xb2\xb7\xc0\x97(\xc7@\xf7\
YP\xfe\xad\xfeX\xd2\xa2\xd9al\xde\xdc\x004P\
5\x99\xe6T\xe0\x8d\xd9Y\x1a\xe0\x1a\xe0@J\xe1\xff\
XD\xdc\x95\x1d\xc8l4\x11qSD\x1c\x0c\xacA\
\xd9d\xea\xbe\xdcD\xe9\xf6\x05\xce\x90\xb4bv\x10\x1b\
\x9d\x1b\x80\x86\xa9\x0e29\x9br\xbaY\x9f\xddDY\
\x82\xb5QD|\xdd{\xf2[[D\xc4]\x11\xf1\x11\
`u\xe0\xdd\xc0-\xc9\x912m\x05\x9c/i\xf3\xec\
 \xf6tn\x00\x1aD\xd26\x94\xc9~\x1bdgI\
t3\xf0V`\x9d\x88\xf8ZD\xcc\xcc\x0ed6\x19\
\x11\xf1`D\x1cIy4\xf0v\xe0\xd6\xe4HYV\
\x05\xce\x94\xb4[v\x10{*7\x00\x0d!i?\xe0\
7\xf4ws\x9f\xdb(\xeb\x89\xd7\x8d\x88\xa3\x86q\xf4\
\xa8\xd90D\xc4c\x11\xf1\x15`]\xe0C\xc0\xfd\xc9\
\x912,\x0d\xfc\xbc:\xaa\xdc\x1a\xc2\x0d@\x03Hz\
'\xf0C`\x91\xec,\x09\xee\xa6\xec\xd8\xb7ND|\
)\x22\x1e\xcb\x0edV\x87\x88x8\x22>IY.\
w\x04eEK\x9fL\x07\xbe#\xe9\xf0\xec V\xb8\
\x01HTm\xeb\xfb\x09\xca\xcc\xe1\xbe\xfd]<\x0a|\
\x02X\xb3\xda\xb1\xaf\xef3\xa7\xad'\x22\xe2\xde\xeaD\
\xc2\xf5)\xe7T\xccJ\x8e4L\x01\x1c&\xe9\x8b\x92\
\xfa\xf6\x99\xd78\xfe\x0bHR\x9d@\xf65\xca\x90`\
\xdf\x1cGY\xc7\xff\xe1\x88x0;\x8cY\x86\x88\xb8\
9\x22\xdeD\xd9j\xf8g\xd9y\x86\xec]\xc0\x8f|\
\xacp.7\x00\x09\xaa\xb5\xb1'\x00o\xce\xce2d\
\x7f\xa6\xec\xdc\xb7\xdf\xa0\x8f\x115k\xabj\x1f\x81\xbd\
\x81\xed\x81>\x9dT\xb9/e^\xc0\xe2\xd9A\xfa\xca\
\x0d\xc0\x90U?\xec'\xd1\xaf=\xfd\xef\xa1,\x87\xda\
\xd2;\xf7\x99\x8d.\x22f\x00[\x00\x07P\xfe\xcd\xf4\
\xc1\xae\xc0o%-\x9f\x1d\xa4\x8f\xdc\x00\x0cQu\x9a\
\xdf\xa9\x94\x1f\xfa>x\x02\xf8\x22\xb0vD\x1c\x19\x11\
}z\xd6i6a\x111;\x22\x8e\x066\x01\xbe\x07\
(9\xd20\xbc\x008K\xd2\xca\xd9A\xfa\xc6\x0d\xc0\
\x90HZ\x96R\xfc\xb7\xc9\xce2$g\x03\xcf\x89\x88\
C\x22\xe2\xef\xd9a\xcc\xda$\x22n\x8f\x88\xd7\x03;\
\x02\x97d\xe7\x19\x82\x8d\x81\xdfR\xf6\x0c\xb0!\xf1a\
\x0dC i%\xe04JW\xdfu\xff\xa0,\xeb;\
*\x22|J\x9a\xd9\x14I\x9aN\xd9#\xe30\xcaa\
;]&\x9aW\x97\xd6\x8b\x88k\xb2C\xd4\xc1#\x00\
5\xab\x86\xb5\xce\xa2\x1f\xc5\xff$`\xe3\x88\xf8\x8a\x8b\
\xbf\xd9`D\xc4\x13\x11\xf1Y`C\xe0\xf8\xec<5\
kZ\xf1\xef47\x005\x92\xf4L\xe0t`\xbd\xec\
,5\xbb\x038\xa0:\x9e\xb7\xcf\xfb\x9e\x9b\xd5&\x22\
\xfe\x16\x11\xfb\x02\xfbQ6\xd02\x9b\x127\x005\xa9\
\x8a\xff\x19\xc0F\xd9Yjv\x1c\xb0I5q\xc9\xcc\
j\x16\x11\xc7Q\x9e\x99\x9f\x98\x9d\xc5\xda\xcd\x0d@\x0d\
F\x14\xff\x8d\xb3\xb3\xd4\xe8V`\xf7jM\xbf\xefF\
\xcc\x86(\x22\xee\x8c\x88}\x807\xd0\xcf\xb3\x05l\x00\
\xdc\x00\x0cX\xb5\x9e\xf5t\xba]\xfc\x7fJ\x99\xe1\x7f\
jv\x10\xb3>\x8b\x88\xef\x02\x9b\x02\xa7dg\xb1\xf6\
q\x030@\x92\x16\xa3l\xe9\xb9iv\x96\x9a<\x02\
\xbc;\x22^\xee\xbb~\xb3f\x88\x88[\x22b\x0f\xca\
\x06B\x0fd\xe7\xb1\xf6p\x030 \x92\x16\xa2\xdc\x19\
o\x9b\x9d\xa5&\xe7\x03\x9bW\xe7\x9b\x9bY\xc3T\xf3\
p\x9e\x03\x9c\x93\x9d\xc5\xda\xc1\x0d\xc0\x00T\xa7Z}\
\x0fxqv\x96\x1a\x88\xb2\x9b\xdf\xb6\x11quv\x18\
3\x9b\xb7\x88\xb8\x9e\xb2y\xd0G\x01/\xc5\xb5\xf9r\
\x030E\x92\x02\xf8\x0aeiN\xd7\xdc\x04\xbc\xa8\xda\
\xcd\xef\xf1\xec0f6\xb6\x88\x98\x19\x11\x87\x03\xfb\x00\
\xf7%\xc7\xb1\x06s\x030u\xff\x05\x1c\x98\x1d\xa2\x06\
gQ\x0e\xef9+;\x88\x99M\x5cD\xfc\x0c\xd8\x1c\
87;\x8b5\x93\x1b\x80)\x90\xf4.\xca\xb6\xb7]\
2g\xc8\x7f\xd7\x88\xb8#;\x8c\x99M^D\xdcD\
9f\xf8\x08\xfaq\xb0\x90M\x80\x1b\x80I\x92\xf4Z\
\xa0k\x13\xe2\x1e\x00\xf6\xab\x86\xfcgf\x871\xb3\xa9\
\xab\x1e\x09\x1cJy$\xe0=\x03\xec\xff\xb8\x01\x98\x04\
I{\x01\xdf\xa6[\xfbV_A\x19\xf2\xef\xfa^\xe3\
f\xbd\x14\x11?\xa5\x1c\xbd{Qv\x16k\x067\x00\
\x13$\xe9y\xc01\xc0\xb4\xec,\x03t\x12\xb0uD\
\x5c\x99\x1d\xc4\xcc\xea\x13\x11\xd7R\x96*{\x1bas\
\x030\x11\x92V\x05~\x0e,\x96\x9de@f\x01\x1f\
\x00\xf6\x8e\x88\xbfg\x871\xb3\xfaE\xc4C\xc0+)\
\xf3\x02\xac\xc7\xdc\x00\x8c\x93\xa4E\x81\x9f\x00+gg\
\x19\x90\x87\x80}\x22\xe2\xd3\x11\xe1\xc9Af=\x12\x11\
\xb3\xaby\x01\xfb\x03\x8ff\xe7\xb1\x1cn\x00\xc6\xa1Z\
\xeb\xffm\xca\xf3\xb3.\xb8\x1d\xd8)\x22N\xca\x0eb\
fy\x22\xe2G\xc0.\xc0\x9d\xd9Yl\xf8\xdc\x00\x8c\
\xcf\xc7\x81We\x87\x18\x90\xcb\x80\xad\x22\xe2\xfc\xec \
f\x96/\x22\xce\x01\xb6\x06.\xcf\xceb\xc3\xe5\x06`\
\x0c\x92\xf6\x05>\x94\x9dc@~\x03l\x17\x117f\
\x071\xb3\xe6\x88\x88\xbf\x02[Q\xe68YO\xb8\x01\
\x98\x0fI[\x01G\xd3\x8d\xe5~\xdf\x06\xfe)\x22\xbc\
\x0e\xd8\xcc\x9e&\x22\x1e\x00^\x0e|5;\x8b\x0d\x87\
\x1b\x80y\x90\xb4\x0ap<\xb0Hv\x96)\x12\xf0\xd1\
\x88xSD<\x91\x1d\xc6\xcc\x9a\xab\xda4\xe8mt\
o\x87S\x1bE\x97\xd6\xb2\x0f\x8c\xa4%\x80_\x02\xcf\
\xca\xce2E\xb3\x80\x03#\xe2[\xd9A\xcc\xac=\x22\
\xe2\x08I3\x81\xff\xa6\x1b#\xa06\x0a\x8f\x00\x8c\xee\
\x7f)\xe7j\xb7\xd9,\xe0\x8d.\xfef6\x19\x11\xf1\
Y\xe0\x00\xc0\xdb\x82w\x94\x1b\x80\xb9H:\x08x}\
v\x8e)z\x1c\xd87\x22\xbe\x97\x1d\xc4\xcc\xda\xab\xfa\
\x0cy%\xde+\xa0\x93\xdc\x00\x8c i3\xe0\xf3\xd9\
9\xa6\xe8a\xe0\xa5\x11\xe1\xad>\xcdl\xca\xaac\x85\
\xff\x99rX\x98u\x88\x1b\x80\x8a\xa4%\x81c\x81E\
\xb3\xb3L\xc1\x83\x94\xe2\x7fjv\x103\xeb\x8e\x888\
\x03\xd8\x15\xb8';\x8b\x0d\x8e\x1b\x80'}\x0bX?\
;\xc4\x14\xdc\x0b\xec\x5c\xfdC53\x1b\xa8\x88\xf8#\
e\xd7\xc0\xbb\xb2\xb3\xd8`\xb8\x01\x00$\x1dLy\xce\
\xd5VwP\xb6\xf6\xfdSv\x103\xeb\xae\x88\xb8\x08\
x1\xe5\x86\xc3Z\xae\xf7\x0d\x80\xa4\x17P\x96\xba\xb4\
\xd5\xfd\x94\x0d~.\xc9\x0ebf\xddW5\x01\xbb\x02\
\xf7eg\xb1\xa9\xe9u\x03 iY\xe0\xc7\xc0B\xd9\
Y&\xe9\x1f\xc0n\x11\xf1\x97\xec f\xd6\x1f\xd5g\
\xce?S\xe6\x1dYK\xf5\xb6\x01\xa8N\xf8;\x1aX\
3;\xcb$=\x0c\xec\xe9a\x7f3\xcb\x10\x11\x7f\x00\
\xf6\x02\x1e\xc9\xceb\x93\xd3\xdb\x06\x00x'\xb0gv\
\x88Iz\x1cxeD\xfc>;\x88\x99\xf5W5\xe9\
x/\xbcO@+\xf5\xb2\x01\x90\xb4\x16\xf0_\xd99\
&i\x16\xf0\x9a\x88\xf8Uv\x103\xb3\x888\x0dx\
5\xe0\xb3FZ\xa6w\x0d\x80\xa4\x05\x80\xef\x00K$\
G\x99\x8c\xd9\xc0\xeb\x22\xe2\xf8\xec ffsT\x9b\
\x05\xed\x8f\xb7\x0dn\x95\xde5\x00\xc0\xfb\x81\xed\xb3C\
L\x82\x80\xb7D\xc4\x0f\xb3\x83\x98\x99\x8d$i=`\
\x03\xbc2\xa0Uzu\x1a\xa0\xa4\x8d\x80\xc3\xb2sL\
\xd2a>\xd8\xc7\xcc\x9aB\xd2\x1a\x94\xe7\xff\xfb\x02\xdb\
\xe6\xa6\xb1\xc9\xe8M\x03 i:e\xd6\xff\x22\xd9Y\
&\xe1\xdb\x11\xf1\xf1\xec\x10f\xd6o.\xfa\xdd\xd2\x9b\
\x06\x008\x1c\xd8\x22;\xc4$\x9c\x09\xbc5;\x84\x99\
\xf5\x93\x8b~w\xf5\xa2\x01\x90\xb4\x05\xf0\xbe\xec\x1c\x93\
p9\xf0\xf2\x88x<;\x88\x99\xf5\x87\x8b~?t\
\xbe\x01\x90\xb4\x08e\xe8\x7fzv\x96\x09\xba\x0dxI\
D\xdc\x9f\x1d\xc4\xcc\xba\xcfE\xbf\x7f:\xdf\x00\x00\x9f\
\x006\xca\x0e1A\x0fQ\x8e\xf5\xbd1;\x88\x99u\
W5{\x7f\xdf\xea\xf5\x9c\xe486d\x9dn\x00$\
m\x0a\xbc+;\xc7\x04\xcd\x06^\x1b\x11\x17d\x071\
\xb3\xee\xf1\x9d\xbe\xcd\xd1\xd9\x06\xa0\xda\xf0\xe7\xeb\xb4o\
\xe8\xff\xd0\x88\xf8iv\x083\xeb\x0e\xdf\xe9O\xc9\xc3\
\xd9\x01\xea\xd2\xd9\x06\x008\x10xav\x88\x09\xfa)\
\xf0\x99\xec\x10f\xd6~\xbe\xd3\x1f\x98\xbb\xb2\x03\xd4%\
\xb2\x03\xd4A\xd2\x8a\xc0\x15\xc0\xb2\xd9Y&\xe0r`\
\xab\x88x ;\x88\x99\xb5\x93\xef\xf4\x07\xee\x1f\x11\xb1\
tv\x88\xbatu\x04\xe03\xb4\xab\xf8?\x00\xec\xeb\
\xe2of\x13\xe5;\xfdZ]\x9a\x1d\xa0N\x9dk\x00\
$\xed\x00\xbc&;\xc7\x04\x08xSD\x5c\x9e\x1d\xc4\
\xcc\xda\xc1E\x7fh:}\xe4z\xa7\x1a\x00I\x0b\x03\
G\xd1\xaeG\x1b\x9f\xf2\xe9~f6\x16I\xeb\xf2\xe4\
\xf0\xfe\xe6\xc9q\xfa\xe2\xac\xec\x00u\xeaT\x03@9\
\xe9o\x83\xec\x10\x13\xf0\x1b\xe0#\xd9!\xcc\xac\x99|\
\xa7\x9f\xea6\xe0\xf4\xec\x10u\xeaL\x03 im\xe0\
\x83\xd99&\xe0&\xe0U\x111+;\x88\x995\x87\
\xef\xf4\x1b\xe3k\x11\xf1Dv\x88:u\xa6\x01\x00>\
\x0b,\x9a\x1db\x9cf\x01\xaf\x8b\x88{\xb2\x83\x98Y\
>\x17\xfd\xc6y\x00\xf8jv\x88\xbau\xa2\x01\xa8&\
\xfe\xed\x95\x9dc\x02>\x15\x11\xbf\xcb\x0eafy<\
\xbc\xdfh\x87E\xc4\xed\xd9!\xea\xd6\xa6\xc9r\xa3\x92\
\x14\xc0\xb9\xc0\x96\xd9Y\xc6\xe9\x8f\xc0v]\x1fZ2\
\xb3\xa7\xf3\x9d~+\x5c\x08\xbc \x22ff\x07\xa9[\
\x17F\x00^E{\x8a\xffC\xc0\xeb]\xfc\xcd\xfa\xc3\
w\xfa\xadr\x0feO\x96\xce\x17\x7fhy\x03P-\
\xfb\xfbDv\x8e\x098$\x22\xae\xca\x0eaf\xf5\xf2\
\x9d~+=\x0a\xbc,\x22\xae\xcd\x0e2,\xadn\x00\
\x80w\x00ke\x87\x18\xa7\x13#\xe2\x9b\xd9!\xcc\xac\
\x1es\xdd\xe9oC\x07\x1e\xb1\xf6\xc8}\xc0\xde\x11q\
Nv\x90aj\xed\x0f\xa8\xa4e\x81k\x81\xe5\xb2\xb3\
\x8c\xc3\xdf\x80\xcd\x22\xe2\xde\xec f68\xbe\xd3\xef\
\x84\xab)w\xfe\xbd\x1b\x9dm\xf3\x08\xc0\x87hG\xf1\
\x17\xf0\x06\x17\x7f\xb3np\xd1\xef\x8c\xc7\x81\xff\x06>\
\x11\x11\x8fd\x87\xc9\xd0\xca\x11\x80j\xa8\xed\x0a`\x91\
\xe4(\xe3\xf1\x8d\x88xKv\x083\x9b<\x17\xfdN\
y\x04\xf8\x01\xf0\xd9\x88\xb82;L\xa6\xb66\x00\xdf\
\xa7\x1d\x07\xfe\xdc\x06l\x14\x11\xf7g\x071\xb3\x89q\
\xd1\xef\x14Q\x96`\x1f\x0b|\xd7\x9b\xb0\x15\xad{\x04\
 iS`\xff\xec\x1c\xe3\xf4.\x17\x7f\xb3\xf6p\xd1\
\xef\x949E\xff8\xe0\xf8\x88\xb819O\xe3\xb4\xae\
\x01\x00\xfe\x1dX ;\xc48\x9c\x18\x11'd\x870\
\xb3\xf9\x93\xb4\x1c\xf0Z\xe0\x0d\xc0ss\xd3\xd8\x14\xb9\
\xe8O@\xab\x1e\x01H\xda\x10\xb8\x94\xe67\x00\xf7\x03\
\x1bG\xc4\xad\xd9A\xcclt\x92\x96\xa2\x9c z\x08\
\xb0Dr\x1c\x9b<\x17\xfdIj\xdb\x08\xc0\x87h~\
\xf1\x07x\xbf\x8b\xbfYsIz\x09p\x14\xb0jv\
\x16\x9b\x14\x17\xfd\x01h\xcd\x08@\xf5l\xee\x0a`\xc1\
\xec,c8\x13\xd89\x22\x94\x1d\xc4\xcc\x9e\xaa:;\
\xe4\xa3\xc0\x87i\xd1\xe7\x9f\x01.\xfa\x03\xd7\xa6\x11\x80\
\x0f\xd2\xfc\xe2\xff(p\xa0\x8b\xbfY\xf3HZ\x10\xf8\
\x1a\xf0\xa6\xec,6n.\xfa5jE\x03 iM\
\xca$\x9d\xa6\xfb\x5cD\x5c\x93\x1d\xc2\xccF\xf5E\x5c\
\xfc\xdb\xc0E\x7fHZ\xd1\x00\x00\x87\x02\xd3\xb3C\x8c\
\xe16\xe0\x93\xd9!\xcc\xec\xe9$\x1d\x04\xbc=;\x87\
\xcd\x93\x8b~\x82\xc6?\x03\x93\xb4\x1ae\xcf\xff\x85\xb2\
\xb3\x8c\xe1\x0d\x11\xf1\xdd\xec\x10f\xf6T\x92\xd6\x07\xfe\
\x0c,\x96\x9d\xc5\x9e\xc2E?Y\x1bF\x00>@\xf3\
\x8b\xff\x9f\x81\xefe\x870\xb3Q\x1d\x89\x8b\x7f\x93\x5c\
N)\xfa\xdf\xef\xd3\xd1\xbbM\xd4\xe8\x11\x00I\xcf\x04\
n\xa4\xd9{\xfe\x0b\xd8\xaeo\xc7H\x9a\xb5\x81\xa4\x9d\
\x81\xdfd\xe7\xe89\xdf\xe97T\xd3G\x00\xdeJ\xb3\
\x8b?\xc0\x0f]\xfc\xcd\x1a\xeb\xfd\xd9\x01z\xccw\xfa\
\x0d\xd7\xd8\x11\x00I\xd3\x81\xeb\x81geg\x99\x8fG\
\x80\x0d\xdd\xd1\x9a5\x8f\xa4U\x81\x9bh\xf0\xe7\x5c\x07\
\xb9\xe8\xb7H\x93G\x00^I\xb3\x8b?\xc0\x11.\xfe\
f\x8d\xb5\x0f.\xfeu\xf3\xf0~\x8b5\xb9\x0188\
;\xc0\x18n\x07>\x93\x1d\xc2\xcc\xe6i\xa7\xec\x00\x1d\
\xe5\xa2\xdf\x11\x8dl\x00$m\x09l\x95\x9dc\x0c\x9f\
\x8a\x88\x87\xb2C\x98\xd9<m\x99\x1d\xa0C\x5c\xf4;\
\xa8\x91\x0d\x00\xe5t\xae&\xbb\x95\xb2\xa5\xa8\x995\x90\
\xa4E\x80U\xb2st\x80\x9f\xe9wX\xe3\x1a\x00I\
+S\x9e\xff7\xd9\x7fF\xc4#\xd9!\xccl\x9eV\
\xc4\xcf\xff'\xc3w\xfa=\xd2\xb8\x06\x80\xb2\xf4\xaf\xc9\
\x1b\xff\xdc\x00|3;\x84\x99\xcd\xd7\xa2\xd9\x01Z\xc4\
E\xbf\xa7\x1a\xd5\x00HZ\x188(;\xc7\x18>\x1e\
\x11\x8fg\x870\xb3\xf9\xf2\xbf\xd1\xb1yx\xbf\xe7\x1a\
\xd5\x00\x00\xfbQ\x86\xee\x9a\xea\x1a\xe0\xe8\xec\x10f6\
\xa6{\xb2\x034\x90\xef\xf4\xed)\x9a\xd6\x00\xbc%;\
\xc0\x18>\x1a\x113\xb3C\x98\xd9\xfcE\xc4\xdf%\xdd\
\x05\xac\x90\x9d\xa5\x01|\xa7o\xa3j\xcc$\x19Ik\
S\xee\xb0\x1b\x93i.W\x00\x9bF\xc4\xac\xec f\
66I\xa7\x03\xbbd\xe7H\xe0;}\x1b\x97&\x8d\
\x00\x1c@s\x8b?\xc0\xa7]\xfc\xcdZ\xe5\x0c\xfa\xd5\
\x00\xf8N\xdf&\xa4\x11\x05W\xd2\x02\xc0_\x81gg\
g\x99\x87\xdb\x805#\xe2\xb1\xec f6>\x926\
\x01.\xc9\xceQ#\xdf\xe9\xdb\x944e\x04`g\x9a\
[\xfc\x01\xbe\xe4\xe2o\xd6.\x11q\xa9\xa4\xf3\x81\xe7\
gg\x190\xdf\xe9\xdb@4\xa5\x018 ;\xc0|\
<\x04\x1c\x95\x1d\xc2\xcc&\xe5\x0b\xc0\xf7\xb3CL\x91\
\xef\xf4\xad\x16\xe9\x8f\x00$-E\x19b_,;\xcb\
<|)\x22\x9a~0\x91\x99\x8dB\xd2\x82\xc0\xc5\xc0\
F\xd9Y&\xc8E\xdfj\xd7\x84\x11\x80W\xd1\xdc\xe2\
?\x0b82;\x84\x99MND\xcc\x92\xf4f`\x06\
\xb0@v\x9eq\xf0\xf0\xbe\x0dM\x13\x1a\x80&\x0f\xff\
\x9f\x18\x11\xd7e\x870\xb3\xc9\x8b\x88?H:\x12x\
Ov\x96Q\xf8N\xdf\xd2\xa4>\x02\x90\xb4\x1epe\
v\x8e\xf9\xd8:\x22\xce\xcd\x0eafS#i\x1ap\
\x0ae\xc2q6\x17}k\x84\xec\x11\x80\xd7\xd2\xdc\xe2\
\x7f\xb6\x8b\xbfY7D\xc4LI{S\x9a\x80\xad\x13\
\x22\xb8\xe8[\xe3d7\x00M>\xf6\xf7+\xd9\x01\xcc\
lp\x22\xe2\x01I\xbbQV\x05\xec5\xa4\xb7\xf53\
}k\xac\xb4\xbboI\x1bR\xfeq4\xd1}\xc0\xb3\
\x22\xe2\x91\xec f6X\xd5\xca\x80\xf7\x03\x873\xf8\
\xa3\xc7}\xa7o6\x16I\xff\xae\xe6\xfab\xf6\x9f\x8f\
\x99\xd5K\xd2\xc6\x92N\x19\xc0\xe7\xc5lI\xe7Jz\
\xaf\xa4&ohf\xd6\x0c\x92.\x18\xc0?\xbc\xbal\
\x9a\xfd\xe7cf\xc3!i+I?\x90\xf4\xe0\x04>\
#\x5c\xf4\xad\xf5R\x1e\x01HZ\x93\xb2\xf7\x7f\x13\x9d\
\x1b\x11\x19\x93\x84\xcc,\x91\xa4\xc5(\xab\x04\xb6\x066\
\x05\xd6\x02\x16\x05\xa6\x03\x0f\x02\xb7S\x1e[\x9e\x07\x9c\
\x16\x11\xb7'E5\x1b\x88\xacI\x80\xafHz\xdf\xf1\
\xf8zv\x003\x1b\xbe\x88x\x18\xf8y\xf52\xeb\xbc\
\xac\x11\x80s\xc8Y\x8a3\x96\x07\x81U\x22\xe2\x81\xec\
 fffu\x1a\xfa\xd6\x98\x92V\x02^8\xec\xf7\
\x1d\xa7\x1f\xb8\xf8\x9b\x99Y\x1fd\xec\x8d\xbdO\xd2\xfb\
\x8e\xc77\xb2\x03\x98\x99\x99\x0dCF!n\xea\xf3\xff\
\xab\x22\xe2\xfc\xec\x10fff\xc30\xd4\x06@\xd2\xd2\
\xc0\x0e\xc3|\xcf\x09\xf8qv\x0033\xb3a\x19\xf6\
\x08\xc0\xce\xe4o?</n\x00\xcc\xcc\xac7\x86\xdd\
\x00\xbcx\xc8\xef7^\x97DDS\xb7%633\
\x1b87\x00\xc5\xb1\xd9\x01\xcc\xcc\xcc\x86ih\xfb\x00\
HZ\x03\xb8~X\xef7A\x1bF\xc4\x95\xd9!\xcc\
\xcc\xcc\x86e\x98#\x00\xbb\x0d\xf1\xbd&\xe2B\x17\x7f\
33\xeb\x9ba6\x00M\x1d\xfe\xf7\xe4?33\xeb\
\x9d\xa1<\x02P9\x7f\xfbN`\xb9a\xbc\xdf\x04\xad\
\x1b\x11\xd7f\x87033\x1b\xa6a\x8d\x00<\x8ff\
\x16\xff\x8b\x5c\xfc\xcd\xcc\xac\x8f\x86\xd5\x004\xf5\xf9\xff\
\xaf\xb2\x03\x98\x99\x99e\x18V\x03\xd0\xd4\xe7\xffn\x00\
\xcc\xcc\xac\x97j\x9f\x03 ia\xe0\xef\xc0\xc2u\xbf\
\xd7\x04\xfd\x1dX!\x22\x9e\xc8\x0ebff6l\xc3\
\x18\x01\xd8\x82\xe6\x15\x7f\x80\xd3]\xfc\xcd\xcc\xac\xaf\x86\
\xd1\x00l5\x84\xf7\x98\x8c_g\x07033\xcb2\
\x8c\x06\xe0\x85Cx\x8f\xc985;\x80\x99\x99Y\x96\
\xbe\x8e\x00\x5c\x12\x117e\x87033\xcbRk\x03\
 ie`\xf5:\xdfc\x92<\xfb\xdf\xcc\xccz\xad\
\xee\x11\x80&\xde\xfd\x83\x9f\xff\x9b\x99Y\xcf\xf5\xb1\x01\
x\x028/;\x84\x99\x99Y\xa6>6\x00\xe7G\xc4\
\xc3\xd9!\xcc\xcc\xcc2\xd5\xd6\x00H\x9aF\xd9\x03\xa0\
i\xce\xce\x0e`ff\x96\xad\xce\x11\x80\xcd\x80\xc5k\
\xbc\xfed\xb9\x0103\xb3\xde\xab\xb3\x01x~\x8d\xd7\
\x9e\x8a?d\x07033\xcbVg\x03\xb0I\x8d\xd7\
\x9e\xack\x22\xe2\x8e\xec\x10fff\xd9\xeal\x006\
\xae\xf1\xda\x93\xe5\xe1\x7f333\xfa7\x02\xe0\x06\xc0\
\xcc\xcc\x8c\x9a\x1a\x00I\xcf\x00\x9eY\xc7\xb5\xa7\xc8\x0d\
\x80\x99\x99\x19\xf5\x8d\x004q\xf8\xff~\xe0\xca\xec\x10\
fffMPW\x03\xd0\xc4\xe1\xff\x8b\x22B\xd9!\
\xcc\xcc\xcc\x9a\xa0O#\x00\x17g\x07033k\x8a\
>\x8d\x00\x5c\x92\x1d\xc0\xcc\xcc\xac)\xeaj\x006\xaa\
\xe9\xbaS\xe1\x06\xc0\xcc\xcc\xac\x12\x83\xbe\xa0\xa4\x95\x81\
[\x07}\xdd)\x9a\x0d,\x1d\x11\x0ff\x07133\
k\x82:F\x00\x9ax\xf7\x7f\xbd\x8b\xbf\x99\x99\xd9\x93\
\xeah\x00\xd6\xac\xe1\x9aSuQv\x0033\xb3&\
\xa9\xa3\x01X\xbd\x86kN\x95\x9f\xff\x9b\x99\x99\x8dP\
G\x03\xf0\xec\x1a\xae9U^\x02hff6B_\
F\x00.\xcf\x0e`ff\xd6$}\x18\x01\x10pC\
v\x0833\xb3&\x19h\x03 iA`\xd5A^\
s\x00n\x8b\x88G\xb3C\x98\x99\x995\xc9\xa0G\x00\
V\x06\xa6\x0f\xf8\x9aSuCv\x0033\xb3\xa6\x19\
t\x03\xd0\xb4\xe1\x7f\x80\xeb\xb3\x03\x98\x99\x995\xcd\xa0\
\x1b\x80&N\x00\xbc!;\x80\x99\x99Y\xd3\xf4a\x04\
\xe0\x86\xec\x00fffM\xd3\x87\x11\x00?\x0203\
3\x9bK\x1d\x93\x00\x9b\xe6\x86\xec\x00fffM3\
\xe8\x06`\xb9\x01_o\xaaf\x017g\x87033\
k\x9aA7\x00\xcb\x0e\xf8zSu{D<\x9e\x1d\
\xc2\xcc\xcc\xaci\x06\xdd\x00,?\xe0\xebM\xd5\x9d\xd9\
\x01\xcc\xcc\xcc\x9ah\xda\x80\xaf\xd7\xb4G\x00\xf7f\x07\
03\xb3~\x92\xb4\x18\xb06et|!\xe0Q\xe0\
\x1e\xe0\xba&\x8cN\x0f\xac\x01\xa8\xbe\xd1E\x06u\xbd\
\x01\xb9;;\x80\x99\x99\xf5\x83\xa4i\xc0\xee\xc0\xcb\x80\
\x9d\x80u\x81\x18\xe5\xffu\xa6\xa4\xcb\x813\x80\x13\x80\
\xb3#B\xc3\xca9p\x92VU\xf3\xfco\xf6\x9f\x8b\
\x99\x99u\x9b\xa4%%}@\xd2\xad\x93\xacUWK\
z\xb3\xa4\x85\x86\x99{\x90s\x00\x9a6\xfc\x0f\x1e\x01\
03\xb3\x1aI\xda\x1f\xb8\x0a\xf8\x14\x93_\x0a\xbf.\
\xf0u\xe0\x22I/\x1aT\xb6\xb1t\xbd\x01\xb8';\
\x80\x99\x99u\x8f\xa4%$}\x1f8\x86\xc1\xed\x81\xb3\
\x01\xf0\x1bI\x9fTy\x9cP\xabA6\x00M[\x01\
\x00pWv\x0033\xeb\x16I\xcb\x01\xa7\x01\xaf\xa9\
\xe1\xf2\x01\x1c\x0a\xfcD\xd2\xa25\x5c\xff\xff\x0c\xb2\x01\
h\xda\x1e\x00\xe0U\x00ff6@U\xf1?\x0b\xd8\
\xaa\xe6\xb7z)pb\x9d\xf3\x02\xba\xde\x00x\x0e\x80\
\x99\x99\x0d\x84\xa4\xe9\xc0O\x81M\x86\xf4\x96\xbb\x03_\
\xad\xeb\xe2\x83l\x00\x86:{q\x9c<\x02`ff\
\x83\xf2q`\xfb!\xbf\xe7\x1b%\x1dP\xc7\x85\xbb\xde\
\x00<\x9c\x1d\xc0\xcc\xcc\xdaO\xd2\xf3\x80\x7fKz\xfb\
/J\x1a\xf8a{]o\x00\xd2wZ23\xb3N\
\xf8\x02\xb0`\xd2{/\x05\x1c>\xe8\x8b\x0e\xb2\x01\x98\
>\xc0k\x0d\x8a\x1b\x0033\x9b\x12I;0\xfc\xa1\
\xff\xb9\xbdA\xd2j\x83\xbc`\xd7G\x00\x1e\xcb\x0e`\
ff\xad\xf7\xb6\xec\x00\x94\x1a\xfb\xa6A^\xb0\xcb#\
\x00\xb3#bfv\x0833k/IK\x00{e\
\xe7\xa8\xfc\xbfA^\xac\xcb#\x00\xbe\xfb73\xb3\xa9\
\xda\x1e\xa8uC\x9e\x09XO\xd2\x1a\x83\xbaX\x97\x1b\
\x00?\xff73\xb3\xa9\xda6;\xc0\x5c\xb6\x1b\xd4\x85\
\xdc\x00\x98\x99\x99\xcd\xdb\x86\xd9\x01\xe6\xb2\xc1\xa0.\xd4\
\xe59\x00n\x00\xcc\xccl\xaaV\xcd\x0e0\x97\x81\xad\
\x04\xe8\xf2\x08\x80\xe7\x00\x98\x99\xd9T-\x91\x1d`.\
K\x0e\xeaB\x83l\x00\x9a6\xe3\xde\xbb\x00\x9a\x99\xd9\
T-\x96\x1d`.\x03;&x\x90\x0d\xc0\x83\x03\xbc\
\xd6 <\x90\x1d\xc0\xcc\xccZ\xafi\xa3\xdbO\x0c\xea\
B\x83l\x00n\x1e\xe0\xb5\x06\xe1\xa6\xec\x00ff\xd6\
z\x8bd\x07\x98\xcb\xc0\x1eo\x0f\xb2\x01\xb8b\x80\xd7\
\x1a\x84+\xb3\x03\x98\x99Y\xeb5m\x82{#G\x00\
\xce\x1e\xb2\xba\xb3\xfa\x00\x00\x1e\xe8IDAT\xe0\xb5\
\x06aFv\x0033k=\x8f\x00\x8c%\x22\xae\x03\
\xae\x1b\xd4\xf5\xa6\xe8!\x9a\xd7\x90\x98\x99Y\x8bH\x0a\
\x068\xe9n@\x1a9\x02\x00\xf0\x83\x01_o\xb2N\
\x8c\x88G\xb2C\x98\x99Y\xab-\x0cDv\x88\xb94\
o\x04\xa0\xf2M\x9a\xb1\x01\xcfW\xb2\x03\x98\x99Y\xeb\
5m\x05\x004u\x04 \x22n\x02\x8e\x1e\xe45'\
\xe17\x11qNr\x0633k\xbf\x85\xb3\x03\x8cb\
`7\xd9\x83\x1e\x01\x00\xf80p\x7f\x0d\xd7\x1d\x8f\x99\
\xc0{\x93\xde\xdb\xcc\xcc\xba\xc5\x0d\xc0DD\xc4\x1d\xe4\
\x15\xe1OE\xc4EI\xefmff\xdd\xd2\x94c\x80\
Gj\xe6#\x809\x22\xe2[\xc0w\xeb\xb8\xf6|\x9c\
\x01\x1c>\xe4\xf743\xb3\xeeZ.;\xc0(\x1e\x1d\
\xd4\x85ji\x00*\x07\x02\xa7\xd6x\xfd\x91.\x06^\
\x11\x11\xb3\x86\xf4~ff\xd6}\xcf\xc8\x0e0\x8a\x81\
=b\xaf\xad\x01\x88\x88\xc7\x81\x97\x01\xc7\xd7\xf5\x1e\x95\
?\x01\xbbFD\xd6\xbc\x0333\xeb\xa6&6\x00\xf7\
\x0c\xeaBu\x8e\x00\x10\x11\x8f\x01\xfb\x03\x9f\x04f\xd7\
\xf0\x16\xdf\x05v\x8a\x88\xbbj\xb8\xb6\x99\x99\xf5[\x13\
\x1f\x01\xdc7\xa8\x0b\xd5\xda\x00\x00D\xc4\xcc\x88\xf8\x10\
\xb0\x0b\x83;/\xe0\x16`\xdf\x88xCD\xf8\xd8_\
33\xabC\x13G\x00\xee\x1d\xd4\x85jo\x00\xe6\x88\
\x883\x81\xe7\x00\xff\x02\x5c=\xc9\xcb\xdc\x0a\xfc\x1b\xb0\
AD\xd4\xfdh\xc1\xcc\xcc\xfam\xf9\xec\x00\xa3\x18X\
\x03\x90\xb2\xc5a\xb5\xbf\xf26\xc0>\xc0\xce\xc0&\x8c\
\xbe\xdf\xf2lJ\xb3\xf0[\xe0g\xc0\xe9\x9e\xe8gf\
f\xc3 \xe9x\xe0\x15\xd99\xe6\xb2p5\xc7n\xca\
\x1a\xb1\xc7\xb1\xa4\xe9\xc0Z\x94nk1\xca2\x87\xfb\
\x81k#b`K\x1e\xcc\xcc\xcc\xc6K\xd2o\x81\x9d\
\xb2s\x8c\xf0@D,5\xa8\x8b5\xe2\x94\xa3\x88x\
\x02\xb8*;\x87\x99\x99\xd9\x08+d\x07\x98\xcb\xc0V\
\x00\xc0\x10\xe7\x00\x98\x99\x99\xb5L\xd3\xe6\x00\x0cl\x05\
\x00\xb8\x01033{\x1aI\x8b\x00+f\xe7\x98\x8b\
G\x00\xcc\xcc\xccj\xb6\x06\x0d\x99'7\xc2\xc0V\x00\
\x80\x1b\x0033\xb3\xd1\xac\x91\x1d`\x14\xb7\x0f\xf2b\
n\x00\xcc\xcc\xcc\x9en\xcd\xec\x00\xa3\xb8q\x90\x17s\
\x03`ff\xf6tkd\x07\x18\xc5M\x83\xbc\x98\x1b\
\x0033\xb3\xa7\xf3\x08\x80\x99\x99Y\x0f\xb9\x0103\
3\xeb\xa15\xb2\x03\xcc\xe5\x11`\xa0'\xdf\xba\x010\
33\x1bA\xd2\x924\xef$\xc0\x9b\x22B\x83\xbc\xa0\
\x1b\x0033\xb3\xa7j\xe2\xf0\xff@'\x00\x82\x1b\x00\
33\xb3\xb9m\x92\x1d`\x14\x03}\xfe\x0fn\x00\xcc\
\xcc\xcc\xe6\xb6iv\x80Q\xb8\x01033\xab\xd9f\
\xd9\x01F\xe1G\x00fff5k\xe2#\x80\xeb\x07\
}\xc1\xa6\x1dt`ff\x96F\xd22\x94Cw\x9a\
V\x1fW\x88\x88\xbb\x07yA\x8f\x00\x98\x99\x99=i\
3\x9aW\xfco\x1ft\xf1\x077\x00fff#5\
\xf1\xf9\xffeu\x5c\xd4\x0d\x80\x99\x99\xd9\x93\x9a\xb8\x02\
\xc0\x0d\x80\x99\x99Y\xcd\xdc\x00\x98\x99\x99\xf5\x89\xa4\x05\
h\xe6\x0a\x007\x00fff5\xda\x14X2;\xc4\
(.\xaf\xe3\xa2n\x00\xcc\xcc\xcc\x8am\xb3\x03\x8c\xe2\
o\x11q_\x1d\x17v\x03`ffV4\xb1\x01\xa8\
e\xf8\x1f\xdc\x00\x98\x99\x99\xcd\xb1]v\x80Q\x5cZ\
\xd7\x85\xdd\x00\x98\x99Y\xefIZ\x15X=;\xc7(\
<\x02`ffV\xa3&\xde\xfd\x03\xfc\xb1\xae\x0b\xbb\
\x01033k\xe6\xf3\xff\x07\x80+\xea\xba\xb8\x1b\x00\
33\xb3f6\x00\xe7E\xc4\xac\xba.\xee\x06\xc0\xcc\
\xcczM\xd2\x124s\x07\xc0s\xeb\xbc\xb8\x1b\x003\
3\xeb\xbb\xed\x80i\xd9!Fq^\x9d\x17w\x03`\
ff}\xb7Gv\x80Q\x08\x8f\x00\x98\x99\x99\xd5\xea\
\x9f\xb2\x03\x8c\xe2\xda\x88\xb8\xbb\xce7p\x03`ff\
\xbd%iM`\xbd\xec\x1c\xa3\xa8\xf5\xee\x1f\xdc\x00\x98\
\x99Y\xbf\xbd$;\xc0<\xb8\x01033\xabQ\x13\
\x9f\xff\xc3\x10\x1a\x80\xa8\xfb\x0d\xcc\xcc\xcc\x9aH\xd2\xc2\
\xc0=\xc0\xe2\xd9Y\xe6\xf20\xb0LD<Q\xe7\x9b\
x\x04\xc0\xcc\xcc\xfaj\x07\x9aW\xfc\x01f\xd4]\xfc\
\xc1\x0d\x80\x99\x99\xf5WS\x87\xffO\x1b\xc6\x9b\xb8\x01\
03\xb3\xbe\xeau\x03\xe09\x00ff\xd6;\x926\
\xa0\xc6\x83v\xa6\xe0N`\xa5\x88P\xddo\xe4\x11\x00\
33\xeb\xa3Wg\x07\x98\x87\xd3\x86Q\xfc\xc1\x0d\x80\
\x99\x99\xf5\xd3\xbe\xd9\x01\xe6a(\xc3\xff\xe0G\x00f\
f\xd63\x926\x05.\xce\xce1\x0f\xabE\xc4-\xc3\
x#\x8f\x00\x98\x99Y\xdf\xec\x97\x1d`\x1e.\x1fV\
\xf1\x077\x00ff\xd6?\xaf\xcc\x0e0\x0fC\x1b\xfe\
\x077\x00ff\xd6#\x92\x9e\x0bl\x90\x9dc\x1e\xdc\
\x00\x98\x99\x99\xd5\xa4\xa9\x93\xff\x1e\x07~7\xcc7t\
\x03`ff}\xd2\xd4\x06\xe0\x8c\x88x`\x98o\xe8\
\x06\xc0\xcc\xcczA\xd2\xd6\xc0:\xd99\xe6\xe1\xc4a\
\xbf\xa1\x1b\x0033\xeb\x8b\xb7d\x07\x98\x87Y\xc0O\
\x87\xfd\xa6\xde\x07\xc0\xcc\xcc:O\xd2\x92\xc0\xad\xc0\x12\
\xd9YFqfD\xbch\xd8o\xea\x11\x0033\xeb\
\x83\xd7\xd0\xcc\xe2\x0f\xf0\x93\x8c7\xf5\x08\x80\xb5\x9e\xa4\
\x95\x81\xdd\x81\x17\x02\x1b\x02+\x03\xcb\x01\x0fU\xaf\x1b\
\x80K\x81\xb3\x81\xdfD\xc4C9I\xcd,\x8b\xa4?\
\x01\xcf\xcf\xce1\x0a\x01\xcf\x8e\x88\x9b\xb3\x83\x98\xb5\x82\
\xa4gKz\xaf\xa4s%\xcd\xd6\xf8=,\xe9G\xd5\
d 3\xeb\x01I\xcf\x9d\xc0g\xc4\xb0\x9d\x9b\xfd\xe7\
c\xd6x\x9a|\xd1\x9f\x97S$m\x92\xfd}\x99Y\
\xbd$\xfd\xef\x00>/\xea\xf2\xfe\xac?\x17?\x02\xb0\
F\x93\xf4l\xca\xb6\x9d\xfb\x02[2\xf8\x9f\xd9'\x80\
\xc3\x81#\x22b\xd6\x80\xafmf\xc9$-F\x99\xfc\
\xb7tv\x96yX7\x22\xae\xcd\x0ea\xd6\x08\x92V\
\x93t\x88\xa4\x19\x1a\xcc\x9d\xfex\xfcZ\xd2R\xd9\xdf\
\xbb\x99\x0d\x96\xa47\x0c\xe93d2.\xcc\xfc\xb3\x99\
\x96\xf9\xe6fs\xa8\xfe;\xfd\xb1\xec\x0e\xfcZ\xd2\xee\
\xc3\xde\x8d\xcb\xccjuPv\x80\xf98!\xf3\xcd\xfd\
\x08\xc0\xd24\xa0\xe8\x8f\xe6\x0c`\xf7\x88\x98\x99\x1d\xc4\
\xcc\xa6F\xd2\xb6\xc0\x8c\xec\x1c\xf3 `\xed\x88\xb8>\
+\x80G\x00l\xa8\x1aZ\xf4G\xda\x198\x02xo\
v\x103\x9b\xb2\x7f\xcb\x0e0\x1fge\x16\x7fh\xde\
\x87\xafu\x90\xa4\xd5\x80}(E\x7f\x1b\x9a\xffs7\
\x1bxQD\x0c\xf5d.3\x1b\x1cI\xeb\x02W\xd2\
\xdc\x0d\xef\xde\x10\x11\xdf\xcd\x0c\xd0\xf4\x0fbk\xa9\x16\
\xdc\xe9\x8f\xe52`\xb3\x88\x98\x9d\x1d\xc4\xcc&N\xd2\
W\x80\xb7f\xe7\x98\x87\x07\x81\x95#\xe2\xc1\xcc\x10~\
\x04`\x03\xd3\x81\xa2?\xd2\xc6\xc0\xab\x81c\xb2\x83\x98\
\xd9\xc4HZ\x018 ;\xc7|\x1c\x9f]\xfc\xc1\x0d\
\x80MQ\x0b\x87\xf7'\xe2\x10\xdc\x00\x98\xb5\xd1;\x80\
E\xb3C\xcc\xc7w\xb2\x03@\xb7>\xacmH:v\
\xa7?\x96M#\xe2\xd2\xec\x10f6>\x92\x16\x05n\
\x04V\xc8\xce2\x0f\x7f\x05\xd6\x89\x08e\x07\xf1\x08\x80\
\x8dK\xc7\xef\xf4\xe7gO\xcaABf\xd6\x0e\x07\xd0\
\xdc\xe2\x0fpt\x13\x8a?\xf4\xe7C\xdc&\xa1gw\
\xfa\xf3rZD\xec\x96\x1d\xc2\xcc\xc6&i\x1ap\x05\
\xb0Nv\x96yH_\xfb?\x92G\x00\xec)z|\
\xa7?/\x9bf\x070\xb3q;\x80\xe6\x16\x7f\x803\
\x9bR\xfc\xc1\x0d\x80\xe1;\xfd1\xac$iIo\x0f\
l\xd6l\x92\x16\x02>\x9c\x9dc\x0c\xdf\xcc\x0e0\x92\
\x1b\x80\x9e\xf2\x9d\xfe\x84,\x0b\xb8\x010k\xb67\x03\
kd\x87\x98\x8f\xdb\x80\xe3\xb2C\x8c\xe4\x06\xa0G\x5c\
\xf4'm\xa1\xec\x00f6o\x92\x16\x01>\x98\x9dc\
\x0c_\x89\x88\xc7\xb3C\x8c\xe4\x06\xa0\xe3<\xbc?\x10\
\x8fe\x070\xb3\xf9z+\xb0jv\x88\xf9x\x0c\xf8\
Zv\x88\xb9\xb9\x01\xe8 \xdf\xe9\x0f\xd4l\xe0\xce\xec\
\x10f6:I\x8b\x03\x87f\xe7\x18\xc3\x8f\x22\xe2\x8e\
\xec\x10ss\x03\xd0\x11\xbe\xd3\xaf\xcd\xcd\x11\xe1\x11\x00\
\xb3\xe6z\x07\xb0bv\x881|1;\xc0h\xdc\x00\
\xb4\x98\x8b\xfeP\xfc1;\x80\x99\x8dN\xd2R\xc0\xfb\
\xb2s\x8caFD\xfc9;\xc4h\xdc\x00\xb4\x8c\x8b\
\xfe\xd0\x9d\x99\x1d\xc0\xcc\xe6\xe9\x83\xc03\xb2C\x8c\xa1\
\x91w\xff\xe0\xe2\xd1\x0a~\xa6\x9ff6\xb0ZD\xdc\
\x9a\x1d\xc4\xcc\x9eJ\xd2Z\x94c\xbb\x17\xc9\xce2\x1f\
\x7f\x03\xd6\x8c\x88'\xb2\x83\x8c\xc6#\x00\x0d\xe5\xa2\xdf\
\x08?w\xf17k\xac\xcf\xd0\xec\xe2\x0f\xf0\xa5\xa6\x16\
\x7fpQi\x14\x0f\xef7\xce\x8b\x22\xe2\xcc\xec\x10f\
\xf6T\x92v\x06~\x93\x9dc\x0c\x0f\x03\xabG\xc4=\
\xd9A\xe6\xc5#\x00\xc9|\xa7\xdfX'\xbb\xf8\x9b5\
\x8f\xa4\x05\x81\xcfg\xe7\x18\x87\xa3\x9a\x5c\xfc\xc1\xc5&\
\x85\xef\xf4\x1b\xefA\xe09\x11\xf1\xd7\xec f\xf6T\
\x92\xde\x0a|%;\xc7\x18\x1e\xa5\x9c\xfa\xd7\xe8G\x88\
\x1e\x01\x18\x12\x17\xfdVy\x97\x8b\xbfY\xf3HZ\x06\
\xf8xv\x8eq\xf8f\xd3\x8b?\xb8\x01\xa8\x95\x8b~\
+}6\x22\xbe\x93\x1d\xc2\xccFu\x18\xcd_\xf6\xf7\
8pDv\x88\xf1p\x030`.\xfa\xad\xf6U\x9a\
\xbf\xa9\x88Y/I\xda\x84\xb2\xeb_\xd3}'\x22n\
\xce\x0e1\x1e.N\x03\xe0\xa2\xdfz\xb3\x81\xc3\x81\xff\
\x8c\x08%g1\xb3\xb9HZ\x008\x1b\xd8*;\xcb\
\x18\x9e\x00\xd6\x8f\x88\xeb\xb3\x83\x8c\x87G\x00&\xc9E\
\xbf3n\x04\xde\x12\x11\xa7e\x071\xb3yz'\xcd\
/\xfe\x00\xdfoK\xf1\x07\x17\xad\x09q\xd1\xef\x94\x7f\
P\x96\x12}&\x22\x1e\xcc\x0ecf\xa3\x93\xb4:p\
)\xb0dv\x961\xcc\x046\x8c\x88k\xb3\x83\x8c\x97\
G\x00\xc6\xe0\xa2\xdf9\x7f\x01\xbeE\xe9\xd4\xef\xcf\x0e\
cfc\xfa\x0a\xcd/\xfeP\x8e\xfcmM\xf1\x07\x17\
\xb3Q\xb9\xe8w\xce\x85\xc0q\xc0q\x11qMv\x18\
3\x1b\x1fI\xfb\x03\xc7d\xe7\x18\x87Y\xc0&\x11q\
ev\x90\x89\xf0\x08@E\xd2\xf2\xc0\x01\xc0~\xb8\xe8\
w\x81\x8b\xbeY\x8bU\x9f\xc9_\xc8\xce1N\xdfk\
[\xf1\x077\x00H\xda\x18x/\xb0?\xcd?X\xc2\
\xe6\xcfE\xdf\xac;>\x07<3;\xc48<\x0c|\
$;\xc4d\xf4\xb6\x01\x90\xb4\x18eS\x89\xf7\x00\xd3\
\x93\xe3\xd8\xe4\xb9\xe8\x9bu\x8c\xa4=\x80\xd7g\xe7\x18\
\xa7\xcfG\xc4-\xd9!&\xa3\x97\xc3\xdc\xd5]\xff\xcf\
\x80\xb5\xb3\xb3\xd8\xa4\xb8\xe8\x9bu\x94\xa4\x15\x80\x8b\x81\
\x95\xb2\xb3\x8c\xc3\x9d\xc0\xba\x11\xf1\x8f\xec \x93\xd1\xbb\
\x11\x80\xea\x18\xc9\x13\x80e\xb2\xb3\xd8\x84\x5cN)\xfa\
?j\xe3\xb363\x1b\xb7o\xd0\x8e\xe2\x0fpx[\
\x8b?\xf4l\x04@\xd2\x8e\xc0\xa9\xc0B\xd9Yl\x5c\
|\xa7o\xd6#\x92\xde\x06|9;\xc78]\x05l\
\x1a\x11Od\x07\x99\xac\xde4\x00\x92\xd6\x04\xce\x03V\
\xc8\xceb\xf3\xe5;}\xb3\x1e\x92\xb4!p>\xb0X\
v\x96q\xda;\x22~\x96\x1db*z\xd1\x00H\x9a\
\x0e\x5c\x00l\x9a\x9d\xc5F\xe5;}\xb3\x1e\x93\xb40\
p.\xb0yv\x96q\xfa}D\xec\x90\x1db\xaa\xfa\
2\x07\xe0_q\xf1o\x1a\xdf\xe9\x9b\xd9\x1c\x9f\xa0=\
\xc5_\xc0\xa1\xd9!\x06\xa1\xf3#\x00\x92\x9eEyV\
\xb3xv\x16\xf3\x9d\xbe\x99=\x95\xa4]\x81S\x80\x05\
\xb2\xb3\x8c\xd3\x8f#\xe2\xd5\xd9!\x06\xa1\x0f#\x00o\
\xc3\xc5?\x93\x8b\xbe\x99\x8dJ\xd2\x8a\xc0wiO\xf1\
\x7f\x10x_v\x88A\xe9t\x03 i!\xe0\xcd\xd9\
9z\xc8\xc3\xfbf6_\x92\xa6\x01?\x06V\xc9\xce\
2\x01\x1f\x8d\x88\x9b\xb3C\x0cJ\xa7\x1b\x00`7`\
\xc5\xec\x10=\xe1;}3\x9b\x88O\x03;f\x87\x98\
\x80K\x80#\xb3C\x0cR\xd7\x1b\x80\x9d\xb2\x03t\x9c\
\xef\xf4\xcdl\xc2$\xbd\x9a\xb2\x0d{[\x08xW\x9b\
\xd7\xfc\x8f\xa6\xeb\x0d\xc0\xf6\xd9\x01:\xc8E\xdf\xcc&\
M\xd2\xa6\x94\xdd\xfe\xda\xe4[\x11qVv\x88A\xeb\
\xf4*\x00I\x0f\xe2\x09\x80\x83p\x11O\x0e\xef_\x9d\
\x1d\xc6\xcc\xdaI\xd2\xd2\xc0\x9f\x80u\xb3\xb3L\xc0\xdd\
\xc0\x06\x11qOv\x90A\xeb\xec\x08\x80\xa4Eq\xf1\
\x9f\x0a\xdf\xe9\x9b\xd9\xc0H\x0a\xe0[\xb4\xab\xf8\x03|\
\xa0\x8b\xc5\x1f:\xdc\x00\x00\xcbe\x07h!\xdf\xe9\x9b\
Y]\xfe\x1d\xd8';\xc4\x04\xcd\x00\xbe\x9d\x1d\xa2.\
]n\x00\xda\xb2\x9ft6\xdf\xe9\x9bY\xad$\xbd\x02\
\xf8hv\x8e\x09\x9a\x09\xbc3\x22\x94\x1d\xa4.]n\
\x00l\xde|\xa7ofC!i+\xe0{\xb4g\xb3\
\x9f9>\x17\x11\x17e\x87\xa8\x93\x1b\x80\xfe\xf0\x9d\xbe\
\x99\x0dUu\x0a\xebO\x81E\xb3\xb3L\xd0\x15\xc0\xe1\
\xd9!\xea\xe6\x06\xa0\xdb\x5c\xf4\xcd,\x85\xa4\xe5\x80_\
\xd1\xbe\xcd\xd8f\x02\x07D\xc4#\xd9A\xea\xe6\x06\xa0\
{\x5c\xf4\xcd,U\xb5\x0d\xfbq\xc0\xfa\xd9Y&\xe1\
c\x11\xf1\xa7\xec\x10\xc3\xe0\x06\xa0\x1b\x5c\xf4\xcd\xac\x11\
\xaa\xe5~\xdf\x00v\xce\xce2\x09\x7f\x06>\x95\x1db\
X\xdc\x00\xb4\x97\x8b\xbe\x995\xd1\xc7\x81\xd7e\x87\x98\
\x84\xc7\x80\xd7wm\xbb\xdf\xf9q\x03\xd0.wQ\x0e\
\xa3\xf0\xec}3k\x1cIo\xa3\xac\xf7o\xa3\x0fF\
\xc4e\xd9!\x86\xa9m\xcb2\xfan9\xe0z\x17\x7f\
3k\x1aI\xaf\x03\xfe';\xc7$\xcd\xa0c'\xfd\
\x8d\x87\x1b\x80vY\x108Z\xd2~\xd9A\xcc\xcc\xe6\
\x90\xf4r\xca6\xbfm\xac)\x0f\x02o\x88\x88\xd9\xd9\
A\x86\xad\x8d\x7fY}\xb7 \xf0=I{f\x071\
3\x93\xb4\x1b\xf0C\xda\xfbH\xf9\x90\x88\xb8.;D\
\x067\x00\xed\xb4\x10p\xac\xa46\xce\xb25\xb3\x8e\x90\
\xb4-\xf0\x13`\xe1\xec,\x93t\x5cD|+;D\
\x167\x00\xed\xb5(p\xb2\xa4\x1d\xb3\x83\x98Y\xffH\
z!e\xa3\x9f\xb6\x9e\xbaz-\xf0\x96\xec\x10\x99\xdc\
\x00\xb4\xdbb\xc0I\x92\xb6\xcc\x0ebf\xfd!i3\
\xe0\x97\xc0\x92\xd9Y&\xe9Q\xe0U\x11\xf1\xf7\xec \
\x99\xdc\x00\xb4\xdfR\xc0\xaf%m\x9e\x1d\xc4\xcc\xba\xaf\
\xfa\xac9\x9dv\x1f\xb9\xfe\xee\x88\xf8sv\x88ln\
\x00\xbaaY\xe0T7\x01fV\xa7\xead\xbf3\x80\
\x15\xb2\xb3L\xc11\x11qTv\x88&p\x03\xd0\x1d\
+\x00\xbf\x95\xb4]v\x103\xeb\x1eI;\x00\xa7R\
n8\xda\xea\x1a\xe0m\xd9!\x9a\xc2\x0d@\xb7,\x03\
\x9c\x22i\x8f\xec f\xd6\x1d\x92^\x02\xfc\x9a\xf6>\
\xf3\x87\xf2\xdc\x7f\xbf\x88\xf8Gv\x90\xa6p\x03\xd0=\
\x8b\x01?\xf3fAf6\x08\x92\xf6\xa2,\xf5[4\
;\xcb\x14\xbd-\x22.\xcc\x0e\xd1$n\x00\xbai!\
\xe0\x18I\xbd^\xe2bfS#\xe95\xc0\xf1\xb4w\
\x9d\xff\x1c\xc7D\xc4w\xb2C4\x8d\x1b\x80\xeeZ\x10\
8J\xd2\xfb\xb2\x83\x98Y\xfbHz;\xf0=\xda\xbb\
\xc3\xdf\x1c\x17\xd0\xf3\xf5\xfe\xf3\xe2\x06\xa0\xdb\x02\xf8\xb4\
\xa4\xde\x9comfS#)$\x1d\x0e\xfc/\xe53\
\xa4\xcdn\x03\xf6\x8e\x88\x87\xb3\x834Q\xdb;;\x1b\
\x9f\x0fHZ\x06xgD\xcc\xcc\x0ecf\xcd$i\
a\xe0\xdb\xc0\xfe\xd9Y\x06\xe0\x11\xe0e\x11qKv\
\x90\xa6\xf2\x08@\x7f\x1c\x04\xfc\xb2j\x04\xcc\xcc\x9eB\
\xd2r\xc0)t\xa3\xf8\x0b\xf8\x97\x888?;H\x93\
\xb9\x01\xe8\x97\x17\x03\x7f\x94\xb4~v\x103k\x0eI\
k\x01g\x03]9[\xe4\xf0\x88\xf8av\x88\xa6s\
\x03\xd0?\xeb\x02\xe7H\xda);\x88\x99\xe5\xab\x0e\xf5\
\xf9\x03\xb0Av\x96\x019\x1e\xf8xv\x886p\x03\
\xd0O\xcbQ6\x0czCv\x103\xcb#i\x1f\xe0\
\xb7\xc03\xb3\xb3\x0c\xc8\x05\xc0\x01\x11\xa1\xec m\xe0\
\x06\xa0\xbf\x16\x02\xbe-\xe9\x08I\xfe90\xeb\x91j\
\xa6\xffG\x80\xe3h\xff\x06?s\xdc\x02\xbc\xd43\xfe\
\xc7\xcf\x1f\xfc\xf6~\xe0\xe7\x92\x96\xca\x0ebf\xf5\xab\
\xfe\xad\x9f\x00|\x8c\xee\xd4\x80G\x80}\x22\xe2\xb6\xec\
 m\xd2\x95\xbf|\x9b\x9a\x7f\x02~'i\xdd\xec \
fV\x1fI\x9bR\x86\xc9_\x9e\x9de\x80\x9e\x00^\
\x19\x11\x7f\xca\x0e\xd26n\x00l\x8e\xe7\x00\x17Hz\
uv\x103\x1b<I\xfbS&\xfb\xad\x93\x9de\x80\
\x04\x1c\x18\x11\xbf\xcc\x0e\xd2Fn\x00l\xa4%\x81\x1f\
J:ZRW\x9e\x0b\x9a\xf5\x9a\xa4i\xd5n\xa0\xc7\
\x00\x8bg\xe7\x19\xb0\xf7z\x8f\xff\xc9s\x03`\xa3y\
\x1d0C\xd2\xda\xd9A\xccl\xf2$\xad@\xd9\xdc\xe7\
\x03\xd9Yj\xf0\xd1\x88\xf8|v\x886s\x03`\xf3\
\xf2<\xe0|I{g\x071\xb3\x89\x93\xb4;p1\
\xb0sv\x96\x1a|9\x22\x0e\xcf\x0e\xd1vn\x00l\
~\x96\x01~\x22\xe9HI\x0be\x871\xb3\xb1IZ\
\xb8\x1a\xf2\xff%\xb0Rv\x9e\x1a\x9c\x08\x1c\x9c\x1d\xa2\
\x0b\xdc\x00\xd8X\x82\xf2\x8f\xed\xacj\xbbP3k(\
I\x9b\x00\x7f\xa4\x0c\xf9w\xf1\xf3\xfd\x14\xe0\xd5\x111\
+;H\x17t\xf1\x07\xc4\xea\xb1\x15p\xa9\xa4\x0fx\
\xe3 \xb3f\xa96\xf69\x108\x0f\xd8,;OM\
\xfeHY\xee\xf7xv\x90\xae\xf0\x07\xb9M\xc4\xa2\xc0\
\xa7\x80_KZ=;\x8c\x99\x81\xa4\x15\x81\x9f\x03G\
\x01\x8b%\xc7\xa9\xcb%\xc0?E\xc4\x83\xd9A\xba\xc4\
\x0d\x80M\xc6\x8b\x81\x8b%\xbd1;\x88Y\x9fI\xda\
\x932\xd1\xef%\xd9Yjt\x09\xb0KD\xdc\x9b\x1d\
\xa4k\xdc\x00\xd8d-\x0d|K\xd2\xaf$\xad\x9a\x1d\
\xc6\xacO$-+\xe9(\xe0d\xbas\x90\xcfh\xae\
\x04v\x8b\x88\xbb\xb2\x83t\x91\x1b\x00\x9b\xaa=\x80K\
\xaa\xe7\x8ffV3I\xfb\x02W\x01]\xff7w%\
\xb0sD\xdc\x9e\x1d\xa4\xab\xdc\x00\xd8 ,\x03\x1c%\
\xe9'\x92V\xcb\x0ec\xd6E\x92\xd6\x94t\x0ap,\
\xb0Bv\x9e\x9a]\x0e\xec\xe4\xc3}\xea\xe5\x06`\xb8\
\xba~F\xf5\xcb\x81+$\xbd_\xd2\xf4\xec0f]\
 iAI\xef\xa1<\x0b\xdf-;\xcf\x10\x5cH)\
\xfewd\x07\xe9:7\x00\xc3\xf5I\xe0\xd2\xec\x105\
[\x1c8\x02\xb8LR\x1f>\xac\xccjS\x9d\xdew\
\x0e\xf09\xba\xb7\x8f\xffh\xce\x07v\xf53\xff\xe1p\
\x030\x5c\xb7\x03\xbbP:\xdc\xae[\x178E\xd2\xc9\
~,`61\xd5$\xbfOQ\x0a\xe2\x96\xd9y\x86\
\xe4\xf7\x94\xd9\xfe\xf7d\x07\xe9\x0b7\x00C\x16\x11w\
\x02/\xa2t\xf5}\xb0'\xe5\xb1\xc0\xe1\xdeN\xd8l\
\xfe\xaa\x93\xfb\x0e\xa4L\xf2\xfb\x00\xd0\x97\x7f3\xbf\x05\
^\x12\x11\xff\xc8\x0e\xd2'n\x00\x12D\xc4\xfd\x94g\
y\xa7gg\x19\x92\xc5\x81\xc3\x80?I\xda!;\x8c\
Y\x13U\x8f\xcc.\xa2l\xe8\xd3\xf5I~#\x1d\x87\
7\xf9I\xe1\x06 ID<D\xb9;>>;\xcb\
\x10mF9S\xe0\xe4j\xcfr\xb3\xde\x93\xb4\x9e\xa4\
\x93)\xfb\xdco\x94\x9dg\xc8\xbeL\xd9\xdb\xff\xb1\xec\
 }\xe4\x06 Q\xf5C\xff*\xe0K\xd9Y\x86l\
O\xe0\x22I\xdf\x91\xf4\xec\xec0f\x19$-#\xe9\
3\x94\xd9\xfd{f\xe7IpXD\xbc#\x22fg\
\x07\xe9+7\x00\xc9\x22bvD\x1c\x0c\xbc\x1b\xe8\xd3\
?\x84\x05\x80\x03\x80\xab%\x1dU\xedgn\xd6y\x92\
\x16\x97\xf4\x01\xe0\xaf\xc0{\xe9\xcfs\xfe9f\x01o\
\x8b\x88\x8fe\x07\xe9;7\x00\x0d\x11\x11G\x02o\x04\
\x9e\xc8\xce2d\x0bQv4\xbbJ\xd2\xbfK\xea\xc3\
R'\xeb!I\x8bIz\x1fp\x03\xe5P\xades\
\x13\xa5x\x08xED|5;\x88\xb9\x01h\x94\x88\
8\x9a2\x14\xf8\xf7\xec,\x09\x96\x06\xfe\x13\xb8V\xd2\
;$-\x92\x1d\xc8l\x10$-\x22\xe9\x10\xca\x1d\xff\
\xa7\x81g$G\xcar;\xf0\xa2\x88\xf8Yv\x10+\
\xdc\x004LD\x9c\x0alK\xb9K\xe8\xa3\x95\x80\xff\
\x01n\xac\x96\x0e.\x93\x1d\xc8l2$M\xaf\x96\xf4\
]\x0b|\x01\xe8\xf3c\xae\xcb\x81\xad#\xe2O\xd9A\
\xecIn\x00\x1a(\x22.\x03\xb6\x02\xce\xcd\xce\x92\xe8\
\x99\x94\xa5\x83\xd7K\xfa\x84\xa4.\x9fxf\x1d\x22i\
\x09I\x07\x03\xd7P\x96\xf4=+9R\xb63\x80m\
#\xe2\x86\xec \xf6Tn\x00\x1a\xaa\xda\x07{g\xca\
\x1a\xd9>[\x06\xf8\x10p\x83\xa4/IZ#9\x8f\
\xd9\xa8$\xad,\xe9\xbf\x80\x9b\x80#\x01\xafp)\x0d\
\xd0\x1e\xd5\xde'\xd60n\x00\x1a,\x22\x1e\xa1,\x13\
\xfc(\xdd?Hh,\x8b\x02\xef\xa4\xac\x1a8Z\xd2\
\xc6\xd9\x81\xcc\x00$m,\xe9[\xc0\xf5\xc0\x07\xe9\xe7\
\xe4\xbe\xb9=\x01\xbc#\x22\xde\x1a\x11}\x9b\xd8\xdc\x1a\
n\x00\x1a.\x22\x14\x11\x87\x03\xaf\x00\x1eH\x8e\xd3\x04\
\xd3\x81\xd7\x01\x97H:E\xd2\xcb%M\xcb\x0ee\xfd\
#i\x17I\xbf\xa4\xac\xe3\x7f#\xb0pr\xa4\xa6\xb8\
\x07\xd8=\x22\xbe\x9c\x1d\xc4\xe6\xcf\x0d@KD\xc4\x89\
\xc06\xc0u\xd9Y\x1a\x22(\xdb)\xff\x84\xf2x\xe0\
?$\xad\x92\x9c\xc9:N\xd2\x92\x92\x0e\x94\xf4g\xca\
V\xde\xffD\xf9Y\xb4\xe2R`\xcb\x88\xf8mv\x10\
\x1b\x9b\x1b\x80\x16\x89\x88K)'\x83\x9d\x96\x9d\xa5a\
\x9eEyLr\xa3\xa4\xe3%\xed*\xc9\x1f\xca60\
\x92\xb6\x92\xf4M\xe0V\xcas\xed\xe7&Gj\xa2\x1f\
\x01[E\xc4_\xb3\x83\xd8\xf8\xb8\x01h\x99\x88\xb8\x97\
r\xd7\xf1\x09</`n\xd3(\x8fJN\x03\xae\x94\
\xf4\xaf\x92\x96K\xced-%i9I\x87H\xba\x04\
\xf8\x03\xf0&`\x89\xe4XM\xf4\x04\xf0\xee\x88\xd8\xbf\
:\xe3\xc4Z\xc2\x0d@\x0bE\xc4\xac\x88\xf80\xf0R\
\xe0\xde\xec<\x0d\xb5\x1e\xf0Y\xe0VI'J\xdaW\
\xd2\xa2\xd9\xa1\xac\xd9$- \xe9E\x92~\x00\xfc\x8d\
\xb2~\xdf\x07W\xcd\xdbm\xc0\xce\xd5N\xa6\xd62n\
\x00Z,\x22~\x01l\x01\x9c\x9f\x9d\xa5\xc1\x16\x06\xf6\
\x06\x8e\x05\xee\x90\xf4]I{x\xe2\xa0\xcd!)\xaa\
!\xfe\xcf\x017R\xd6\xad\xff?\xc0\xbbQ\xce\xdfY\
\xc0\xf3\x22bFv\x10\x9b\x1c7\x00-Wm\xae\xb1\
\x1d\xf0\x95\xe4(m\xb0$\xf0z\xe0W\xc0\xdf\xaa}\
\x05\xb6\xf1|\x81~\x92\xf4|I\x9f\xa6,\xdf\xfb\x03\
\xf0\x1e`\xd5\xdcT\xad0\x8b2\xe7f\x97\x88\xb8=\
;\x8cM^g?\xf8$\xad\x0b\x5c\x9d\x9dc.\x07\
GDmG\xffJ\xda\x07\xf8\x06^\x87<Q7P\
F\x08~\x01\x9c\x13\x113s\xe3X]$m\x0e\xec\
W\xbd\xd6N\x8e\xd3F\xb7\x02\xaf\xf5,\xffnp\x03\
0\x5c\xb56\x00\x00\x92V\x07~@\x19\x15\xb0\x89\xbb\
\x0f8\x85\xd2\x0c\xfc:\x22\xeeN\xcecSP\x9d.\
\xf9\x22`\x8f\xea\xe5\xa2?y\xbf\x06\x0e\x88\x88;\xb3\
\x83\xd8`\xf89h\xc7D\xc4M\x92^\x04\xfc\x07e\
\x0b\xdd\x05\x93#\xb5\xcd\xb2\xc0\xab\xab\xd7,I\xe7Q\
\x9a\x81_F\xc4\x85\xa9\xc9l\x5c$m\xc4\x93\x05\x7f\
\x07\xbcA\xcfT=F\xf9,\xf9|Dx\xe5Q\x87\
x\x04`\xb8j\x1f\x01\x18I\xd2\xf6\xc0w\x815\x87\
\xf5\x9e\x1dw\x0bp*\xf0;\xe0\xf7^\xef\xdc\x0c\x92\
\x96\xa7\x14\xfa9E\x7f\xf5\xdcD\x9dr\x09e\xc8\xff\
\xe2\xec 6xn\x00\x86k\xa8\x0d\x00\x94\x9d\xcb\x80\
\xcf\x00\x07\x0e\xf3}{\xe2v\xca\x0a\x8c\x19\x94]\xe1\
\xfe\x12\x11\xb3s#u_\xb5\xe3\xe3\xb6\x94\xc7\x5c\xdb\
R6\xe5\xf1\x84\xe6\xc1\x12\xf0u\xe0=\x11\xf1pv\
\x18\xab\x87\x1f\x01t\x5cD<\x00\x1c$\xe9\x17\x94\x7f\
\xd0>VwpV\x02\xf6\xac^\x00\xf7I\x9a\x01\xfc\
\x9e2\xab\xfc\xa2\xea\xcf\xdf&I\xd2t\xcaR\xd7m\
(\x05\x7f\x1b`\xc5\xd4P\xddw#\xf0\x96\x88\xf0\x8e\
\xa3\x1d\xe7\x06\xa0'\x22\xe2$I\xe7R\x96\x0b\xee\x93\
\x9d\xa7\xa3\x96\xa5l\xce\xf4\xd2\xea\xbf%\xe9\xaf\xc0\x85\
\xc0E\xc0\xc5\x94\xa6\xe0\x86\x9cx\xcd&i%`S\
\xe09\xd5\xd7M\x81\x8d\xf03\xfca\x99\x0d|\x19\xf8\
\x90\x1b\xd7~p\x03\xd0#\xd5\xec\xddWH\xda\x17\xf8\
\x12\xbe\x93\xaa[Pf\x9d\xafM\xd9\xa2\x18\x00I\xf7\
S\x1a\x829M\xc1\xb5\x94\xb5\xe8\xb7\xf4\xe1\x11\x82\xa4\
\x15(\xf3R6\xe1\xc9B\xbf\x19\xb0Bf\xae\x9e\xbb\
\x82r\xd7\x7fvv\x10\x1b\x1e7\x00=\x14\x11\xc7I\
:\x0d8\x02\xcf\x0d\xc8\xb0\x0c\xb0c\xf5\x1a\xe9\x09I\
7\x03\x7f\x1d\xed\x15\x11\xf7\x0d5\xe5$IZ\x04X\
\x05Xk\x94\xd7:\xc0\xd2y\xe9l.3)[f\
\x1f\x1e\x11\x8ff\x87\xb1\xe1r\x03\xd0S\x11q?e\
n\xc0I\x94\xc7\x02\xab%G2\x98\xce\x93\x85\xf2i\
$=L9k\xfd\xae\xeauw\xf5\xdfw\xcf\xf5\xfb\
\x0f\x00\xf7S&r=\x0a<\x02\xa8\xfa;\x1fS5\
qt\x1ae\x09\xe9R\xd5o/\x0e,\x0f<\xa3z\
-?\xe2\xeb\xc8\xd7\x8a\x94\x1d\x17\xad\xf9\xce\x07\xde\x1c\
\x11\x17e\x07\xb1\x1cn\x00z.\x22~!iC\xe0\
#\x94\xadP\x17J\x8ed\xf3\xb6X\xf5\x9aT\xb3&\
\xfd\xdf\x12\xee\x87)k\xbbg\xf3\xe4\xec\xf9\x85\xabk\
[\xf7=\x02\x1cFY\xd7\xef]/{\xccKg\x8c\
\x88x(\x22\x0e\xa5L\xbe\xfaMv\x1e\xab\xddb\x94\
\x09\x8b\xcbW_\x97\xc5\xc5\xbf/~\x0bl\x16\x11\xff\
\xed\xe2on\x00\xec\xffD\xc4\x95\x11\xb1+\xf02\xe0\
\xa6\xec<f60\x7f\x03\x0e\xa0\x1c\xe0smv\x18\
k\x067\x00\xf64\x11q2\xb0!\xe5\xc4\xaf\xc7\x93\
\xe3\x98\xd9\xe4=B\x99\xec\xbbAD\x1c\xed\xad|m\
$7\x006\xaa\x88x8\x22\x0e\xa7,\xd1:59\
\x8e\x99M\xdc\xcf\x81\x8d#\xe2\xd0\x88x0;\x8c5\
\x8f\x1b\x00\x9b\xaf\x88\xb8:\x22v\x07^C\x19F4\
\xb3f\xbb\x10\xd81\x22^\x1a\x11\xd7g\x87\xb1\xe6r\
\x03`\xe3\x12\x11\xc7\x00\xeb\x01\x87R\x96\x98\x99Y\xb3\
\xdc\x0b\xbc\x1bx~D\xfc.;\x8c5\x9f\x1b\x00\x1b\
\xb7\xea\xb1\xc0\x11\x94\x9d\xed>CYcnf\xb9\x1e\
\x07>\x0f\xac\x1d\x11GF\xc4\xac\xec@\xd6\x0en\x00\
l\xc2\x22\xe2\xde\x88x\x1f\xb0.\xf05\xcanbf\
6\x5cO\x00\xdf\x036\x8a\x88\x7f\x1d\xefFOfs\
\xb8\x01\xb0I\x8b\x88[\x22\xe2 \xcaD\xc1\xe3(;\
\xcf\x99Y\xbdfS\xfe\xbdm\x1c\x11\xaf\x8f\x88\xeb\xb2\
\x03Y;\xb9\x01\xb0)\xab\xf6\x0f\xd8\x0f\xd8\x1a8+\
;\x8fYG\x892\xb3\xffy\x11\xb1_D\x5c\x93\x1d\
\xc8\xda\xcd\x0d\x80\x0dLD\x9c\x17\x11;Q\x8e\xc3=\
79\x8eYW\x088\x09xn5\xb3\xdf{\xf7\xdb\
@\xb8\x01\xb0\x81\x8b\x88\x9fG\xc4\xd6\xc0\xf6\x94;\x16\
?\x1a0\x9b\x9c\xd3\x81\x17F\xc4^.\xfc6hn\
\x00\xac6\x111#\x22^\x0al\x09\x9c@yvi\
f\xf37\x0b8\x1e\xd8*\x22^\x1c\x11\x7f\xca\x0ed\
\xdd\xe4\x06\xc0j\x17\x11\xe7G\xc4+)\xfb\x08|\x91\
r\x12\x9d\x99=\xd5c\x94Y\xfd\x1bG\xc4\xbe\x11q\
^v \xeb67\x0064\x11q]D\x1c\xc2\x93\
\x8d\xc0\xc3\xc9\x91\xcc\x9a\xe0.\xca\xb9\x1b\xabV\xb3\xfa\
\xaf\xca\x0ed\xfd\xe0\x06\xc0\x86.\x22n\xaa\x1a\x815\
)\xe7\x92{\x8ba\xeb\xa3\xab\x80\x83\x80\xd5#\xe2\xf0\
\x88\xb8;;\x90\xf5\x8b\x1b\x00K\x13\x11wF\xc4\xc7\
\x805\x80W\x02g\xe0\x09\x83\xd6}\xbf\x07\xf6\xa6l\
\xe0\xf3\xb5\x88\xf0\x8e\x9a\x96\xc2\x0d\x80\xa5\x8b\x88\x99\x11\
qBD\xec\x02\xacO9\xbe\xf4\xde\xe4Xf\x83\xf4\
w\xca\xae\x99\x9bG\xc4\x0e\x11\xf1\xb3\x88\xf0\xa4XK\
\xe5\x06\xc0\x1a%\x22\xae\x89\x88C\x81g\x01\x07\x00^\
\xfadmv\x01e\x98\x7f\x95\x888\xc8K\xf9\xacI\
\xdc\x00X#E\xc4\xa3\x11qtDl\x0e\xec\x00\xfc\
\x10\x1f>d\xedp\x17\xe5\xb0\xac\x0d\x22\xe2\xf9\xd50\
\xbf'\xbcZ\xe3L\xcb\x0e`6\x96\x88\xf8=\xf0{\
IK\x03{\x01\xfb\x02{\xe0\x9f_k\x8e\xd9\x949\
,\xdf\x03\x8e\x8b\x88G\x92\xf3\x98\x8d\xc9\x1f\xa0\xd6\x1a\
\x11\xf1w\xe0h\xe0hI\xab\x02\xfb\x03\xaf\x056K\
\x0df}\xf6g\xe0\xc7\xc0\x8f#\xe2\xc6\xec0f\x13\
\xe1\x06\xc0Z)\x22n\x01\xfe\x1b\xf8oI\x1b\x01\xfb\
\x01\xaf\x03\xd6J\x0df}p9\xe54\xbe\x1fz\xcd\
\xbe\xb5\x99\x1b\x00k\xbd\x88\xb8\x1c8\x5c\xd2\xc7(\xf3\
\x05^\x03\xbc\x0cxfj0\xeb\x92\xabx\xf2N\xff\
\xf2\xec0f\x83\xe0\x06\xc0:\xa3ZVu&p\xa6\
\xa4\x83\x80\xad('\x13\xbe\x0c\xd8(1\x9a\xb5\xd35\
\x94=\xf9\x7f\xec\xd9\xfb\xd6En\x00\xac\x93\xaaf\xe0\
\x9c\xea\xf5AIk\x02/\xa64\x04\xbb\x03\xd3\x13\xe3\
Y3=\x0a\xcc\xa0\x9c\xc0wzD\x5c\x90\x9c\xc7\xac\
Vn\x00\xac\x17\x22\xe2z\xcaF,_\x93\xb4,\xb0\
+O\x8e\x0e,\x9d\x99\xcdR]\x0f\x9cF)\xfa\xbf\
\x8e\x88\x07\x92\xf3\x98\x0d\x8d\x1b\x00\xeb\x9d\x88\xb8\x8f2\
\x89\xeb8I\x0b\x02\x9bS\x1a\x82\xed(s\x08\x96J\
\x8cg\xf5\x9a\x09\x9c\x07\x9c\x8c\xef\xf2\xad\xe7\xdc\x00X\
\xafE\xc4,\xcanm\x17\x00GH\x9a\x06<\x87'\
\x1b\x82\x1d\x81%\xf3\x12\xda\x14=H\xd9Mr\xce\xd0\
\xfe\xd9^\xa3oV\xb8\x010\x1b!\x22f\xf2\xd4\x86\
`a\xe0\x85\xc0\x8b\x80\x9d\x80\xe7\x03K\xa4\x05\xb4\xb1\
\xdcJ)\xf63(\x87\xee\x5cR5yf6\x177\
\x00f\xf3\x11\x11\x8f\x01\xbf\xab^\x1f\xad\x1e\x19\xacO\
i\x04\xb6\xa8\xben\x0e,\x96\x16\xb2\xbf\x1e\x01.\x05\
\xfeB\x99\xec9#\x22\xae\xcb\x8dd\xd6\x1en\x00\xcc\
&\xa0\xba\x9b\xbc\xbcz\x1d\x0dP5\x05\x1bP\x1a\x82\
9\xaf\xe7\xe2\xa6`\x90\xee\xa3\xfc\x99\xcf\x19\x9d\xb9\x8c\
rw\xffxj*\xb3\x16s\x03`6EUSp\
Y\xf5\x9a\xd3\x14L\x03\xd6\xa64\x06\xeb\x03\xebU_\
\xd7\x07V\xc8I\xda\x0aw\x03\xd7\x01W\x03\x17S\x9e\
\xdf_\x18\x11w\xa5\xa62\xeb 7\x00f5\xa8\xe6\
\x12\x5cU\xbd\x9e\xa2Z\x86\xb8\xfe\x88\xd7z\xc0:\xc0\
\xcat\x7f\xf7\xc2\xd9\xc0-\x94\x22\xff\xb4Wu\xde\x83\
\x99\x0d\x81\x1b\x00\xb3!\xab\x96!\x9e[\xbd\x9e\xa2\x9a\
t\xb8\x12\xb0*\xb0J\xf5Z\xb5\xfa\xbd\xd5(M\xc2\
\xb3\x80\xc5\x87\x95w\x9c\x1e\xa5\x1c\x83{;p\xe7\x88\
_\xdfQ\xfd\xfa\x0e\xe0f\xe0\x86j^\x85\x99%\xeb\
r\x03\xa0\xec\x00\xa3hb&k\x90\xaa8\xdeX\xbd\
\xe6\xa9\x9aw\xb0\x14\xb0\x0ce\x99\xe2R\xd5\xd7%\xab\
\xdf[z\xc4\xef/:\xca%\x16b\xdeM\xc4\xc3\xc0\
c\xc0\xfd\xc0\xe3\x94\xa5t\x0fU\xbf\xbe\xaf\xfa\xfaP\
\xf5\xfb\xf7\x02\xb7y\x03\x1d\xb3\xf6\xe9r\x03\xf0hv\
\x80Q<\x9c\x1d\xc0\xba\xa1\x9awp_\xf523\x9b\
\xb0\x05\xb2\x03\xd4\xa8\x89\xcf\x12\xef\xcf\x0e`ff\x06\
\x1dn\x00\xaa!\xc9\xa6\xcd\x1c\xf6\x1ae33k\x84\
\xce6\x00\x95K\xb2\x03\x8c\xf08ei\x93\x99\x99Y\
\xba\xae7\x00\xbf\xcb\x0e0\xc2y\xde\x83\xdc\xcc\xcc\x9a\
\xa2\xeb\x0d\xc0\xc9\xd9\x01F\xf8Ev\x0033\xb39\
\x22;@\xdd$]\x0al\x9c\x1cc6\xb0FD\xdc\
\x9c\x9c\xc3\xcc\xcc\x0c\xe8\xfe\x08\x00\xc0\xe7\xb3\x03\x00\xc7\
\xb9\xf8\x9b\x99Y\x93\xf4a\x04`!\xca!\x22k'\
E\x98\x09l\x1e\x11\x97%\xbd\xbf\x99\x99\xd9\xd3t~\
\x04\xa0:-\xec\xe0\xc4\x08_r\xf1733K\x22\
\xe9k\x1a\xbeK%\xf9HX33\xb3,\x92\x16\x95\
t\xee\x10\x8b\xff=\x926\xc8\xfe\xbe\xcd\xcc\xcczO\
\xd2\xf2\x92.\x19B\xf1\x7f@\xd2\xb6\xd9\xdf\xaf\x99\x99\
\x99U$-'iF\x8d\xc5\xffvI\xcf\xcf\xfe>\
\xcd\xcc\xccl.\x92\x16\x92\xf4yI\xb3\x07\x5c\xfc\xcf\
\x94\xb4J\xf6\xf7gfff\xf3!i[I\x7f\x1e\
@\xe1\xbfC\xd2\x9b%u~U\x85\x99\x99Y'H\
\x0aI{I:]\xd2\xac\x09\x16\xfe\xcb$\xbd[\xd2\
\xe2\xd9\xdf\x87\x99\x99\xd9Dt~#\xa0\x89\x90\xf4,\
`7`\x07`#`M`I`\x1a\xf0\x00p\x0b\
\xe5D\xbf?\x00\xa7E\xc4\xc5IQ\xcd\xcc\xcc\xa6\xe4\
\xff\x03/\xd4\xd1\xc1\x0d\x98d\x91\x00\x00\x00\x00IE\
ND\xaeB`\x82\
\x00\x00M\xc1\
\x89\
PNG\x0d\x0a\x1a\x0a\x00\x00\x00\x0dIHDR\x00\
\x00\x02\x00\x00\x00\x02\x00\x08\x06\x00\x00\x00\xf4x\xd4\xfa\
\x00\x00\x00\x09pHYs\x00\x00\x0e\xc3\x00\x00\x0e\xc3\
\x01\xc7o\xa8d\x00\x00\x00\x19tEXtSof\
tware\x00www.inksca\
pe.org\x9b\xee<\x1a\x00\x00 \x00ID\
ATx\x9c\xec\xddw\xbc]U\x9d\xfe\xf1\xcf\x97\x00\
!\x05H\xe8MJ@z\x0f\x22%\x14%\xa2\x0e \
6\x1c\xf998\x96\x19\xc4^f\x14,\xa3XF`\
\xc6\xb1bAgt\x06G\xa5\xd8\x06P\x91\x8e\x14Q\
\x12\x8a@\xa8\x09\xbdC\x12 \x15\x92<\xbf?\xd6\xba\
\xdeKr\xef\xcd\xbd\xb9\xe7\xec\xb5\xcf\xd9\xcf\xfb\xf5Z\
\xafss\x92\x9c\xfd=7\xb9g={\xefU\x023\
\xab\x8c\xa4\xd5\x80u\x81\xf1\xc0\xd8\xfc\xb8n\xfez\x5c\
?\xbf7\x0eX3\xb7q\xf9e&\xe6\xc7\x9e\xdf[\
#\xffY\x80\xd5\x81\xb5\x07)a\xed\xfcg\xfa\xb3\x04\
xn\x90\xbf\xfb\x5c\xfe3\x00\xf3\x80\x17\x80\xe7\x81\xf9\
\xf9\xb99\x03\xfc\xde<`A~\x9c\x9b\xbf^\x00<\
\xb3\xfc\xefE\x84\x069\xbe\x99\xb5P\x94.\xc0\xac\x13\
IZ\x1d\xd8\xb0O[/\xb7\x89+y\x1c\xdf\xdf\xeb\
\xd9_=G\x0a\x12\xb3\x97{\x5c\xfe\xb9\xd9\xc0\x93=\
-\x22\x96\xf4\xfbjf6 \x07\x00\xb3>$m\x0c\
l\x0el\x06l\x04lJo'\xbfY\x9f\xaf7*\
U\xa3\xad@\xf4\x86\x81'\x80G\xfb\xf9\xfaa\xe0\xe1\
\x88x\xa2T\x91fu\xe3\x00`\x8d!iC`K\
R\x07\xdf\xf3\xb8\xc5r_\x8f.V\xa0Ua\x11)\
\x0c<\x04<\x98\x1f\x1f\x06\x1e\xe8y.\x22\x9e,W\
\x9eYu\x1c\x00\xackHZ\x03x\x090\xa9\x9f\xb6\
\x1d\xe9\xfe\xba\xd9\xca,\x02\x1e\x01f\xf5\xd3\xee\x88\x88\
\xf9\x83\xfc]\xb3\x8e\xe1\x00`\x1dER\x00[\x01;\
\x00;\x01;\xe6\xaf\xb7%\x9d\xc5\xafV\xae:k\x80\
e\xa4+\x053\x81;\x81;\x80\xdb\xf3\xd7\x0fx\x10\
\xa3u\x12\x07\x00\xab\xa5<\xc8nG`gR\x07\xdf\
\xf3\xb8\x03i\x84\xbcY\xdd\xcc'\x05\x81;I\xa1\xe0\
\x0e`\x06p\xa7\x07)Z\x1d9\x00Xq\x92&\x02\
\xbb\x00\x93I\x1d\xfd.\xc0\xde\xc0\x98\x92u\x99\xb5\xc8\
\x0b\xc0\xdd\xc0m\xa4@0\x1d\x98\x16\x11\x8f\x16\xad\xca\
\x1a\xcf\x01\xc0*%i\x12\xf02Rg\xbf'\xb0;\
\xb0q\xd1\xa2\xcc\xcax\x0c\xf8\x0bp\x13)\x14\x5c\x1f\
\x11\xf7\x96-\xc9\x9a\xc4\x01\xc0\xdaF\xd2\xa6\xc0>\xa4\
\xce~2\xb0/\x9e>g6\x98g\x80[I\x81\xe0\
j\xe0\xaa\x88x\xaclI\xd6\xad\x1c\x00\xac%\xf2\x08\
\xfc\xbd\x81\x03\x81)\xa4\xb3\xfc-\x8a\x16e\xd6\x1d\x1e\
\x04\xfe\x0c\x5c\x93\xdb\x0d\x1eS`\xad\xe0\x00`\xabD\
\xd2x\xd2%\xfc\x9e\x0e\xff <\xcd\xce\xac\x0a\x0b\x80\
\x1bIW\x08\xae\x01\xae\x8e\x889\x83\xff\x15\xb3\x159\
\x00\xd8\x90HZ\x078\x048\x0c8\x14\xd8\x15\x18U\
\xb2&3\x03`)i,\xc1\x95\xc0\xa5\xc0\x95\x111\
\xd8\x9e\x0ef\x80\x03\x80\x0d O\xc3\xdb\x03\x98\x9a\xdb\
\xc1\xa4\x8dg\xcc\xac\xde\x96\x92\x06\x16^\x92\xdbU\x11\
\xb1\xb8lIVG\x0e\x00\xf6W\x92v\x04\x8e\x00^\
E\xba\xa4\xef\xf9\xf6f\x9do>p\x15p1\xf0\x9b\
\x88\xb8\xb3p=V\x13\x0e\x00\x0d&i-\xd2\xfd\xfb\
\xa9\xc0\xebH+\xeb\x99Yw\xbb\x97\x14\x06.\x00.\
\xf2\xd5\x81\xe6r\x00h\x18I\x9b\x01G\x01\x7fC\xea\
\xf8}\x96o\xd6\x5c\xf3I\xb7\x09~\x03\x5c\xe0\xc5\x89\
\x9a\xc5\x01\xa0\x01$m\x05\xbc\x11x3\xb0\x1f^/\
\xbfN\x9e\x01\xe6\x02\xcf\x01\x0b\xf3\xaf\x17\x0c\xf2\xf5b\
\xd2\xcar\xf3\xf2\xdf\x7f\x96t\xcf\xb7\xbf\xe7\xfa\xb3\xb2\
\xd1\xe2\x13\x07x~\x14\xb0N\xfez<\xb0\x06\xb0:\
\xb0\xf6r\xcf\x8d&\x85\xcauI+9\x0e\xf4\xf5\xda\
\xc0\x04<s\xa4N\x96\x01\xd7\x02?\x07~\x19\x11\x0f\
\x16\xae\xc7\xda\xcc\x01\xa0KI\xda\x16x\x13\xa9\xd3\xdf\
\x07\xff[\xb7\xdbS\xcb\xb5\x9e\xfd\xe8g\x93:\xf8\xe5\
\xdb\x1c`n\xd37\x8f\xc9\x9b;M \x05\x8f\x09\xfd\
\xb4\xf5H+En\xd0\xa7m\x08\xac_\xa2\xde\x06\x11\
i\xed\x81_\x00\xbf\x88\x88Y\x85\xeb\xb16p\xa7\xd0\
E\xf2\xe5\xfdc\x81\xb7\x01{\x15.\xa7\x1b, \xed\
\x15\xffX\x9f\xc7\x87\x80\xc7\xf3\xe3\x93\xe4\x0e?\x22\x06\
:\xe3\xb66\x904\x8a\xde@\xb0\x11i'\xc8M\x06\
x\xf4m\xae\x91\x9b\x0e\xfc\x04\xf8\x99W&\xec\x1e\x0e\
\x00\x1d./\xc8\xf3\x06\xe0\xefHs\xf4=7\x7fh\
\x96\x90:\xf5\xfb\xfb\xb4\x07\xfa\xb4\x87#\xe2\xd9r\xe5\
Y\xab\xe45,\xb6\x00\xb6\x5c\xaem\x9d\x1f7'\xdd\
\xce\xb0\x95[J\x1a@\xf8\x13\xe0W\x111\xbfp=\
6\x02\x0e\x00\x1dH\xd2j\xa4\xa9z\xc7\x01\xaf\x07\xc6\
\x95\xad\xa8\xb6\xe6\x00\xf7\x90\xf6n\x9f\xd9\xe7\xeb\xfb\x80\
G|\xd6n\xf0\xd7\xab\x09\x9b\x91\x02\xc1v\xc0\xb6}\
\x1e\xb7e\xe0q\x11M7\x0f\xf8\x15\xf0c\xe0\xd2\x88\
XV\xb8\x1e\x1b&\x07\x80\x0e\x927\xd7y\x17\xf0\x0f\
\xa4\x0f+\x83E\xa4}\xd7{\xf6`\xbf\x8b\xdc\xd9G\
\xc4\xec\x92\x85Yw\x90\xb4>\xbd\xa1`{`\xc7\xdc\
v\x00\xd6*XZ\x9d\xdc\x0b\xfc'\xf0C\xdf\x22\xe8\
\x1c\x0e\x005\xd7\xe7l\xff=\xa4\xe9{M\xbdT\xd9\
\xb3K\xda\x0cRg\xdf\xf3x\x9f\xcf<\xac\x84\xfc\xb3\
\xb95)\x0c\xecL\x0a\x04;\x93\x96\xc9^g\xe0\xbf\
\xd9\xd5^\x00\xce\x03\xbe\x0f\x5c\xe2\x9f\xcdzs\x00\xa8\
)I\xeb\x01\xffH\xea\xf8\xb7)\x5cN\x95\x96\x92.\
\xd5\xff\xa5O\xbb\xc5\xfb\xa4[\xa7\xc83\x1b\xb6\x06v\
\xcfm7\xd2\xb2\xda\xdb\xd2\xac1:\xb3\x803\x80\x1f\
x\xb3\xa2zr\x00\xa8\x19I\xdb\x03\x1f\x01\xdeN\xf7\
\xdf\xdb\x7f\x81\xde\xbd\xcf\xa7\x017\x00\xb7F\xc4\xc2\xa2\
U\x99\xb5\x81\xa4\xb1\xa4\xab\x03{\x93\xa6\xe6N\x06v\
!\xad\x9f\xd0\xcd\xe6\x03\xff\x0d|#\x22\xee.\x5c\x8b\
\xf5\xe1\x00P\x13\x92\x0e\x03>\x0a\xbc\x96\xee\x5c\xa8g\
)\xa9\xb3\x9fFo\x87\xff\x17/CjM\x96\x97\xe3\
\xde\x9d\xde@\xb0\x0f)\x14t\xe3\x95\x82e\xa4\x15\x07\
\xbf\x16\x11\x97\x97.\xc6\x1c\x00\x8a\xca\xf7\x10\xdf\x0c|\
\x8at\x89\xb0\x9b\xcc\x01\xae\x03\xfeHZ]\xec\xcf\xde\
\xa2\xd4l\xe5$\xadMZ\xb1s\xff\xdc\xf6#-\x8a\
\xd4Mn\x04\xfe\x954\x95\xd0\xe3\x04\x0aq\x00( \
O;z+\xf0i\xbag\x03\x9e\xfbH\xfb\x91_E\
\xea\xf4oo\xfa*wf\xad\x90O\x14v\x22\x85\x81\
\x83\x80C\x80\xad\x8a\x16\xd5:\xb7\x91\x82\xc09\x9e\x96\
[=\x07\x80\x0aIZ\x83\xb4R\xdf\xa7H#\x86;\
\xd9\xa3\xc0\xd5\xe4=\xc7\xbdT\xa8Yu\xf2\xaa\x9f\x07\
\x926\xf4\x9aB\x9a}\xd0\xc9f\x01\xa7\x91\xa6\x11.\
)]LS8\x00T \x8f\x0a~+\xf0%`R\
\xe1rV\xd5\xe3\xa4\x15\xc0.\x06.\x8b\x88\x87\x0a\xd7\
cf\x99\xa4-\x81W\x90\xa6\x0c\xbf\x8a\xb4<r'\
\xba\x87te\xf4\x5c_Al?\x07\x806\x934\x95\
\x94l\xf7.]\xcb0-\x01\xfe\x04\x9cO:\xcb\xbf\
\xd1\xf7\xea\xcc:\x83\xa4I\xa4uC\x8e$]!\xe8\
\xb4\x05\x8b\xa6\x01'F\xc4e\xa5\x0b\xe9f\x0e\x00m\
\x22io\xe0TR\x1a\xef\x14\x0f\x02\x17\xe4vED\
,(\x5c\x8f\x99\x8dP\x9e~\xf8\x0aR\x188\x92\xb4\
/B\xa7\xb8\x108)\x22n.]H7r\x00h\
1I\x1b\x91:\xfewP\xff\xef\xef2R\xd2>\x1f\
\xb8 \x22n*\x5c\x8f\x99\xb5\x99\xa4\xbdHA\xe0(\
:c\xab\xf0e\xc0\x7f\x01\x9f\x8a\x88\xa7J\x17\xd3M\
\xea\xfe\x0f\xdf1\xf2\xc8\xfe\x13\x80/R\xef\xcdC\x96\
\x00W\x00\xe7\x02\xe7y\xdd\xeez\xc8#\xbd\xd7\x05\xd6\
&m_;\x8e\xf4\xffh\x5cn\xe3IS\xc1F\xe7\
_\xf7\xfcy\xf2\xe3j\xf9\xef\x8d\x06\xd6d\xe0E\xa4\
\xc6\xe5\xdf\xef1\x9f\xb4\xfb\xe1\x15\xc0\xd9\x11\xf1`\xab\
\xde\x93\xd5_\xde_\xe4h\xd2t\xe4C\xa9\xf7\xfa\x03\
\xb3I\x03\xa8\x7f\xe0\xdb\x91\xad\xe1\x00\xd0\x02\x92&\x03\
\xdf\x01\xf6-]\xcb\x00\x96\x92\xe6\xe4\x9f\x0b\x9c\x15\x11\
\x8f\x17\xae\xa7\xabIZ\x13\xd8\x10\xd8\x98\xb4'\xfd\x86\
\xc0\xfa\xc0z\x83\xb4u\xfb}\xb1j-\x06\xbe\x0d|\
:\x22\x16\x95.\xc6\xaa\x95\x97\x1f?\x128\x068\x9c\
\x17\x07\xc5:\xb9\x11x\x7fD\xfc\xb1t!\x9d\xce\x01\
`\x04\xf2\x82\x1d\xa7\x91\xce\xfc\xeb\xf6\xbd\x5c\x06\xfc\x01\
\xf8_\xd2b\x1b\xde\x19o\x84$\xad\x0elJ\xdaC\
~\x0b\xd2>\xf2[\x92:\xfaMI#\xaf7\x22u\
\xf6\x9d\xec:\xe0\x08\xff\x9fi\xae\xbc\x03\xe2\x1b\x80\xb7\
\x01\x07S\xbf\xd5I\x97\x91N\xbaN\x8a\x88\xf9\xa5\x8b\
\xe9Tu\xeb\xb4:\x86\xa4\x83\x80\x1f\x92\xb6\x08\xad\x93\
\x19\xa43\xfd3=7\x7fx\xf2\x99\xfbV\xa4\xa9\x9a\
\xdb\xf4y\xdc\x82\xd4\xd1oB\xfd>\x08\xdb\xe5\x12\xe0\
\xb5\x9e\x93m\x926'\xdd\x22x;\xf5\x9b\xcdt\x1f\
\xf0n\xcf\x16X5\x0e\x00\xc3\x94\xcf\xfa\xff\x8d\xb4K\
_]\xbe\x7fO\x02g\x02?\xf6h\xd9\xc1\xe5\xc5\x98\
&\xd1\xbb\x9f\xfb\xf6\xa4]\xda&\x91\xce\xe8\xeb|\x0f\
\xb4j'D\xc4\x19\xa5\x8b\xb0\xfa\x90\xb4')\x08\x1c\
\x07lP\xb8\x9c\x1e\x22]\x0d8\xd1W\x03\x86\xa7.\
\x1dXG\x90\xb4?\xf0S\xd2V\x9f\xa5-\x03.\x05\
~\x00\xfc_D<_\xb8\x9eZ\xc9S\x9fv&m\
\xc5\xba\x13\xa9\xb3\xdf\x91tF\xdf\xed\xbb\xaf\xb5\xcaC\
\xc0V\x1epe\xcb\x934\x1ax=i\xcb\xf2WR\
\x8f\xbed\x16plD\xfc\xb9t!\x9d\xa2\x0e\xffh\
\xb5\x97W\xf2\xfbg\xd2\x9a\xd5\xa5;\x8fGI\xb7\x1e\
\xfe+\x22\xee-\x5cKqy\xf6\xc5\xf6\xa4\x8e~7\
\xd2Nj\xbb\x91\xce\xe8\x9br\xb9\xbe\x9d\xf6\x8f\x88\xeb\
J\x17a\xf5%i[\xe0\xdd\xc0\xbbH\xe3aJz\
\x1e8\x09\xf8\xbaW\x12\x5c9\x07\x80\x95\xc8\x83a\xfe\
\x078\xa2p)7\x00g\x90\xee\xed7r\x84v\x1e\
\x84\xb7\x03i\xdb\xd4\x9e\xb6'\x03Oy\xb3\x91{\x7f\
D|\xa7t\x11V\x7fy\x0c\xcd\xd1\xa4m\xcd\xf7/\
\x5c\xce\xf9\xc0;#\xe2\xe9\xc2u\xd4\x9a\x03\xc0 $\
\xedG\x1aPWj\xe5\xac\x17\x80_\x00\xdfh\xe2Y\
X\x9e\xa3\xbc?i\xd3\x93\xfd\x81\xbd\xe8\xbc%M;\
\xdd\x17\x22\xe2s\xa5\x8b\xb0\xce\x22\xe9@\xe0C\xc0\x1b\
\x81\xd5\x0b\x95\xf1\x00\xf0\xe6\x88\xb8\xbe\xd0\xf1k\xaf\xd4\
?L\xedI\xfa\x7f\xa4\xd5\xa7Jt8\xf3\x81\xff\x04\
\xbe\xd2\x94Mw\xf2\xa5\xfc\x1dIg\xf5\x07\x92\xd6/\
\xdf\x09\x87\xd4\xd2\xe6\x96.\xc0:OD\x5c\x03\x5c\x93\
7)\xfag\xe0\x1f\x801\x15\x97\xb1%p\xa5\xa4w\
D\xc49\x15\x1f\xbb#\xf8\xc3u9\xf9~\xff'\x80\
S\xa8\xfe\xfb\xf3\x1c\xf0#\xe0\xd4\x88x\xb4\xe2cW\
J\xd2:\xc0~\xc0\x01\xa4\xb3\xfb\xfd\x80u\x8a\x16e\
\xfd9:\x22\xce+]\x84u6I\x1b\x02\xef']\
\x15\xa8z\xa5T\x91fn}\xca\x03Z_\xcc\x01\xa0\
\x0fIcH\xd3\xe9\xde\x5c\xf1\xa1g\x03\xff\x01\x9c\x1e\
\x11\xcfV|\xecJ\xe4\xfb\x83\x07\x90V\x18{\x15\xe9\
r\xbe\xa7\xdc\xd5\xdbB`CO\xad\xb2V\x91\xb4.\
\xf0A\xe0\x9fHK[W\xe9,\xe0\x1d\x11\xb1\xb8\xe2\
\xe3\xd6\x96\x03@&i\x1c\xf0k`j\x85\x87\x9d\x0f\
\x9cN:\xe3\xef\xbaK\xadyK\xd2\xa9\xb9\x1dN=\
\x96\xbb\xb5\xa1\xfbVD|\xa8t\x11\xd6}\xf2z*\
\xef#\xad\xed_\xe5\x95\xbf+\x80\xd7E\xc4s\x15\x1e\
\xb3\xb6\x1c\x00\x00I\x13\x80\xdf\x91.CWa1\xf0\
]\xe0\x94\x88x\xa2\xa2c\xb6]\xbe\xccw\x18\xbdg\
\xf9\x9d\xb4\xed\xa8\xbd\xd8c\xc0\x1e\xdd\xf4\xff\xd3\xeaG\
\xd2\xc6\xc0\xa7I\x0b\xabU\xb5\xf7\xc05\xa4\xa5\xae\x9f\
\xa9\xe8x\xb5\xd5\xf8\x00\x907\xc0\xb8\x10xYE\x87\
\xbc\x00\xf8p\xb7,\xd3+iW\xd2\x9a\xe1G\x93.\
\xeb{\xee}\xe7\x9b\x07\x1c\xee\xcdV\xac*\x92\xb6\x03\
\xbeL\xda\x88\xa8\x0a7\x02\xaf\x8e\x88'+:^-\
5:\x00H\x9a\x08\x5cIZ8\xa6\xddn\x05>\x12\
\x11\x97Vp\xac\xb6\xc9\x83$_F\x9a\xde\xf3\x06\xd2\
\x22<\xd6=\xee\x02\x8e\x89\x88\xbf\x94.\xc4\x9aG\xd2\
\xe1\xc0\xd7I3\x80\xda\xedf\xe0\xd0n\xbc\xfd:T\
\x8d\x0d\x00y\xa9\xd8\x8bI\x03\xd3\xdai\x1e\xe9\x12\xd7\
w:uc\x95<E\xef\x10R\x87\xffz|i\xbf\
\xdb,\x03\xfe\x04\xfc\x18\xf8\xcf\x88x\xa1p=\xd6`\
y\xbf\x8e\x0f\x00_\xa4\xfd\x8b|]E\xba\x12\xb0\xb0\
\xcd\xc7\xa9\xa5F\x06\x80\xfc\x1f\xec\xd7\xc0\xdf\xb4\xf9P\
\x17\x926T\xb9\xbf\xcd\xc7i\xb9\xdc\xe9\x1f\x06\xbc\x15\
x\x1d\x9d\xbf\xc5m\xa7X\x0a<K\x9a\x12:?\xb7\
\xb9}\xbe\x9e\x07<C\xea\xb4\x9f\x03\x96\x00\x8bH#\
\xf6{\xfe.\xf9\xef\xf4\xb7\x14\xea|\xd2r\xa9=\x9e\
\x03\x1e\x8a\x88\x05\xad~#f#!ik\xd2\xea\xa7\
\x87\xb7\xf9P\x17\x00o\xe8\xd4\x13\xb4\x91hj\x00\xf8\
\x1f\xd2\x8eV\xed\xf24\xf0\xd1\x88\xf8q\x1b\x8f\xd1\x16\
\x92v'}o\x8e\x056+\x5cN\xa7[\x08<A\
\xda\xbf\xe1\xc9\xdc\x9e\x00\xe6\x90\xa6~\xae\xf0\xe8\xd1\xc9\
f\xbd\xf2-\xc7\xbf\x07\xbeJ{\xd7\x0f\xf8aD\xbc\
\xbb\x8d\xaf_K\x8d\x0b\x00\x92>\x02|\xad\x8d\x87\xb8\
\x1c8.\x22\x1en\xe31ZJ\xd2f\xa4\x0e\xff\xed\
\xc0\xee\x85\xcb\xe9\x04\x8b\x81\x87s{\x00x\x84\xb4s\
\xde\x83\xc0\xe3\xa4N\xfe\xb1\x88\x98W\xacB\xb3.\x92\
g\x0b\x9cI{\xaf\x06| \x22\xbe\xdd\xc6\xd7\xaf\x9d\
F\x05\x00I\x07\x90:\xe8vL7YB\xda-\xf0\
\x8b\x11\xb1\xb4\x0d\xaf\xdfRy\xd1\xa37\x91\xf6\xf5>\
\x0c/\xca\xd3\xd7b\xe0>\xe0\xde\xdc\xfa~\xfd`D\
<^\xac2\xb3\x86\xcaW\x03>\x04\xfc;\xed\xd9\x95\
\xf5\x05\xe0\xb0\x88\xb8\xaa\x0d\xaf]K\x8d\x09\x00\xf9,\
w:\xb0I\x1b^\xfe!\xe0-\x9d0mJ\xd2K\
\x81\x13\x80wR\xfd\x92\x9cu\xb2\x84\xd4\xb1\xdf\x05\xdc\
\x99\xdb]\xc0\xdd\xc0\xc3\xdeJ\xd4\xac\x9e\xf2FCg\
\x03\x9b\xb7\xe1\xe5\x1f\x01&G\xc4cmx\xed\xdai\
R\x00\xf8\x1d\xf0\x9a6\xbc\xf4u\xc0\x1b\xeb\xbcv\x7f\
\xdeF\xf7(\xe0\xbd\xa4U\xf9\x1a\xf3\xef\x9e\xdd\x07\xfc\
\x05\xb8\x854\xf5\xe7V`fD<?\xd8_2\xb3\
z\xca;\x85\xfe\x0axy\x1b^\xfe\xb7\x11Qz\xfb\
\xf7J4\xa2#\x90\xf4n\xd2\xeez\xad\xf63\xe0\xdd\
u\x9dB\x22i\x13\xd2\x00\x9a\xf7\x02[\x15.\xa7\x0a\
\xcf\x03\xf7\x90\xae\xf4L\x07n\x03nn\xfab\x1ff\
\xddH\xd2h\xe0\xfb\xb4g@\xf7\xdfG\xc4\x99mx\
\xddZ\xe9\xfa\x00 is\xd2\x19_\xab7\x9e\xf8|\
D\x9c\xdc\xe2\xd7l\x09I\xbb\x00\x1f'\x0d\xec\xabj\
y\xcd\xaa=E\xba\xfar#\xe9\xec\xfef\xd2Y\xbd\
w\xfb2k\x88<.\xe0K\xa4=\x05Zi6\xb0\
k\x9d\xaf\xec\xda\x10H\xfa\xa5Zk\x99\xa4\x7f.\xfd\
\xbe\xfa#i\x8a\xa4\xf3s\x8d\xddf\xa6\xa43%\x1d\
/i\x17\xa5\x1f|33$\x9d\xd4\x86\xcf\x9c\xb3K\
\xbf/\x1b\x01I\x07\xb4\xf8?\xc42I\xef-\xfd\xbe\
\xfa\x92\xb4\x9a\xa4\xa3$]\xdb\xe2\xf7Z\xd2\xb3\x92\xae\
\x96t\xaa\xd2{[\xaf\xf4\xf7\xd9\xcc\xeaM\xd2\x07\xd5\
\xda\x93\x9fe\x92\xf6-\xfd\xbel\x15I\xba\xbc\x85\xff\
\x19$\xe9\x13\xa5\xdfS\x0f\xa5\x8e\xff-\x92f\xb4\xf8\
=\x96\xf0\xa4\xa4\xb3%\xfd\xa3\xa4\x9d%yC!3\
\x1b6I\x9fi\xf1g\xd3\x95\xa5\xdf\x93\xad\x02IG\
\xb4\xf8?\xc27K\xbf\xa7\x1e\x92\xa6J\x9a\xde\xe2\xf7\
W\xa5\x05\x92.\x96t\xa2\xa4\xc9r\x87of-\x22\
\xe9\xbb-\xfe\xbczm\xe9\xf7d\xc3$\xe9\x8a\x16\xfe\
\x078O5\xe8\xa4$\xbdF\xd2\xf5-|_UY\
*i\x9a\xd2%\xfd\xa9\x92\xd6*\xfd\xbd4\xb3\xee$\
i\x94\xa4\xdf\xb6\xf0\xf3\xeb\xb2\xd2\xef\xc9\x86A\xe92\
r\xab\xee\x05=$i\x83\xc2\xefgwI\x17\xb5\xe8\
\xfdT\xe5\x19IgIz\xab\x0a\x7f\xff\xcc\xacY$\
m(\xe9\xe1\x16~\x9e\xedZ\xfa=\xd9\x10\xa9u\x97\
\x80\x96Jze\xc1\xf7\xb1\x81\xa4oHZ\xd2\xa2\xf7\
\xd3nO*\x8d\xd4?Ji\x8e\xae\x99Y\x11\x92\x0e\
Q\xeb>;O/\xfd~l\x08$\x8dV\x1aE\xde\
\x0a\xdf(\xf4\x1eV\x97\xf4\xb1\x16\xbe\x8fv\xba]\xd2\
)\x92^\xae\x1a\xdc&13\xeb!\xe9\xf4\x16}\xce\
\xcd\x95\xd4\xadk\xaat\x0fI\xafm\xd1?\xf8\xd3\x92\
\xd6/P\xff~\x92nj\xd1{h\x97;$}V\
\xd2\x0eU\x7f\x7f\xcc\xcc\x86J\xd2DIO\xb5\xe8s\
\xefU\xa5\xdf\x8f\xad\x84Z\x97\xf8>Pq\xddk)\
\x0d\x92\xab\xeb\xe5\xfe\xa7$\x9d\xa1\xb4\xd8\x90\x17\xe11\
\xb3\x8e \xe9#-\xfa\x0c,rE\xd8\x86A\xd2\xbd\
-\xf8\x87~Ji\xbb\xdc\xaaj\xdeM\xf5<\xeb_\
 \xe9\x1c\xa5{\xfa\xabW\xf5\xfd03k\x15Ic\
%\xcdi\xc1\xe7\xe1\xcc\xd2\xef\xc5\x06!i\x93\x16\xfc\
#K\xd2W*\xac\xf9XI\x8bZTw+,S\
Z@\xe9XU\x18\x82\xcc\xcc\xdaE\xd2\xd7Z\xf4\xf9\
\xb8Q\xe9\xf7b\x03\x90\xf4\xaa\x16\xfd#\xef\x5cQ\xbd\
\xafV}.\xf9?%\xe9?\xe4\xfb\xfaf\xd6e$\
\xed\xda\xa2\xcf\xc9\xc3J\xbf\x97V\xea\xb6Q\xdb{\xb6\
\xe05\x1e\x8d\x88\x19-x\x9dAIZ\x1b\xf8!0\
\xaa\xdd\xc7Z\x89\xe9\xc0{\x80-#\xe2\x9f\x22\xe2\xce\
\xc2\xf5\x98\x99\xb5TD\xdc\x0a<\xd2\x82\x97\xda\xa3\x05\
\xafQ\x1b\xdd\x16\x00^\xda\x82\xd7\xb8\xbc\x05\xaf1\x14\
\xef\x016\xab\xe8X\xcb[\x04\xfc\x00\xd8%\x22\xf6\x89\
\x88\xefG\xc4\x82B\xb5\x98\x99U\xe1\x0f-x\x8d\xed\
[\xf0\x1a\xb5\xd1m\x01`B\x0b^\xe3\xa6\x16\xbc\xc6\
P\x1c[\xd1q\xfaz\x12\xf8<\xb0UD\x1c_\xc5\
\x95\x0e3\xb3\x9ah\xc5g\xfb\xc4\x16\xbcFmt\xdb\
\xc8\xeeV\x04\x80'Z\xf0\x1a\x83R\x1a\x5cW\xe5\xa5\
\xa4;\x81\xaf\x02?\x8e\x88\x85\x15\x1e\xd7\xcc\xac.Z\
\xf1\xd9\xben\x0b^\xa36\xba-\x00\xac\xd3\x82\xd7x\
\xaa\x05\xaf\xb12\x1bP\xcd\xbd\xff\xdb\x80/\x02\xe7F\
\xc4\xb2\x0a\x8egfVW\x0e\x00\xcb\xe9\xb6\x00\xd0\x8a\
\xf7S\xc5Nu\x8b\xdb\xfc\xfa3\x80\xd3\x80\x9fD\xc4\
\xd26\x1f\xcb\xcc\xac\x13\xb4bZ\xf3\x1a-x\x8d\xda\
\xe8\xb6\x00\xd0\x0a\x1bVp\x8c\xa7\x80\xb9\xb4\xe6\x96E\
_w\x01\xff\x02\xfc\xdcg\xfcff/\xb2q\xe9\x02\
\xea\xa6\xdb\x06\x01\xb6\xc2\x16\xed>@\xee\x9c/m\xe1\
K>\x01\xbc\x1f\xd85\x22\xceq\xe7of\xb6\x82\xcd\
K\x17P7\x0e\x00+:\xb0\xa2\xe3|\xaf\x05\xaf\xb1\
\x08\xf8\x12\xb0]D|'\x22^h\xc1k\x9a\x99u\
\xa3\xaa>\xdb\xad\x04I\xd3Z\xb0\xd2\xd3\x22U\xb4\x04\
\xae\xa4\xf3FP\xe7y\x92\xb6\xad\xa2N3\xb3N\xa6\
\xb4\xd9\xda\xc2\x16\xf4\x0f\xd3J\xbf\x97V\xf2\x15\x80\x15\
\x8d\x06\x0e\xaf\xe8X\xef$M\xd1\x1b\x8e\xc7\x807D\
\xc4\xeb\x22\xc2\x9bS\x98\x99\xad\xdc\xdfP\xcd\x00\xef\x8e\
\xe2\x00\xd0\xbf\xf7Vq\x90\x88x\x1a8\x08\xb8r\x88\
\x7f\xe5\xc7\xa4\xd5\xfb~\xdd\xbe\xaa\xcc\xcc\xba\xce\xfbJ\
\x17`m\xa6\xd6\xdc\x02\x90\xa4\xa5\x92\xb6\xab\xb0\xee\x90\
\xf4w\x92\xae\xef\xa7\x96\x17$\xfdN\xd2\xa1U\xd5c\
f\xd6-$\xed\xa0\xb4\xcbi+t\xd5-\x80\xae\xa2\
\xd6\x05\x00I:\xab\xd0{\xd8X\xd2\xa1\x92\xde \xe9\
 \xa5M\x83\xcc\xccl\x15H\xfay\x0b\xfb\x05\x07\x80\
\xbaRk\x03\x80$\x1d\x5c\xfa=\x99\x99\xd9\xaa\x91t\
\xa0Zw\xf6/uY\x00\xf0\x18\x80\xc1}MRW\
\xad\xfcdf\xd6\x04\x92\xd6\x04N\x07\xa2t-u\xe5\
\x000\xb8\xbdI\xf3\xec\xcd\xcc\xac\xb3\x9c\x02\xecY\xba\
\x88:s\x00X\xb9\x8fK:\xa2t\x11ff64\
\x92^\x0b|\xb4t\x1du\xe7\x00\xb0r\x01\xfcH\x15\
\xce\x0a03\xb3U#i\x07\xd2\x94i_\xfa_\x09\
\x07\x80\xa1\xd9\x10\xf8\xbd$o&afVS\x926\
\x04.\x00\xd6/]K'p\x00\x18\xbaI\xc0\xf9\x92\
\xc6\x97.\xc4\xcc\xcc^L\xd2:\xc0\x85\x80\xaf\xd6\x0e\
\x91\x03\xc0\xf0\xbc\x0c\xb8\x5c\x92\xd3\xa5\x99YMH\x9a\
\x00\xfc\x9e4p\xdb\x86\xc8\x01`\xf8\xf6\x01.\xce\x97\
\x9a\xcc\xcc\xac I\x1b\x01W\x00\xfb\x15.\xa5\xe38\
\x00\xac\x9a\xbd\x80+$m]\xba\x103\xb3\xa6\x924\
\x09\xf8\x03\xb0G\xe9Z:\x91\x03\xc0\xaa\xdb\x19\x98&\
\xe9\x15\xa5\x0b13k\x1aIS\x80?\x02;\x94\xae\
\xa5S9\x00\x8c\xcc\xfa\xc0E\x92>P\xba\x103\xb3\
\xa6\x90\xf4\x8f\xc0\xa5\xc0F\xa5k\xe9d\x0e\x00#\xb7\
:\xf0-I?\x944\xaet1ff\xddJ\xd2x\
I\xff\x0d|\x1fX\xb3p9\x1d\xcf\x01\xa0u\xde\x09\
L\x97\xe4Q\xa8ff-&i20\x1d\xf8\xfb\xd2\
\xb5t\x0b\x07\x80\xd6\xda\x01\xb8V\xd2\xc7$\xf9{k\
f6B\x92FI\xfa\x04p-\xb0}\xe9z\xba\x89\
;\xa9\xd6\x1b\x0d\xfc\x07p\xb5\xa4]J\x17cf\xd6\
\xa9$\xed\x0a\x5c\x03\x9c\x86/\xf9\xb7\x9c\x03@\xfb\xec\
\x0f\xdc(\xe9TI\xa3K\x17cf\xd6)$\xad!\
\xe9D`\x1a\xf0\xf2\xd2\xf5t+\x07\x80\xf6Z\x038\
\x9146`j\xe9b\xcc\xcc\xeaN\xd2\xe1\xc0\xcd\xc0\
\xa9\xa4+\xaa\xd6&\x0e\x00\xd5\xd8\x85\xb4z\xe0\xf9\x92\
\xb6-]\x8c\x99Y\xddH\xdaN\xd29\xa4%}w\
*]O\x138\x00T\xebH\xe0VI_\xce\x1bW\
\x98\x995\x9a\xa4\x09\x92N\x03n\x03\x8e)]O\x93\
8\x00To-\xe0\x93\xc0\xbd\x92N\x944\xa6tA\
ffU\x934V\xd2\x87\x81;\x81O\xe0A~\x95\
s\x00X\xd1\xd2\x8a\x8e\xb3\x1e\xe9\x1e\xd7=\x92N\x90\
\xb4FE\xc753+F\xd2\x9a\x92\xde\x0f\xdc\x03|\
\x9d\xeaV\xf3\xab\xea\xb3\xbdc8\x00\xac\xe8\x03\xc0]\
\x15\x1eo3\xe0\xbb\xc0\x9d\x92\xde+i\xad\x0a\x8fm\
fV\x09Icr\xc7\x7f'p:\xb0i\x85\x87\xbf\
\x93\xf4\xd9n}8\x00\xac\xe8\x1e\xd2\xb6\x92\x97U|\
\xdcm\x80\xef\x00\xf7K:9\xefomf\xd6\xd1\xf2\
\xf2\xbd\x1f&}\xb6\x9e\x0el]q\x09W\x03S\xf2\
\xf1\xad\x0f\x07\x80~D\xc4\x1c\xe0\xb5\xa4\x0e\xb9j\x1b\
\x01\x9f\x03fI\xfa\xa2\xa4*S\xb2\x99YKH\xda\
L\xd2\x97\x81\x07I\x97\xfa7+P\xc6\xe9\xc0+#\
\xe2\xa9\x02\xc7\xae=\x07\x80\x01D\xc4\xf3\x11\xf1~\xe0\
\xef\x80\x05\x05J\x98\x08|\x06\xb8O\xd29\x92\x0e(\
P\x83\x99\xd9\xb0H\x9a,\xe9L\xe0>\xd2\x80\xe7\x12\
W3\x17\x01\xef\x8a\x88\x0fF\xc4\x0b\x05\x8e\xdf\x11\x1c\
\x00V\x22\x22~\x02\x1cH\xba\x87T\xc2\x9a\xa4\xa91\
\xd7H\xbaV\xd2\xdfz\xc0\xa0\x99\xd5I\x1e\xd8w\xac\
\xa4\xebH\xab\xf7\x1dGZ\x08\xad\x84;\x80\x97G\xc4\
\x8f\x0a\x1d\xbfc8\x00\x0cAD\xdc\x04\xecEZ\x8f\
zY\xc1R\xf6\x07\xce\x02\x1e\x97tF^'\xdb\xcc\
\xac\x08I\xdbK:\x95t\x99\xff\xa7\x94]\xb6W\xa4\
m\x82\xf7\x89\x88\xbf\x14\xac\xa3c8\x00\x0cQD,\
\x8c\x88\x93\x80W\x03\x0f\x15.g\x22p<p\x8b\xa4\
i\x92\x8e\x974\xb6pMf\xd6\x00\x92FK:F\
\xd2\xc5\xa4\xb3\xed\x13\xa9n*\xdf@\x1e\x03\x8e\x8a\x88\
\xf7D\xc4\xfc\xc2\xb5t\x0c\x07\x80a\x8a\x88K\x80\xdd\
Ig\xe2u0\x198\x03xH\xd2\xf7$M\x91\x14\
\xa5\x8b2\xb3\xee!)$\x1d$\xe9\x0cRg{\x0e\
0\x15\xa8\xc3g\xcdO\x81\x9d\x22\xe27\xa5\x0b\xe94\
\x0e\x00\xab \x22\xe6D\xc4\xb1\xc0[\x80\xa7K\xd7\x93\
M\x04\xde\x03\x5cE\x9aJx\xaa\xa4\x1d\x0a\xd7df\
\x1dL\xd2\x8e\x92N&\xad\x8d\xf2\x07\xd2\x95\xc7\xbaL\
Q\x9e\x0b\x1c\x17\x11o\x8b\x88\xb9\xa5\x8b\xe9D\x0e\x00\
#\x10\x11\xe7\x02\xbb\x01\xffK\xba\xffT\x17/!]\
\x96\xbbC\xd2\x9f%}\x5c\xd26\xa5\x8b2\xb3\xfa\x93\
4)\x7ff\xfc\x19\xb8\x9d4-y\xbb\xc2e\xf5%\
\xe0L\xd2Y\xff\xff\x96.\xa6\x939\x00\x8cPD<\
\x1a\x11\xc7\x91\x06\xbf\xfc\xb9t=\xfdx\x19\xf0o\xa4\
u\x05n\xcb\x8b\x0c\xedX\xba(3\xab\x0fI[K\
\xfa\xb0\xa4\xabI\x0b\xe6\xfc\x1b\xe9\xb3\xa3nn\x02\x0e\
\x8e\x88\xbf\x8f\x88\xc7J\x17\xd3\xe9\x1c\x00Z$\x22\xae\
\x07\x0e -79\xa7p9\x03\xd9\x99\x94\xe6o\x97\
tS\x0e\x03\x93=f\xc0\xacY\xf2=\xfd}$}\
^\xd2\xcd\xc0\xbd\xa4\xc5z\x0e\xa4\x1e\xf7\xf5\x977\x1b\
x\x1fi\x84\xff\xd5\xa5\x8b\xe9\x16\x0e\x00-\x14\x11K\
#\xe2\xdb\xa4\xcbe\xdf\xa4\xde\x9bO\xecA\x0a\x03\xd3\
H\xd3\x0a\xcf\xcc#{\xd7.\x5c\x97\x99\xb5A^\x8b\
\x7f\xaa\xa4o\x00\x0f\x00\xd7\x03\x9f%\x0dj\xae+\x01\
?&]\xee\xffnD\xd4\xf93\xb5\xe3\xac^\xba\x80\
n\x14\x11\xb3\x81\x0fK\xfa_\xe0\xdf\x81C\x0a\x97\xb4\
2\x1b\x92\x16\xee8\x0eX(\xe92\xe0B\xe0\xa2\x88\
\xa8rc$3k\xa1<\x10\xf8p\xe05\xc0+\x80\
N\xda~\xfcr\xe0\x13\x111\xadt!\xdd\xca\x01\xa0\
\x8d\xf2m\x81C%M\x01\xbeD\xfd\x83\x00\xa4\x0f\x88\
#rC\xd2c\xa4\x99\x05\x17\x00\x17\xe4pcf5\
$i<\xa9\xa3?\x92\xd4\xf1o]\xb4\xa0Us\x1d\
\xf0\xe5\x888\xbft!\xdd\xce\x01\xa0\x02\xf9\x9e\xd5\xa1\
\x92\x8e\x00>O\x9a\xbb\xdf)6!-E|\x0c\xb0\
T\xd24R2\xbf\x12\xb8&\x22\x9e+Y\x9cY\x93\
\xe5[vS\x80Cs\x9b\x0c\x8c*X\xd2HL\x03\
>\x1b\x11\xbf+]HS8\x00T(/T\xf1\x1b\
ISI\xcb\x0a\xef]\xb8\xa4\xe1\x1aE\x9a\xed\xf0r\
\xe0$R \xb8\x09\xb8\x86\xb4\xe5\xe6%y'E3\
k\x03I\xe3HK\x82O!\x0d\xd8;\x98\xb4_H\
'\xbb\x8dtb\xf4\xf3\x88\xa8\xd3t\xea\xae\xe7\x00P\
@D\x5c\x22\xe9e\xa4\x85\x84>\x0dt\xea\x9a\xfe\xa3\
Hg\x1c\x93\x81\x0f\x91\x02\xc1\xcd\xc0\x1f{ZD\xcc\
*X\x9fYG\x93\xb4-\xa9\xc3\xefi\xbb\xd3\xb9g\
\xf8\xcb\xbb\x85tk\xf4\xe7\x11Qr\x8f\x95\xc6r\x00\
($\xff\x87?K\xd2\xd9\xc0\xab\x80\x8f\x91\xee\xd9\xd5\
q\x0a\xceP\x8d\x22]\xd5\xd8\x1bx?\x80\xa4\xc7\xe9\
\x13\x08\x80\x1b#b^\xb1\x0a\xcdj*_\xce\xdf\x8b\
\x17w\xf8\xa5\xd7\xd8o5\x01\xbf\x07\xbeJ\xbab\xe8\
3\xfe\x82\x1c\x00\x0a\xcb?\x00\x17\x01\x17Iz)i\
\x1d\x81\x7f\x00\xbaes\x9f\x8d\x81\xd7\xe7\x06\x80\xa4Y\
\xa4\xdb\x06\xd3s\xbb\xd1\x1bxX\x93HZ\x13x)\
\xe92\xfe\x14\xd2U\xb4\x1d\xe8\x9e\xb3\xfb\xe5-&\xed\
\x1f\xf0o\x11qk\xe9b,q\x00\xa8\x91\x88\xb8\x9b\
4}\xf0K\xc0{I\x0b_l\x5c\xb6\xaa\xb6\x98\x94\
\xdbq\xf9\xd7K$\xddN\x0a\x03\x7f\xe9i\x11\xf1d\
\xa1\xfa\xccZF\xd2F\xa4K\xf7=m2\xb0\x13\xdd\
\xdb\xd9\xf7\xf5\x18\xf0m\xe0{\x11\xf1T\xe9b\xec\xc5\
\x1c\x00j(w|_\x90t\x1a\xf0\xffHW\x05:\
m\xc0\xe0p\xacN\xdaSa\xb7\xbeO\xe6)\x88\x7f\
\x01n&\xdd/\xbc\x05\xb8#\x22\x16U^\xa1\xd9J\
HZ\x8b\xd4\xb1\xf7\xfc_\xde\x83\xd4\xe1wc\x88_\
\x99\xe9\xc0\xe9\xc0\xcf\x22bq\xe9b\xac\x7f\x0e\x005\
\x96\x7fp~\x04\xfcH\xd2\xce\xc0\xdb\x81w\x91\x16\xee\
i\x82Mr;\xbc\xef\x93\x92\x1e%\x8d\x1c\x9e\x91\x1f\
g\x01\xb7D\xc4\xe3\x95Wh\x8d#i\x02\xb0-\xb0\
\x0biy\xedI\xf9\xebn\xbe\x84?\x14sI\x97\xf9\
\xcf\x88\x88\x1bJ\x17c+\xe7\x00\xd0!\x22b\x06p\
\x92\xa4\xcf\x91\xee\xa7\xbf\x8b\xb4\x1fw\x13\x97s\xde4\
\xb7\xa9}\x9f\xccW\x0c\xee\x02f\x9264\x99\xd9\xd3\
<=\xd1\x86C\xd2DR'\xbf]~\xeci;\xd0\
\xcc3\xfa\x81,\x03.\x06~\x08\xfc\x9f\xcf\xf6;\x8b\
\x03@\x87\xc9?`g\x03gK\xda\x12x'\xf0\x0e\
:s\xc5\xafV\xeb\xb9bp\xf0\xf2\xbf!i6\xbd\
\xa1\xe0~\xd2Z\xe8\x0f\x00\xf7\x01\xf7{fB\xb3\xe4\
\x11\xf7[\x92~n\xb6\xec\xf3uOG\xbf^\xa9\xda\
:\xc4\xbd\xc0\x7f\x03\xff\x1d\x11\x0f\x14\xae\xc5V\x91\x03\
@\x07\xcb?x\x9f\x97\xf4E\xe0\x95\xc0\xdb\x80\xa3\x81\
\x89E\x0b\xab\xa7\xf5\x80}s[A\x0e\x08}C\xc1\
c\xc0\xc3}\x1f#\xe2\xe9J*\xb5\x11\x91\xb4>\xe9\
\x0a\xd1f\xcb=nMog\xef\x9f\x91\xe1\x9b\x03\xfc\
\x1a\xf8\x09p\xb9\xe7\xeew>\x07\x80.\x90\x7f\x10/\
\x01.\xc9\xd3\x8b\x0e#-\xdd{4>\x93\x19\xaa\xf5\
r\xdbs\xa0? i1\xf0(\xf0\x08)\x18<\x06\
<\x09<\x95\xdb\xe3}\x7f\x1d\x11K\xda\x5cs#H\
Z\x1d\xd8\x804\xf6e\x03\xd2%\xf8\x9e\xaf7 u\
\xee\x1b\x03\x9b\x93\xae\x00\x8d.SiW\x9aM\xea\xf4\
\xcf\x05.\x8d\x88\x17\x0a\xd7c-\xe4\x00\xd0e\x22\xe2\
y\xe0w\xc0\xef$\xadAo\x18x=\x0e\x03#5\
\x9at\x16\xb9\xf5P\xfe\xb0\xa4\xa7I\x1f\xa0s\x87\xd0\
\xe6\x03\xf3\x80g\x81\x85\xf9\xd7\xcft\xfaY\x96\xa4\xd5\
\x80u\x81q\xa4\x8d\xa6\xd6\x01\xc6\xe7\xb6.0\xa1\x9f\
6\xb1\xcf\xef\xad\x8f\xff\xdfV\xediz;\xfd\xcb\xdc\
\xe9w/\x07\x80.\x96\x7fp/\x04.\x94t\x02\xe9\
6AO\x18X\xbfdm\x0d\xb1>#\xfc>\xe7\xab\
\x0e\x0bH!aan\xca\xbf&\xff\xde\xe2\x01\x9e\xeb\
\xcf3\xa4\x81[\xfd\x19E\xea\xa0\xfb3\x9a\xde\xc5\xa9\
&\x90V\xac\x5c\x8b\xde\xede{\x9e\x1b\x93\xdb\x84\xfc\
\xe7}6\xde\x19\x9e\xe2\xc5\x9d\xbe\xaf^5\x80\x03@\
C\xe40\xf0{\xe0\xf7\x92\xdeC\xba\xd4=\x158\x8a\
\xb4\xe4h\x13g\x13t\x82\xd1\xb9\xf9\x9e\xb5\xb5\xda\x0c\
\xe0|\xd2\xed\xc3+}\xa6\xdf<\x0e\x00\x0d\x14\x11K\
\xe9]\x86\xf74I\x1b\x92\xb6\x12\x9d\x0a\xbc\x8et\x1f\
\xd5\xcc\xba\xcbl\xe0RR\x87\xff\x9b\x88x\xb8p=\
V\x98\x03\x80\xf5\xac<x.p\xae\xa4\xf7\xe1\xab\x03\
f\xdd\xc2g\xf96 \x07\x00{\x91~\xae\x0elD\
\x1a;p\x10p\x08i\xe5\xb3N\xde\xb1\xd0\xac[\x89\
\xb42\xe6\x1f\x80\xabH\xf7\xf2\x9f([\x92\xd5\x99\x03\
\x80\x0d*\x7f\x80\x9c\x95[\xcf\x02*/']!\x98\
\x02\xbc\x0cX\xb3X\x81f\xcd\xb5\x14\xb8\x13\xb8\x9at\
\x86\x7f\xb97\xdc\xb1\xe1p\x00\xb0a\x89\x88\xe7\xc8k\
\x0e\x00H\x1aG\xbaM0\x85\xde\xadM\xd7*V\xa0\
Y\xf7ZB\xda\x18\xeb\x12\xd2v\xdaW{\x89k\x1b\
\x09\x07\x00\x1b\x91\x88\x98\xcf\x8b\x03\xc1Z\xc0>\xa4-\
O\xf7\xc9m{<\x8e\xc0l8\x96\x91\xf6\xb5\x98\xd6\
\xa7M\xf7N\x98\xd6J\x0e\x00\xd6R\xf9\x03\xea\xea\xdc\
\x00\x904\x9e4\xb0pr\x9f\xb6#\x0e\x05f=\x1e\
\xa5w\xec\xcdt\xe0\x9a\x88\x98]\xb6$\xebv\x0e\x00\
\xd6vy\xa3\x9d\xe5C\xc1\x04R\x10xY~\xdc\x0b\
\xd8\x06\x87\x02\xebn\xcbH\x1b\xe9\xdc\xc8\x8b\xcf\xec\xe7\
\x0e\xfa\xb7\xcc\xda\xc0\x01\xc0\x8a\xc8\x1fx\x97\xe6\x06@\
\xde\xc7\xe0\xa5\xa4\x99\x06\xbb\xf4yl\xfa>\xeb\xd6\x99\
\x1e%\x8d\xca\x9f\xd1\xe7\xf1\xc6|\xdb\xcc\xac8\x07\x00\
\xab\x8d\xbc\x8f\xc1m\xb9\x9d\xdb\xf3\xbc\x83\x81\xd5\x9c;\
z\xebH\x0e\x00V{\x83\x04\x831\xa4\xbd\xdb'\x91\
n\x1fLZ\xaey6\x82\xb5\xc2\x22`\xd6\x00m\xa6\
\x07\xe6Y\xa7r\x00\xb0\x8e\x15\x11\x0b\x81[s[\x81\
\xa4\x89\xac\x18\x0az\xda\xd6x\xbc\x81\xf5\x9a\xc3\xc0\x9d\
\xfc}\x9d\xbe+\xa3Y\x7f\x1c\x00\xack\xe59\xd2=\
\xa3\xaa_$\xdfV\xe8\xd9K~\xb3A\x1e7\xc6A\
\xa1\x93-\x02\x1e!]\xa6\x1f\xe8\xf1\x81\xbc\xbe\x85Y\
\xa38\x00X#\xe5\xdb\x0a\x8f\xe4\xb6B@\xe8\x91\xd7\
5\xd8\x04\xd8\x9c\x17\x87\x82\x0dI\xfb\xd4/\xdf\xc6\xb5\
\xb5p\x9bO\xda\xd4f\xf9\xf6$\xf08\xf00\xf0X\
\xcf\xa3/\xcf\x9b\x0d\xcc\x01\xc0l\x10\xb9\x03\xb9/\xb7\
\x95\x924\x9a\x17\x07\x82\x89\xf4\x1f\x14\xd6&m\xf3;\
!?\x8e\xed\xf3\xdc:-|\x0bu\xf2,\xb0\x18x\
\x0eX\x90\xbf\x9e\x03<\x9f\x9f\xeb\xafc\x9f\x9d\xff\xcc\
l`vD,\xae\xbel\xb3\xee\xe4\x00`\xd6B\xb9\
\x83z4\xb7U\x96\x078\xaeE\x0a\x08k\x02\xe3s\
[3?\xb7F\xfeu_=A\xa2\xaf\xb5\x801\xcb\
=76\xff\xd9\xbe\x16\x93:\xe5\xbe\x16\x92.\xa1\xf7\
5\x9f\xd4a\xf75\x0fx\x01\x98\x9b\x7fo^n\xcf\
\xe7\xe7\x16\xe5\xf1\x1afV#\x0e\x00f5\x94;\xcc\
\x85\xa4\xb3_3\xb3\x96\xf3\xe0&33\xb3\x06r\x00\
033k \x07\x0033\xb3\x06r\x00033\
k \x07\x0033\xb3\x06r\x00033k \x07\
\x0033\xb3\x06r\x00033k \x07\x0033\
\xb3\x06r\x00033k \x07\x0033\xb3\x06\xf2\
^\x00\x15\x92\xb4;\xb0?ikY\x80\xdb\x81\xab#\
\xe2\xc1rU\x99\x99Y\x139\x00T@\xd2\xd1\xc0\xe7\
\x80\xbd\xfa\xf9\xed\xa5\x92.\x04\xfe#\x22.\xaf\xb62\
33k*\xdf\x02h#I\xa3$\xfd\x00\xf85\xfd\
w\xfe\x00\xa3\x80#\x80\xcb$\xfdI\xd2\x1b$\xf9\xdf\
\xc5\xcc\xc9\xc6F\x18\x00\x00 \x00IDAT\xcc\xda\
\xca\x1dM{\xfd\x17\xf0\x0f\xc3\xf8\xf3\xfb\x02\xbf\x04n\
\x95\xf4\x0eIk\xb6\xa7,33k:\x07\x806\x91\
\xf4V\xe0\xefW\xf1\xaf\xef\x04\xfc\x08\xb8_\xd2\xc9\x92\
\xd6m]efff\x0e\x00m\x91/\xe1\x9f\xd2\x82\
\x97\xda\x844v`\xa6\xa4OI\x1a\xdb\x82\xd743\
3s\x00h\x93\xc3\x80\xad[\xf8z\xeb\x03\xff\x0a\xdc\
\x22i\xcf\x16\xbe\xae\x99\x995\x94\x03@{\x1c\xd0\xa6\
\xd7\x9d\x04\x5c\xe9\x10`ff#\xe5\x00\xd0\x1e\x93\xda\
\xf8\xda\xeb\x00?\x974\xa6\x8d\xc703\xb3.\xe7\x00\
\xd0\x1eK\xdb\xfc\xfa\xdb\x02\x1fn\xf31\xcc\xcc\xac\x8b\
9\x00\xb4\xc7\xfd\x15\x1c\xe3\x84\x0a\x8eaff]\xca\
\x01\xa0=\xae\xaa\xe0\x18[I\xda\xae\x82\xe3\x98\x99Y\
\x17r\x00h\x8f\xcb\x81;+8\xce\xb6\x15\x1c\xc3\xcc\
\xcc\xba\x90\x03@\x1bD\x84H\xf3\xf7\xdbm\xad\x0a\x8e\
aff]\xc8\x01\xa0M\x22\xe2l\xe0\x07m>\xcc\
\xa3m~}33\xebR\x0e\x00\xedu\x02pz\x9b\
^{>pK\x9b^\xdb\xcc\xcc\xba\x9c\xb7\x03n\xa3\
\x88X\x06|P\xd2\xf9\xc07\x81\x1dZ\xf8\xf2\xff\x17\
\x11\x0b[\xf8z\x00H\x9a\x08\xbc\x13x%\xa9\xde\xd5\
\x80\xa7\x81i\xc0\xd5\xc0\xe5\x11\xe1+\x0fffV\x1f\
\x92\xa6i\xe4\xa6\xb6\xa9\xb6\xd5$\xbdU\xd2--\xa8\
\xf1yI;\xb7\xa1\xbe\x8fH\x9a7\x84\xe3\xdf!\xe9\
{\xf9\xfdl\xd2\xca:\xcc\xcc\xdaA\xd2\xd4\x16|\xf6\
N+\xfd>l\x00\xaaq\x00\xe8S\xe3j\x92\xde(\
i\xfa\x08j\xfcX\x8bk\x1a%\xe9\xec\x11\xd43C\
\xd2\xb7%\x1d)oalf5$\x07\x80\xee\xa6\x0e\
\x08\x00\xcb\xd5{\x98\xa4\xdfJZ6\xc4\xda\x96I\xfa\
|\x1b\xea\xf8z\x0b\xbeo=\x1e\x97\xf4^\xa5\x1d\x11\
\xcd\xccjA\x0e\x00\xddM\x1d\x16\x00\xfa\xd4\xbd\x8b\xa4\
\xff\x92\xb4h\x90\xban\x97\xf4\x9a6\x1c{?IK\
[\xf0}[\xde\xaf\xe4\xed\x8b\xcd\xac&\xe4\x00\xb0\x02\
\x0f\x02\xac\x81\x88\xb8\x0dx\xb7\xa4\x8f\x03G\x02\xfb\x03\
\x9b\x03\x0b\x81\x99\xc0\xa5\xa4\xc1w\xcb\xdap\xf8\x7f\xa2\
=\xb3A^\x0f\x9c)\xe9-m\xaa\xdb\xcc\xccF\xc0\
\x01\xa0F\x22b6pfnm\xa7\xb4\xa3\xe0Qm\
<\xc4\x9b\x80\xb7\x03\xff\xdd\xc6c\x98\x99\xd9*\xf0}\
\xdaf\xdb\x11\x18\xdd\xe6c|A\x1e\x0f`fV;\
\xfe`n\xb6\x0d+8\xc6K\x80\x83+8\x8e\x99\x99\
\x0d\x83\x03@\xb3\xcd\xab\xe88\xfbVt\x1c33\x1b\
\x22\x07\x80f\xbb\x0dXZ\xc1q\xb6\xa8\xe0\x18ff\
6\x0c\x0e\x00\x0d\x16\x11\xcf\x00\x7f\xaa\xe0PK*8\
\x86\x99\x99\x0d\x83\x03\x80}\xb5\x82c\xdcU\xc11\xcc\
\xccl\x18\x1c\x00\xec\x97\xc0o\xdb|\x8c+\xda\xfc\xfa\
ff6L\x0e\x00+j\xd4Z\xf6\x11!\xd2\x5c\xfd\
\x9b\xdbt\x88?D\xc4\x1dmzm3\xb3\xa1j\xd4\
g\xfbP8\x00\xach\x83\xd2\x05T-\x22\x9e&M\
\xd5\xfby\x8b_z\x09\xd0\xd2\x8d\x8b\xcc\xccV\xd1F\
\xa5\x0b\xa8\x1b\x07\x80\x155\xf2?ID<\x1b\x11\xc7\
\x00\xaf\x00~Jk\xa6\x08~4\x22\xa6\xb7\xe0u\xcc\
\xccF\xaa\x8auO:\x8a\x97\x02^\xd1n\xa5\x0b(\
)\x22\xae\x00\xae\x90\xb4\x06\xf0rR 8\x94\xb4?\
\xc1\x98!\xbe\xccB\xe0#\x11\xf1\xfdv\xd4hf\xb6\
\x0a\xf6(]\x80\xb5\x91Z\xb3\x1b\xe0\x03\xa5\xdfG\x1d\
I\x1a-\xe9\x10I'K\xbaR\xfd\xef\x5c8_\xd2\
\x99\x92^Z\xba^3\xb3\xbe$=\xd0\x82\xfe\xa1\xab\
v\x03\x8c\xd2\x05\xb4R\xfe\xc7\x99\xdc\x82\x97\xda!\x22\
<um\x10J\x1b\x09\xedJZ\xe4g\x0c\xf0 0\
-\x22\x16\x16-\xcc\xccl9\x92v\x04no\xc1K\
M\x8f\x88}Z\xf0:\xb5\xe0[\x00\xfd{'\xf0\xc9\
\xd2E\xd4Y\xee\xe8\xaf\xcf\xcd\xcc\xac\xce\xdeU\xba\x80\
:\xf2 \xc0\xfe\xfd\x83\xa4v\xef\x92gffm\x96\
?\xcb\xdfQ\xba\x8e:r\x00\xe8\xdf\x06\xa4\xb9\xf1f\
f\xd6\xd9\xde\x85g\x00\xf4\xcb\x01``_\x92\xb4n\
\xe9\x22\xcc\xccl\xd5HZ\x07\xf8\x5c\xe9:\xea\xca\x01\
``\x1b\x01\x9f*]\x84\x99\x99\xad\xb2\xcf\x02\x1b\x97\
.\xa2\xae\x1c\x00\x06\xf71I\xfb\x97.\xc2\xcc\xcc\x86\
G\xd2\xbe\xc0\x87J\xd7Qg\x0e\x00\x83[\x1d8K\
\xd2\xc4\xd2\x85\x98\x99\xd9\xd0H\x9a\x00\x9c\x0d\xacQ\xba\
\x96:s\x00X\xb9-\x81\xefK\xea\xaa5\x13\xcc\xcc\
\xba\x91\xa4\xd5\x80\x1f\x01[\x17.\xa5\xf6\x1c\x00\x86\xe6\
\xcd\xc0)\xa5\x8b03\xb3\x95\xfa\x0a\xf0\xfa\xd2Et\
\x02\x07\x80\xa1;Q\xd2\x87K\x17aff\xfd\x93\xf4\
>\xe0\xa3\xa5\xeb\xe8\x14\x0e\x00\xc3\xf3UI\xc7\x95.\
\xc2\xcc\xcc^L\xd2;\x81o\x95\xae\xa3\x938\x00\x0c\
\xcfj\xc0\xffH\xf2\xc8R3\xb3\x9a\x90t\x02\xf0\x9f\
\xb8O\x1b\x16\x7f\xb3\x86/\x80\xafK\xfa\xa7\xd2\x85\x98\
\x995\x9d\xa4\x93\x80\xef\xe2\xfel\xd8\xfc\x0d[5\x01\
|E\xd2\x19\x92<\xcd\xc4\xcc\xacb\x92V\x97\xf4M\
<@{\x959\x00\x8c\xcc\xf1\xc0\xa5\x92\xbc\xce\xb4\x99\
YE$\xad\x07\xfc\x1e\xf8`\xe9Z:\x99\x03\xc0\xc8\
\x1d\x04\x5c+i\x8f\xd2\x85\x98\x99u;I{\x92\xb6\
!\x7fe\xe9Z:\x9d\x03@kl\x07\xfcI\xd2\x87\
\xbd`\x90\x99Y\xebI\x8a<\x15\xfb:`R\xe9z\
\xba\x81\x03@\xeb\x8c\x06\xbe\x0e\x5c(i\x93\xd2\xc5\x98\
\x99u\x8b|\x9b\xf5<\xd2g\xec\xe8\xc2\xe5t\x0d\x07\
\x80\xd6;\x1c\xb8Q\xd2\x1bK\x17bf\xd6\xe9$\x1d\
\x03\xdc\x02\x1cY\xba\x96n\xe3\x00\xd0\x1e\x9b\x00\xbf\x90\
t\xbe\xa4-J\x17cf\xd6i$m\x22\xe9\xe7\xc0\
9xK\xdf\xb6p\x00h\xaf#\x81\xbfHzw\xde\
\xa0\xc2\xcc\xcc\x06!i5I\xc7\x03\xb7\x03o*]\
O7s\xa7\xd4~\x13I+T]/iJ\xe9b\
\xcc\xcc\xeaJ\xd2\xbe\xc05\xc0\x19\xc0\x84\xc2\xe5t=\
\x07\x80\xea\xec\x0d\xfcA\xd29\x92\xb6*]\x8c\x99Y\
]H\xda\x5c\xd2\x99\xa4\x11\xfe\xfb\x95\xae\xa7)\x1c\x00\
\xaa\x15\xc01\xc0m\x92\xbe$\xc9\x09\xd7\xcc\x1aK\xd2\
DI\xa7\x00w\x01\xc7\x91>#\xad\x22\x0e\x00e\x8c\
\x03>\x0d\xcc\x94t\xb2\xa4\xb5K\x17dfV\x15I\
\xe3$\x9d\x08\xcc\x04N\x02\xc6\x16.\xa9\x91\x1c\x00V\
tY\x85\xc7Z\x0f\xf8\x1cp\xa7\xa4\x0fJ\x1aS\xe1\
\xb1\xcd\xcc*%il^\xccg&p*i\x8cT\
U\xaa\xfcl\xef\x08\x0e\x00+:\x05x\x17\xf0|\x85\
\xc7\xdc\x14\xf8&p\x7f\xbe\x22P\xe5\x0f\x85\x99Y[\
IZ;w\xfc\xf7\x90\x16\xf3\xa9rZ\xdf\x12\xe0\xbd\
x\xd3\xa0\x158\x00\xf4#\x22~\x04\xbc\x06x\xba\xe2\
CoH\xba\x220+\x8f\x11\xf0&Cf\xd6\xb1$\
m\x9c\xef\xf1?D\xea\xf87\xad\xb8\x84\xa7\x80\xa9\x11\
\xf1\xbd\x8a\x8f\xdb\x11\x1c\x00\x06\x10\x11\x97\x03{\x01\x7f\
*p\xf8\x09\xa41\x02\x0fJ:S\xd2\xee\x05j0\
3[%\x92\xf6\x90t\x060\x8bt\x8f\x7f\x9d\x02e\
\xdc\x00\xec\x1b\x11W\x168vGp\x00\x18DD<\
\x08\x1c\x02\xfc\xa0P\x09\xa3I#co\x96t\xb5\xa4\
c$\xad^\xa8\x163\xb3\x01\xe5\x05|\x8e\x92t1\
p#i\xbb\xf4R\x83\xfb~\x0cL\x89\x88{\x0b\x1d\
\xbf#8\x00\xacDD,\x8e\x88\xe3\x81\xb7\x01s\x0a\
\x96r iI\xcc;%\x9d\xe8\x0d\x87\xcc\xac\x0e$\
m*\xe9\x93\xa4\xfb\xfb\xe7\x01S)7\x9do6p\
lD\xbc=\x22\x16\x16\xaa\xa1c8\x00\x0cQD\xfc\
\x14\xd8\x19\xf8M\xe1R&\x91F\xcf>$\xe9b_\
\x150\xb3\xaa\xe5\xb3\xfd\xa9\x92\xce\x01\xee\x07\xbe\x0cl\
S\xb8\xacK\x80=\x22\xe2\xac\xc2ut\x0c\x07\x80a\
\x88\x88\xc7\x80\xa3\x80\x0f\x01\xa5\xd3\xe5(R\xd2>\x87\
\xb4\x9e\xc0\xe7$y\x8fl3k\x1bI\xdbJ:\x19\
\xb8\x0f\xb8\x98\xb4\xb0\xd9\x1a%k\x02\x16\x00\x1f\x00\x0e\
\x8f\x88\x87\x0a\xd7\xd2Q\x1c\x00\x86)\x22\x14\x11\xdf\x02\
v%\xadY]\x07[\x02'\x93\x82\xc04I\x1f\x96\
\xb4Q\xe1\x9a\xcc\xac\x0bH\x9a \xe9\xed\xf9\xde\xfe\xdd\
\xa4\x99J/)\x5cV\x8f\xeb\x81\xbd#\xe2\xdb\x11\xa1\
\xd2\xc5t\x1a\x07\x80U\x14\x11\xb3\x80CI?\x0c\x8b\
\xcaV\xf3\x22\x93I\xd3m\x1e\x94\xf4+Io\xf2\x02\
Cf6\x1c\x92\xc6Hz\xb3\xa4_\x03\x8f\x03\xffC\
\xd9{\xfb\xcb[\x08\xfc\x0bp@D\xdcY\xba\x98N\
\xe5\x000\x02\x11\xb1$\x22\xbe\x00lO\x1auZ'\
k\x02\xaf\x07~\x0e<-\xe9\xfc\x9c\xe2\xbd\xec\xb0\x99\
\xad w\xfaG\xe5My\x1e\x07\xce\x05\x8e&}\x96\
\xd4\xc9\x05\xc0\xae\x11\xf1\xa5\x88XR\xba\x98N\xe6\x00\
\xd0\x02\x11\xf1`D\xbc\x1d8\x824\x12\xb6n\xc6\x00\
G\x92R\xfc\xe3\x92~!\xe9XI\xeb\x16\xae\xcb\xcc\
\x0a\x92\xb4\xae\xa4\xb7I\xfa%i\xe1\xb3\xf3HS\x8f\
\xebx\xa2p\x17\xf0\xda\x888*_\x81\xb5\x11\xf2\xe8\
\xf1\x16\x8a\x88\xdf\xe6\xfbd\xef\x03\xbeH=\x7f\x88\xc6\
\x00o\xccm\xa9\xa4\xeb\x80\xf3\x81\xf3\x22\xe2\xf6\xa2\x95\
\x99Y\xdbI\xda\x06x\x15i@\xf3\xe1\xd4\xef\x0c\x7f\
y\x0b\x80\x7f\x07N\x89\x88\xc5\xa5\x8b\xe9&\x0e\x00-\
\x16\x11/\x00\xdf\xc8\x89\xfa?H\xa3d\xebj\x14i\
}\x81\x03\x81S%\xcd ]^\xbb\x00\xf8\xa3/\xaf\
\x99u\xbe<M\xf8\x00\xd2U\xc0#\x81\x9d\xcaV4\
,g\x03\xff\xec\xd1\xfd\xed\xe1\x00\xd0&y\x15\xc1\xb7\
Hz9\xf0\x19\xd2\x0f^\xdd\xed\x9c\xdb'\x80\xf9\x92\
\xfeH\x9a[{IDL/Z\x99\x99\x0dY\x9e\x12\
<5\xb7W\x91\x96\x17\xef$\x97\x00\x9f\x8e\x88?\x97\
.\xa4\x9b9\x00\xb4YD\xfc\x098J\xd2\xc1\xa4\xdb\
\x02\x07\x17.i\xa8\xc6\xd1\xfb\x01\x82\xa4Y\xc0E\xa4\
\xb9\xbfWD\xc4\xec\x82\xb5\x99Y\x1f\x92\xd6'\xcdJ\
z\x15\xe9\xb2~\xe9EyV\xd5\x95\xc0g\x22\xe2\xea\
\xd2\x854\x81\x03@E\x22\xe2\x0f\xc0!\x92\xa6\x00_\
\x22\xed1\xd0I&\x01'\xe4\xd6\x13\x08.\xc9\xed\xf2\
\x88x\xaa`mf\x8d\x92w\x0a\xdd\x8ft\xfbn*\
i\xe3\xb2N\x1e\xd4}\x1d\xf0\xe5\x888\xbft!M\
\xe2\x00P\xb1\x9cl\x0f\x95t\x04\xf0\x05`\xef\xc2%\
\xad\xaaI\xa4\xcd>\x8e\x07$\xe96\xe0r\xd2\xe2H\
\xd7\xe6[ f\xd6\x02\x92\xb6$\xdd\xc7?\x90t\xa6\
\xbf\x0b\xf5\x99\x93?\x12\xd3\x81\xcfF\xc4oK\x17\xd2\
D\x0e\x00\x85D\xc4o$\xfd\x964u\xf0\xa3\xc0+\
\x0b\x974\x12AZ\x19qW\xe0\x83\x00\x92\x1e\x06\xfe\
\x08\x5cKJ\xf77x\x04\xaf\xd9\xcaI\x1aMZ\xd0\
k?R\xa7\xbf?\xb0Y\xd1\xa2Z\xefR\xe0k\xc0\
o\xbd\x82_9\x0e\x00\x05\xe5\xff\xf8\x17\x00\x17H\xda\
\x83\x14\x04\x8e\xa5\xfe\xd3r\x86bs\xe0\xcd\xb9\x01,\
\x96t\x030-\xb7\xe9\xc0\x1d\x11\xb1\xb4P}f\xc5\
I\x1aE\x1a\x95?\x19\xd8'\xb7\xbd\xe9\x8e\xcf\x80\xe5\
-\x06~\x06|-\x22\xfeR\xba\x18s\x00\xa8\x8d\x88\
\xb8\x19x\x87\xa4\x93\x80\xf7\x93\xee\xb5oP\xb6\xaa\x96\
\x1aM:\x93\xd9\xbf\xcfs\xf3$\xddDo \x98\x0e\
\xdc\xe5P`\xdd(O\xc7\xdb\x9e\xd4\xd9\xf7t\xf8{\
\x92\x06\xdcv\xb3'\x81\xef\x01\xdf\xc9\x1b\xaaYM8\
\x00\xd4L\xfe\x01\xf9\x17I_\x02\xfe\x964%o\x97\
\xb2U\xb5\xcdx`Jn=^\x90t7)\x0c\xdc\
\x06\xcc\x00\xae\xf7\x07\x87u\x12I\x13H\xb7\xc4v&\
\xfd\xfcN&\x0d\xd4\x1b[\xb2\xae\x8a\xdd\x0d|\x1b\xf8\
AD,(]\x8c\xad\xc8\x01\xa0\xa6\xf2\xfd\xf23%\
\xfd\x188\x0cx\x17\xf0\x06`\xad\xa2\x85\xb5\xdf\x1a\xf4\
\xaeG\xf0W\x92\x1e\x01n!\x05\x82;\x80\xdb\x81\xdb\
=\xfb\xc0J\x92\xb4\x01\xe9\xff\xea\x8e\xa4K\xf9;\x03\
\xbb\x01\x9b\x96\xac\xab\xa0E\xc0/\x81\x1f\x02\x97\xf9\xfe\
~\xbd9\x00\xd4\x5c\xfe\x01\xba\x04\xb8D\xd2D\xe0m\
\xa40\xb0W\xd1\xc2\xaa\xb7Yn\xaf\xee\xfb\xa4\xa4\xa7\
\xc8a\x80\x14\x0c\xee\x04f\x02\xf7F\xc4\xf3U\x17i\
\xdd'\x0f\xca\xdb\x1a\xd8\x8et\x09\x7f'R\x87\xbf3\
\xb0~\xb9\xcaj\xe5\x06R\xa7\xff\xd3\x88\x98S\xba\x18\
\x1b\x1a\x07\x80\x0e\x92\x7f\xb0N\x07N\x97\xb4\x17)\x08\
\xbc\x0d\x98X\xb4\xb0\xb26\x00\x0e\xca\xad\xafe\x92\x1e\
$m\xce4s\xb9v_D\xcc\xad\xb4J\xab\xb5\x1c\
\xae\xb7\x02\xb6%u\xf4\xdb\xf6i/\xa1\xb3\xe7\xd8\xb7\
\xcbl\xe0'\xc0\x0f#\xe2\xa6\xd2\xc5\xd8\xf09\x00t\
\xa8\x88\xb8\x11\xf8\xa0\xa4\x8f\x93\xb6\xfd}\x17\xe9V\x81\
?\xa8\x92\xd5H\x1f\xe8[\x91\xbe//\x22\xe9Y\xe0\
\x01\xe0\xbe\xfc\xd8\xb7\xdd\x07<\xee\xbd\x10\xbaC\x1e|\
\xb71\xe9,~\xcb\xe5\xda6\xf9\xb1\x8e\x1bw\xd5\xd1\
2\xd2\x15\xc9\x1f\x02\xbf\xf6\xd4\xde\xce\xe6\x00\xd0\xe1\x22\
b\x11p\x16p\x96\xa4MI\xbb\xfc\x1dC\x1aX7\
\xaadm5\xb7\x0e\xbdk\x17\xf4g\x99\xa4'\x80G\
\x81G\x80\xc7\x80\x87\xfb<>\x9e\x7f\xef)\x0fp*\
C\xd2X\xd2\x15\xa0MI\x1d\xfc\xe6\xc0&\xfd<n\
\x84\x83\xf1H,\x05\xae\x02\xce\x05~\xe9\x01\xb9\xdd\xc3\
\x01\xa0\x8bD\xc4\xa3\xa4Q\xb7\xdf\x96\xb4\x09\xbda\xe0\
 \x1c\x06\x86k5R\xe7\xb1\x09+\x19o!i\x01\
i\xaa\xd3\xe3\xc0S\xb9=\x09<A\xbaL:7\xb7\
9}\xbe\x9e\xeb\xe9\x8eI>C_\x97\xb4a\xcd\x04\
\xd2-\xad\x9e\xaf\xd7#u\xee\x1b\xe4\xb6a\x9f_7\
iD}\xd5\x96\x02\x7f\xa0\xb7\xd3\x7f\xbcp=\xd6\x06\
\x0e\x00]*\xa7\xf4\xef\x00\xdf\x91\xb41\xbda\xe0`\
\x1c\x06Zm,\xbd\xb7\x1b\x86L\xd2<z\x03\xc1\xbc\
\xdc\x9e\x05\x16\x02\xf3\x97\xfb\xfa\x99\xfcu\xcf\xd5\x86\x9e\
\x81V\x8b\xf2\xf3}\x9f[\x98\x9f\xef\xcf\xfc\x81\x06G\
JZ\x93\x81\xe7\xa4\xaf\x05\x8c\xc9_\xf7\x8c9\x19C\
\xef\xac\x94\x9e\xe7\xc6\xe6\xe7\xd7\xcd\xaf5\x86t\xb5e\
|\xfez\xed\xdc\xc6\xd1\xdb\xc9\x8f\x1f\xe0\x98V\xad\xa5\
\xa4\xcdxz:\xfd'\x0a\xd7cm\xe6\x00\xd0\x009\
\xbd\x7f\x17\xf8\xae\xa4\x8dH\xd3\x09\x8f -?\xdc\xed\
\x8b\x90\xd4\xd9\xf8\xdc\xb6\xa8\xf2\xa0\x92gf\xd9_\xcd\
\x03.\x03~\x03\xfc*\x22\x9e,\x5c\x8fU\xc8\x01\xa0\
ar\xaa?\x038#_z\xdd\x0f8\x92\xb4\xa3\xd8\
\xdet\xc7\x06#f6\xb0\x9e\x9d</\x00.\xf2@\
\xbe\xe6r\x00h\xb0<\xca\xfd\xea\xdc\xc8\xe3\x06\x0e'\
\x05\x82\xc3I\x97q\xcd\xac\xb3- m\xcau\x01i\
\xe4\xfe\xfd\x85\xeb\xb1\x9ap\x00\xb0\xbf\xca\xe3\x06\xce$\
\xad@\xb8&i\xf0\xe0kHW\x07v\xc3c\x07\xcc\
:\xc1R\xd2\xaa\x99\x97\x00\x17\x02WyQ,\xeb\x8f\
\x03\x80\xf5+\x7f`\x5c\x9a\x1b\x92\xc6\x93n\x17L!\
\xedI~\x10i\x83\x1f3+k\x09p3p\x0d\xe9\
j\xde\xa5\x111\xbblI\xd6\x09\x1c\x00lH\x22b\
\x1eyIb\xf8\xeb\x1c\xec\xbdIa`\x0aiv\xc1\
:\xc5\x0a4k\x8e\x05\xc0\x8d\xa4\xce\xfe\x1a\xe0\x0f\x11\
\xf1L\xd9\x92\xac\x139\x00\xd8*\xc9\x8b\xdf\xf4\x8c\x1f\
8-\xdf2\xd8\x87\x14\x04\x0e\xc8_7uC\x14\xb3\
Vz\x94\xb4e\xf6\xb5\xa4\xb9\xf9\xd3|I\xdfZ\xc1\
\x01\xc0Z\x22\x7f ]\x9b\x1b\x00\x926\xa3w\xef\xf3\
\xc9\xc0\xcbH\x8b\xb8\x98Y\xff\xe6\x92\xb6\xc1\x9e\xde\xd3\
\x22\xe2\xb6\xb2%Y\xb7r\x00\xb0\xb6\x89\x88GH\xcb\
\xe8\x9e\xdf\xf3\x5c?\xa1\xe0\xe5\xa4\xd5\xdd\xcc\x9a\xe6Y\
\xd2`\xbd\xe9}\xda\x0co\xa1kUq\x00\xb0J\x0d\
\x10\x0a\xb6\x05\xf6$m\xaf\xbaK~\xdc\x01X\xb3D\
\x8df-\xf6<i\x9b\xea\x19\xa4\xb3\xfb\x19\xc0M\x11\
1\xb3hU\xd6x\x0e\x00V\x5c\xfe \x9c\x09\xfc\xa2\
\xe7\xb9\xbcH\xd1\x96\xf4\x06\x82\x9e\xc7\x9d\xe9]\x92\xd6\
\xacN^\x00\x1e\xe4\xc5\x1d\xfdm\xc0my\xd3.\xb3\
Zq\x00\xb0Z\xca\x8b\x14\xcd\xca\xad\xef\xd5\x82\xd5I\
\xfb\xb5\xf7\x04\x82\x97\x02\x93r\xf3\xa0C\xab\xc2\xa3\xf4\
\xfe\xdf\xbc\x0b\xb8\x9d\xd4\xd1\xdf\xe3-\xa4\xad\x938\x00\
XG\xc9\x1f\xb0w\xe4\xf6\x8b\xbe\xbf'i4i\x0b\
\xd8I\xfd\xb4\xed\xf1\x9e\xef64\x8bI[>\xcf\xea\
\xa7\xdd\x15\x11\xcf\x15\xac\xcd\xace\x1c\x00\xack\xe45\
\xcd{>\xa8W iSR\x18\xd8&\xb7My\xf1\
\xde\xf1\x1b\xe3\x9f\x89n\xb7\x84\xb4m\xf3\xc3\xc0c\xf9\
\xf1Q\xe0^\xd2\xff\x9b{\xf3\xb6\xdaf]\xcf\x1fv\
\xd6\x18\xf9\x83\xfdQ\xd2\xe2)\xfd\x924\x11\xd8\x8c\x14\
\x0e\x06z|\x09\xb0F\xbb\xeb\xb5a\x9bC\xfa\xf7}\
d\x90\xc7\xfb#bi\xb1\x0a\xcdj\xc4\x01\xc0\xac\x8f\
\x88\x98C\xeaH\x06\x9d{-i\x0c0q\x90\xd6\x13\
\x18\xfa>\xb7>\x9e\xd90\x14\x8bH\xff\x06s\xe8\xed\
\xbc\xe7\xac\xa4=\xe1\xfb\xeff\xc3\xe3\x00`\xb6\x0a\x22\
b!\xb0\x90\xd4A\x0d\x99\xa4u\x80\xf5\x80\xf1\xa4\xbd\
\x14&\x92B\xc18\xd2\x18\x855I\xbb0\x8e\x01\xd6\
\xca_\x8f\xce\x7f~\x5c\xfez\x02ic\xa6\xe5\x97^\
^\x9d\x15\xc79\xf4\xbc\xf6\xaa\x98O\x9a\xc2\xd6\xd7s\
\xa4\xcb\xe8}=K\xda\x80fN\xfe\xf3\xf3\xf3\x9f{\
\x1ex\x86\xd4\xa1/\xcc_?\x9f\x7f\xaf\xe7\xb5\xe7\x90\
\xee\xb9?\x07\xcc\xf6\xfdu\xb3\xea8\x00\x98U(\x22\
\x9e%u\x98\xc5\xe4\xc1\x92c\x97{z\x81\xf7\x857\
k\x16\x07\x00\xb3\x86\xc9\x1d\xbd;{\xb3\x86[\xadt\
\x01fffV=\x07\x0033\xb3\x06r\x0003\
3k \x07\x0033\xb3\x06r\x00033k \
\x07\x0033\xb3\x06r\x00033k \x07\x003\
3\xb3\x06r\x00033k \x07\x0033\xb3\x06\
r\x00033k \x07\x0033\xb3\x06r\x000\
33k \x07\x0033\xb3\x06r\x00033k\
 \x07\x0033\xb3\x06r\x00033k \x07\x00\
33\xb3\x06r\x00033k \x07\x0033\xb3\
\x06r\x00033k \x07\x0033\xb3\x06r\x00\
033k \x07\x0033\xb3\x06r\x00033\
k \x07\x0033\xb3\x06r\x00033k \x07\
\x0033\xb3\x06r\x00033k \x07\x0033\
\xb3\x06r\x00033k \x07\x0033\xb3\x06r\
\x00033k \x07\x0033\xb3\x06r\x0003\
3k \x07\x0033\xb3\x06r\x00033k \
\x07\x0033\xb3\x06r\x00033k \x07\x003\
3\xb3\x06r\x00XQ\x94.\xc0\xcc\xccZ\xce\x9f\xed\
\xcbq\x00X\xd1\xba\xa5\x0b03\xb3\x96\x9bX\xba\x80\
\xbaq\x00X\xd1F\xa5\x0b03\xb3\x96\xf3g\xfbr\
\x1c\x00V\xf4\x92\xd2\x05\x98\x99Y\xcb\xf9\xb3}9\x0e\
\x00+\x9aR\xba\x0033k\xb9\x83J\x17P7\x0e\
\x00+\xdaW\xd2\xb8\xd2E\x98\x99YkH\x1a\x0bL\
.]G\xdd8\x00\xachM\xe0\x88\xd2E\x98\x99Y\
\xcb\x1cM\xfal\xb7>\x1c\x00\xfa\xf7\xde\xd2\x05\x98\x99\
Y\xcb\xbc\xaft\x01u\xe4\x00\xd0\xbfC$\xedR\xba\
\x0833\x1b\x19I\xbb\xe3\xb1]\xfdr\x00\xe8_\x00\
_.]\x84\x99\x99\x8d\xd8\xa9\xa5\x0b\xa8+\x07\x80\x81\
\xbdN\xd2\xabK\x17aff\xabF\xd2T\xe0\xb5\xa5\
\xeb\xa8+\x07\x80\xc1}U\xd2\x98\xd2E\x98\x99\xd9\xf0\
\xe4\xcf\xeeo\x95\xae\xa3\xce\x1c\x00\x06\xb73\xf0\x95\xd2\
E\x98\x99\xd9\xb0}\x1d\xd8\xb1t\x11u\xe6\x00\xb0r\
\xef\x93\xf4\xb7\xa5\x8b03\xb3\xa1\x91\xf4f\xe0\xf8\xd2\
u\xd4\x9d\x03\xc0\xd0\x9c!i\xb7\xd2E\x98\x99\xd9\xe0\
$\xed\x09\xfcW\xe9::\x81\x03\xc0\xd0\xac\x0b\x5c(\
i\xab\xd2\x85\x98\x99Y\xff$m\x01\x9c\x0f\xacS\xba\
\x96N\xe0\x000t\x9b\x01\xbf\x91\xb4^\xe9B\xcc\xcc\
\xec\xc5$m\x00\x5c\x04lQ\xba\x96N\xe1\x000<\
\xbb\x00WI\xda\xact!ff\x96H\xda\x18\xb8\x14\
\xd8\xa9t-\x9d\xc4\x01`\xf8v\x06.\x93\xe4\xad%\
\xcd\xcc\x0a\x93\xb4%p\x15\xb0{\xe9Z:\x8d\x03\xc0\
\xaa\xd9\x01\xf8\x83\xa4\x9dK\x17bf\xd6Typ\xf6\
U\xc0KK\xd7\xd2\x89\x1c\x00V\xdd\xd6\xc0\x9f$\x1d\
]\xba\x103\xb3\xa6\x91\xf4ZR\xe7\xbfe\xe9Z:\
\x95\x03\xc0\xc8\x8c\x07~%\xe9dIQ\xba\x183\xb3\
&\x90\xf4a\xe0\x02\xd2\x0c-[E\x0e\x00#\x17\xc0\
\xe7HA`\xfd\xd2\xc5\x98\x99u+I\x13$\x9dM\
Z\xe5\xcf\xfd\xd7\x08\xf9\x1b\xd8:G\x037I:\xa4\
t!ff\xddF\xd2+\x80[\x81\xb7\x94\xae\xa5[\
8\x00\xb4\xd6\x16\xc0\xa5\x92\xbe(i\xcd\xd2\xc5\x98\x99\
u:I\xa3%}\x19\xb8\x04\xd8\xbct=\xdd\xc4\x01\
\xa0\xf5F\x01\x9f\x01n\x90\xb4_\xe9b\xcc\xcc:\x95\
\xa4\xfd\x81\x1b\x80O\xe2\xfe\xaa\xe5\xfc\x0dm\x9f]\x80\
k$\x9d!i|\xe9b\xcc\xcc:\x85\xa4\xb1\x92N\
%\x8d\xf2\xf7t\xeb6q\x00h\xaf\xd5H;R\xdd\
\x9aw\xa723\xb3\x01H\x8a\xbc\xfb\xea\x1d\xc0\x89\xa4\
+\xaa\xd6&\x0e\x00\xd5\xd8\x0a8W\xd2\x15\x92\xf6(\
]\x8c\x99Y\xddH\xda\x0b\xb8\x028\x0b\xf0J\xab\x15\
p\x00\xa8\xd6!\xc0tI\xdf\xcdkW\x9b\x995\x9a\
\xa4M%}\x1f\x98\x06\x1c\x5c\xba\x9e&q\x00\xa8\xde\
(\xe0\x04`\x96\xa4S%M,]\x90\x99Y\xd5$\
\xad'\xe9d\xe0N\xe0\x1fq\x7fT9\x7f\xc3W\xf4\
|E\xc7\x19K\xba\xc75S\xd2'%\x8d\xab\xe8\xb8\
ff\xc5H\x1a/\xe93\xc0L\xd2\x22jkWt\
\xe8\xaa>\xdb;\x86\x03\xc0\x8a\x8e\x07n\xac\xf0x\x13\
\x81/\x93\xae\x08|R\x92\x97\xb64\xb3\xae\x93W\xf1\
\xfb40\x0b\xf8\x220\xa1\xc2\xc3\xdf@\xfal\xb7>\
\x1c\x00V\xf40p\x10\xf0\xeb\x8a\x8f\xbb\x11)\x08<\
(\xe9\x1b\x926\xab\xf8\xf8ff-'i\xc3|\xa9\
\xff^\xe0K\xc0\x86\x15\x97\xf0;\xe0P\xd2g\xbb\xf5\
\xe1\x00\xd0\x8f\x88\x98\x0f\xbc\x09\xf8W@\x15\x1f~m\
\xe0C\xc0=\x92N\x97\xe4m.\xcd\xac\xe3H\xdaA\
\xd2w\x80\x07H\x97\xfa\xab<\xe3\x87\xf4\xd9\xfdE\xe0\
\xc8\x88x\xae\xe2cw\x04\x07\x80\x01D\xc4\xb2\x88\xf8\
\x0cp\x140\xa7@\x09c\x80\xf7\x03wJ\xbaX\xd2\
Q\xdeq\xd0\xcc\xeaN\xd2\x14I\xe7\x03\xb7\x03\xef\x05\
\xd6*P\xc6\xb3\xc0\x9b\x22\xe2\xb3\x11\xb1\xac\xc0\xf1;\
\x82\x03\xc0JD\xc4o\x80\x97\x03\xd3K\x95\x00L\x05\
\xce\x03n\x93t\x82W\x164\xb3:\x91\xb4\xb6\xa4\xf7\
I\xba\x9d\xb4z\xdf\x91\xa4\xcf\xae\x12\xae\x07\xf6\x8e\x88\
_\x15:~\xc7p\x00\x18\x82\x88\xb8\x1b\xd8\x0f8\x09\
x\xa1`);\x01\xdf\x05\x9e\x90t\x8e\xa4\xa9\x05k\
1\xb3\x86\x934Y\xd2\x19\xc0#\xc0\xb7\x81\x1d\x0b\x96\
\xb3\x048\x0d\x98\x12\x113\x0b\xd6\xd11\x1c\x00\x86(\
\x22\x96D\xc4i\xc0\x14\xd2\xbc\xd5\x92\xc6\x00\xc7\x00\x17\
K\x9a!\xe9DI\x1b\x14\xae\xc9\xcc\x1a@\xd2\xba\x92\
\x8e\x97t#i\xf1\x9e\xe3\x81\xd2W%g\x01\x87F\
\xc4I\x11\xe1\xe9~C\xe4\x000L\x11\xf1g`/\
R\xd2\xac\xc3\xbd\xa5\x9d\x80S\x81\x87$\x9d/\xe9\x18\
oElf\xad$i\x94\xa4\xa9\x92\xce$\x9d\xed\x9f\
\x01\xecY\xb8,H\x03\xfd\xbe\x0f\xec\x1e\x11\xd7\x94.\
\xa6\xd38\x00\xac\x82\x88X\x18\x11'\x01\xaf\x01\x1e*\
]O6\x9at\xdf\xed\x1c\xe01Ig\xe6\x1fX\x0f\
\x1c4\xb3U\x92/\xf1\x7f\x83\xd4\xe9_\x0c\x1cGZ\
\xc4\xac\x0e\x1e\x03\x8e\x8a\x88\xf7\xe4\x99[6L\x0e\x00\
#\x10\x11\x17\x03\xbb\x01\xdf\x22\xdd\x7f\xaa\x8b\x89\xa4\x1f\
\xd4\x8b\x81\xbb%\x9d\x22ir\xe1\x9a\xcc\xac\x03\xe4N\
\xff\x14I\xf7\x90.\xf1\x7f\x88\xb4NI]\xbc\x00|\
\x0d\xd81\x0f\xd2\xb6U\xe4\x000B\x1117\x22>\
D\x0a\x02\x17\x97\xae\xa7\x1f\xdb\x92\x06/N\x93t\x7f\
^dh\x8a\xaf\x0c\x98Y\x0fI\xbbH:Y\xd2\x9d\
\xa4N\xff$\xd2gG\xdd\x5c\x01L\x8e\x88\x8fE\xc4\
3\xa5\x8b\xe9t\x0e\x00-\x12\x11w\x00\xaf\x06\xdeF\
\xba\x5cVG[\x92\xd2\xfcU\xc0}\x92\xbe)\xe9U\
\x1e3`\xd6,\x92FK:\x5c\xd2\xb7$=\x00\xdc\
JZ\xacg\xfb\xc2\xa5\x0d\xe4A\xe0-\x11\xf1\x8a\x88\
\xb8\xa5t1\xdd\xc2\x01\xa0\x85\x22B\x11\xf1S\xd2\x0f\
\xd1\xe7\x81\xc5\x85K\x1a\xcc\x96\xc0\x07\x81\x8b\x809y\
\x00\xe1\xf1\x926-\x5c\x97\x99\xb5\x81\xa4\xf5\xf3 \xe1\
3\x81\xc7\x81\xdf\x03\x1f\x00^R\xb6\xb2A\xbd\x00|\
\x13\xd8%\x22\xce-]L\xb7Y\xbdt\x01\xdd(\x0f\
H9Y\xd2Y\xc0)\xc0\xd1\x94[\x14c(\xc6\x92\
\x06\x10\x1e\x09|G\xd2\x9f\x81\x0bI\xe1\xe0\xfa\x88X\
Z\xb283\x1b>I\xa3\x80}\x81\xc3I\x03\x96\xf7\
\xa5sN\xfa\x96\x01?\x07>\x1d\x11\xf7\x94.\xa6[\
9\x00\xb4Q\xbe-\xf0\x06I\xbb\x01\xff\x02\xbc\x99z\
\x07\x01\x80Q\xc0\xfe\xb9}\x1e\x98'\xe9:\xe0\x02\xe0\
\xbc\x88\xb8\xb7dqf60I\xdb\x00\xaf\x22\xad\x1e\
:\x954 \xb8\xd3\x5c\x02\x9c\x18\x117\x94.\xa4\xdb\
9\x00T \xdf\xb3z\x8b\xa4\x03\x80/\x00\x87\x15.\
i8\xc6\xd3\xfba\xf2uIw\x03\x97\x03W\x02W\
DD]\xc7;\x98u=I\x9b\x93v\xba\xebi\xdb\
\x15,g\xa4~\x07|6\x22\xa6\x95.\xa4)\x1c\x00\
*\x14\x11\xd7\x02S%\x1dH\xda\xa5\xea\x15\x85KZ\
\x15/\xcd\xedx\x00I\xb3\x80k\x80\xab\x81\x8b\x22\xe2\
\xber\xa5\x99u7I\x9b\x90\xb6+\x9fJZ\x95t\
'\xea\x7fUqe\xae\x01>\x13\x11W\x94.\xa4i\
\x1c\x00\x0a\xc8+V\xbdR\xd2\xab\x81\xcf\x90~\x90;\
\xd5\xa4\xdc\x8e\x03\x90t?p-\xf0\xc7\xdcn\x8a\x88\
:\xad\x91`\xd6\x11$\xadAZmo\x7f\xd2^$\
\x07\x00[\x15-\xaa\xb5.\x03\xbe\xe8\x8e\xbf\x1c\x07\x80\
\x82\x22\xe2\xf7\xc0\xef%\xbd\x0c\xf8\x18\xf0&`\x8d\xb2\
U\x8d\xd8V\xb9\x1d\x9b\x7f\xbd@\xd24z\x03\xc1\xb4\
\x88x\xb8Tqfu%i\x0b`\x1fz\xc7\xe0\xec\
C\xda\xf7\xa3\x9b<\x0f\xfc\x0c\xf8zD\xdcT\xba\x98\
\xa6s\x00\xa8\x81\x88\xb8\x1e86_\xde;\x814=\
o\xbd\xb2U\xb5\xccX\xe0\xe0\xdc\x00\x904\x07\x98A\
\xbamp\x0d)\x14<Z\xa6<\xb3\xea\xe5\xe9\xb6\xfb\
\x00\x93s\xdb\x07\xd8\xa4hQ\xed\xf5\x0c\xf0?\xc0\xbf\
GD]\x96Oo<\x07\x80\x1a\x89\x88\xc7H\xd3\x07\
\xbf\x02\xbc\x13\xf80\xf5\x5c\x8dk\xa4&\x02\x07\xe6\x06\
\x80\xa4\x87\x81\xe9\xc0_\xfa\xb4{<\x05\xd1:Y\x9e\
\x8a\xf7R`\xf7>m2\xb0Y\xc9\xba*t;\xf0\
\x0d\xe0\xcc\x88XX\xba\x18{1\x07\x80\x1a\x8a\x88y\
\xc0\xb7$}\x1bx\x1di\xb1\x8eW\xd09sxW\
\xc5\xe6\xb9\xbd\xae\xcfs\x0b%\xdd\x06\xdc\x0c\xdc\x92\xdb\
\x8c\x1c\x94\xccj%_\xc1\xdb\x85\xb4,\xf8n\xc0\x1e\
\xc0\xcet\xdfe\xfc\x95YJZd\xe8t\xe0\xc2\x88\
P\xe1zl\x00\x0e\x005\x16\x11\xcb\x80_\x03\xbf\xce\
\xf7\x07\xdf\x06\xbc\x07\xd8\xa6ha\xd5\x19C\xba4\xba\
O\xdf'%\xcd\x05f\x92\xf6\x00\x9f\x01\xdc\x96\x1f\xef\
\xf0\x15\x03k7I\x9b\x91:\xf6]\xf2\xe3$R\x87\
\xbfq\xc9\xbaj\xe0A\xe0\xa7\xc0\xf7<\x1b\xa838\
\x00t\x88|\xdf\xec4I\xffN\x9a\x02\xf4.\xe0\xf5\
\xa4m\x80\x9bf\x02\xbd\xf7N\xfbZ\x94w0\x9b\x09\
\xf4<\xf6\xb4\xfb=\x1b\xc1\x86B\xd2\xea\xa4\x81\xac\xdb\
\x92\xe6\xd5o\xdb\xa7m\x07\xacU\xae\xba\xdaYHZ\
\xb1\xef\x87\xc0\x95>\xdb\xef,\x0e\x00\x1d&_\x15\xb8\
\x08\xb8H\xd2z\xc0\xdf\x91\xc2\xc0\x1eE\x0b\xab\x87\xb5\
\x80]s[\xde\x0by\x8a\xe2L\xe0~\xe0\x81\xdc\xee\
\xcd\x8f\x8f8 4C\xee\xe07'\xed\x87\xb1u~\
\xec\xf9z[R\xe7\xef\xcf\xc6\xc1]O\xea\xf4\x7f\xe6\
]\xf9:\x97\xff\x93w\xb0\x88\x98M\xda(\xe3\x9b\x92\
&\x93n\x11\xbc\x99zo\xeeQ\xca\x1a\xa4\xb3\xb7\x81\
VJ[\x22\xe9\x11R\x18\xb8\x0fx\x0cxx\xf9\xc7\
\x88X\xd0\xfeRmUI\x1a\x0blA\xba\x1c\xdf\xf3\
\xb89\xb0)\xbdST7#-ym\xc33\x0b8\
\x17\xf8\x89w\xe4\xeb\x0e\x0e\x00]\x22\x22\xa6\x03\xd3%\
\xfd\x13\xf0r\xe0\x18R\x18\xd8\xb2ha\x9dcuz\
\xcf\x04\x07\x5c\x98I\xd2\xb3\xa4@\xf08\xf0(\xf0T\
\x9f\xf68\xf0d\xdf\xe7\xf2\x15\x1b[E\x92V\x036\
\xe8\xd36$u\xea}\x7f\xbd)\xbd\x1d\xfd\xdae*\
\xedZ3I\x9d\xfe\xcf\xf3g\x8cu\x11\x07\x80.\x93\
\xef\xc1]\x07\x5c'\xe9\x9fI;\x80\xf5\x84\x81nZ\
E\xac\x94ur\xdbi\x08\x7fvY^\xf3`nn\
sH\xf3\xa1\xe7\xf6\xd3\xe6\x03\xcf\xe5\xb6\x10\x98\x07<\
\x0b,\xcc\xbbKv\x1cI\xe3I\xb7e\xd6!\xed)\
1\x86\xd4A\xaf\x9d\x7f\xbd.i<\xc7`m=:\
\x7f\xa9\xdbNs\x0f\xa9\xd3?7\x22n,]\x8c\xb5\
\x8f\x03@\x17\xcba\xe0O\xc0\x9f$}\x1cx\x19)\
\x0c\xbc\x89\xe6\xcc$(i5`\xfd\xdcV\x99$H\
\xc1a!\xd0s\x0bb. `q?\xcf-\xca\x7f\
\xb6?\x83\xfd\xde\x18\x06\x1e\xe06\x964\xe04H\x1d\
s\xdf\xe7V#u\xe6\x00\xe3\xf2\xeb\xac3\xc8[\xb2\
\xfa\xb9\x8b4\x98\xef\x5c\xaf\xd0\xd7\x1c\x0e\x00\x0d\x91\xc3\
\xc0\x9fs\xfb\xb8\xa4I\xa4\xd9\x04G\x91\xb6\x0fm\xe2\
l\x82N\xb2.\xbd\x9d\xac\xd9H-$\xad\xc2y\x09\
p~D\xcc(\x5c\x8f\x15\xe0\x00\xd0P\x111\x0b\xf8\
>\xf0\xfd<p\xea\x00R 8\x1a\xd8\xb1dmf\
\xd6\x16\xb3H\x1d\xfe%\xa4\x05z\x9e+\x5c\x8f\x15\xe6\
\x00`\xe4\x91\xed=\x1f\x0c'-wu`*\x9e\xf7\
l\xd6\x89|\x96o\x83r\x00\xb0\x15,wu`\x1c\
iT\xfcA\xc0!\xa4q\x04\xbe]`V?\x0bI\
c~\xae\x04\xae\x02\xae\xf5\xfa\xfb6\x18\x07\x00\x1bT\
\x1e\x81\xfe\xfb\xdcz\x16Q\xd9\x83te`Jn\x13\
\x06|\x013k\x97y\xa4\x19?\xd7\x90v\xd6\xbc:\
\x22\x16\x95-\xc9:\x89\x03\x80\x0dK^-ozn\
\xa7\xe5\xdd\xce\xf6$\x05\x81\x03\x81W2\xc2Q\xeff\
\xd6\xafgI\x83x/!u\xfa\x7f\x8a\x88\x17\xca\x96\
d\x9d\xcc\x01\xc0F$o\xbe\xd3\x13\x08\xbe\x91\x17n\
\xd9\x89\xde=\xce\xf7!\x05\x84\xa6\xed\x88f6\x12\xf3\
\x80\x1b\x81i}\xda\xdd^k\xdfZ\xc9\x01\xc0Z*\
\xaf|w[ng\xc2_\xf7D\xdf\x91\xde\x0d|&\
\x03{\xe3P`\x06\xf0\x02p7\xbdA\xfaj\xe0&\
\xefli\xed\xe6\x00`m\x97?\xc8\x96\x0f\x05k\x00\
\xbb\x93\xae\x10L\x06\xf6\x22]9\x18W\xa8L\xb3*\
<C\xda\xba\xfa&z\xcf\xecgx#*+\xc1\x01\
\xc0\x8a\xc8\xf7.{\xcex\xfe\xaa\x9f\xbd\xd6w!\x0d\
:\x1c_u\x8df#\xf0,\xe9\xac~\x06)\xf8\xf6\
<\xde\xeb\xcb\xf8V\x17\x0e\x00V+\x11\xf1\x08\xf0\x08\
i\xa0\xd3_9\x18XM\xb9\xa3\xb7\x8e\xe5\x00`\x1d\
a\x90`0\x11\x984@\xdb\x9a\xb4N\xbd\xd9H\xcc\
!\xad\xa2\xd7_sGo\x1d\xcb\x01\xc0:ZD\xcc\
\xa1\x9f[\x09\x00\x92\xc6\xd0\x1b\x06\xb6\xe1\xc5\xe1`\x1b\
\xd2f6f\xcf\x01\xf71p\x07\xbf\xb8\x5cif\xed\
\xe3\x00`]+\xaf\x82\xd63\xf8p\x059 l\x0a\
l6\xc8\xe3\xe6x\x13\x9eN\xb5\x88t\xf6\xfe\x08\xf0\
\xe8@\x8f\xf9\xea\x92Y\xe38\x00Xc\xe5\x80\xd0s\
\xa67 I\xeb\x92\x82@O(\xd8\x18\xd8\x90\xb4W\
}\x7f\xcdW\x16\xdac>0{\x80\xf6$\xf08\xf0\
0\xf0\x18\xf0\x907\xbb1\x1b\x9c\x03\x80\xd9JD\xc4\
3\xf4N\xdfZ)Ik\xd1\x1b\x06&\xd2\x7fHX\
\x9b\xb4\xa7\xc2\x84\xfc8\x16X\x07X3?\x8e\xa5{\
\xf6\x5cXDZ\xa7\xfe\x19`1i\x91\x9b\xf9\xf9\xeb\
\xb9\xf9\xf7\xe7\xd1\x7f\xc7>\xa7\xe7k_\x8a7k-\
\x07\x00\xb3\x16\xcb\xeb\xb1\xf7\x0cZ\x1c\x11I=\x01a\
\x1ci\xc6\xc3\x9a\xa4\xd0\xb0\x06+\xce\x80\xe8\x09\x12}\
\xad\xc5\x8a\x0b.\xf5\x17.\x16\x03\x0b\x96{n!\xa9\
s\xeekA\xfe\xb3}\xcd#-f37\xff\xde\xfc\
\xfc\xdc\xe2\x1c\x9e\xcc\xac\x86\x1c\x00\xccj,\x22\xe6\x96\
\xae\xc1\xcc\xba\x93\xa7H\x99\x99\x995\x90\x03\x80\x99\x99\
Y\x039\x00\x98\x99\x995\x90\x03\x80\x99\x99Y\x039\
\x00\x98\x99\x995\x90\x03\x80\x99\x99Y\x039\x00\x98\x99\
\x995\x90\x03\x80\x99\x99Y\x039\x00\x98\x99\x995\x90\
\x03\x80\x99\x99Y\x039\x00\x98\x99\x995\x90\x03\x80\x99\
\x99Y\x039\x00\x98\x99\x995\x90\x03\x80\x99\x99Y\x03\
9\x00\x98\x99\x995\x90\x03\x80\x99\x99Y\x039\x00\x98\
\x99\x995\x90\x03\x80\x99\x99Y\x039\x00\x98\x99\x995\
\x90\x03\x80\x99\x99Y\x039\x00\x98\x99\x995\x90\x03\x80\
\x99\x99Y\x039\x00\x98\x99\x995\x90\x03\x80\x99\x99Y\
\x039\x00\x98\x99\x995\x90\x03\x80\x99\x99Y\x039\x00\
\x98\x99\x995\x90\x03\x80\x99\x99Y\x039\x00\x98\x99\x99\
5\x90\x03\x80\x99\x99Y\x039\x00\x98\x99\x995\xbe\xd6\
&\x19\x00\x00\x0d6IDAT\x90\x03\x80\x99\x99Y\
\x039\x00\x98\x99\x995\x90\x03\x80\x99\x99Y\x039\x00\
\x98\x99\x995\x90\x03\x80\x99\x99Y\x039\x00\x98\x99\x99\
5\x90\x03\x80\x99\x99Y\x039\x00\x98\x99\x995\x90\x03\
\x80\x99\x99\xd9\xffo\xef^c\xec\xaa\xce3\x8e\xff\x17\
\x17_0`\x8fc\xc0`C\xb9$\xa6IJ\x12\x8a\
\xd3R\xc0\xad#hQ\x02Qii*\x91T\xb4\x12\
\x81|\x88\xa2(R%\x1a\x05EQ\x94\xaaI\xbe\xa4\
\xb4\xa2i\x82ZEi\x1bE\x94\xd0\xd08H%@\
\x88\x81\x84\x12.\x06\x02\x18\x88\x8d\x9b\xd8\xdc\xecx\x06\
|\xc3\xc63O?\xbc{\xf0@f\x8c=\xb3\xf7y\
\xf7\xd9\xe7\xf9I[g\xfb\xcc\xcc\xf2Z\xfbl\xad\xf5\
\x9e\xb5\xd7e\x009\x00033\x1b@]\x0b\x00\xf6\
\xd6\x90\xc6\xec\x1a\xd203\xb3v\xa9\xa3n\x7f\xb5\x86\
4Z\xa3k\x01\xc0\xcb5\xa4qL\x0di\x98\x99Y\
\xbb\x1cWC\x1a#5\xa4\xd1\x1a]\x0b\x00\xea\xf8p\
\x1c\x00\x98\x99uO\x1du{\x1d_2[\xc3\x01\xc0\
\xaf;\xb3\x864\xcc\xcc\xac]\xea\xa8\xdb\x87kH\xa3\
5\xba\x16\x00<YC\x1a+kH\xc3\xcc\xcc\xdae\
E\x0di\xac\xad!\x8d\xd6\xe8Z\x00\xf0H\x0di\x1c\
/\xe9\x9d5\xa4cff- \xe9\x0c\xe0\x84\x1a\x92\
z\xb4\x864Z\xa3k\x01\xc0\x9a\x9a\xd2\xb9\xa2\xa6t\
\xcc\xcc,\xdfGkJ\xa7\x8e/\x99\xadQ\xb23P\
7I\xeb\x81Sf\x98\xcc0\xb0\xa4\x94\xb2\xab\x86,\
\x99\x99Y\x12I\xf3\x80\x8d\xc0\x82\x19&\xb5\xae\x94\xf2\
\xd6\x1a\xb2\xd4\x1a]\xeb\x01\x00\xf8~\x0di\x0c\x01W\
\xd6\x90\x8e\x99\x99\xe5\xfa\x183o\xfc\x01V\xd5\x90\x86\
5I\xd2\x85\xaa\xc7VI\x8b\xb2\xcbcff\xd3#\
i\xa1\xa4_\xd5\xd4&\x9c\x9f]\x1e{\x13\x92fK\
z\xa9\xa6\x0f\xfc\x1f\xb3\xcbcff\xd3#\xe9\x9fj\
j\x0b\x86%\xcd\xca.\x8f\x1d\x00I\xd7\xd5\xf4\xa1\x8f\
J\xba \xbb<ffvp$\xad\x94\xb4\xb7\xa6\xb6\
\xe0\xda\xec\xf2\xd8\x01\x92\xf4vIc5}\xf0\xcfK\
\xaac\x09I33\xeb\x01I\xc7Jz\xb6\xa66@\
\xf2\xd4\xf0\xfe\x22\xe9\x8e\x1a?\xfc[$\x1d\x9a]&\
33\xdb?I\x87I\xba\xb5\xc6\xfa\xff\xb6\xec2\xd9\
A\x92\xf4\x81\x1ao\x00I\xfajv\x99\xcc\xccl\xff\
$]_s\xdd\x7fav\x99l\x1a$\xdd^\xf3\x8d\
pMv\x99\xcc\xcclr\x92>Ws\x9d\xff\xc3\xec\
2\xd94I\xfa]\xd57\x16@UZ\x9f\xc8.\x97\
\x99\x99\xbd\x9e\xa4O\xd5X\xd7\x8f\xd7\xf7\xcb\xb3\xcbe\
3 \xe9\x86\x9ao\x0aI\xfa\x9b\xecr\x99\x99Y\x90\
tM\x03\xf5\xfc\xb7\xb2\xcbe3$\xe9x\xc5\xa2>\
u\xfb\x82\xa4\xce-\xa5lf\xd6/$\x15I_j\
\xa0~\xdf\x22\xcf\xfe\xea\x06I\x977p\x83H\xd2\xb7\
%\x1d\x91]>3\xb3A#i\x8e\xa4o6T\xb7\
_\x96]>\xab\x91\xa4\xffj\xe8FyP\xd2I\xd9\
\xe533\x1b\x14\x92N\x90t_Cu\xfa\xf7\xb2\xcb\
g5\x93\xb4X\xd2\xa6\x86n\x98M\x92\xce\xcb.\xa3\
\x99Y\xd7IZ\xa1z\x17\xf9\x99\xe8\x97r\xd7\x7f7\
I:[\xd2\xee\x86n\x9c\xbd\x8a)(^0\xc8\xcc\
\xacf\x92\x0e\x95t\xb5\xa4=\x0d\xd5\xe1{$\x9d\x9b\
]Nk\x90\xa4\x8f7t\xf3\x8c\xfb\x89\xa4S\xb2\xcb\
if\xd6\x15\x92N\x92\xb4\xba\xe1\xba\xfb\xaa\xecrZ\
\x0fH\xfa\x97\x86o\xa4aIW\xc8\xb3\x04\xcc\xcc\xa6\
M1\xca\xff*I#\x0d\xd7\xd9_\xcb.\xab\xf5\x88\
\xa2+\xe9;\x0d\xdfPRD\xac\xcb\xb2\xcbkf\xd6\
o$\x9d*\xe9\xb6\x1e\xd4\xd37K:,\xbb\xbc\xd6\
C\x92\xe6\xaa\xf9.%I\xda!\xe9\xaf%\x1d\x9e]\
f3\xb3\xb6\x934K\xf1\xac\x7fg\x0f\xea\xe7;%\
\xcd\xc9.\xb3%\x90\xb4@\xd2\x9a\x1e\xdcd\x92\xb4V\
\xd2\xfb\xb3\xcblf\xd6V\x92.\x96\xf4T\x8f\xea\xe4\
\x87$\xcd\xcf.\xb3%\x924$\xe9\xde\x1e\xddp\x92\
\xf4\x03yoi3\xb3\xd7HZ&iU\x0f\xeb\xe1\
\x07$-\xca.\xb7\xb5\x80\xa4\xf9\x92\xee\xea\xe1\xcd\xb7\
[\xd2u\x92\x8e\xcf.\xbb\x99Y\x16IK$\xfd\xb3\
\x9a\x9b\xda7\x99\xd5\x92\x8e\xce.\xbb\xb5\x88\xa4#$\
\xfdO\x0foB)\xc6\x07\x5c+\xe9\xd8\xec\xf2\x9b\x99\
\xf5\x8a\xa4\x85\x92\xbe\xa8\xde<\xe7\x9f\xe8\x0eIGf\
\x97\xdfZH\xd2lI\xdf\xea\xf1\x0d)\xc5\x14\x97\xcf\
JZ\x90}\x0d\xcc\xcc\x9a\xa2h\xf8?'\xe9\xa5\x84\
z\xf6\x9b\x92fe_\x03k1\xc5\xbc\xd3\xab%\x8d\
&\xdc\xa0\xdb\x14=\x02K\xb2\xaf\x83\x99Y]$\x1d\
\xabh\xf8\x87\x13\xea\xd5\xb1\xea\xff\xf6\xba,v`$\
\xfd\x99\xa2\x8b>\xc3.\xc5\x18\x81\x93\xb3\xaf\x83\x99\xd9\
t)\xe6\xf2\x7fU\xd2+Iu\xe9vI\x7f\x9a}\
\x1d\xac\x0fI:K\xd2\x86\xa4\x1bW\x8a\xfd\x05n\x94\
\xf4\xfb\xd9\xd7\xc2\xcc\xec@IZ)\xe9\xa6\xaa\x0e\xcb\
\xf2\x8c\xa4\xdf\xce\xbe\x16\xd6\xc7\x143\x04nH\xbc\x89\
\xc7=\xa4X\x12sn\xf6513{#\xc5\x18\xaa\
\xcb\xd5\xbb\xb5U\xf6\xe7\xbb\x92\x16f_\x13\xeb\x00\xc5\
\xb8\x80O\xaa\xb9\x9d\x04\x0f\xc6\x0b\x8a\xd1\xb3o\xcb\xbe\
.ff\x8a9\xfc_\x96\xf4bj\xcd\x18^\x91\xf4\
\x89\xeckb\x1d$i\xb9\xa4\xa7\x93o\xf0qc\x8a\
)-\x97\xc9KY\x9aY\x0fI\x9a#\xe9#\x8a\xa5\
t\xc7\x12\xeb\xc1\x89\x9e\x92\xbb\xfc\xadI\x92\xe6I\xfa\
\x07\xe5\xcc\x12\x98\xca\x16I\x7f/\xdf\xfcf\xd6 \xc5\
\x97\xa0k%mM\xad\xf1^oT\xd2W$\x1d\x91\
}}l@H:G\xd2\x93\xb9\xf7\xfd\xa4\x1eWL\
y9-\xfb\x1a\x99Y\xff\x93\xb4T\xf1\x08\xf4\xa1\xd4\
\x9amr\xeb%\xad\xcc\xbeF6\x80\xd4\xce\xde\x80q\
\xa3\x8a\xee\xb9\x8fJzK\xf6\xb52\xb3\xfe!\xe9-\
\x92\xae\x94\xf4#\xb5\xa7\x8b\x7f\xa2QE\xaf\xa7\xbf\xf5\
\xcf\x80\x17F\xa8\x81\xa2\xeb\xfd:\xe0\xec\xec\xbcLa\
\x14\xb8\x17\xf8O\xe0\x86R\xcas\xc9\xf91\xb3\x96Q\
|Q\xb8\x08\xf8\x10p!\xd0\xd6-\xcc\x1f\x04>^\
J\xb97;#\xfd\xce\x01@M$\x1d\x02\x5c\x09\xfc\
-\xd0\xe6o\xdc\xa3\xc0j\xe0F\xe0\xe6R\xca\xa6\xe4\
\xfc\x98Y\x12IK\x81K\x80K\x81\x15\xc0\xa1\xb99\
\xda\xaf-\xc0\xa7\x81\x7f-\xa5\x8ceg\xa6\x0b\x1c\x00\
\xd4\xac\x8a\xa2\xff\x0e\xb8\x028$9;oF\xc0C\
\xc0\xf7\x80U\xc0\x03\xa5\x14\xe5f\xc9\xcc\x9a\xa2X\x0e\
w9p1\xf0A\xe0=\xb4\xbf\x1d\x18\x05\xbe\x0e\x5c\
SJ\xd9\x9a\x9d\x99.i\xfb\x07\xdf\xb7$\xbd\x0b\xf8\
\x22\xf0\xfe\xec\xbc\x1c\x84g\x81\xef\x13\xc1\xc0\x1d\xa5\x94\
\xed\xc9\xf91\xb3\x19R\xec~w>\xd1\xe8_\x04\xf4\
\xd36\xe4\xab\x80O\x97R~\x96\x9d\x91.r\x00\xd0\
0I\xe7\x00_\x02\xce\xcb\xce\xcbA\x1a\x05\xd6\x00\xb7\
U\xc7\x9d\xa5\x94\xbd\xb9Y2\xb37S=\x8e<\x13\
\xb8\xa0:V\x00\xb3S3u\xf0\xee\x03\xae.\xa5\xdc\
\x99\x9d\x91.s\x00\xd0\x03U\xb7\xdb\x87\x80/\x00\xfd\
\xba\x82\xdf\x16\xe0v\xe0V\x22\x18X\x9f\x9c\x1f3\xab\
(\xa6\xfd\xbe\x0f\xf8C\xe2\xdb~\x9b\xc7!\xed\xcf\x93\
\xc0g\x80\x9b\xfc8\xb2y\x0e\x00z\xa8\x8a\xcc/\x05\
>\x0f\xfcfrvf\xea9\xe0n\xa2w\xe0\x9eR\
\xcac\xc9\xf91\x1b\x18\x92N\x00\xce%\xbe\xe1\xff\x11\
prj\x86fn\x1d\xf0eb\x80\x9f{\x1a{\xc4\
\x01@\x82*\x10\xf8s\x22\xd2\xfd\xad\xe4\xec\xd4e#\
p'p\x0f\xf0c\xe0\xb1R\xcahj\x8e\xcc:@\
\xd2\xa1D=q\x0e\xd1\xe8\xaf\x04\x96d\xe6\xa9F\x8f\
\x103\xa7n\xf4\xc8\xfe\xdes\x00\x90\xa8\x0a\x04.!\
\x02\x81\xae-\xe3\xbb\x8dx\x8e\xf7cb\x0d\x82\x9f\x94\
R\x86s\xb3d\xd6~\x8a]\xec~\x8fXW\xe4\x1c\
\xe0\xbd\xc0Q\xa9\x99\xaa\xdf\xfdD\xc3\x7f\xb3\xbb\xfa\xf3\
8\x00h\x09\xc5r\x96\x9f\x22F\xea\xb6}\xfa\xe0t\
\x88x\xbe\xf7S\xe0\x01\xa2\x02XSJ\xd9\x91\x9a+\
\xb3D\xd5\x08\xfd3\x81\xb3\x88\xe9y\xcb\x81et\xb3\
n\x1e\x03\xfe\x1b\xf8J)euvf\xac\x9b7Y\
_Sl\xf3\xfbI\xe0/\x81#\x93\xb3\xd3\xb4Q\xe0\
\x09\xf6\x05\x04\x0f\x02\x8f\x96R\xb6\xa5\xe6\xca\xac\x01\x92\
\x8e\x06\xce z\xfb\xc6\x1b\xfb\xd3i\xf7\xe2;u\xd8\
\x0e|\x03\xb8\xb6\x94\xf2\xf3\xe4\xbc\xd8\x04\x0e\x00ZJ\
\xd2\x10\xb1\xb2\xe0\xc7\x80S\x93\xb3\xd3K\x02\x9e\x01\x1e\
\x06\x1e\xad\x8e\x87\x81u~Fh\xfd\xa0z\xb4\xf7V\
\xe0]\xd5qF\xf5z\x0a\x83U\xe7\xae\x03\xbe\x06\x5c\
_J\x19\xc9\xce\x8c\xfd\xbaA\xba\x19\xfbRU\x99\x9c\
\x0f\x5c\x05\xfc1\xed]\x9f\xbbi;\x80\xc7\x80\xc7\x81\
\xb5D\xcf\xc1\x13\xc03\x1e5l\x19$\x1dF4\xea\
\xef f\xf5\xbc\xbd:\x7f'0\xa8\x9b\xd4\xec!\xba\
\xf9\xbf\x0e\xdc\xee\xa0\xbd\xdd\x1c\x00\xf4\x11I\x8b\x81\xbf\
\x22z\x06\x06\xa9W`\x7f\xf6\x00O\x11\xc1\xc0Zb\
\x9c\xc1:\xa2\xc7`sf\xc6\xac\x1b$\x1d\x03\x9cF\
|\xab_\xc6\xbe\xc6~\x190+1km\xb2\x0e\xb8\
\x1e\xf8F)\xe5\x85\xec\xcc\xd8\x81q\x00\xd0\x87\xaa^\
\x81\xf7\x01\x97\x03\x7fB\xf7F\x08\xd7\xe5e\xe0\xe7T\
\x01\xc1\x84c\x03\xb0\xb1\x94\xf2j^\xd6\xac-$\xcd\
\x02\x96\x02\xbfA4\xf4\xe3\x8d\xfd\xf8\xf9\xd1y\xb9k\
\xb5m\xc0w\x80\x7f\x03~\xe8\xd1\xfc\xfd\xc7\x01@\x9f\
\xab\xf6\xc3\xbe\x04\xf8\x0bb\x15\xb0\xc3rs\xd47\xc6\
\x88\xc5\x8c6\x00\xbfx\xc3\xb1\x01x\xae\x94\xf2\xab\xac\
\xccY}$-\x02\x16\x13\x8b\xe5\x9c\xf4\x86\xe3\x94\xea\
g]\x9cy\xd3\x84\xbd\xc4j\xa0\xff\x0e|\xb7\x94\xb2\
+9?6\x03\x0e\x00:D\xd2q\xc0e\xc0\x87\x89\
\xb9\xc363\xbb\x89 \xe1Y\xe0y`\xd3\x84\xd7\x17\
\xaa\x9fm\x01\xb6\x94Rvger\x10I\x9a\x0d,\
\xaa\x8e\xe3\x81\xe3\x88\xc5q\x16O\xf2\xdao\xeb\xe0\xb7\
\x8d\x88\xe9\xbb\xff\x01|\xbb\x94\xf2br~\xac&\x0e\
\x00:J\xd2\xc9\xc4\xb2\xc3\x97\x12\x0b\x8a\xf8\xb3n\xd6\
\xcbDP\xb0\xa5:6\x03/\x02[\x81\x91\xea\x18\x9e\
p>\x02\x8c\x0c\xfa\x00FI\x87\x03\xf3\x81\x05\x13\x8e\
\xa1\x09\xe7\x0b\x89\xc6}\xbc\xb1?\xa6\xfa\xb7\x1f{5\
k\x8cX\xc0\xebFb]\xfe\xffK\xce\x8f5\xc0\x8d\
\xc2\x00\x90\xb4\x94\x18+p)\xb1+a\xd7\xe7\x1d\xf7\
\x93\x1dD0\xb0\xbd:^\x06vU\xef\xbf\x04\xbc2\
\xe1|\x17\xb0\xb3\xfa\xbb\xf1U\x15wU\xbf3\xd5{\
o\xb4\x1d\x98j\xec\xc3\xe1L\xbd\xf6\xc4\x1c`nu\
>T\xbd\xce\xad\xde\x9f\xf8\xde\x11\xd5\xfb\xf3\x81y\xd5\
\xf9\xd1U\xbas\x89\x86\xfb\xc8\xeaXP\xfd\x8e\xb5\xc3\
(p\x17\xf1\x5c\xff\xa6R\xca\xb3\xc9\xf9\xb1\x869\x00\
\x180\xd5c\x82\x8b\x81\x0f\x10c\x06\xfcM\xcalp\
m#\x9e\xe9\xdf\x02\xacr\xf7\xfe`q\x000\xc0\xaa\
y\xccg\x13\x01\xc1\x07\x899\xccf\xd6m\xeb\x89]\
<W\x01\xb7z\xfc\xca\xe0r\x00`\xaf\x91\xb4\x0c\xb8\
\x88\xe8\x19XA\xf7\x97\x226\x1b\x04\xdb\x81\x1f\x01?\
\x00n)\xa5<\x9d\x9c\x1fk\x09\x07\x006\xa9j\x0b\
\xd2\xf7\x10\xfb\x8d_@\x04\x04\x1eMm\xd6~{\x89\
\xe5\xb3o\xab\x8e\xbb\xfc-\xdf&\xe3\x00\xc0\x0eH\xb5\
k\xd9\x0abY\xe2? \x82\x03\xaf9`\x96o/\
\xb1\x91\xd6j\xe0v\xa2\xc1\xf7.\x9b\xf6\xa6\x1c\x00\xd8\
\xb4H\x9aGlcz.1\xb3\xe0<bT\xb7\x99\
5k\x07\xb0\x06\xb8\x1b\xb8\x87h\xf0\xbd\xd9\x8e\x1d4\
\x07\x00V\x8bj@\xe1\xbb\x89@\xe0\x5c\xe0w\x88\xa5\
U\xcdlf6\x00\xf7\x11\x8d\xfd\xdd\xc0\xc3\xa5\x94\xd1\
\xd4\x1cY'8\x00\xb0\xc6H\x9aOl\x85z\x16\x11\
\x14\xac Vf3\xb3\xc9\x8d\x00\xf7\x13\x8d\xfd\x03\xc0\
}\xde\x5c\xc7\x9a\xe2\x00\xc0zJ\xd2\x89\xc0rb\xa9\
\xe2w\x13\xfb\xa4/M\xcd\x94Y\x8e_\x02\x8f\x10\x03\
\xf6\xee\x07~ZJ\xd9\x98\x9b%\x1b$\x0e\x00,\xdd\
\x84\x9e\x82\xf1\xbd\xd4\xcf\x22\xc6\x17\x0c\xea\x9e\xea\xd6-\
\xaf\x02O\x13\xdf\xe8\x1f\x03\x1e\x07\xfe\xd7\x8b\xeeX6\
\x07\x00\xd6J\xd5\x98\x82\xb7\x11\x01\xc1\xe9\xc4\xfe\xeb\xa7\
W\x87W/\xb46\xda\x06<\x09\xac\x05\x9e\xa8\xce\x1f\
\x07\x9e\xf23{k#\x07\x00\xd6w\xaa\xbd\x0d\xc6\x83\
\x81\xf1\xc0\xe04b{WOM\xb4&\xbdJl\x19\
\xbd\x9eh\xe8\xd7R5\xfa\xa5\x94M\x99\x193;X\
\x0e\x00\xac3\xaa^\x83\x93\x80S\xa78\x86\xa6\xfek\
\xb3\xd7\x0c\x13\x0d\xfcd\xc7/\x06}\x07G\xeb\x0e\x07\
\x0060$\x0d\x01'\x12A\xc2\x12b\xf0\xe1\x89\xd5\
\xeb\x92\xea}\x8f;\xe8\xb6\x9d\xc47\xf8M\xc0\xc6I\
\xce7\x96R\x86\xa7\xfes\xb3\xeep\x00`6\x81\xa4\
\x85D0p\x22\xfb\xf6\x9e_<\xc9\xf9\xb1\xc0!I\
\xd9\xb4\xd7\x1b\x056W\xc7\xf3\xc0\x0b\xc0\x8b\x13\xce7\
\x13#\xee7\xb9q7\xdb\xc7\x01\x80\xd94H:\x84\
}\x81\xc0\x22`!\xf1\x88ah\x8a\xf3\xf1W\xaf\x96\
\xb8\x7f#\xc0V\xa2\x1b~\xfcu\xaa\xf3\xf1F\x7fs\
)e,%\xb7f}\xcc\x01\x80Y\x8fI:\x0a\x98\
G<n\x18\x9ap~\x140\xbf:\x9fW\x9d\xcf\xae\
\xfe]\xd8\x17<\x1c\x09\x1c\x0e\xcc\xaa~o\xe2\xcf\x00\
\xe6\x00s\xa7\xf8\xef\xf7\xf7\xb3]\xc0+\x07\xf8\xb3\xf1\
o\xd2;\x80=\xc4\xe0\xb8\xed\xd5{#\x80\x88\xee\xf6\
\xdd\xc0K\xd5\xef\xed\xac\xce\xb7U\xe7;\xaatv\x02\
;J)\xdb\xa6\xf8\xbf\xcd\xac\x01\xff\x0f\xdc]\xdd\xbd\
\xf6\xa1\x12w\x00\x00\x00\x00IEND\xaeB`\x82\
\
\x00\x001\xdc\
\x89\
PNG\x0d\x0a\x1a\x0a\x00\x00\x00\x0dIHDR\x00\
\x00\x02\x00\x00\x00\x02\x00\x08\x06\x00\x00\x00\xf4x\xd4\xfa\
\x00\x00\x00\x09pHYs\x00\x00\x0e\xc3\x00\x00\x0e\xc3\
\x01\xc7o\xa8d\x00\x00\x00\x19tEXtSof\
tware\x00www.inksca\
pe.org\x9b\xee<\x1a\x00\x00 \x00ID\
ATx\x9c\xed\xdd{\x94ee}\xe6\xf1\xef\xaf@\
\x1a\x097\xb9\x09\x08\xd2\x88\x5c\x8c\xc80\x8a\xc9\x92\xe0\
h7\x18@A\xbc\x10\xe52H&DG\xe5\xe2`\
V\x96\xe621\x8e+\xa3\xce\xe8\x0c^\x98\x18\x0c\xcc\
\x04D\x11\xa2\x80\x88(B\xc3\xb8\x00\x95\x09j03\
\x02\x1a\xa0I\x03\x8d\xdc\x14\xb95\xd2\xfd\x9b?\xf6i\
h\x9a\xaa:\xe7T\x9dS\xef\xde\xe7\xfd~\xd6\xea\xd5\
\x8b\xea\xaas\x1e]g\xef\xf7\xa9\xbd\xdf\xfd\xbeA\xc7\
e\xe6\x06\xc0b`\x0f`/`O`\x17`\x1b`\
[`s`\x83\xde\xdf\x9a\x5c\x0f\x01\xab{\x7f\xdf\x0b\
\xdc\x07\xdc\x0e\xdc\x02\xdc\x04\xdc\x0c,\x8f\x88\xd5\xa5\x02\
\xaa\x1b2\xf3y\xc0>\xc0\xee\xc0\xae4\xe7\x97\x1d\x80\
\xad{\x7f6\x01\x16\xf5\xfe\xd6\xe4y\x14X\xd5\xfb\xfb\
\xfe\xde\x9f\xbbh\xce'\xb7\x03?\x05n\x8c\x88\x07\x0b\
\xe5\x1b\x99(\x1d`X\x99\xb9-\xb0\x04X\x0a\xecO\
3\xf0/*\x1aJ]\xb1\x8a\xa6\x08\x5c\x07,\x03\xae\
\x8e\x88{\xcbFRi\x99\xf9\x12\x9a\xf3\xc9\x12\xe0\xb7\
\x80\x9d\xcb&RG\xdc\x01\x5c\x0f\x5c\x05,\x8b\x88\x9b\
\x0a\xe7\x19Z\xeb\x0b@fn\x08\xbc\x0e8\x98\xe6 \
\xdd\x9b\x0e\xe4V'$\xf0c\x9a2\xf0M\xe0\xca\x88\
x\xb2l$\x8d[fn\x03\x1c\xc1\xd3\x83\xfe\x0ee\
\x13iB\xdcMs.Y\x06\x5c\x1c\x11\xf7\x17\xce\xd3\
Wk\x07\xd2\xcc|)p\x1cp<\xb0}\xe18\xaa\
\xc3\x03\xc0\xdf\x03\xe7D\xc45\xa5\xc3ht2s\x11\
\xf0\xbb4\xe7\x94#\x80\x8d\xca&\xd2\x84[Mse\
\xe0\x1c\xe0\x82\x88x\xacp\x9ei\xb5\xaa\x00\xf4\xee\xbd\
\x9d@3\xe8\xef]8\x8e\xeav#p6pfD\
\xfc\xa2t\x18\xcdMf\xbe\x1c\xf8C\xe0\xed\xc0V\x85\
\xe3\xa8N\x0f\x00\xe7\xd1\x9cK~P:\xcc\xbaZQ\
\x00z\xf7\xf5O\x04\xde\x07lY8\x8e\xb4\xae\x87\x81\
\xb3\x80\x8fE\xc4\xdd\xa5\xc3h0\x99y\x00\xf0\x01\xe0\
\x0d\xb4\xe4<'\x01\xd7\x02\x1f\x8a\x88+K\x07\x81\xc2\
\x07Ff>\x1f8\x158\x19g\xd4\xaa\xddV\x01\x7f\
\x07|$\x22V\x94\x0e\xa3\xe9\xad3\xf0\x1fV:\x8b\
4\x8bk\x81\x8fG\xc4%%C\x14)\x00\x99\xb9)\
\xf0!\xe0\x14\xbc\x17\xa7nY\x05\x9cFS\x04\x1e)\
\x1dF\x8d\xcc|%\xf0\x19\xe0\xb7Kg\x91\x86\xf0]\
\xe0\xe4\x88\xb8\xa1\xc4\x9b/x\x01\xc8\xcc\xc3i\x0e\xd4\
]\x16\xfa\xbd\xa5\x11\xba\x13\xf8\xd3\x888\xbbt\x90\x9a\
e\xe6\x96\xc0\x87in!nP8\x8e4\x17k\x80\
s\x81S\x17\xfa\xc9\x81\x05+\x00\x99\xb9\x1b\xf0i\xe0\
\xf5\x0b\xf5\x9e\xd2\x02\xb8\x128\xa9\x8b\xcf\x00wYf\
\x06\xcd\x8c\xfe\xff\x0alW8\x8e4\x0a\xf7\x03\x7f\x0a\
|>\x22r!\xdepA\x0a@f\xbe\x17\xf8$\xb0\
\xf1B\xbc\x9f\xb4\xc0\x1e\xa3i\xef\x7fS:H\x0d2\
\xf3\x054\x8fW-)\x9dE\x1a\x83+\x81wD\xc4\
]\xe3~\xa3\xb1\x16\x80\xcc\xdc\x0c8\x038j\x9c\xef\
#\xb5\xc4W\x81\x13|lp|2\xf3@\xe0\x0b\xb8\
6\x88&\xdb\xbd4%\xe0\x9b\xe3|\x93\xa9q\xbdp\
\xef\xf9\xdb\x1f\xe0\xe0\xafz\xbc\x05\xb8>3\xf7-\x1d\
d\xd2d\xe6\x86\x99\xf9\x97\xc0\xe58\xf8k\xf2m\x0b\
|#3?\x95\x99\xcf\x19\xd7\x9b\x8c\xe5\x0a@f\xbe\
\x93f\xa2\x9fk\xf4\xabF\x8f\x03'F\xc4Y\xa5\x83\
L\x82\xcc\xdc\x11\xf82p@\xe9,R\x01\xdf\x01\xde\
\x1e\x11+G\xfd\xc2#/\x00\x99\xf9\x01\xe0c\xa3~\
]\xa9\x83>\x1e\x11\x1f,\x1d\xa2\xcb2\xf3E\xc0\xb7\
\x80\x17\x97\xce\x22\x15t;ppD\xdc2\xca\x17\x1d\
Y\x01\xe8m\xcb\xfb\x19\xe0=\xa3zMi\x02\x9c\x0e\
\x9c\x12\x11kJ\x07\xe9\x9a\xcc|\x05\xf0\x0d\x9c\xe5/\
\x01\xdc\x03\xbc~\x94\xcb\x09\x8f\xa4\x00d\xe6F4\xeb\
\xa6\xbf}\x14\xaf'M\x98\x0b\x81c\x22\xe2\xf1\xd2A\
\xba\x223\x97\x00\x17\x01\x9b\x97\xce\x22\xb5\xc8\xc3\xc0[\
#\xe2\xf2Q\xbc\xd8\xbc\x0b@o\x97\xadKh\xb6\xec\
\x954\xbd\xcb\x817F\xc4\xaa\xd2A\xda.3\xdf\x02\
|\x11\xe7\x10I\xd3Y\x05\x1c\x1d\x11\x17\xce\xf7\x85\xe6\
U\x002s\x8af\x97\xa3\xdf\x9bo\x10\xa9\x02\x17\x01\
GF\xc4\xea\xd2A\xda\xaa\xf7\x9b\xffe8\xf8K\xb3\
y\x028|\xbeW\x02\xe6\xfb\x18\xe0\x7f\xc7\xc1_\x1a\
\xd4\x9b\x80\xcf\x96\x0e\xd1V\x99\xb9\x1fp1\x0e\xfeR\
?\x1b\x01\x7f\xdf\x9b'3gs.\x00\x99\xf9a\x9a\
\xcd|$\x0d\xee\xdd\x99\xf9\x1fK\x87h\x9b\xcc|1\
\xf0u`\xb3\xd2Y\xa4\x8e\xd8\x0c\xb8,3\xf7\x9c\xeb\
\x0b\xcc\xe9\x16@\xef9\xff3\xe6\xfa\xa6\x928\xc1u\
\x02\x1a\xbd\xe7\xfc\xaf\x05\x16\x17\x8e\x22u\xd1\xad\xc0\xef\
\xcce\x9d\x80\xa1\x0b@f\xee\x03|\x0fx\xee\xb0?\
+\xe9)\xab\x80\xfdG\xf9HO\x17e\xe6\x86\xc0U\
\xb8\xc8\x8f4\x1f\xdf\x01\x96\x0e;\xbfh\xa8[\x00\x99\
\xb9)p>\x0e\xfe\xd2|-\x02\xbe\x9c\x99\xb5?\xe6\
\xf6\x11\x1c\xfc\xa5\xf9\xfa7\xc0\x87\x86\xfd\xa1\xa1\xae\x00\
d\xe6\xb9\xc01\xc3\xbe\x89\xa4\x19\x9d\x1f\x11U\xae\x9f\
\x91\x99\x87\x00\x972\xc6=I\xa4\x8a\xac\x01\x0e\x1d\xe6\
\xc9\x80\x81\x0b@oK\xdf\xd3\xe7\x92J\xd2\xac\xfe}\
DT5\xa7&3\xb7\x07~\x88\x1b\xfbH\xa3\xf4s\
\xe0_\x0f\xba\x95\xf0@\x05\xa07C\xf7\xc7\xc0\xc6\xf3\
\x08&iz\x8f\x01{G\xc4\xad\xa5\x83,\x84\xcc\x0c\
\x9a=\xcf\x97\x94\xce\x22M\xa0+\x81\xd7ED\xf6\xfb\
\xc6A/\xbd\x9d\x86\x83\xbf4.\xcf\xa5\xae\xabk\xc7\
\xe3\xe0/\x8d\xcb\x81\xc0\xb1\x83|c\xdf+\x00\x99y\
$p\xc1|\x13I\xea\xeb\xcd\x11qQ\xe9\x10\xe3\x94\
\x99\xcf\x03n\xc2\x0d~\xa4q\xba\x07\xd8+\x22~1\
\xdb7\xcdz\x05 37\x01>1\xcaT\x92f\xf4\
\xe9\xde\x936\x93\xec?\xe3\xe0/\x8d\xdb\xf3i\x9e\xb0\
\x99U\xbf[\x00\x1f\x06v\x19I\x1cI\xfd\xec\x0c\xfc\
Y\xe9\x10\xe3\xd2[\xb6\xf4\x9d\xa5sH\x95xof\
\xfe\xd6l\xdf0\xe3-\x80\xcc\xdc\x19\xf8\x19\xcd\x9a\xc3\
\x92\x16\xc6*`\xb7\x88\xb8\xb3t\x90Q\xcb\xcc\xef\x01\
\xbf]:\x87T\x91\xeb\x22\xe2wf\xfa\xc7\xd9\xae\x00\
\xfc1\x0e\xfe\xd2B[\x04\xfcQ\xe9\x10\xa3\x96\x99\x07\
\xe3\xe0/-\xb4\xfd3\xf3\xc0\x99\xfeq\xda+\x00\x99\
\xb9\x1dp\x1b\xb0\xc9\xb8RI\x9a\xd1\xa3\xc0\xae\x11\xf1\
\xf3\xd2AF%3\xbf\x03\xbc\xbat\x0e\xa9BWE\
\xc4\xd2\xe9\xfea\xa6+\x00\xef\xc7\xc1_*e\x13\xe0\
}\xa5C\x8cJf\xbe\x0a\x07\x7f\xa9\x94%\x999\xed\
r\xdb\xcf\xba\x02\x90\x99[\x00\xcb\x81-\xc6\x9dJ\xd2\
\x8c\x1e\x02\x16G\xc4\x83\xa5\x83\xccWf~\x138\xb8\
t\x0e\xa9b\xdf\x88\x887\xac\xff\xc5\xe9\xae\x00\xbc\x13\
\x07\x7f\xa9\xb4\xcd\x81?(\x1db\xbe2\xf3\xe58\xf8\
K\xa5\x1d\x9a\x99\xfb\xae\xff\xc5\xe9\x0a\xc0;\x16 \x8c\
\xa4\xfe~\xbft\x80\x11\xf8\xc3\xd2\x01$\x11\xc0\x09\xd3\
}\xf1)\xbd\xb6~\xc3B%\x92\xd4\xd7\xbe\x11\xf1\x8f\
\xa5C\xccEfn\x04\xdc\x05l]:\x8b$\x1e\x00\
v\x88\x88'\xd6~a\xfd+\x00\xc7-l\x1eI}\
t\xf9\x98<\x1c\x07\x7f\xa9-\xb6\x02\x0e]\xf7\x0bO\
]\x01\xc8\xcc\x0d\x81\x154K\x08v\xdd\xad\xc0\x15\xc0\
\xb5\xc0Oh\x1ei|$\x22\x1e+\x9aJc\x91\x99\
\xcf\x056\x05\x16\x03/\x01\x0e\x00\x0e\x02v-\x18k\
TV\x02;G\xc4\x93\xa5\x83\x0c+3/\x02\x8e(\
\x9dc\x04\xd6\x00\xd7\x03\xcbh\xae\x90\xdeLse\xe3\
\xe1\x88\xf8u\xc9`\x1a\xad\xcc|\x0e\xcd\xb9dG`\
/\xe0\x15\xc0R\xe0\x95\x0c\xbey^\x9b}5\x22\xde\
\xba\xf6?\xd6-\x00\x87\x02\xdf(\x12i4~\x0d\x9c\
\x0b|>\x22\xae+\x1dF\xe5e\xe6\xfe\xc0\xbb\x80c\
\x80\xe7\x14\x8e3\x1f\x87D\xc4\xb7J\x87\x18Ffn\
\x0b\xdcI\xb7\xff\x7f_A\xb3K\xe39\x93\xb82\xa3\
\x06\x97\x99;\xd1\x5c\x8d;\x11xA\xe18\xf3\xb1\x0a\
\xd81\x22\x1e\x80g6\x9a.\xcf\xd4\xfd\x22\xf0\xe2\x88\
\xf8w\x0e\xfeZ+\x22\xae\x8b\x88\xdf\x07v\x07\xce+\
\x1cg>\xbaxl\xbe\x91\xee\x0e\xfe\xf7\x03\xef\xa1Y\
\x92\xf9c\x0e\xfe\x8a\x88\x15\x11\xf1Q`7\x9a\x12\xf0\
@\xe1Hs\xb5\x88\xe6\xd6\x1c\xf0\xcc\x020\xedJA\
-\xb7\x1288\x22\x8e\x8d\x88;J\x87Q;E\xc4\
\xf2\x888\x9a\xe6\xfeW\x17W\xd7\xeb\xe2\xb1\xd9\xc5\xcc\
\xd0\x14\xc5=#\xe2s\xebN\x96\x92\x00\x22bUD\
\xfc\x0f`O\xe0\xfc\xd2y\xe6\xe8\xa9c3\xe0\xa9\xa5\
\x7fW2\xcb\xe6@-\xf4}\xe0M\x11\xb1\xb2t\x10\
uGf\xee\x08\x5c\x0c\xecW:\xcb\x10\xd6\x00\xcf\x8f\
\x88\xfbJ\x07\x19Df\x06\xcd\xe5\xff\x1dJg\x19\xc2\
\x93\xc0\xc9\x11\xf1\xb9\xd2A\xd4\x1d\x99y\x22p\x1a\xb0\
a\xe9,CX\x11\x11;\xc3\xd3W\x00^K\xb7\x06\
\xff+\x81\x03\x1d\xfc5\xac\x88\xb8\x0bXB3\xa1\xab\
+\xa6h\x8e\xd1\xae\xd8\x8bn\x0d\xfe\x8f\x01ov\xf0\
\xd7\xb0\x22\xe2t\xe0-4\x9f\xa1\xae\xd8)3\xf7\x80\
\xa7\x0b@\x97.\xd7]O\xf3\x9b\xff#\xa5\x83\xa8\x9b\
\x22\xe2a\x9a\xfb`\xdf-\x9de\x08KJ\x07\x18B\
\x97\xce'\xab\x81c#\xe2\xeb\xa5\x83\xa8\x9b\x22\xe2\x12\
\xe0m4W\x91\xbab)<]\x00f\xdc/\xb8e\
V\x02G\xf4N\xe0\xd2\x9cE\xc4\xa3\xc0\x91tgN\
\xc0\xb4\x9by\xb4T\x97\xca\xcaI\x11qa\xe9\x10\xea\
\xb6^\x81<\xb5t\x8e!,\x05\x88\xcc\xdc\x00x\x84\
fv`\xdb\x1d\x1c\x11\x97\x97\x0e\xa1\xc9\x91\x99\xaf\x07\
.-\x9dc\x00\x8f\x01\x9bF\xc4\x9a\xd2A\xfa\xc9\xcc\
;\x80\x9dK\xe7\x18\xc0y\xbd\xc9\xa1\xd2Hd\xe6\x05\
4\xbfX\xb4\xdd\xf2\x88X\x1c\x99\xb9\x1b\xf0\xb3\xd2i\
\x06\xf0\xc5\x888\xb6t\x08M\x9e\xcc<\x1f\xf8\xbd\xd2\
9\x06\xb0kD\xdc^:\xc4l2s+\x9a\xc7\xe8\
\xda\xee\x01\x9a\xd9\xfe\x9d\x98X\xa9n\xc8\xcc\xadi\x16\
\x8aj\xfb\x0a\x98\x09l5E\xf38C\xdb\xfd\x1a\xf8\
\x93\xd2!4\xb1>H7\xee\xdf\xedU:\xc0\x00^\
V:\xc0\x80\xfe\xcc\xc1_\xa3\x16\x11\xf7\x03\x7fY:\
\xc7\x00\x02\xd8\xbb+\x05\xe0\x5c\x9f\xf3\xd7\xb8D\xc4\xad\
\xc0\x97J\xe7\x18@\x17\x8e\xd5\xddK\x07\x18\xc0\x0a\xe0\
\xac\xd2!4\xb1>O\xb3Tt\xdb\xed\xde\x95\x02p\
F\xe9\x00\x9ax]\xf8\x8cu\xe1X\xed\xc2\xfe\x0b\xa7\
\xbb\xc8\x8f\xc6%\x22V\xd1,!\xddv\xbbN\xd1l\
\xa0\xd2f\xb7\x02\xdf+\x1dB\x13\xefZ`y\xe9\x10\
},.\x1d`\x00\x8bK\x07\xe8c5pN\xe9\x10\
\x9ax_\xa0Y\xc0\xab\xcdv\x9d\x02\xb6)\x9d\xa2\x8f\
+\x22\x22K\x87\xd0d\xeb}\xc6\xae(\x9d\xa3\x8f\xb6\
\x1f\xab\xd0\xfe\x05\x80\xfe\x8fk\xfbk\xdcz\xb7\xac\xff\
\xa1t\x8e>v\x98\xa2\xfd\xb3\x15\xaf-\x1d@\xd5\xb8\
\xa6t\x80>\xda~\xacB\xfb3vi\x05Hu\xdb\
U\xa5\x03\xf4\xb1\xf5\x14\xb0E\xe9\x14}\xfc\xa4t\x00\
U\xa3\xed\x9f\xb5\xb6\x1f\xab\xd0\xfe\x02pC\xe9\x00\xaa\
F\xdb\xaf\x00l=\x05lT:E\x1fm\xbf/\xab\
\xc9q{\xe9\x00}ta\xb1\xaeMK\x07\xe8\xe3\xe6\
\xd2\x01T\x8d\xb6\x7f\xd66\x9d\xa2\xfd'\x95\x87J\x07\
P5\xda\xfeYk\xfb\xb1\x0a\xed\xff\x85\xe2\xee\xd2\x01\
T\x8d\xb6\x7f\xd6\x16Ef\xb6z\x82]Dti\x97\
Bu\x9c\xc7\xc3\xfcd\xe6\x93\xc0\x06\xa5s\xccb\x91\
\x8f\x00j!d\xe6\x22\xe0\xf1\xd29f\xb1z\xaa\xff\
\xf7H\xd2\xc0\xda<\xf8\xe3\xe0\xaf\x85\xd2[\x0f\xa0\xcd\
6\xb0\x00H\x92T!\x0b\x80$I\x15\xb2\x00H\x92\
T!\x0b\x80$I\x15\xb2\x00H\x92T!\x0b\x80$\
I\x15\xb2\x00H\x92T!\x0b\x80$I\x15\xb2\x00H\
\x92T!\x0b\x80$I\x15\xb2\x00H\x92T!\x0b\x80\
$I\x15\xb2\x00H\x92T!\x0b\x80$I\x15\xb2\x00\
H\x92T!\x0b\x80$I\x15\xb2\x00H\x92T!\x0b\
\x80$I\x15\xb2\x00H\x92T!\x0b\x80$I\x15\xb2\
\x00H\x92T!\x0b\x80$I\x15\xb2\x00H\x92T!\
\x0b\x80$I\x15\xb2\x00H\x92T!\x0b\x80$I\x15\
\xb2\x00H\x92T!\x0b\x80$I\x15\xb2\x00H\x92T\
!\x0b\x80$I\x15\xb2\x00H\x92T!\x0b\x80$I\
\x15\xb2\x00H\x92T!\x0b\x80$I\x15\xb2\x00H\x92\
T!\x0b\x80$I\x15\xb2\x00H\x92T!\x0b\x80$\
I\x15\xb2\x00H\x92T!\x0b\x80$I\x15\xb2\x00H\
\x92T!\x0b\x80$I\x15\xb2\x00H\x92T!\x0b\x80\
$I\x15\xb2\x00H\x92T!\x0b\x80$I\x15\xb2\x00\
H\x92T!\x0b\x80$I\x15\xb2\x00H\x92T!\x0b\
\x80$I\x15\xb2\x00H\x92T!\x0b\x80$I\x15\xb2\
\x00H\x92T!\x0b\x80$I\x15\xb2\x00H\x92T!\
\x0b\x80$I\x15\xb2\x00H\x92T!\x0b\x80$I\x15\
\xb2\x00H\x92T!\x0b\x80$I\x15\xb2\x00H\x92T\
!\x0b\x80$I\x15\xb2\x00H\x92T!\x0b\x80$I\
\x15\xb2\x00H\x92T!\x0b\x80$I\x15\xb2\x00H\x92\
T!\x0b\x80$I\x15\xb2\x00H\x92T!\x0b\x80$\
I\x15\xb2\x00H\x92T!\x0b\x80$I\x15\xb2\x00H\
\x92T!\x0b\x80$I\x15\xb2\x00H\x92T!\x0b\x80\
$I\x15\xb2\x00H\x92T!\x0b\x80$I\x15\xb2\x00\
H\x92T!\x0b\x80$I\x15\xb2\x00H\x92T!\x0b\
\x80$I\x15\xb2\x00H\x92T!\x0b\x80$I\x15\xb2\
\x00H\x92T!\x0b\x80$I\x15\xb2\x00H\x92T!\
\x0b\x80$I\x15\xb2\x00H\x92T!\x0b\x80$I\x15\
\xb2\x00H\x92T!\x0b\x80$I\x15\xb2\x00H\x92T\
!\x0b\x80$I\x15\xb2\x00H\x92T!\x0b\x80$I\
\x15\xb2\x00H\x92T!\x0b\x80$I\x15\xb2\x00H\x92\
T!\x0b\x80$I\x15\xb2\x00H\x92T!\x0b\x80$\
I\x15\xb2\x00H\x92T!\x0b\x80$I\x15\xb2\x00H\
\x92T!\x0b\x80$I\x15\xb2\x00H\x92T!\x0b\x80\
$I\x15\xb2\x00H\x92T!\x0b\x80$I\x15\xb2\x00\
H\x92T!\x0b\x80$I\x15\xb2\x00H\x92T!\x0b\
\x80$I\x15\xb2\x00H\x92T!\x0b\x80\xa4QZ]\
:\xc0l2s\xa3\xd2\x19T\x87\xcc\x5cT:C\x1f\
\xab\xa7\x80'K\xa7\x98Mfn\x5c:\x83\xea\x90\x99\
\x9b\x94\xce\xd0\xc7\xafK\x07\x18\xc0\x13\xa5\x03\xf4\xb1i\
\xe9\x00\xaa\xc6f\xa5\x03\xf4\xb1j\x0aXU:E\x1f\
\x9b\x97\x0e\xa0j\xb4\xfe\x80-\x1d`\x00m/\x00;\
\x94\x0e\xa0j\xb4\xfd\xb3\xb6j\x8a\xf6\x1f\xb0\xbb\x94\x0e\
\xa0j,.\x1d\xa0\x8f.\x14\x80\x87K\x07\xe8c\xcf\
\xd2\x01T\x8d\xb6\x7f\xd6\x1e\x9e\x02~Y:E\x1f/\
)\x1d@\xd5h\xfbg\xad\xed\xc7*\xc0\xfd\xa5\x03\xf4\
\xb1_\xe9\x00\xaaF\xdb?k\xf7O\x01\xf7\x95N\xd1\
\xc7\x01\xa5\x03\xa8\x1a\xaf.\x1d\xa0\x8f\xb6\x1f\xab\xd0\xfe\
\x8cKK\x07P5\x0e,\x1d\xa0\x8f\xfb\xa6h\x7fc\
?(3\xa3t\x08M\xb6\xdeg\xec\xa0\xd29\xfah\
\xfb\xb1\x0a\xb0\xb2t\x80>^\x99\x99;\x95\x0e\xa1\xc9\
\x96\x99/\x04^^:G\x1f+\xa7\x80\xdbJ\xa7\xe8\
cW\xe0U\xa5Ch\xe2\x1d\x00\xbc\xb0t\x88>\xda\
~\xacB\xfb3N\x01\xc7\x95\x0e\xa1\x89w\x1c\xed\x7f\
\xcc\xfe\xb6)\xe0\xe6\xd2)\x06\xf0\xae\xd2\x014\xf1\xba\
\xf0\x19\xeb\xc2\xb1z{\xe9\x00\x038\xb1\x03\xcfh\xab\
\xa3z\x8f\xae\x9fX:\xc7\x00:S\x00\x8e\xc9\xcc\xc5\
\xa5Ch2e\xe6n\xc0Q\xa5s\x0c\xa0\x0b\xc7\xea\
-\xa5\x03\x0c\xe0\x05\xc0\x09\xa5Chb\xbd\x8b\xf6?\
\x02\x08pKd\xe6\x8b\x80\x7f.\x9dd\x00\xe7E\xc4\
\xd1\xa5Ch\xf2d\xe6W\x80\xb7\x94\xce1\x80\xc5\x11\
\xb1\xbct\x88\xd9d\xe6\x96\xc0\x03@\xdb\xe7\xed<\x00\
\xec\x15\x11\xf7\x96\x0e\xa2\xc9\x91\x99\xdb\x017\x01\xcf+\
\x9d\xa5\x8f\x04\xb6\x9c\x02\x96\x03\x8f\x17\x0e3\x88\xa32\
\xf3\xd0\xd2!4Y2\xf3p\xba1\xf8?\x06\xfcK\
\xe9\x10\xfdD\xc4/\x80\x15\xa5s\x0c`+\xe0\xb3\xa5\
Ch\xe2\xfc5\xed\x1f\xfc\x01\x96G\xc4CS\x11\xb1\
\x1a\xf8i\xe94\x03\xfa_\x99\xb9c\xe9\x10\x9a\x0c\xbd\
\xd9\xe0g\x95\xce1\xa0[\x22bM\xe9\x10\x03\xfa~\
\xe9\x00\x03z[fv\xe1^\xad: 3\xdfG7\
~\x99\x00\xb8\x1e\x9e\x9e\xa5xm\xc1 \xc3\xd8\x0e\xb8\
83\xdb\xbed\xabZ\xae\xf7\x19\xba\x18\xd8\xa6t\x96\
\x01]S:\xc0\x10\xae.\x1d`\x08\x9f\xca\xcc\xae\x9c\
\xb4\xd5R\xbd+\x89\x9f(\x9dc\x08\xcb\xe0\xe9\x02\xb0\
\xac`\x90a\xedGS\x02\xdc\xd4Cs\x92\x99\x9b\x03\
_\xa3\xfd\xcf\xe9\xae\xeb\xaa\xd2\x01\x86pe\xe9\x00C\
\xd8\x00\xf8B\xef\x04.\x0d-3\x8f\x00\xce\x076,\
\x9de\x08\xcb\xa07Q'3\xb7\x05\xee\xa1\xfd\x13w\
\xd6\xf5\x0f\xc0\x11\x11qW\xe9 \xea\x8e\xdee\xff\x8b\
\xe9\xd6\xe0\xbf\x06\xd8.\x22\xba\xb0\x10\x10\x00\x99y'\
\xd0\xa5\xdbuO\x02\xa7F\x84\xf3\x024\xb0\xdee\xff\
O\xd2\x14\xc9\xae\xf8\x97\x88x!\xf4\xae\x00\xf4f\xc2\
\xfe\xb8h\xa4\xe1\xed\x07\xfc(3__:\x88\xba\xa1\
\xf7[\xde\x0f\xe9\xd6\xe0\x0fpc\x97\x06\xff\x9e.]\
\xb1\x80\xe6\xb7\xb7\xcfd\xe6\x05\xbd\x99\xdc\xd2\x8c2\xf3\
\xf9\xbd\xa7\x87N\xa3[\x83?\xacsl\xae\xbbRQ\
\x97n\x03\xac\xb5-pif\x9e\x9f\x99\xbb\x96\x0e\xa3\
v\xca\xcc\xddz\x07\xeb\xd7\xe8\xce=\xffuu\xf1\xd8\
\xecbf\x80#\x81\x9b2\xf3$\x17\x0b\xd2\xfa2s\
\xe3\xcc<\x85\xe6Q\xbf\xae\xce\x1dy\xea\x16\xddS\x97\
\xfc3\xf3\x10\xe0\xb2\x22qF\xe3I\xe0K\xc0\x19\xc0\
\xb5\x11\x91\x85\xf3\xa8\xa0\xde\xda\xfe\x07\xd0,\xcaq\x14\
\xdd\xba?\xb7\xbe\x83#\xe2\xf2\xd2!\x86\x91\x99\xdb\x00\
w\x02\x1b\x95\xce2\x0fw\x01\xa7\x03\xe7DD\xeb\x1f\
\xc1\xd4\xf8\xf4\xd6\xf6?\x8ef\x85\xbf.,\xf23\x93\
U\xc0\x0e\x11\xf1 <\xb3\x00lH\xf3\x9c\xf1\xf6\x85\
\x82\x8d\xd2r\xe0\x0a\x9a\x99\xd3?\xa1Y\x9f\xfc\xe1\x88\
x\xb4h*\x8dEfn\x02lJ\xb3o\xc4o\xd2\
\x0c\xfc\x07\xd1\xfe\xb5\xfd\x07q7\xb0s\xefq\xddN\
\xc9\xcc\x0b\x817\x95\xce1\x02kh\xe6\x1c-\x03n\
\xa0Y\x91\xf1N\x9as\xca\x13%\x83i\xb42s#\
\x9as\xc9N\xc0\x1e4\xb7\x9a\x97\x02\xaf\xa0\xfdk\xfb\
\x0f\xe2+\x11q\xe4\xda\xffx\xc6\xa4\xbf\xcc\xfc$\xf0\
\xfe\x05\x8f$i&\x9f\x88\x88?.\x1db.z\x8f\
\xd7}\xa5t\x0eIO9\x22\x22\xbe\xb6\xf6?\xd6/\
\x00\xfb\xd2L\x92\x92\xd4\x0e\xff*\x22n,\x1db.\
z\xbfM\xdd\x05l]:\x8b$\xee\x07v\x5c\xf7\xaa\
\xd53.iD\xc4\x8f\x80N\x9el\xa4\x09\xf4\xa3\xae\
\x0e\xfe\x00\xbd\x13\xcd\xf9\xa5sH\x02\xe0K\xeb\xdf\xb2\
\x9a\xee\x9e\xc6\xd9\x0b\x14F\xd2\xec\xce)\x1d`\x04\xfe\
\xb6t\x00I$p\xe6\xfa_|\xd6\xc2?\x99\xb9\x05\
\xcd\x9e\xde[\x8e?\x93\xa4\x19<\x04\xec\xd2\xdb\x5c\xa7\
\xd32\xf32\xe0\x90\xd29\xa4\x8a]\x1a\x11\x87\xad\xff\
\xc5g]\x01\x88\x88_\xd2\xech$\xa9\x9cOO\xc2\
\xe0\xdf\xf3\x9fJ\x07\x90*\xf7\xd1\xe9\xbe8\xed\xd2\xbf\
\x99\xb95\xcdU\x00\xd7\xdb\x97\x16\xde#\xc0\xae\x93\xb4\
W}f^\x0d\xbc\xa6t\x0e\xa9B\xcb\x22\xe2\xc0\xe9\
\xfea\xda\xe7\x1a{\xcb\x8ez\xefN*\xe3s\x934\
\xf8\xf7\xfcU\xe9\x00R\xa5f<\xf6f\xdc\xfc'3\
_\x00\xfc3\xe0r\x98\xd2\xc2y\x1cxQD\xdc]\
:\xc8\xa8e\xe6u\xc0\xabJ\xe7\x90*rMD\xbc\
z\xa6\x7f\x9cqe\xa3\x88\xb8\x93f\xa3\x03I\x0b\xe7\
\x93\x938\xf8\xf7\x9c\x0ctnEC\xa9\xa3V\x03\xa7\
\xcc\xf6\x0d\xb3n\xff\xdb[b\xf5\xff\x02\x8bG\x97I\
\xd2\x0c\xee\x00~3\x22\x1e)\x1dd\x5c2\xf3\xb34\
\xeb\xa9K\x1a\xafOE\xc4\x7f\x98\xed\x1bf-\x00\x00\
\x99\xf9f\xe0\xab#\x8b$i&o\x8c\x88KJ\x87\
\x18\xa7\xcc\xdc\x9cf'\xb5.o\xa8\x22\xb5\xdd=\xc0\
^\xfd\x9e$\xea\xbb\xb9AD\x5c\x08|}T\xa9$\
M\xeb\xb2I\x1f\xfc\x01\x22\xe2!\xe0\x83\xa5sH\x13\
\xee\xfd\x83<F\xdc\xf7\x0a\x00@f\xbe\x08\xf8'\xe0\
\xb9\xf3M%\xe9Y\x1e\x05^\x1a\x11\xb7\x97\x0e\xb2\x10\
z[5\x7f\x1b\x98\xf6\xd1$I\xf3\xf2m\x9a-\xc4\
\xb3\xdf7\x0e\xb4\xbdaD\xdc\x0a\x9c:\xdfT\x92\xa6\
uJ-\x83?@\xef\xc4t,\xb0\xb2t\x16i\xc2\
\xfc\x1c8~\x90\xc1\x1f\x86\xd8\xdf8\x22\xfe\x06\xf8\xc2\
\x5cSI\x9a\xd6\x97#\xe2YktO\xba\x88\xb8\x07\
8\x06\x9f\x0a\x90Fe\x0d\xf0o\x87y\x8ah\xe0\x02\
\xd0\xf3\x1e\x9a\x09<\x92\xe6\xef\xa7\xc0\xbbJ\x87(%\
\x22\xae\x02>V:\x874!>\x12\x11\xdf\x1e\xe6\x07\
\x06\x9a\x03\xb0\xae\xcc|\x19\xf0}\x9c\x0f \xcd\xc7\xe3\
\xc0\xfe\x11\xf1\xc3\xd2AJ\xca\xcc)\x9a{\x96KK\
g\x91:\xec\x7f\x03\x07F\xc4PW\xd4\x86\xbd\x02@\
D\xfc\x188i\xd8\x9f\x93\xf4\x94\x04\xde]\xfb\xe0\x0f\
\x10\x11kh\xe6\x03\xdcZ:\x8b\xd4Q?\x03\xde6\
\xec\xe0\x0fs(\x00\x00\x11q\x16\xf0\x17s\xf9YI\
\xfcyD\xfc]\xe9\x10m\x11\x11+\x81\xdf\xc5I\x81\
\xd2\xb0\xee\x05\xde\x10\x11?\x9f\xcb\x0f\x0f}\x0b`]\
\x99y\x1a\xf0\xbe\xf9\xbc\x86T\x99\xbf\x8e\x88\xf7\x96\x0e\
\xd1F\x99\xb9\x0f\xcd\xa5\xcc-Kg\x91:\xe0!`\
ID\xfc`\xae/0\xdf\x020\x05|\x09x\xdb|\
^G\xaa\xc4\x97\x81cz\x97\xbd5\x8d\xcc|-\xf0\
M\xdc\x84L\x9a\xcd\x13\xc0a\xc3N\xfa[\xdf\x9cn\
\x01\xac\xd5;\x91\xbd\x03\xb8|>\xaf#U\xe0[\xc0\
;\x1c\xfcg\x17\x11W\x03G\x03\xab\x0aG\x91\xdaj\
\x15\xf0\xf6\xf9\x0e\xfe0\xcf\x02\x00\x10\x11\xab\x80\xc3i\
~\xbb\x91\xf4l\x17\x02o\x8a\x88'J\x07\xe9\x82\xde\
\xf2\xe3\x87\xd0\x5c\xe2\x94\xf4\xb4\x87i\xf6\x0c\xb9h\x14\
/6\xef\x02\x00\xd0;\xb1\x1d\x0d\xfc\xb7Q\xbc\x9e4\
AN\x07\x8e\x8c\x88\xc7K\x07\xe9\x92\xde\x95\x80\x03\x80\
\xbb\x0aG\x91\xda\xe2\x1e\xe05\x111\xb2+\xee#)\
\x00\xd0,\xef\x19\x11\x7f\x84\x1b}H\xd0<\xea\xf7\xe1\
\x888\xc9\xcb\xfes\xd3{\xe4\xf8\x00\x9a\x05\x93\xa4\x9a\
\xdd\x06\xbcz>\x13\xfe\xa63\xafI\x803\xc9\xcc?\
\xa0\xf9\xcdg\xe3q\xbc\xbe\xd4r\x8f\x01\xef\xf1Q\xbf\
\xd1\xc8\xcc\xed\x81\xf3\x80\xd7\x94\xce\x22\x15p\x15p\xd4\
\x5c\x1f\xf5\x9b\xcd\xc8\xae\x00\xac\xab\xb7N\xc0~\xc0\xff\
\x1b\xc7\xebK-v\x0b\xf0*\x07\xff\xd1\xe9\xad\x13p\
 \xf0a\xdc;@\xf5H\xe0\xe3\xc0\xeb\xc61\xf8\xc3\
\x98\xae\x00\xac\x95\x99\x9b\x01\x9f\xa3\xd9\xf4C\x9at_\
\x01N\x88\x88_\x96\x0e2\xa92s\x09p.\xb0C\
\xe9,\xd2\x18\xdd\x0b\x1c\x17\x11\xdf\x1a\xe7\x9b\x8c\xe5\x0a\
\xc0Z\x11\xf1\xab\x888\x16x7\xcdeQi\x12=\
\x0a\xbc3\x22\x8et\xf0\x1f\xaf\xde\x06B\xaf\x00\xae(\
\x9dE\x1a\x93o\x03\xfb\x8c{\xf0\x871\x17\x80\xb5z\
[\x09\xef\x0d\x5c\xba\x10\xef'-\xa0\xaf\x03{G\xc4\
\xdf\x96\x0eR\x8b\x88\xb8;\x22^\x07\xbc\x11XQ:\
\x8f4\x22+\x81\xe3\x81\x83{\xb7\xbd\xc6nA\x0a\x00\
@D\xdc\x1a\x11\x87\xd1\x1c\xb4\xb7/\xd4\xfbJc\xb2\
\x028>\x22\x0e\x8f\x88\xdbJ\x87\xa9QD\x5cB\xf3\
\x8b\xc5\xa7qn\x80\xbak\x0dp\x06\xb0WD\x9c\x1d\
\x11\xb9Po<\xd69\x003\xc9\xcc\xdf\x00\xfe\x1c8\
\x15\x97\xfcT\xb7<N\xb3\xde\xc5_E\xc4\xa3\xa5\xc3\
\xa8\x91\x99/\x07>\x03\xec_:\x8b4\x84k\x80\x93\
#\xe2G%\xde\xbcH\x01X+3\xb7\x03\xde\x0f\x9c\
\x0clR2\x8b\xd4\xc7#\xc0\x99\xc0\x7f\x89\x88;K\
\x87\xd1\xf42\xf3\x00\xe0\x03\xc0a\xa5\xb3H\xb3\xb8\x16\
\xf8x\xef*V1E\x0b\xc0Z\x99\xb9\x0dp\x12\xcd\
\xce\x82\xee\x04\xa66\xf9\x15\xf0?\x81\x8f.\xd4}9\
\xcd_f\xee\x0f\xfc\x09\xf0\x06Zr\x9e\x93h&\xaf\
\xfeED|\xb7t\x10h\xd9\x81\x91\x99[\x02'\xd0\
l0\xb4O\xe18\xaa\xdb?\x02g\x03g:\xb3\xbf\
\xbb2s_\x9as\xca\xd1\xc0\xd6\x85\xe3\xa8N\xf7\xd1\
,duf\xa9K\xfd3iU\x01XWf\xbe\x14\
8\x8efV\xe4\xf6\x85\xe3\xa8\x0ew\x03\x17\x00gG\
\xc4\x0d\xa5\xc3ht2s\x03`\x09\xcd/\x17o\xc5\
[\x8e\x1a\xafU4\x8f\xf3\x9d\x0d\x5c\xdc\xd6\x8d\xc0Z\
[\x00\xd6\xea\x1d\xb8\x07\x01\x07\x03K\x81\x97\xb1\x80O\
/h\xa2\xad\x01n\x04\x96\xd1l\xd7{eD8\x9b\
|\xc2e\xe6V4;\x98.\xed\xfd\xd9\xa9l\x22M\
\x88\x154\xe7\x92+\x81K\x22\xe2\xc1\xc2y\xfaj}\
\x01X_o\xbe\xc0ki\x0e\xdc\xfd\x81=q\xcf\x01\
\x0d\xe6q\xe0&\xe0:\x9a\x03\xf5\xea\x88\xb8\xbfl$\
\x95\x96\x99{\xf0t\x19x%\xb0\xb8h u\xc5\xed\
\xc0\xf54\xe7\x92e\x11\xd1\xb9M\xab:W\x00\xd6\x97\
\x99S\xc0.\xc0\x1e\xc0^4\x85`1\xcd\xfd\xbem\
\x80\xe7\xd1\xfc\xeftr\xe1d{p\x9d\xbf\xef\xeb\xfd\
YN3\xe0\xdf\xdc\xfbs\x87;\xf3\xa9\x9f\xcc\xdc\x82\
\xe6J\xe3\xee\xc0\xae4\xe7\x93\x1di\xce'[\x03\xbf\
\x01l\x08lV(\xa2\xc6\xebW\xc0\x93\xc0\xc3\xc0\xfd\
\xbd?w\xd1\x0c\xf8\xb7\xd1\xec\xf7\xf1O\xce\x0d\x92$\
I\x92$I\x92$I\x92$I\x92$I\x92$I\
\x92$I\x92$I\x92$I\x92$I\x92$I\x92\
$I\x92$I\x92$I\x92$I\x92$I\x92$\
I\x92$I\x92$I\x92$I\x92$I\x92$I\
\x92$I\x92$I\x92$I\x92$I\x92$I\x92\
$I\x92$I\x92$I\x92$I\x92$I\x92$\
I\x92$I\x92$I\x92$I\x92$I\x92$I\
\x92$I\x92$-\xb4(\x1d`\xbe2s\x03`1\
\xb0\x07\xb0\x17\xb0'\xb0\x0b\xb0\x0d\xb0-\xb09\xb0A\
\xefoM\xae\x87\x80\xd5\xbd\xbf\xef\x05\xee\x03n\x07n\
\x01n\x02n\x06\x96G\xc4\xeaR\x01\xd5\x0d\x99\xf9<\
`\x1f`w`W\x9a\xf3\xcb\x0e\xc0\xd6\xbd?\x9b\x00\
\x8bz\x7fk\xf2<\x0a\xac\xea\xfd}\x7f\xef\xcf]4\
\xe7\x93\xdb\x81\x9f\x027F\xc4\x83\x85\xf2\x8dL\xe7\x0a\
@fn\x0b,\x01\x96\x02\xfb\xd3\x0c\xfc\x8b\x8a\x86R\
W\xac\xa2)\x02\xd7\x01\xcb\x80\xab#\xe2\xde\xb2\x91T\
Zf\xbe\x84\xe6|\xb2\x04\xf8-`\xe7\xb2\x89\xd4\x11\
w\x00\xd7\x03W\x01\xcb\x22\xe2\xa6\xc2y\x86\xd6\xfa\x02\
\x90\x99\x1b\x02\xaf\x03\x0e\xa69H\xf7\xa6\x03\xb9\xd5\x09\
\x09\xfc\x98\xa6\x0c|\x13\xb82\x22\x9e,\x1bI\xe3\x96\
\x99\xdb\x00G\xf0\xf4\xa0\xbfC\xd9D\x9a\x10w\xd3\x9c\
K\x96\x01\x17G\xc4\xfd\x85\xf3\xf4\xd5\xda\x8143_\
\x0a\x1c\x07\x1c\x0fl_8\x8e\xea\xf0\x00\xf0\xf7\xc09\
\x11qM\xe90\x1a\x9d\xcc\x5c\x04\xfc.\xcd9\xe5\x08\
`\xa3\xb2\x894\xe1V\xd3\x5c\x198\x07\xb8 \x22\x1e\
+\x9cgZ\xad*\x00\xbd{o'\xd0\x0c\xfa{\x17\
\x8e\xa3\xba\xdd\x08\x9c\x0d\x9c\x19\x11\xbf(\x1dFs\x93\
\x99/\x07\xfe\x10x;\xb0U\xe18\xaa\xd3\x03\xc0y\
4\xe7\x92\x1f\x94\x0e\xb3\xaeV\x14\x80\xde}\xfd\x13\x81\
\xf7\x01[\x16\x8e#\xad\xeba\xe0,\xe0c\x11qw\
\xe90\x1aLf\x1e\x00|\x00x\x03-9\xcfI\xc0\
\xb5\xc0\x87\x22\xe2\xca\xd2A\xa0\xf0\x81\x91\x99\xcf\x07N\
\x05N\xc6\x19\xb5j\xb7U\xc0\xdf\x01\x1f\x89\x88\x15\xa5\
\xc3hz\xeb\x0c\xfc\x87\x95\xce\x22\xcd\xe2Z\xe0\xe3\x11\
qI\xc9\x10E\x0a@fn\x0a|\x088\x05\xef\xc5\
\xa9[V\x01\xa7\xd1\x14\x81GJ\x87Q#3_\x09\
|\x06\xf8\xed\xd2Y\xa4!|\x1789\x22n(\xf1\
\xe6\x0b^\x002\xf3p\x9a\x03u\x97\x85~oi\x84\
\xee\x04\xfe4\x22\xce.\x1d\xa4f\x99\xb9%\xf0a\x9a\
[\x88\x1b\x14\x8e#\xcd\xc5\x1a\xe0\x5c\xe0\xd4\x85~r\
`\xc1\x0a@f\xee\x06|\x1ax\xfdB\xbd\xa7\xb4\x00\
\xae\x04N\xea\xe23\xc0]\x96\x99A3\xa3\xff\xbf\x02\
\xdb\x15\x8e#\x8d\xc2\xfd\xc0\x9f\x02\x9f\x8f\x88\x5c\x887\
\x5c\x90\x02\x90\x99\xef\x05>\x09l\xbc\x10\xef'-\xb0\
\xc7h\xda\xfb\xdf\x94\x0eR\x83\xcc|\x01\xcd\xe3UK\
Jg\x91\xc6\xe0J\xe0\x1d\x11q\xd7\xb8\xdfh\xac\x05\
 37\x03\xce\x00\x8e\x1a\xe7\xfbH-\xf1U\xe0\x04\
\x1f\x1b\x1c\x9f\xcc<\x10\xf8\x02\xae\x0d\xa2\xc9v/M\
\x09\xf8\xe68\xdfdj\x5c/\xdc{\xfe\xf6\x078\xf8\
\xab\x1eo\x01\xae\xcf\xcc}K\x07\x994\x99\xb9af\
\xfe%p9\x0e\xfe\x9a|\xdb\x02\xdf\xc8\xccOe\xe6\
s\xc6\xf5&c\xb9\x02\x90\x99\xef\xa4\x99\xe8\xe7\x1a\xfd\
\xaa\xd1\xe3\xc0\x89\x11qV\xe9 \x93 3w\x04\xbe\
\x0c\x1cP:\x8bT\xc0w\x80\xb7G\xc4\xcaQ\xbf\xf0\
\xc8\x0b@f~\x00\xf8\xd8\xa8_W\xea\xa0\x8fG\xc4\
\x07K\x87\xe8\xb2\xcc|\x11\xf0-\xe0\xc5\xa5\xb3H\x05\
\xdd\x0e\x1c\x1c\x11\xb7\x8c\xf2EGV\x00z\xdb\xf2~\
\x06x\xcf\xa8^S\x9a\x00\xa7\x03\xa7D\xc4\x9a\xd2A\
\xba&3_\x01|\x03g\xf9K\x00\xf7\x00\xaf\x1f\xe5\
r\xc2#)\x00\x99\xb9\x11\xcd\xba\xe9o\x1f\xc5\xebI\
\x13\xe6B\xe0\x98\x88x\xbct\x90\xae\xc8\xcc%\xc0E\
\xc0\xe6\xa5\xb3H-\xf20\xf0\xd6\x88\xb8|\x14/6\
\xef\x02\xd0\xdbe\xeb\x12\x9a-{%M\xefr\xe0\x8d\
\x11\xb1\xaat\x90\xb6\xcb\xcc\xb7\x00_\xc49D\xd2t\
V\x01GG\xc4\x85\xf3}\xa1y\x15\x80\xcc\x9c\xa2\xd9\
\xe5\xe8\xf7\xe6\x1bD\xaa\xc0E\xc0\x91\x11\xb1\xbat\x90\
\xb6\xea\xfd\xe6\x7f\x19\x0e\xfe\xd2l\x9e\x00\x0e\x9f\xef\x95\
\x80\xf9>\x06\xf8\xdfq\xf0\x97\x06\xf5&\xe0\xb3\xa5C\
\xb4Uf\xee\x07\x5c\x8c\x83\xbf\xd4\xcfF\xc0\xdf\xf7\xe6\
\xc9\xcc\xd9\x9c\x0b@f~\x98f3\x1fI\x83{w\
f\xfe\xc7\xd2!\xda&3_\x0c|\x1d\xd8\xact\x16\
\xa9#6\x03.\xcb\xcc=\xe7\xfa\x02s\xba\x05\xd0{\
\xce\xff\x8c\xb9\xbe\xa9$Np\x9d\x80F\xef9\xffk\
\x81\xc5\x85\xa3H]t+\xf0;sY'`\xe8\x02\
\x90\x99\xfb\x00\xdf\x03\x9e;\xec\xcfJz\xca*`\xff\
Q>\xd2\xd3E\x99\xb9!p\x15.\xf2#\xcd\xc7w\
\x80\xa5\xc3\xce/\x1a\xea\x16@fn\x0a\x9c\x8f\x83\xbf\
4_\x8b\x80/gf\xed\x8f\xb9}\x04\x07\x7fi\xbe\
\xfe\x0d\xf0\xa1a\x7fh\xa8+\x00\x99y.p\xcc\xb0\
o\x22iF\xe7GD\x95\xebgd\xe6!\xc0\xa5\x8c\
qO\x12\xa9\x22k\x80C\x87y2`\xe0\x02\xd0\xdb\
\xd2\xf7\xf4\xb9\xa4\x924\xab\x7f\x1f\x11U\xcd\xa9\xc9\xcc\
\xed\x81\x1f\xe2\xc6>\xd2(\xfd\x1c\xf8\xd7\x83n%<\
P\x01\xe8\xcd\xd0\xfd1\xb0\xf1<\x82I\x9a\xdec\xc0\
\xde\x11qk\xe9 \x0b!3\x83f\xcf\xf3%\xa5\xb3\
H\x13\xe8J\xe0u\x11\x91\xfd\xbeq\xd0Ko\xa7\xe1\
\xe0/\x8d\xcbs\xa9\xeb\xea\xda\xf18\xf8K\xe3r \
p\xec \xdf\xd8\xf7\x0a@f\x1e\x09\x5c0\xdfD\x92\
\xfazsD\x5cT:\xc48e\xe6\xf3\x80\x9bp\x83\
\x1fi\x9c\xee\x01\xf6\x8a\x88_\xcc\xf6M\xb3^\x01\xc8\
\xccM\x80O\x8c2\x95\xa4\x19}\xba\xf7\xa4\xcd$\xfb\
\xcf8\xf8K\xe3\xf6|\x9a'lf\xd5\xef\x16\xc0\x87\
\x81]F\x12GR?;\x03\x7fV:\xc4\xb8\xf4\x96\
-}g\xe9\x1cR%\xde\x9b\x99\xbf5\xdb7\xccx\
\x0b 3w\x06~F\xb3\xe6\xb0\xa4\x85\xb1\x0a\xd8-\
\x22\xee,\x1dd\xd42\xf3{\xc0o\x97\xce!U\xe4\
\xba\x88\xf8\x9d\x99\xfeq\xb6+\x00\x7f\x8c\x83\xbf\xb4\xd0\
\x16\x01\x7fT:\xc4\xa8e\xe6\xc18\xf8K\x0bm\xff\
\xcc<p\xa6\x7f\x9c\xf6\x0a@fn\x07\xdc\x06l2\
\xaeT\x92f\xf4(\xb0kD\xfc\xbct\x90Q\xc9\xcc\
\xef\x00\xaf.\x9dC\xaa\xd0U\x11\xb1t\xba\x7f\x98\xe9\
\x0a\xc0\xfbq\xf0\x97J\xd9\x04x_\xe9\x10\xa3\x92\x99\
\xaf\xc2\xc1_*eIfN\xbb\xdc\xf6\xb3\xae\x00d\
\xe6\x16\xc0r`\x8bq\xa7\x924\xa3\x87\x80\xc5\x11\xf1\
`\xe9 \xf3\x95\x99\xdf\x04\x0e.\x9dC\xaa\xd87\x22\
\xe2\x0d\xeb\x7fq\xba+\x00\xef\xc4\xc1_*ms\xe0\
\x0fJ\x87\x98\xaf\xcc|9\x0e\xfeRi\x87f\xe6\xbe\
\xeb\x7fq\xba\x02\xf0\x8e\x05\x08#\xa9\xbf\xdf/\x1d`\
\x04\xfe\xb0t\x00I\x04p\xc2t_|J\xaf\xad\xdf\
\xb0P\x89$\xf5\xb5oD\xfcc\xe9\x10s\x91\x99\x1b\
\x01w\x01[\x97\xce\x22\x89\x07\x80\x1d\x22\xe2\x89\xb5_\
X\xff\x0a\xc0q\x0b\x9bGR\x1f]>&\x0f\xc7\xc1\
_j\x8b\xad\x80C\xd7\xfd\xc2SW\x002sC`\
\x05\xcd\x12\x82]w+p\x05p-\xf0\x13\x9aG\x1a\
\x1f\x89\x88\xc7\x8a\xa6\xd2Xd\xe6s\x81M\x81\xc5\xc0\
K\x80\x03\x80\x83\x80]\x0b\xc6\x1a\x95\x95\xc0\xce\x11\xf1\
d\xe9 \xc3\xca\xcc\x8b\x80#J\xe7\x18\x815\xc0\xf5\
\xc029N,\x92\x00\x00\x11]IDAT\x9a+\
\xa47\xd3\x5c\xd9x8\x22~]2\x98F+3\x9f\
Cs.\xd9\x11\xd8\x0bx\x05\xb0\x14x%\x83o\x9e\
\xd7f_\x8d\x88\xb7\xae\xfd\x8fu\x0b\xc0\xa1\xc07\x8a\
D\x1a\x8d_\x03\xe7\x02\x9f\x8f\x88\xebJ\x87Qy\x99\
\xb9?\xf0.\xe0\x18\xe09\x85\xe3\xcc\xc7!\x11\xf1\xad\
\xd2!\x86\x91\x99\xdb\x02w\xd2\xed\xff\xdfW\xd0\xec\xd2\
x\xce$\xae\xcc\xa8\xc1e\xe6N4W\xe3N\x04^\
P8\xce|\xac\x02v\x8c\x88\x07\xe0\x99\x8d\xa6\xcb3\
u\xbf\x08\xbc8\x22\xfe\x9d\x83\xbf\xd6\x8a\x88\xeb\x22\xe2\
\xf7\x81\xdd\x81\xf3\x0a\xc7\x99\x8f.\x1e\x9bo\xa4\xbb\x83\
\xff\xfd\xc0{h\x96d\xfe\x98\x83\xbf\x22bED|\
\x14\xd8\x8d\xa6\x04<P8\xd2\x5c-\xa2\xb95\x07<\
\xb3\x00L\xbbRP\xcb\xad\x04\x0e\x8e\x88c#\xe2\x8e\
\xd2a\xd4N\x11\xb1<\x22\x8e\xa6\xb9\xff\xd5\xc5\xd5\xf5\
\xbaxlv134Eq\xcf\x88\xf8\xdc\xba\x93\xa5\
$\x80\x88X\x15\x11\xff\x03\xd8\x138\xbft\x9e9z\
\xea\xd8\x0cxj\xe9\xdf\x95\xcc\xb29P\x0b}\x1fx\
SD\xac,\x1dD\xdd\x91\x99;\x02\x17\x03\xfb\x95\xce\
2\x845\xc0\xf3#\xe2\xbe\xd2A\x06\x91\x99As\xf9\
\x7f\x87\xd2Y\x86\xf0$prD|\xaet\x10uG\
f\x9e\x08\x9c\x06lX:\xcb\x10VD\xc4\xce\xf0\xf4\
\x15\x80\xd7\xd2\xad\xc1\xffJ\xe0@\x07\x7f\x0d+\x22\xee\
\x02\x96\xd0L\xe8\xea\x8a)\x9ac\xb4+\xf6\xa2[\x83\
\xffc\xc0\x9b\x1d\xfc5\xac\x888\x1dx\x0b\xcdg\xa8\
+v\xca\xcc=\xe0\xe9\x02\xd0\xa5\xcbu\xd7\xd3\xfc\xe6\
\xffH\xe9 \xea\xa6\x88x\x98\xe6>\xd8wKg\x19\
\xc2\x92\xd2\x01\x86\xd0\xa5\xf3\xc9j\xe0\xd8\x88\xf8z\xe9\
 \xea\xa6\x88\xb8\x04x\x1b\xcdU\xa4\xaeX\x0aO\x17\
\x80\x19\xf7\x0bn\x99\x95\xc0\x11\xbd\x13\xb84g\x11\xf1\
(p$\xdd\x99\x130\xedf\x1e-\xd5\xa5\xb2rR\
D\x5cX:\x84\xba\xadW O-\x9dc\x08K\x01\
\x2237\x00\x1e\xa1\x99\x1d\xd8v\x07G\xc4\xe5\xa5C\
hrd\xe6\xeb\x81KK\xe7\x18\xc0c\xc0\xa6\x11\xb1\
\xa6t\x90~2\xf3\x0e`\xe7\xd29\x06p^or\
\xa84\x12\x99y\x01\xcd/\x16m\xb7<\x22\x16Gf\
\xee\x06\xfc\xact\x9a\x01|1\x22\x8e-\x1dB\x93'\
3\xcf\x07~\xaft\x8e\x01\xec\x1a\x11\xb7\x97\x0e1\x9b\
\xcc\xdc\x8a\xe61\xba\xb6{\x80f\xb6\x7f'&V\xaa\
\x1b2sk\x9a\x85\xa2\xda\xbe\x02f\x02[M\xd1<\
\xce\xd0v\xbf\x06\xfe\xa4t\x08M\xac\x0f\xd2\x8d\xfbw\
{\x95\x0e0\x80\x97\x95\x0e0\xa0?s\xf0\xd7\xa8E\
\xc4\xfd\xc0_\x96\xce1\x80\x00\xf6\xeeJ\x018\xd7\xe7\
\xfc5.\x11q+\xf0\xa5\xd29\x06\xd0\x85cu\xf7\
\xd2\x01\x06\xb0\x028\xabt\x08M\xac\xcf\xd3,\x15\xdd\
v\xbbw\xa5\x00\x9cQ:\x80&^\x17>c]8\
V\xbb\xb0\xff\xc2\xe9.\xf2\xa3q\x89\x88U4KH\
\xb7\xdd\xaeS4\x1b\xa8\xb4\xd9\xad\xc0\xf7J\x87\xd0\xc4\
\xbb\x16X^:D\x1f\x8bK\x07\x18\xc0\xe2\xd2\x01\xfa\
X\x0d\x9cS:\x84&\xde\x17h\x16\xf0j\xb3]\xa7\
\x80mJ\xa7\xe8\xe3\x8a\x88\xc8\xd2!4\xd9z\x9f\xb1\
+J\xe7\xe8\xa3\xed\xc7*\xb4\x7f\x01\xa0\xff\xe3\xda\xfe\
\x1a\xb7\xde-\xeb\x7f(\x9d\xa3\x8f\x1d\xa6h\xffl\xc5\
kK\x07P5\xae)\x1d\xa0\x8f\xb6\x1f\xab\xd0\xfe\x8c\
]Z\x01R\xddvU\xe9\x00}l=\x05lQ:\
E\x1f?)\x1d@\xd5h\xfbg\xad\xed\xc7*\xb4\xbf\
\x00\xdcP:\x80\xaa\xd1\xf6+\x00[O\x01\x1b\x95N\
\xd1G\xdb\xef\xcbjr\xdc^:@\x1f]X\xack\
\xd3\xd2\x01\xfa\xb8\xb9t\x00U\xa3\xed\x9f\xb5M\xa7h\
\xffI\xe5\xa1\xd2\x01T\x8d\xb6\x7f\xd6\xda~\xacB\xfb\
\x7f\xa1\xb8\xbbt\x00U\xa3\xed\x9f\xb5E\x91\x99\xad\x9e\
`\x17\x11]\xda\xa5P\x1d\xe7\xf10?\x99\xf9$\xb0\
A\xe9\x1c\xb3X\xe4#\x80Z\x08\x99\xb9\x08x\xbct\
\x8eY\xac\x9e\xea\xff=\x924\xb06\x0f\xfe8\xf8k\
\xa1\xf4\xd6\x03h\xb3\x0d,\x00\x92$U\xc8\x02 I\
R\x85,\x00\x92$U\xc8\x02 IR\x85,\x00\x92\
$U\xc8\x02 IR\x85,\x00\x92$U\xc8\x02 \
IR\x85,\x00\x92$U\xc8\x02 IR\x85,\x00\
\x92$U\xc8\x02 IR\x85,\x00\x92$U\xc8\x02\
 IR\x85,\x00\x92$U\xc8\x02 IR\x85,\
\x00\x92$U\xc8\x02 IR\x85,\x00\x92$U\xc8\
\x02 IR\x85,\x00\x92$U\xc8\x02 IR\x85\
,\x00\x92$U\xc8\x02 IR\x85,\x00\x92$U\
\xc8\x02 IR\x85,\x00\x92$U\xc8\x02 IR\
\x85,\x00\x92$U\xc8\x02 IR\x85,\x00\x92$\
U\xc8\x02 IR\x85,\x00\x92$U\xc8\x02 I\
R\x85,\x00\x92$U\xc8\x02 IR\x85,\x00\x92\
$U\xc8\x02 IR\x85,\x00\x92$U\xc8\x02 \
IR\x85,\x00\x92$U\xc8\x02 IR\x85,\x00\
\x92$U\xc8\x02 IR\x85,\x00\x92$U\xc8\x02\
 IR\x85,\x00\x92$U\xc8\x02 IR\x85,\
\x00\x92$U\xc8\x02 IR\x85,\x00\x92$U\xc8\
\x02 IR\x85,\x00\x92$U\xc8\x02 IR\x85\
,\x00\x92$U\xc8\x02 IR\x85,\x00\x92$U\
\xc8\x02 IR\x85,\x00\x92$U\xc8\x02 IR\
\x85,\x00\x92$U\xc8\x02 IR\x85,\x00\x92$\
U\xc8\x02 IR\x85,\x00\x92$U\xc8\x02 I\
R\x85,\x00\x92$U\xc8\x02 IR\x85,\x00\x92\
$U\xc8\x02 IR\x85,\x00\x92$U\xc8\x02 \
IR\x85,\x00\x92$U\xc8\x02 IR\x85,\x00\
\x92$U\xc8\x02 IR\x85,\x00\x92$U\xc8\x02\
 IR\x85,\x00\x92$U\xc8\x02 IR\x85,\
\x00\x92$U\xc8\x02 IR\x85,\x00\x92$U\xc8\
\x02 IR\x85,\x00\x92$U\xc8\x02 IR\x85\
,\x00\x92$U\xc8\x02 IR\x85,\x00\x92$U\
\xc8\x02 IR\x85,\x00\x92$U\xc8\x02 IR\
\x85,\x00\x92$U\xc8\x02 IR\x85,\x00\x92$\
U\xc8\x02 IR\x85,\x00\x92$U\xc8\x02 I\
R\x85,\x00\x92$U\xc8\x02 IR\x85,\x00\x92\
$U\xc8\x02 IR\x85,\x00\x92$U\xc8\x02 \
IR\x85,\x00\x92$U\xc8\x02 IR\x85,\x00\
\x92$U\xc8\x02 IR\x85,\x00\x92$U\xc8\x02\
 IR\x85,\x00\x92$U\xc8\x02 IR\x85,\
\x00\x92$U\xc8\x02 IR\x85,\x00\x92$U\xc8\
\x02 i\x94V\x97\x0e0\x9b\xcc\xdc\xa8t\x06\xd5!\
3\x17\x95\xce\xd0\xc7\xea)\xe0\xc9\xd2)f\x93\x99\x1b\
\x97\xce\xa0:d\xe6&\xa53\xf4\xf1\xeb\xd2\x01\x06\xf0\
D\xe9\x00}lZ:\x80\xaa\xb1Y\xe9\x00}\xac\x9a\
\x02V\x95N\xd1\xc7\xe6\xa5\x03\xa8\x1a\xad?`K\x07\
\x18@\xdb\x0b\xc0\x0e\xa5\x03\xa8\x1am\xff\xac\xad\x9a\xa2\
\xfd\x07\xec.\xa5\x03\xa8\x1a\x8bK\x07\xe8\xa3\x0b\x05\xe0\
\xe1\xd2\x01\xfa\xd8\xb3t\x00U\xa3\xed\x9f\xb5\x87\xa7\x80\
_\x96N\xd1\xc7KJ\x07P5\xda\xfeYk\xfb\xb1\
\x0ap\x7f\xe9\x00}\xecW:\x80\xaa\xd1\xf6\xcf\xda\xfd\
S\xc0}\xa5S\xf4q@\xe9\x00\xaa\xc6\xabK\x07\xe8\
\xa3\xed\xc7*\xb4?\xe3\xd2\xd2\x01T\x8d\x03K\x07\xe8\
\xe3\xbe)\xda\xdf\xd8\x0f\xca\xcc(\x1dB\x93\xad\xf7\x19\
;\xa8t\x8e>\xda~\xac\x02\xac,\x1d\xa0\x8fWf\
\xe6N\xa5Ch\xb2e\xe6\x0b\x81\x97\x97\xce\xd1\xc7\xca\
)\xe0\xb6\xd2)\xfa\xd8\x15xU\xe9\x10\x9ax\x07\x00\
/,\x1d\xa2\x8f\xb6\x1f\xab\xd0\xfe\x8cS\xc0q\xa5C\
h\xe2\x1dG\xfb\x1f\xb3\xbfm\x0a\xb8\xb9t\x8a\x01\xbc\
\xabt\x00M\xbc.|\xc6\xbap\xac\xde^:\xc0\x00\
N\xec\xc03\xda\xea\xa8\xde\xa3\xeb'\x96\xce1\x80\xce\
\x14\x80c2sq\xe9\x10\x9aL\x99\xb9\x1bpT\xe9\
\x1c\x03\xe8\xc2\xb1zK\xe9\x00\x03x\x01pB\xe9\x10\
\x9aX\xef\xa2\xfd\x8f\x00\x02\xdc\x12\x99\xf9\x22\xe0\x9fK\
'\x19\xc0y\x11qt\xe9\x10\x9a<\x99\xf9\x15\xe0-\
\xa5s\x0c`qD,/\x1db6\x99\xb9%\xf0\x00\
\xd0\xf6y;\x0f\x00{E\xc4\xbd\xa5\x83hrd\xe6\
v\xc0M\xc0\xf3Jg\xe9#\x81-\xa7\x80\xe5\xc0\xe3\
\x85\xc3\x0c\xe2\xa8\xcc<\xb4t\x08M\x96\xcc<\x9cn\
\x0c\xfe\x8f\x01\xffR:D?\x11\xf1\x0b`E\xe9\x1c\
\x03\xd8\x0a\xf8l\xe9\x10\x9a8\x7fM\xfb\x07\x7f\x80\xe5\
\x11\xf1\xd0TD\xac\x06~Z:\xcd\x80\xfeWf\xee\
X:\x84&Co6\xf8Y\xa5s\x0c\xe8\x96\x88X\
S:\xc4\x80\xbe_:\xc0\x80\xde\x96\x99]\xb8W\xab\
\x0e\xc8\xcc\xf7\xd1\x8d_&\x00\xae\x87\xa7g)^[\
0\xc80\xb6\x03.\xce\xcc\xb6/\xd9\xaa\x96\xeb}\x86\
.\x06\xb6)\x9de@\xd7\x94\x0e0\x84\xabK\x07\x18\
\xc2\xa72\xb3+'m\xb5T\xefJ\xe2'J\xe7\x18\
\xc22x\xba\x00,+\x18dX\xfb\xd1\x94\x007\xf5\
\xd0\x9cd\xe6\xe6\xc0\xd7h\xffs\xba\xeb\xba\xaat\x80\
!\x5cY:\xc0\x106\x00\xbe\xd0;\x81KC\xcb\xcc\
#\x80\xf3\x81\x0dKg\x19\xc22\xe8M\xd4\xc9\xccm\
\x81{h\xff\xc4\x9du\xfd\x03pDD\xdcU:\x88\
\xba\xa3w\xd9\xffb\xba5\xf8\xaf\x01\xb6\x8b\x88.,\
\x04\x04@f\xde\x09t\xe9v\xdd\x93\xc0\xa9\x11\xe1\xbc\
\x00\x0d\xacw\xd9\xff\x934E\xb2+\xfe%\x22^\x08\
\xbd+\x00\xbd\x99\xb0?.\x1aix\xfb\x01?\xca\xcc\
\xd7\x97\x0e\xa2n\xe8\xfd\x96\xf7C\xba5\xf8\x03\xdc\xd8\
\xa5\xc1\xbf\xa7KW,\xa0\xf9\xed\xed3\x99yAo\
&\xb74\xa3\xcc|~\xef\xe9\xa1\xd3\xe8\xd6\xe0\x0f\xeb\
\x1c\x9b\xeb\xaeT\xd4\xa5\xdb\x00km\x0b\x5c\x9a\x99\xe7\
g\xe6\xae\xa5\xc3\xa8\x9d2s\xb7\xde\xc1\xfa5\xbas\
\xcf\x7f]]<6\xbb\x98\x19\xe0H\xe0\xa6\xcc<\xc9\
\xc5\x82\xb4\xbe\xcc\xdc83O\xa1y\xd4\xaf\xabsG\
\x9e\xbaE\xf7\xd4%\xff\xcc<\x04\xb8\xacH\x9c\xd1x\
\x12\xf8\x12p\x06pmDd\xe1<*\xa8\xb7\xb6\xff\
\x014\x8br\x1cE\xb7\xee\xcf\xad\xef\xe0\x88\xb8\xbct\
\x88ad\xe66\xc0\x9d\xc0F\xa5\xb3\xcc\xc3]\xc0\xe9\
\xc09\x11\xd1\xfaG05>\xbd\xb5\xfd\x8f\xa3Y\xe1\
\xaf\x0b\x8b\xfc\xccd\x15\xb0CD<\x08\xcf,\x00\x1b\
\xd2<g\xbc}\xa1`\xa3\xb4\x1c\xb8\x82f\xe6\xf4O\
h\xd6'\x7f8\x22\x1e-\x9aJc\x91\x99\x9b\x00\x9b\
\xd2\xec\x1b\xf1\x9b4\x03\xffA\xb4\x7fm\xffA\xdc\x0d\
\xec\xdc{\x5c\xb7S2\xf3B\xe0M\xa5s\x8c\xc0\x1a\
\x9a9G\xcb\x80\x1bhVd\xbc\x93\xe6\x9c\xf2D\xc9\
`\x1a\xad\xcc\xdc\x88\xe6\x5c\xb2\x13\xb0\x07\xcd\xad\xe6\xa5\
\xc0+h\xff\xda\xfe\x83\xf8JD\x1c\xb9\xf6?\x9e1\
\xe9/3?\x09\xbc\x7f\xc1#I\x9a\xc9'\x22\xe2\x8f\
K\x87\x98\x8b\xde\xe3u_)\x9dC\xd2S\x8e\x88\x88\
\xaf\xad\xfd\x8f\xf5\x0b\xc0\xbe4\x93\xa4$\xb5\xc3\xbf\x8a\
\x88\x1bK\x87\x98\x8b\xdeoSw\x01[\x97\xce\x22\x89\
\xfb\x81\x1d\xd7\xbdj\xf5\x8cK\x1a\x11\xf1#\xa0\x93'\
\x1bi\x02\xfd\xa8\xab\x83?@\xefDs~\xe9\x1c\x92\
\x00\xf8\xd2\xfa\xb7\xac\xa6\xbb\xa7q\xf6\x02\x85\x914\xbb\
sJ\x07\x18\x81\xbf-\x1d@\x12\x09\x9c\xb9\xfe\x17\x9f\
\xb5\xf0OfnA\xb3\xa7\xf7\x96\xe3\xcf$i\x06\x0f\
\x01\xbb\xf46\xd7\xe9\xb4\xcc\xbc\x0c8\xa4t\x0e\xa9b\
\x97F\xc4a\xeb\x7f\xf1YW\x00\x22\xe2\x974;\x1a\
I*\xe7\xd3\x930\xf8\xf7\xfc\xa7\xd2\x01\xa4\xca}t\
\xba/N\xbb\xf4ofnMs\x15\xc0\xf5\xf6\xa5\x85\
\xf7\x08\xb0\xeb$\xedU\x9f\x99W\x03\xaf)\x9dC\xaa\
\xd0\xb2\x888p\xba\x7f\x98\xf6\xb9\xc6\xde\xb2\xa3\xde\xbb\
\x93\xca\xf8\xdc$\x0d\xfe=\x7fU:\x80T\xa9\x19\x8f\
\xbd\x197\xff\xc9\xcc\x17\x00\xff\x0c\xb8\x1c\xa6\xb4p\x1e\
\x07^\x14\x11w\x97\x0e2j\x99y\x1d\xf0\xaa\xd29\
\xa4\x8a\x5c\x13\x11\xaf\x9e\xe9\x1fg\x5c\xd9(\x22\xee\xa4\
\xd9\xe8@\xd2\xc2\xf9\xe4$\x0e\xfe='\x03\x9d[\xd1\
P\xea\xa8\xd5\xc0)\xb3}\xc3\xac\xdb\xff\xf6\x96X\xfd\
\xbf\xc0\xe2\xd1e\x924\x83;\x80\xdf\x8c\x88GJ\x07\
\x19\x97\xcc\xfc,\xcdz\xea\x92\xc6\xebS\x11\xf1\x1ff\
\xfb\x86Y\x0b\x00@f\xbe\x19\xf8\xea\xc8\x22I\x9a\xc9\
\x1b#\xe2\x92\xd2!\xc6)37\xa7\xd9I\xad\xcb\x1b\
\xaaHmw\x0f\xb0W\xbf'\x89\xfann\x10\x11\x17\
\x02_\x1fU*I\xd3\xbal\xd2\x07\x7f\x80\x88x\x08\
\xf8`\xe9\x1c\xd2\x84{\xff \x8f\x11\xf7\xbd\x02\x00\x90\
\x99/\x02\xfe\x09x\xee|SIz\x96G\x81\x97F\
\xc4\xed\xa5\x83,\x84\xdeV\xcd\xdf\x06\xa6}4I\xd2\
\xbc|\x9bf\x0b\xf1\xec\xf7\x8d\x03mo\x18\x11\xb7\x02\
\xa7\xce7\x95\xa4i\x9dR\xcb\xe0\x0f\xd0;1\x1d\x0b\
\xac,\x9dE\x9a0?\x07\x8e\x1fd\xf0\x87!\xf67\
\x8e\x88\xbf\x01\xbe0\xd7T\x92\xa6\xf5\xe5\x88x\xd6\x1a\
\xdd\x93.\x22\xee\x01\x8e\xc1\xa7\x02\xa4QY\x03\xfc\xdb\
a\x9e\x22\x1a\xb8\x00\xf4\xbc\x87f\x02\x8f\xa4\xf9\xfb)\
\xf0\xae\xd2!J\x89\x88\xab\x80\x8f\x95\xce!M\x88\x8f\
D\xc4\xb7\x87\xf9\x81\x81\xe6\x00\xac+3_\x06|\x1f\
\xe7\x03H\xf3\xf18\xb0\x7fD\xfc\xb0t\x90\x922s\
\x8a\xe6\x9e\xe5\xd2\xd2Y\xa4\x0e\xfb\xdf\xc0\x81\x111\xd4\
\x15\xb5a\xaf\x00\x10\x11?\x06N\x1a\xf6\xe7$=%\
\x81w\xd7>\xf8\x03D\xc4\x1a\x9a\xf9\x00\xb7\x96\xce\x22\
u\xd4\xcf\x80\xb7\x0d;\xf8\xc3\x1c\x0a\x00@D\x9c\x05\
\xfc\xc5\x5c~V\x12\x7f\x1e\x11\x7fW:D[D\xc4\
J\xe0wqR\xa04\xac{\x817D\xc4\xcf\xe7\xf2\
\xc3C\xdf\x02XWf\x9e\x06\xbco>\xaf!U\xe6\
\xaf#\xe2\xbd\xa5C\xb4Qf\xeeCs)s\xcb\xd2\
Y\xa4\x0ex\x08X\x12\x11?\x98\xeb\x0b\xcc\xb7\x00L\
\x01_\x02\xde6\x9f\xd7\x91*\xf1e\xe0\x98\xdeeo\
M#3_\x0b|\x137!\x93f\xf3\x04p\xd8\xb0\
\x93\xfe\xd67\xa7[\x00k\xf5Nd\xef\x00.\x9f\xcf\
\xebH\x15\xf8\x16\xf0\x0e\x07\xff\xd9E\xc4\xd5\xc0\xd1\xc0\
\xaa\xc2Q\xa4\xb6Z\x05\xbc}\xbe\x83?\xcc\xb3\x00\x00\
D\xc4*\xe0p\x9a\xdfn$=\xdb\x85\xc0\x9b\x22\xe2\
\x89\xd2A\xba\xa0\xb7\xfc\xf8!4\x978%=\xeda\
\x9a=C.\x1a\xc5\x8b\xcd\xbb\x00\x00\xf4NlG\x03\
\xffm\x14\xaf'M\x90\xd3\x81##\xe2\xf1\xd2A\xba\
\xa4w%\xe0\x00\xe0\xae\xc2Q\xa4\xb6\xb8\x07xMD\
\x8c\xec\x8a\xfbH\x0a\x004\xcb{F\xc4\x1f\xe1F\x1f\
\x124\x8f\xfa}8\x22N\xf2\xb2\xff\xdc\xf4\x1e9>\
\x80f\xc1$\xa9f\xb7\x01\xaf\x9e\xcf\x84\xbf\xe9\xcck\
\x12\xe0L2\xf3\x0fh~\xf3\xd9x\x1c\xaf/\xb5\xdc\
c\xc0{|\xd4o42s{\xe0<\xe05\xa5\xb3\
H\x05\x5c\x05\x1c5\xd7G\xfdf3\xb2+\x00\xeb\xea\
\xad\x13\xb0\x1f\xf0\xff\xc6\xf1\xfaR\x8b\xdd\x02\xbc\xca\xc1\
\x7ftz\xeb\x04\x1c\x08|\x18\xf7\x0eP=\x12\xf88\
\xf0\xbaq\x0c\xfe0\xa6+\x00ke\xe6f\xc0\xe7h\
6\xfd\x90&\xddW\x80\x13\x22\xe2\x97\xa5\x83L\xaa\xcc\
\x5c\x02\x9c\x0b\xecP:\x8b4F\xf7\x02\xc7E\xc4\xb7\
\xc6\xf9&c\xb9\x02\xb0VD\xfc*\x22\x8e\x05\xdeM\
sYT\x9aD\x8f\x02\xef\x8c\x88#\x1d\xfc\xc7\xab\xb7\
\x81\xd0+\x80+Jg\x91\xc6\xe4\xdb\xc0>\xe3\x1e\xfc\
a\xcc\x05`\xad\xdeV\xc2{\x03\x97.\xc4\xfbI\x0b\
\xe8\xeb\xc0\xde\x11\xf1\xb7\xa5\x83\xd4\x22\x22\xee\x8e\x88\xd7\
\x01o\x04V\x94\xce#\x8d\xc8J\xe0x\xe0\xe0\xdem\
\xaf\xb1[\x90\x02\x00\x10\x11\xb7F\xc4a4\x07\xed\xed\
\x0b\xf5\xbe\xd2\x98\xac\x00\x8e\x8f\x88\xc3#\xe2\xb6\xd2a\
j\x14\x11\x97\xd0\xfcb\xf1i\x9c\x1b\xa0\xeeZ\x03\x9c\
\x01\xec\x15\x11gGD.\xd4\x1b\x8fu\x0e\xc0L2\
\xf37\x80?\x07N\xc5%?\xd5-\x8f\xd3\xacw\xf1\
W\x11\xf1h\xe90jd\xe6\xcb\x81\xcf\x00\xfb\x97\xce\
\x22\x0d\xe1\x1a\xe0\xe4\x88\xf8Q\x897/R\x00\xd6\xca\
\xcc\xed\x80\xf7\x03'\x03\x9b\x94\xcc\x22\xf5\xf1\x08p&\
\xf0_\x22\xe2\xce\xd2a4\xbd\xcc<\x00\xf8\x00pX\
\xe9,\xd2,\xae\x05>\xde\xbb\x8aUL\xd1\x02\xb0V\
fn\x03\x9cD\xb3\xb3\xa0;\x81\xa9M~\x05\xfcO\
\xe0\xa3\x0bu_N\xf3\x97\x99\xfb\x03\x7f\x02\xbc\x81\x96\
\x9c\xe7$\x9a\xc9\xab\x7f\x11\x11\xdf-\x1d\x04Zv`\
d\xe6\x96\xc0\x094\x1b\x0c\xedS8\x8e\xea\xf6\x8f\xc0\
\xd9\xc0\x99\xce\xec\xef\xae\xcc\xdc\x97\xe6\x9cr4\xb0u\
\xe18\xaa\xd3}4\x0bY\x9dY\xeaR\xffLZU\
\x00\xd6\x95\x99/\x05\x8e\xa3\x99\x15\xb9}\xe18\xaa\xc3\
\xdd\xc0\x05\xc0\xd9\x11qC\xe90\x1a\x9d\xcc\xdc\x00X\
B\xf3\xcb\xc5[\xf1\x96\xa3\xc6k\x15\xcd\xe3|g\x03\
\x17\xb7u#\xb0\xd6\x16\x80\xb5z\x07\xeeA\xc0\xc1\xc0\
R\xe0e,\xe0\xd3\x0b\x9ahk\x80\x1b\x81e4\xdb\
\xf5^\x19\x11\xce&\x9fp\x99\xb9\x15\xcd\x0e\xa6K{\
\x7fv*\x9bH\x13b\x05\xcd\xb9\xe4J\xe0\x92\x88x\
\xb0p\x9e\xbeZ_\x00\xd6\xd7\x9b/\xf0Z\x9a\x03w\
\x7f`O\xdcs@\x83y\x1c\xb8\x09\xb8\x8e\xe6@\xbd\
:\x22\xee/\x1bI\xa5e\xe6\x1e<]\x06^\x09,\
.\x1aH]q;p=\xcd\xb9dYDtn\xd3\
\xaa\xce\x15\x80\xf5e\xe6\x14\xb0\x0b\xb0\x07\xb0\x17M!\
XLs\xbfo\x1b\xe0y4\xff;\x9d\x5c8\xd9\x1e\
\x5c\xe7\xef\xfbz\x7f\x96\xd3\x0c\xf87\xf7\xfe\xdc\xe1\xce\
|\xea'3\xb7\xa0\xb9\xd2\xb8;\xb0+\xcd\xf9dG\
\x9a\xf3\xc9\xd6\xc0o\x00\x1b\x02\x9b\x15\x8a\xa8\xf1\xfa\x15\
\xf0$\xf00p\x7f\xef\xcf]4\x03\xfem4\xfb}\
\xfc\xd3$\xcc\x0d\xfa\xff\xb5\xdf.\xec\xdd\xb6\x0c\xb4\x00\
\x00\x00\x00IEND\xaeB`\x82\
\x00\x00\x1a\xb2\
\x89\
PNG\x0d\x0a\x1a\x0a\x00\x00\x00\x0dIHDR\x00\
\x00\x02\x00\x00\x00\x02\x00\x08\x06\x00\x00\x00\xf4x\xd4\xfa\
\x00\x00\x00\x09pHYs\x00\x00\x0e\xc3\x00\x00\x0e\xc3\
\x01\xc7o\xa8d\x00\x00\x00\x19tEXtSof\
tware\x00www.inksca\
pe.org\x9b\xee<\x1a\x00\x00\x1a?ID\
ATx\x9c\xed\xdd{\xb0\xedg]\xdf\xf1\xcf\x97\x1c\
@r\xa1 !)\x92P \xe1\x22\xe0\x0c6H\xc0\
\x1a02S\x0b\x16\x12A\x82\xd5\x16\xa4\xccP@\x90\
B\x8b\x1d\x08\x08\x82\xe2X\x86BM\xa48\xad\xc3\xa5\
3-\x04\x81p\xe8\x85A%\x84@4\xe1\xa2m\x01\
\xb9$`\x81\x5c\x08\x94K\x08\x04B\x0eO\xffX+\
z\x08'\xfb\xec}\xcez\xd6\xb3\xf7~^\xaf\x995\
g\xc2\xec\xfd<_\x0e\x19~\xef\xf5\xfb\xad\xf5\xfb%\
\x00\x00\x00\x00\x00\x00\x00\x00\x00\x00\x00\x00\x00\x00\x00\x00\
\x00\x00\x00\x00\x00\x00\x00\x00\x00\x00\x00\x00\x00\x00\x00\x00\
\x00\x00\x00\x00\x00\x00\x00\x00\x00\xb0K\xd4\xe8\x01zk\
\xad\xdd*\xc9\xdd\x92\xdc{\xf9\xbac\x92\xa3\x96\x7f\x1e\
\x9d\xe4\xd6\xe3\xa6\x03`\xa0\xef&\xb9.\xc9W\x93|\
s\xf9\xe7\xa7\x92|2\xc9\xe7\xaa\xaa\x0d\x9c\xad\xbb]\
\x17\x00\xad\xb5;&yx\x92\xd3\x93<,\xc9}\x93\
\xfc\xd0\xd0\xa1\x00\xd8i\xaeO\xf2\x89$\x17%yO\
\x92\xf7U\xd5W\xc7\x8e\xb4Z\xbb\x22\x00ZkwI\
\xf2KI~1\xc9\x8f'9b\xecD\x00\xec2\xfb\
\x92|$\xc9\x9b\x92\xfc\x97\xaa\xbaz\xf0<\x87m\xc7\
\x06@kmO\x92\xc7%yR\x92\x7f\x18\x07}\x00\
\xd6c_\x92w'y}\x92\xb7V\xd5\xbe\xb1\xe3\x1c\
\x9a\x1d\x17\x00\xad\xb5\xdbd\xf1N\xff\xec,\xae\xe9\x03\
\xc0(\x7f\x9d\xe4\xd5I\xfe\xa0\xaa\xbe=x\x96-\xd9\
1\x01\xd0Z;\x22\xc9S\xb38\xf0\xdfu\xf08\x00\
\xb0\xbf\xcf'\xf9\xad$\xff\xa9\xaa\xbe7z\x98\xcd\xd8\
\x11\x01\xd0Z\xfb\xf1$\xff!\xc9\xa9\xa3g\x01\x80\x0d\
|$\xc93\xaa\xea\x92\xd1\x83\x1c\xcc\xadF\x0f\xb0\x91\
\xd6\xda\xd1\xad\xb5\xd7$\xf9P\x1c\xfc\x01\xd8\xfe\xfe~\
\x92\x0f\xb4\xd6\xcem\xad\x1d5z\x98\x8dl\xdb3\x00\
\xad\xb5\x1fMr^\x92\x07\x8c\x9e\x05\x00\x0e\xc1'\x93\
\x9cUU\xff{\xf4 \x07\xb2-\xcf\x00\xb4\xd6\x9e\x98\
\xc5\xbb~\x07\x7f\x00v\xaa\xfb$\xb9\xa4\xb5\xf6\xec\xd1\
\x83\x1c\xc8\xb6:\x03\xb0\xbck\xdf\xb9I\x9e>z\x16\
\x00X\xa1s\x93<{;}@p\xdb\x04\xc0\xf2\xeb\
}oL\xf2\x84\xd1\xb3\x00@\x07oO\xf2K\xdb\xe5\
\xeb\x82\xdb\x22\x00ZkG'9?\xc9#F\xcf\x02\
\x00\x1d\xfdI\x92\x9f\xaf\xaa\xebF\x0f2<\x00\x96\xef\
\xfc\xf7&\xf9\xd9\xd1\xb3\x00\xc0\x1a\x5c\x90\xe4\x91U\xf5\
\x9d\x91C\x0c\xfd\x10\xe0\xf2\x9a\xff\x7f\x8e\x83?\x00\xf3\
8=\xc9\x9b\x967\xb8\x1bf\xf4\xb7\x00\xceMr\xd6\
\xe0\x19\x00`\xdd\xceL\xf2\xaa\x91\x03\x0c\xbb\x04\xd0Z\
{j\x92?\x18\xb5?\x00l\x03\xff\xbc\xaa^7b\
\xe3!\x01\xd0Z{@\x92K\x92\x1c9b\x7f\x00\xd8\
&\xbe\x9d\xe4!U\xf5\xbf\xd6\xbd\xf1\xda\x03`yk\
\xc4\x0f&\xf9\xd1u\xef\x0d\x00\xdb\xd0\xa7\x92<\xa8\xaa\
\xbe\xb1\xceMG|\x06\xe0\x15q\xf0\x07\x80\x9b\xdc;\
\xc9\xcb\xd7\xbd\xe9Z\xcf\x00\xb4\xd6\x1e\x94\xe4\xcf\x93\x0c\
\xfd\xe4#\x00l3\xdfK\xf2\xd0\xaa\xbat]\x1b\xae\
-\x00\x96_\xf9\xfb\xb3$\x0f^\xd7\x9e\x00\xb0\x83|\
(\xc9\xa9\xeb\xba]\xf0:/\x01\xfc\x8b8\xf8\x03\xc0\
-yP\x92\xa7\xack\xb3\xb5\x9c\x01h\xad\xdd:\xc9\
eI\xee\xb6\x8e\xfd\x00`\x87\xfa|\x92\x93\xab\xea\x86\
\xde\x1b\xad\xeb\x0c\xc0\x93\xe3\xe0\x0f\x00\x07sb\x92\x7f\
\xba\x8e\x8d\xba\x9f\x01X\xde\xea\xf0\xaf\x92\xdc\xab\xf7^\
\x00\xb0\x0b\x5c\x9e\xe4\xbeUuc\xcfM\xd6q\x06\xe0\
\x17\xe2\xe0\x0f\x00\x9buR\x16\xb7\x0a\xeej\x1d\x01\xf0\
+k\xd8\x03\x00v\x93'\xf5\xde\xa0\xeb%\x80\xd6\xda\
\xf1I\xbe\x90dO\xcf}\x00`\x97\xb91\xc9\x89U\
uu\xaf\x0dz\x9f\x01\xf8gq\xf0\x07\x80\xad\xda\x93\
\xe4\x09=7\xe8\x1d\x00]\x87\x07\x80]\xec\x17{.\
\xde\xed\x12@k\xed\x0eI\xbe\x1c\xb7\xfd\x05\x80C\xb1\
/\xc9\xb1U\xf5\xb5\x1e\x8b\xf7<\x03pz\x1c\xfc\x01\
\xe0P\x1d\x91\xe4\xb4^\x8b\xf7\x0e\x00\x00\xe0\xd0\xfdL\
\xaf\x85{\x06@\xb7j\x01\x80I<\xac\xd7\xc2]>\
\x03\xb0|\xf2\xdfuIn\xd7c}\x00\x98\xc47\x93\
\x1cSUm\xd5\x0b\xf7:\x03p\xb78\xf8\x03\xc0\xe1\
:*\xc9\x09=\x16\xee\x15\x00\xf7\xe9\xb4.\x00\xcc\xa6\
\xcb1\xb5W\x00\x9c\xdci]\x00\x98\xcd\xbd{,\xda\
+\x00\xee\xd4i]\x00\x98\xcd\x0f\xf7X\xb4W\x00\x1c\
\xd3i]\x00\x98M\x97c\xaa\x00\x00\x80\xedmG\x05\
\xc0\xd1\x9d\xd6\x05\x80\xd9t\x09\x80^O\xea\xbbM\xa7\
u\xd7\xe9\xb2$\x7f\x94\xe4]I.OrM\x92;\
&\xb9K\x1679:3\x8b\xbb\x1dv}\xa4\xf2&\
\xb4$\xefIr~\x92\x8b\x92\x5c\x9d\xe4\xabI\x8e\xcb\
\xe2\xc3\x98\xff(\xc9\xe3\xb2=>\x98ym\x16s\xee\
M\xf2\xb1$\x9f_\xfe\xe7'&\xb9\x7f\x923\x96\xaf\
\xdb\x0f\x99\x0e`{\xbam\x8fE{\xdd\x08\xe8\xbc$\
\x8f\xef\xb1\xf6\x1a\x5c\x99\xe4\x85I\xdeXU\xfb6\xfa\
\xc1\xd6\xda\x83\x93\xbc\x22\x1d\xef\xd4t\x10\x17&\xf9\xd7\
U\xf5\xa1\x8d~\xa8\xb5vD\x92_I\xf2\xb2,\x02\
f\xddnLrn\x92\xdf\xae\xaa/o\xf4\x83\xad\xb5\
;g\xf1\xf7\xff\xab\xf1,\x09\x80$yKU\x9d\xb5\
\xeaE{?\x0ex\xa7\xf9\xf3$\xa7T\xd5\xeb\x0ev\
\xf0O\x92\xaa\xba4\xc9O'\xf9\xcd\xde\x83\x1d\xc0\xef\
%\xf9\x99\x83\x1d\xfc\x93\xa4\xaa\xf6U\xd5\x1f&9%\
\xc9%\xdd'\xfb~\xd7&9\xb3\xaa\x9es\xb0\x83\x7f\
\x92T\xd5\x97\xaa\xea\xd9I\x1e\x95\xc5\x99\x0c\x00:\x10\
\x00\x7f\xeb\xcf\x92\x9c^UWo\xe5\x97\xaa\xaaU\xd5\
K\xb2x\xd7\xba.gW\xd5\xb3\xab\xea{[\xf9\xa5\
\xaa\xba*\x8b\xcb\x16\xeb\x8a\x80\xeb\x92<\xbc\xaa\xfe\xfb\
V\x7f\xb1\xaa\xde\x9d\xe4\x11Y\xdc\x06\x13\x80\x15\x13\x00\
\x0bW&ylU}\xfb0\xd6xy\x92\xf3V4\
\xcfF\xde\x9c\xe4w\x0e\xf5\x97\xab\xea\xfa$?\x9f\xc5\
g\x05z{RU\xfd\xe5\xa1\xferU\xfdE\x92'\
\xafp\x1e\x00\x96\x04\xc0\xc2\x0b\xb7\xfa\xce\xff\xe6\x96\x0f\
jxV\x92o\xacf\xa4\x03\xfaf\x92\x7fy\xb8\x0f\
\x85X\x9e\x09x\xd1jF\xbaE\xff\xa3\xaa\xdev\xb8\
\x8bT\xd5[\x92\xbc{\x05\xf3\x00\xb0\x1f\x01\xb0\xf8\xb4\
\xff\x1bW\xb1PU]\x93\xe4\xb5\xabX\xeb\x16\xfc\xfe\
\xe1\x86\xca~^\x97\xc5\xb7\x1bz\xf9\x8d\x15\xae\xb5\xce\
\xcb+\x00S\x10\x00\x8bOW\x1e\xf4\x03\x7f[\xd0\xf3\
2\xc0\x9bV\xb5\xd0\xf2\xbf\xf3[W\xb5\xde\xcd\x5c^\
U\x1f^\xd5bU\xf5\xc1$\x9fY\xd5z\x00\x08\x80\
d\xf1=\xffU\xfap\x16\xf7\x0cX\xb5/&9\xe4\
\xeb\xe9\xb7\xe0\x7f\xaex\xbd\x9e\xeb\xae\xfa\x7f'\x80\xa9\
\x09\x80\xe4\xb3\xab\x5cly}\xfe\xafW\xb9\xe6\xd2g\
\x0f\xf7\xda\xff\x81\xd6\x5c\xf1z=\xd7\xed5+\xc0\x94\
\x04@\xbfw\xeb\xab\xf6\xa5\x0ek\xf6\xfa&@\x8f\xbf\
\xd3u|k\x01`\x1a\x02\xa0\xcfmg\xffN\x875\
{\xccy\x87\x0ek&;kV\x80)\x09\x80\xe4\xae\
;d\xcd\x1f\xd9!k\xf6Z\xb7\xd7\xac\x00S\x12\x00\
\x8b\x07\xfb\xacLk\xed\xaeI\xee\xb9\xca5\x97Nn\
\xad\x9d\xb0\xe25\x1f\xbe\xe2\xf5n\xd2\xe3\xd9\x08\xbdf\
\x05\x98\x92\x00X<\xd5o\x95\xceH\x9f\x87,U\x92\
\x7f\xbc\xe25\xcfX\xf1z7\xf9\xc9\xd6\xdaq\xabZ\
\xac\xb5v|\x92\x87\xacj=\x00\x04@\x92\x9c\xdeZ\
{\xe8*\x16j\xad\xdd:\xc9sV\xb1\xd6-x^\
km%\x8fZ^>\xc9\xb0\xd7\xbb\xea#\x92\xfc\xab\
\x15\xae\xf7\xeb\xf1\xef*\xc0J\xf9?\xd5\xc5;\xeb\xdf\
m\xad\xad\xe2\xef\xe2\x99IN^\xc1:\xb7\xe4\x9eI\
\x9e~\xb8\x8b,\x1f\x0f\xfc\xef\xd2\xe9q\xd0K\xbf\xd6\
Z;\xecK!\xad\xb5\x93\x93<c\x05\xf3\x00\xb0\x1f\
\x01\xb0pZ\x0e\xe3\x01;I\xd2Z\xfb\xc9\xc3]c\
\x93^\xd1Z;\xdcw\xee\xbf\x9b\xe4\x1f\xacb\x98\x0d\
\xfcP\x92w\xb6\xd6\x0e\xf9\x1b\x01\xad\xb5\xa3\x93\xbcm\
\xb9\x16\x00+$\x00\xfe\xd6\xaf\xb7\xd6\xcen\xadm\xf9\
]qk\xed\xa7\x92\xbc#\xc9mW?\xd6\x0f\xb8u\
\x92?j\xadm\xf9\x00\xdeZ\xab\xd6\xda\x8b\xb2\xda\xd3\
\xf3\x1b\xb9_\x92\xf3[k?\xbc\xd5_l\xad\xdd)\
\xc9\x7fK\xf2c+\x9f\x0a\x00\x01p3\xbf\x95\xe4M\
\xad\xb5\xbbl\xe6\x87[k\xb7n\xad='\xc9\x9f&\
9\xb6\xebd\xdf\xef\xd8$\x7f\xdaZ{\xf6\xf2s\x07\
\x07\xd5Z\xfb\x91$oI\xf2\xd2\xae\x93\xfd\xa0\xd3\x93\
\x5c\xb2\x8c\xa4Mi\xad=,\xc9%\xf1\xc9\x7f\x80n\
\x04\xc0\x0f:+\xc9\xa7[k\xff\xb6\xb5\xf6\xa0\x03\x9d\
\x11h\xad\xdd\xb5\xb5\xf6\x8c$\x1f\xcf\xe2Z\xfaJ>\
\x98\xb7E\xb7M\xf2\xea$\x1fk\xad=}\xf9\xf5\xc3\
\xef\xb3|\xc7\xff\xa0\xd6\xda+\x92|:\xc9\xe3\xd6=\
\xe4\xd2\xc9I.j\xad\xbd\xa3\xb5\xf6\x98\xd6\xda\xedn\
\xfe\x03\xad\xb5#[kg\xb4\xd6\xde\x99\xe4\xc2$'\
\xad}J\x80\x89t\xf9\x10Xk\xed\xbc$\x8f\xef\xb1\
\xf6\x00_\xca\xe2It_Lr\xc7$w\xc9\xe2\xe0\
\xd4\xf3\x03t\x87\xa2e\xf1x\xdf+\x93|-\xc9\xf1\
Y|h\xf0\xce#\x87\xba\x05\xdf\xca\xe2\xef\xf4\x0b\xcb\
\x7f>!\x8bY\x8f\x1c6\x11\xc0\xf6\xf5\x96\xaa:k\
\xd5\x8b\xeeY\xf5\x82\xbb\xd0\x9d\xb3=\x0f\xa27WY\
\xbc\xd3\xee\xf9-\x84U92\xc9\x03\x96/\x00\x06p\
\x09\x00\x00&$\x00\x00`B\x02\x00\x00&$\x00\x00\
`B\x02\x00\x00&$\x00\x00`B\x02\x00\x00&$\
\x00\x00`B\x02\x00\x00&$\x00\x00`B\x02\x00\x00\
&$\x00\x00`B\x02\x00\x00&$\x00\x00`B\x02\
\x00\x00&$\x00\x00`B\x02\x00\x00&$\x00\x00`\
B\x02\x00\x00&$\x00\x00`B\x02\x00\x00&$\x00\
\x00`B\x02\x00\x00&$\x00\x00`B\x02\x00\x00&\
$\x00\x00`B\x02\x00\x00&$\x00\x00`B\x02\x00\
\x00&$\x00\x00`B\x02\x00\x00&$\x00\x00`B\
\x02\x00\x00&$\x00\x00`B\x02\x00\x00&$\x00\x00\
`B\x02\x00\x00&$\x00\x00`B\x02\x00\x00&$\
\x00\x00`B\x02\x00\x00&\xb4g\xf4\x00\xa3UU\x8d\
\x9e\x81\x83k\xad=>\xc9y\xa3\xe7\xd8\xa4\xb3\xaa\xea\
-\xa3\x87\x006\xd6Zk\xa3g\x18\xc9\x19\x00\x00\x98\
\x90\x00\x00\x80\x09\x09\x00\x00\x98\x90\x00\x00\x80\x09\x09\x00\
\x00\x98\x90\x00\x00\x80\x09\x09\x00\x00\x98\x90\x00\x00\x80\x09\
\x09\x00\x00\x98\x90\x00\x00\x80\x09\x09\x00\x00\x98\x90\x00\x00\
\x80\x09\x09\x00\x00\x98\x90\x00\x00\x80\x09\x09\x00\x00\x98\x90\
\x00\x00\x80\x09\x09\x00\x00\x98\x90\x00\x00\x80\x09\x09\x00\x00\
\x98\x90\x00\x00\x80\x09\x09\x00\x00\x98\x90\x00\x00\x80\x09\x09\
\x00\x00\x98\x90\x00\x00\x80\x09\x09\x00\x00\x98\x90\x00\x00\x80\
\x09\x09\x00\x00\x98\x90\x00\x00\x80\x09\x09\x00\x00\x98\x90\x00\
\x00\x80\x09\x09\x00\x00\x98\x90\x00\x00\x80\x09\x09\x00\x00\x98\
\x90\x00\x00\x80\x09\x09\x00\x00\x98\x90\x00\x00\x80\x09\x09\x00\
\x00\x98\x90\x00\x00\x80\x09\x09\x00\x00\x98\x90\x00\x00\x80\x09\
\x09\x00\x00\x98\x90\x00\x00\x80\x09\x09\x00\x00\x98\x90\x00\x00\
\x80\x09\x09\x00\x00\x98\x90\x00\x00\x80\x09\x09\x00\x00\x98\x90\
\x00\x00\x80\x09\x09\x00\x00\x98\x90\x00\x00\x80\x09\x09\x00\x00\
\x98\x90\x00\x00\x80\x09\x09\x00\x00\x98\x90\x00\x00\x80\x09\x09\
\x00\x00\x98\x90\x00\x00\x80\x09\x09\x00\x00\x98\x90\x00\x00\x80\
\x09\x09\x00\x00\x98\x90\x00\x00\x80\x09\x09\x00\x00\x98\x90\x00\
\x00\x80\x09\x09\x00\x00\x98\xd0\x9e\xd1\x03\xcc\xa4\xb5v\xfb\
$g&yL\x92\xfb'91\xc9QC\x87\xda\x9a\
/&\xb9*\xc9EI\xceOrAU\xb5\xb1#\x01\
p(\x04\xc0\x1a\xb4\xd6\xf6$yf\x92\xb3\x93\x1c;\
x\x9c\xc3q\xfc\xf2\xf5\xc0$\xcfJrik\xedy\
U\xf5\xbe\xb1c\x01\xb0U.\x01t\xb6|\xd7\x7f~\
\x92Weg\x1f\xfc\x0f\xe4\xc1I\xde\xdbZ{\xc9\xe8\
A\x00\xd8\x1ag\x00:j\xad\x1d\x9d\xe4\xc2,\xde1\
\xefV\x95\xe4\xc5\xad\xb5=U\xf5\xc2\xd1\xc3\x00\xb09\
\xce\x00\xf4\xf5\x86\xec\xee\x83\xff\xfe^\xd0Z;k\xf4\
\x10\x00l\x8e\x00\xe8\xa4\xb5\xf6\xa8$\x8f\x1d=\xc7\x1a\
U\x92sZk\xc7\x8c\x1e\x04\x80\x83\x13\x00\xfd\xbct\
\xf4\x00\x03\x1c\x97\xe4i\xa3\x87\x00\xe0\xe0\x04@\x07\xad\
\xb5\x93\x92\x9c2z\x8eA\x5c\x06\x00\xd8\x01\x04@\x1f\
\x8f\x1c=\xc0@\xa7\xb4\xd6\x8e\x1b=\x04\x00\x1b\x13\x00\
}\xdcc\xf4\x00\x03U\x92\xbb\x8f\x1e\x02\x80\x8d\x09\x80\
>f\x7f\x07|\xfc\xe8\x01\x00\xd8\x98\x00\xe8\xe3\xda\xd1\
\x03\x0c\xf6\xf5\xd1\x03\x00\xb01\x01\xd0\xc7\x95\xa3\x07\x18\
\xec\x8a\xd1\x03\x00\xb01\x01\xd0\xc7\xcc\xf7\xc6\xbf\x22\xc9\
gF\x0f\x01\xc0\xc6\x04@\x1f\x17'\xb9f\xf4\x10\x83\
\xbc\xc3\x13\x02\x01\xb6?\x01\xd0AU\xedK\xf2\xca\xd1\
s\x0c\xf0\xdd,\x1ez\x04\xc06'\x00\xfa9'\xf3\
\x9d\x0a?\xb7\xaa.\x1b=\x04\x00\x07'\x00:\xa9\xaa\
\xeb\x93<:\xf3|#\xe0\xe2$\xcf\x1f=\x04\x00\x9b\
#\x00:\xaa\xaa\x8f'93\xc9WF\xcf\xd2\xd9\xfb\
\x93\x9cQU\xdf\x19=\x08\x00\x9b#\x00:\xab\xaa\x0b\
\x92\x9c\x9a\xc5Ar\xb7\xb9\xe9\x9a\xff#\xaa\xea\xcb\xa3\
\x87\x01`\xf3\x04\xc0\x1aT\xd5eUuZ\x923\x92\
\xecMr\xfd\xe0\x91\x0e\xd7\x15I^\x93\xe4~U\xf5\
\xdc\xaa\xbaa\xf4@\x00l\xcd\x9e\xd1\x03\xcc\xa4\xaa\xf6\
&\xd9\xdbZ;2\xc9=\x93\x9c\x90\xe4\x98\xb1Sm\
\xc9\xd5I\xaeJr\xb9\xaf\xfa\x01\xecl\x02`\x80\xaa\
\xfaV\x92\x8f._\x00\xb0v.\x01\x00\xc0\x84\x04\x00\
\x00LH\x00\x00\xc0\x84\x04\x00\x00LH\x00\x00\xc0\x84\
\x04\x00\x00LH\x00\x00\xc0\x84\x04\x00\x00LH\x00\x00\
\xc0\x84\x04\x00\x00LH\x00\x00\xc0\x84\x04\x00\x00LH\
\x00\x00\xc0\x84\x04\x00\x00LH\x00\x00\xc0\x84\x04\x00\x00\
LH\x00\x00\xc0\x84\x04\x00\x00LH\x00\x00\xc0\x84\x04\
\x00\x00LH\x00\x00\xc0\x84\x04\x00\x00LH\x00\x00\xc0\
\x84\x04\x00\x00LH\x00\x00\xc0\x84\x04\x00\x00LH\x00\
\x00\xc0\x84\x04\x00\x00LH\x00\x00\xc0\x84\x04\x00\x00L\
H\x00\x00\xc0\x84\x04\x00\x00LH\x00\x00\xc0\x84\x04\x00\
\x00LH\x00\x00\xc0\x84\x04\x00\x00LH\x00\x00\xc0\x84\
\x04\x00\x00LH\x00\x00\xc0\x84\x04\x00\x00LH\x00\x00\
\xc0\x84\xf6\x8c\x1e`&\xad\xb5\xdb'93\xc9c\x92\
\xdc?\xc9\x89I\x8e\x1a:\xd4\xd6|1\xc9UI.\
Jr~\x92\x0b\xaa\xaa\x8d\x1d\x09\x80C!\x00\xd6\xa0\
\xb5\xb6'\xc93\x93\x9c\x9d\xe4\xd8\xc1\xe3\x1c\x8e\xe3\x97\
\xaf\x07&yV\x92K[k\xcf\xab\xaa\xf7\x8d\x1d\x0b\
\x80\xadr\x09\xa0\xb3\xe5\xbb\xfe\xf3\x93\xbc*;\xfb\xe0\
\x7f \x0fN\xf2\xde\xd6\xdaKF\x0f\x02\xc0\xd68\x03\
\xd0Qk\xed\xe8$\x17f\xf1\x8ey\xb7\xaa$/n\
\xad\xed\xa9\xaa\x17\x8e\x1e\x06\x80\xcdq\x06\xa0\xaf7d\
w\x1f\xfc\xf7\xf7\x82\xd6\xdaY\xa3\x87\x00`s\x04@\
'\xad\xb5G%y\xec\xe89\xd6\xa8\x92\x9c\xd3Z;\
f\xf4 \x00\x1c\x9c\x00\xe8\xe7\xa5\xa3\x07\x18\xe0\xb8$\
O\x1b=\x04\x00\x07'\x00:h\xad\x9d\x94\xe4\x94\xd1\
s\x0c\xe22\x00\xc0\x0e \x00\xfax\xe4\xe8\x01\x06:\
\xa5\xb5v\xdc\xe8!\x00\xd8\x98\x00\xe8\xe3\x1e\xa3\x07\x18\
\xa8\x92\xdc}\xf4\x10\x00lL\x00\xf41\xfb;\xe0\xe3\
G\x0f\x00\xc0\xc6\x04@\x1f\xd7\x8e\x1e`\xb0\xaf\x8f\x1e\
\x00\x80\x8d\x09\x80>\xae\x1c=\xc0`W\x8c\x1e\x00\x80\
\x8d\x09\x80>f\xbe7\xfe\x15I>3z\x08\x006\
&\x00\xfa\xb88\xc95\xa3\x87\x18\xe4\x1d\x9e\x10\x08\xb0\
\xfd\x09\x80\x0e\xaaj_\x92W\x8e\x9ec\x80\xeff\xf1\
\xd0#\x00\xb69\x01\xd0\xcf9\x99\xefT\xf8\xb9Uu\
\xd9\xe8!\x0088\x01\xd0IU]\x9f\xe4\xd1\x99\xe7\
\x1b\x01\x17'y\xfe\xe8!\x00\xd8\x1c\x01\xd0QU}\
<\xc9\x99I\xbe2z\x96\xce\xde\x9f\xe4\x8c\xaa\xfa\xce\
\xe8A\x00\xd8\x1c\x01\xd0YU]\x90\xe4\xd4,\x0e\x92\
\xbb\xcdM\xd7\xfc\x1fQU_\x1e=\x0c\x00\x9b'\x00\
\xd6\xa0\xaa.\xab\xaa\xd3\x92\x9c\x91do\x92\xeb\x07\x8f\
t\xb8\xaeH\xf2\x9a$\xf7\xab\xaa\xe7V\xd5\x0d\xa3\x07\
\x02`k\xf6\x8c\x1e`&U\xb57\xc9\xde\xd6\xda\x91\
I\xee\x99\xe4\x84$\xc7\x8c\x9djK\xaeNrU\x92\
\xcb}\xd5\x0f`g\x13\x00\x03T\xd5\xb7\x92|t\xf9\
\x02\x80\xb5s\x09\x00\x00&$\x00\x00`B\x02\x00\x00\
&$\x00\x00`B\x02\x00\x00&$\x00\x00`B\x02\
\x00\x00&$\x00\x00`B\x02\x00\x00&$\x00\x00`\
B\x02\x00\x00&$\x00\x00`B\x02\x00\x00&$\x00\
\x00`B\x02\x00\x00&$\x00\x00`B\x02\x00\x00&\
$\x00\x00`B\x02\x00\x00&$\x00\x00`B\x02\x00\
\x00&$\x00\x00`B\x02\x00\x00&$\x00\x00`B\
\x02\x00\x00&$\x00\x00`B\x02\x00\x00&$\x00\x00\
`B\x02\x00\x00&$\x00\x00`B\x02\x00\x00&$\
\x00\x00`B\x02\x00\x00&$\x00\x00`B\x02\x00\x00\
&$\x00\x00`B\x02\x00\x00&$\x00\x00`B\x02\
\x00\x00&$\x00\x00`B\x02\x00\x00&\xb4g\xf4\x00\
3i\xad\xdd>\xc9\x99I\x1e\x93\xe4\xfeINLr\
\xd4\xd0\xa1\xb6\xe6\x8bI\xaeJrQ\x92\xf3\x93\x5cP\
Um\xecH\x00\x1c\x0a\x01\xb0\x06\xad\xb5=I\x9e\x99\
\xe4\xec$\xc7\x0e\x1e\xe7p\x1c\xbf|=0\xc9\xb3\x92\
\x5c\xdaZ{^U\xbdo\xecX\x00l\x95K\x00\x9d\
-\xdf\xf5\x9f\x9f\xe4U\xd9\xd9\x07\xff\x03yp\x92\xf7\
\xb6\xd6^2z\x10\x00\xb6\xc6\x19\x80\x8eZkG'\
\xb90\x8bw\xcc\xbbU%yqkmOU\xbdp\
\xf40\x00l\x8e3\x00}\xbd!\xbb\xfb\xe0\xbf\xbf\x17\
\xb4\xd6\xce\x1a=\x04\x00\x9b#\x00:i\xad=*\xc9\
cG\xcf\xb1F\x95\xe4\x9c\xd6\xda1\xa3\x07\x01\xe0\xe0\
\x04@?/\x1d=\xc0\x00\xc7%y\xda\xe8!\x008\
8\x01\xd0Ak\xed\xa4$\xa7\x8c\x9ec\x10\x97\x01\x00\
v\x00\x01\xd0\xc7#G\x0f0\xd0)\xad\xb5\xe3F\x0f\
\x01\xc0\xc6\x04@\x1f\xf7\x18=\xc0@\x95\xe4\xee\xa3\x87\
\x00`c\x02\xa0\x8f\xd9\xdf\x01\x1f?z\x00\x006&\
\x00\xfa\xb8v\xf4\x00\x83}}\xf4\x00\x00lL\x00\xf4\
q\xe5\xe8\x01\x06\xbbb\xf4\x00\x00lL\x00\xf41\xf3\
\xbd\xf1\xafH\xf2\x99\xd1C\x00\xb01\x01\xd0\xc7\xc5I\
\xae\x19=\xc4 \xef\xf0\x84@\x80\xedO\x00tPU\
\xfb\x92\xbcr\xf4\x1c\x03|7\x8b\x87\x1e\x01\xb0\xcd\x09\
\x80~\xce\xc9|\xa7\xc2\xcf\xad\xaa\xcbF\x0f\x01\xc0\xc1\
\x09\x80N\xaa\xea\xfa$\x8f\xce<\xdf\x08\xb88\xc9\xf3\
G\x0f\x01\xc0\xe6\x08\x80\x8e\xaa\xea\xe3I\xceL\xf2\x95\
\xd1\xb3t\xf6\xfe$gT\xd5wF\x0f\x02\xc0\xe6\x08\
\x80\xce\xaa\xea\x82$\xa7fq\x90\xdcmn\xba\xe6\xff\
\x88\xaa\xfa\xf2\xe8a\x00\xd8<\x01\xb0\x06UuYU\
\x9d\x96\xe4\x8c${\x93\x5c?x\xa4\xc3uE\x92\xd7\
$\xb9_U=\xb7\xaan\x18=\x10\x00[\xb3g\xf4\
\x003\xa9\xaa\xbdI\xf6\xb6\xd6\x8eLr\xcf$'$\
9f\xecT[ru\x92\xab\x92\x5c\xee\xab~\x00;\
\x9b\x00\x18\xa0\xaa\xbe\x95\xe4\xa3\xcb\x17\x00\xac\x9dK\x00\
\x000!\x01\x00\x00\x13\x12\x00\x000!\x01\x00\x00\x13\
\x12\x00\x000!\x01\x00\x00\x13\x12\x00\x000!\x01\x00\
\x00\x13\x12\x00\x000!\x01\x00\x00\x13\x12\x00\x000!\
\x01\x00\x00\x13\x12\x00\x000!\x01\x00\x00\x13\x12\x00\x00\
0!\x01\x00\x00\x13\x12\x00\x000!\x01\x00\x00\x13\x12\
\x00\x000!\x01\x00\x00\x13\x12\x00\x000!\x01\x00\x00\
\x13\x12\x00\x000!\x01\x00\x00\x13\x12\x00\x000!\x01\
\x00\x00\x13\x12\x00\x000!\x01\x00\x00\x13\x12\x00\x000\
!\x01\x00\x00\x13\x12\x00\x000!\x01\x00\x00\x13\x12\x00\
\x000!\x01\x00\x00\x13\x12\x00\x000!\x01\x00\x00\x13\
\x12\x00\x000!\x01\x00\x00\x13\x12\x00\x000!\x01\x00\
\x00\x13\x12\x00\x000\xa1=\xa3\x07\x98Ik\xed\xf6I\
\xceL\xf2\x98$\xf7Orb\x92\xa3:luC\x92\
k\x92\x5c\x96\xe4]I\xdeZU\x97u\xd8\x07\x80\x1d\
J\x00\xacAkmO\x92g&9;\xc9\xb1k\xd8\
\xf26INX\xbe~:\xc9o\xb7\xd6^\x9f\xe4E\
Uu\xd5\x1a\xf6\x07`\x9bs\x09\xa0\xb3\xe5\xbb\xfe\xf3\
\x93\xbc*\xeb9\xf8\x1f\xc8\x11I\x9e\x92\xe4\xc3\xad\xb5\
S\x07\xcd\x00\xc06\x22\x00:j\xad\x1d\x9d\xe4\xc2$\
?7z\x96\xa5\xbb$\xb9@\x04\x00 \x00\xfazC\
\x92\x07\x8e\x1e\xe2fn\x97\xe4\xed\xad\xb5\xbf;z\x10\
\x00\xc6\x11\x00\x9d\xb4\xd6\x1e\x95\xe4\xb1\xa3\xe7\xb8\x05w\
I\xf2\xb2\xd1C\x000\x8e\x00\xe8\xe7\xa5\xa3\x078\x88\
'\xb7\xd6N\x1a=\x04\x00c\x08\x80\x0e\x96\x07\xd6S\
F\xcfq\x10G$y\xdc\xe8!\x00\x18C\x00\xf4\xf1\
\xc8\xd1\x03l\xd2N\x99\x13\x80\x15\x13\x00}\xdcc\xf4\
\x00\x9b\xb4S\xe6\x04`\xc5\x04@\x1f\xc7\x8d\x1e`\x93\
|\x13\x00`R\x02\xa0\x8fkG\x0f\xb0I_\x1b=\
\x00\x00c\x08\x80>\xae\x1c=\xc0&\xed\x949\x01X\
1\x01\xd0\xc7\xfbF\x0f\xb0I\x17\x8e\x1e\x00\x801\x04\
@\x1f\x17g\xf14\xbe\xed\xee\x1d\xa3\x07\x00`\x0c\x01\
\xd0AU\xedK\xf2\xca\xd1s\x1c\xc4\xa5q\x06\x00`\
Z\x02\xa0\x9fs\x92|f\xf4\x10\xb7`_\x92\xe7V\
U\x1b=\x08\x00c\x08\x80N\xaa\xea\xfa$\x8f\xce\xf6\
\xfcF\xc0\xbf\xa9\xaa\x0f\x8c\x1e\x02\x80q\x04@GU\
\xf5\xf1$g&\xf9\xca\xe8Y\x96Z\x92\x97U\xd5v\
\xbf<\x01@g\x02\xa0\xb3\xaa\xba \xc9\xa9I\xde?\
x\x94+\x93<\xbe\xaa~c\xf0\x1c\x00l\x03\x02`\
\x0d\xaa\xea\xb2\xaa:-\xc9\x19I\xf6&\xb9~M[\
\xb7$\x1fJ\xf2\xbc$\xf7\xaa\xaa\xb7\xaei_\x00\xb6\
\xb9=\xa3\x07\x98IU\xedM\xb2\xb7\xb5vd\x92{\
&9!\xc91\x1d\xb6\xba!\xc9\xd5I>SU_\
\xea\xb0>\x00;\x9c\x00\x18\xa0\xaa\xbe\x95\xe4\xa3\xcb\x17\
\x00\xac\x9dK\x00\x000!\x01\x00\x00\x13\x12\x00\x000\
!\x01\x00\x00\x13\x12\x00\x000!\x01\x00\x00\x13\x12\x00\
\x000!\x01\x00\x00\x13\x12\x00\x000!\x01\x00\x00\x13\
\x12\x00\x000!\x01\x00\x00\x13\x12\x00\x000!\x01\x00\
\x00\x13\x12\x00\x000!\x01\x00\x00\x13\x12\x00\x000!\
\x01\x00\x00\x13\x12\x00\x000!\x01\x00\x00\x13\x12\x00\x00\
0!\x01\x00\x00\x13\x12\x00\x000!\x01\x00\x00\x13\x12\
\x00\x000!\x01\x00\x00\x13\x12\x00\x000!\x01\x00\x00\
\x13\x12\x00\x000!\x01\x00\x00\x13\x12\x00\x000!\x01\
\x00\x00\x13\x12\x00\x000!\x01\x00\x00\x13\x12\x00\x000\
!\x01\x00\x00\x13\x12\x00\x000!\x01\x00\x00\x13\x12\x00\
\x000!\x01\x00\x00\x13\x12\x00\x000\xa1=\x9d\xd6\xbd\
\xa1\xd3\xba+\xd7Zk\xa3g`\xd79\xcf\xbfV\xc0\
\x0a}\xa7\xc7\xa2\xbd\xce\x00\x5c\xd7i]\x00\x98\xcd7\
z,\xda+\x00\xba\x0c\x0b\x00\x13\x12\x00\x000\xa1\x1d\
\x15\x00\xff\xaf\xd3\xba\x000\x9b.\xc7\xd4^\x01\xf0\xe9\
N\xeb\x02\xc0l>\xd5c\xd1^\x01\xf0\xc9N\xeb\x02\
\xc0l\xba\x1cS\xab\xc7\xa2\xad\xb5[eq\xcd\xe2\xc8\
\x1e\xeb\x03\xc0$\xbe\x99\xe4\x98\xaaZ\xf9w\x8b\xbb\x9c\
\x01\xa8\xaa\xef\xc5Y\x00\x008\x5c\x9f\xe8q\xf0O\xfa\
\xde\x09\xf0\xa2\x8ek\x03\xc0\x0c\xde\xd7k\xe1\x9e\x01p\
A\xc7\xb5\x01`\x06\xef\xe9\xb5p\x97\xcf\x00$Ik\
\xed\x0eI\xbe\x9c\xe4\x88^{\x00\xc0.vc\x92;\
U\xd5\xb5=\x16\xefv\x06\xa0\xaa\xbe\x96\xe4#\xbd\xd6\
\x07\x80]\xee\x83\xbd\x0e\xfeI\xff\xa7\x01\xbe\xb9\xf3\xfa\
\x00\xb0[\xbd\xa9\xe7\xe2\xdd.\x01$Ik\xed\xf8$\
_H\xbf\xa7\x0e\x02\xc0ntc\x92\x13\xaa\xea\x8b\xbd\
6\xe8z\x06`9\xf8\x1f\xf7\xdc\x03\x00v\xa1w\xf5\
<\xf8'\xfd/\x01$\xc9\xeb\xd7\xb0\x07\x00\xec&o\
\xe8\xbdA\xd7K\x00I\xd2Z;\x22\xc9_%\xb9W\
\xef\xbd\x00`\x17\xb8<\xc9}\xab\xea\xc6\x9e\x9bt?\
\x03PU\xfb\x92\xbc\xa2\xf7>\x00\xb0K\xfcv\xef\x83\
\x7f\xb2\x863\x00I\xd2Z\xbbu\x16O\x08\xfc{\xeb\
\xd8\x0f\x00v\xa8\xcf%\xb9WU\xdd\xd0{\xa3u|\
\x06 U\xf5\xdd$/_\xc7^\x00\xb0\x83\xfd\xe6:\
\x0e\xfe\xc9\x9a\xce\x00$\x7f\xf3\x84\xc0\x0f$y\xc8\xba\
\xf6\x04\x80\x1d\xe4\x83I\x1e\xb2|\xa0^wk\x0b\x80\
$i\xad\x9d\x92\xe4\x92\xb8=0\x00\xeco_\x92\x9f\
\xa8\xaa\xbfX\xd7\x86k\xb9\x04p\x93\xaa\xfap\x92\xd7\
\xaesO\x00\xd8\x01~\x7f\x9d\x07\xffd\xcdg\x00\x92\
\xa4\xb5vT\x92K\x93\xdco\xdd{\x03\xc06\xf4\xb1\
$\x0f\xae\xaao\xads\xd3\xb5\x07@\x92\xb4\xd6\xee\x9f\
E\x04\x1c9b\x7f\x00\xd8&\xbe\x99\xc5\xc1\xff\xe3\xeb\
\xdex\xad\x97\x00nRU\x1fK\xf2k#\xf6\x06\x80\
m\xe4WG\x1c\xfc\x93A\x01\x90$U\xf5\x87I\xce\
\x1d\xb5?\x00\x0c\xf6\xea\xaa\xea~\xcb\xdf[2\xe4\x12\
\xc0MZk\x95\xc5\xb3\x02\x9e8r\x0e\x00X\xb37\
%\xf9\xe5u}\xe5\xef@\x86\x06@\xf27w\x09|\
g\x92\x9f\x1d=\x0b\x00\xac\xc1{\x92<\xaa\xaa\xbe3\
r\x88a\x97\x00n\xb2\xbcK\xe0/$\xf9\x93\xd1\xb3\
\x00@g\x7f\x9c\xe4\x8c\xd1\x07\xffd\x1b\x04@\x92T\
\xd5uI~.\x8bS\x22\x00\xb0\x1b\xbd-\xc9c\x96\
\xc7\xbc\xe1\xb6E\x00$\xc9\xf2\xde\xc7\xbf\x9c\xe4\x9c\xd1\
\xb3\x00\xc0\x8a\xbd:\xc9\xe3\xab\xea\xdb\xa3\x07\xb9\xc9\xf0\
\xcf\x00\x1cHk\xed\x89I^\x93\xe4\xa8\xd1\xb3\x00\xc0\
a\xb8>\xc9\xb3\xab\xea?\x8e\x1e\xe4\xe6\xb6e\x00$\
Ik\xed\xbeI\xceK\xf2c\xa3g\x01\x80C\xf0\x89\
$gU\xd5\xff\x19=\xc8\x81l\x9bK\x007WU\
\x9fH\xf2\xd0,\xee\x15\xb0o\xf08\x00\xb0Y\xfb\x92\
\xfc^\x92S\xb6\xeb\xc1?\xd9\xc6g\x00\xf6\xd7Z{\
`\x16\x97\x04\x1e:z\x16\x00\xd8\xc0\x87\x93<\xa3\xaa\
.\x1d=\xc8\xc1l\xdb3\x00\xfb\xab\xaa\xbfL\xf2S\
I\x9e\x9a\xe4s\x83\xc7\x01\x80\x9b\xfb\xbfI\x9e\x92\xc5\
}\xfd\xb7\xfd\xc1?\xd9!g\x00\xf6\xb7\xbcq\xd0?\
I\xf2\x82$\xf7\x19<\x0e\x00s\xfbl\x92\x7f\x9f\xe4\
\xb5\xdb\xe1\xbb\xfd[\xb1\xe3\x02\xe0&\xad\xb5#\x92<\
6\xc9\x93\xb2\xb8\x8b\xe0\x9e\xb1\x13\x010\x89\x1b\x93\xbc\
+\xc9\x1b\x92\xbc\xbd\xaav\xe4\xe7\xd4vl\x00\xec\xaf\
\xb5v|\x16g\x05\x9e\x90\xe4'\x92\x1c1v\x22\x00\
v\x99\x1b\x93|0\xc9\x9b\x93\xfc\xd7\xaa\xbaf\xf0<\
\x87mW\x04\xc0\xfeZk\xb7O\xf2\xf0$\x8fHr\
Z\x92\xfb&9r\xe8P\x00\xec4\xdf\xcc\xe2k|\
\x17eq\xef\xfe\x0b\xab\xea\xda\xb1#\xad\xd6\xae\x0b\x80\
\x9b[>q\xf0\xc4$\xf7\xce\xe23\x03wHr\xcc\
\xf2\xcf\xa3\x93\xdcf\xdct\x00\x0ctC\x92\xeb\x92|\
-\xc97\x92|5\xc9\xa7\x96\xaf\xcfWU\x1b8\x1b\
\x00\x00\x00\x00\x00\x00\x00\x00\x00\x00\x00\x00\x00\x00\x00\x00\
\x00\x00\x00\x00\x00\x00\x00\x00\x00\x00\x00\x00\x00\x00\x00\x00\
\x00\x00\x00\x00\x00\x00\x00\x00\x00\xb0Y\xff\x1f\x1e\x02`\
#>\x15[\xdd\x00\x00\x00\x00IEND\xaeB`\
\x82\
\x00\x00\x1b\xdb\
\x89\
PNG\x0d\x0a\x1a\x0a\x00\x00\x00\x0dIHDR\x00\
\x00\x02\x00\x00\x00\x02\x00\x08\x06\x00\x00\x00\xf4x\xd4\xfa\
\x00\x00\x00\x09pHYs\x00\x00\x0e\xc3\x00\x00\x0e\xc3\
\x01\xc7o\xa8d\x00\x00\x00\x19tEXtSof\
tware\x00www.inksca\
pe.org\x9b\xee<\x1a\x00\x00\x1bhID\
ATx\x9c\xed\xddY\xecmg]\xff\xf1wi\xa9\
J\x07@\x94\xb9\x04\x8d\xa1MD\x99GQ\x90A\xe6\
\xa0\x18\x09\x8829qk\xa2\xd1\x18\x13\x8d\x91D\xbc\
#&\xdexa\xc0\x91\xfc\x13\x13T\x1c\x99!a*\
a\x9e\x09\x9a@\x98L\x04J)\xb5\xa5=\xff\x8bu\
\x1a\x8e\xd8\x01\xca\xd9\xbf\xe7Y\xfby\xbd\x92oz\xd2\
\x9b\xe7\xbb\xf7~>\xfb|\xcfZk\xafU\x00\x00\x00\
\x00\x00\x00\x00\x00\x00\x00\x00\x00\x00\x00\x00\x00\x00\x00\x00\
\x00\x00\x00\x00\x00\x00\x00\x00\x00\x00\x00\x00\x00\x00\x00\x00\
\x00\x00\x00\x00\x00\x00\x00\x00\x00\x00\x00\x00\x00\x00\x00\x00\
\x00\x00\x00\x00\x00\x00\x00\x00\x00\x00\x00\x00p\xcb\xce\x19\
\xdd\xc0\xc4.\xae\xeeS]Z]v\xfa\xcf\x97T\x17\
V\x17Tw<\xfd\xdf\xf3G5HU\xd7T_\xad\
\xbeX]y\xfa\xcf\x9f\xaa>Z}\xa4\xfa\xd8\xe9\xba\
bT\x83\xec\x92\xfc\xef\x83\xfc\x7f\x07\x0c\x00\xdfpA\
\xf5\x88\xea\xf1\xa7\xeb\x01\xd5m\x86v\xc4\xd9\xf4\xc9\xea\
5\xa7\xeb\xdf\xab/\x8dm\x87\xc9\xc8\xffq\x93\x7f\xfe\
\x8f\xdbW\xbfT\xbd\xa1\xba\xb6:\xa5\x96\xa8k\xab\xd7\
W/j\xfb\x97\x1ek\x92\xff5K\xfe\x17vN\xf5\
\xa4\xeao\xaa\xab\x1a\xbf\x19\xd5\xd8\xba\xaa\xfa\xeb\xea\x89\
9\x22\xb6\x02\xf9W\xf2\xbf\xa0\xdbTO\xaf.o\xfc\
\xa6Ss\xd6\xfb\xab\xe7U\xe7\xc5\xb1\x91\x7fuK%\
\xffG\xe8\xdc\xea\x85m\x17\x82\x8c\xde`j\x1f\xf5\x91\
\xea\x05m{\x87}\x93\x7f\xf5\xed\x96\xfc\x1f\x89\x07U\
oo\xfc\x86R\xfb\xacw\xb7]\x18\xc6>\xc9\xbf\xfa\
NJ\xfew\xea\x8e\xd5\xcb\xaa\xaf7~\x13\xa9}\xd7\
\xf5\xd5+\xaa\xef\x8b\xbd\x90\x7fu\xb6J\xfew\xe6\xa9\
\xd5\x17\x1a\xbfq\xd4q\xd5\xe7\xab'\xc7\xec\xe4_\x1d\
\xa2\xe4\x7fr\xe7U\xbf_]\xd7\xf8\xcd\xa2\x8e\xb3\xae\
o\xfb\x97\xe5mc6\xf2\xaf\x0e]\xf2?\xa9K\xaa\
\xb74~\x83\xa85\xea\xed\xd5\xbdc\x16\xf2\xafN\xb2\
\x8e&\xff\xc7\xf0\xbb\xc7\xfbV\xffZ\xdd}t#,\
\xe5s\xd5S\xda.\x14b\x1c\xf9g\x84\xa3\xc8\xff\xde\
ou\xf9\x98\xb6\xc9_\xf89iw\xad\xdeT=a\
t#\x0b{L\xf2\xcf\x18\xf2?\xd83\xaa\xaf5\xfe\
p\x90Z\xbb\xae\xae\x9e\x15'M\xfe\xd5\x0c%\xff\x03\
\xfcl~\xe2\xa3\xe6\xa9\xafW\xcf\x8c\x93\x22\xffj\xa6\
\xdam\xfe\xf7x\x0d\xc0c\xaa\x7f\xae\xbe{p\x1fp\
\xa6k\xaa\xa7\xb5=i\x8c\xc3yL\xf2\xcf|v\x99\
\xff\xbd\x0d\x00?Z\xbd\xb1\xba\xc3\xe8F\xe0F\x5c\xd1\
\xf6\x17\xd4\xae/\x0c\x9a\x98\xfc3\xb3\xdd\xe5\x7fO\x03\
\xc0\xbd\xaawTw\x19\xdd\x08\xdc\x8c\xcfV\x0f\xad>\
=\xba\x91##\xff\xec\xc1\xae\xf2\xbf\x97_\x01\x9c\xd7\
\xf6\xc8F\xe1gvw\xab\xfe_n\x16r6\xc9?\
{\xb1\xab\xfc\xef\xe5iG/\xad\x9e=\xba\x09\xf8\x16\
\xdd\xb3\xed/\xad\xd7\x8en\xe4H\xc8?{\xb2\x9b\xfc\
\xef\xe1\x14\xc0S\xaa\x7fl\x1f\xbd\xc2\x0dNU?]\
\xfd\xfd\xe8FvN\xfe\xd9\xa3]\xe4\x7f\xf6P\xdd\xa9\
\xfap\xf5\xfd\xa3\x1b\x81[\xe1\x0b\xd5e\xd5\x17G7\
\xb2S\xf2\xcf\x9eM\x9f\xff\xd9O\x01\xbc\xac\xfa\xf1\xd1\
M\xc0\xadtAuq\xf5\xea\xd1\x8d\xec\x94\xfc\xb3g\
\xd3\xe7\x7f\xe6#\x00\x0f\xa9\xde\xd6~.T\x84\x1bs\
}\xf5\xc8\xb6\x07\x88\xf0\xad\x93\x7f\x8e\xc1\xd4\xf9\x9fu\
\x008\xb7zg\xf5\x80\xd1\x8d\xc0Y\xf0\xae\xeaam\
\x8f\xaa\xe5\x96\xc9?\xc7d\xda\xfc\xcf:]?/\xe1\
\xe7x<\xa8\xfa\xf9\xd1M\xec\x88\xfcsL\xa6\xcd\xff\
\x8cG\x00\xce\xad>T\xddgt#p\x16}\xa4\xfa\
\xe1\xb6C\x82\xdc4\xf9\xe7\x18M\x99\xff\x19\x8f\x00<\
+\xe1\xe7\xf8\x5c\xd6\xf6\x10\x1bn\x9e\xfcs\x8c\xa6\xcc\
\xfflG\x00\xce\xa9\xde[\xfd\xc8\xe8F\xe0\x00\xde\xdb\
vh\xfb\xd4\xe8F&%\xff\x1c\xb3\xe9\xf2?\xdb\x11\
\x80'&\xfc\x1c\xaf\xfbUO\x18\xdd\xc4\xc4\xe4\x9fc\
6]\xfeg\x1b\x00\x9e?\xba\x018\xb0\xe7\x8dn`\
b\xf2\xcf\xb1\x9b*\xff3\x9d\x02\xb8\xb8\xedIJ\xb7\
\x1b\xdd\x08\x1c\xd0\xd7\xda\x1e\x18\xf2\xe5\xd1\x8dLF\xfe\
Y\xc1T\xf9?ot\x03gxVs\x87\xff\x8a\xb6\
;:\xbd\xae\xed\x5c\xce\x7fV_\xaa\xae\x1d\xd8\x13\xdb\
S\xb7\xeeP\xdd\xbb\xba\x7f\xf5\xd8\xea\xa9\xd5E\x03{\
\xba9\xdfS=\xb3\xfa\xf3\xd1\x8dLF\xfe\xb95\xe4\
\xffH\xbc\xa1\xed\xe2\x88\xd9\xea3\xd5\x8b\x9b\xfb\xcb\x89\
\xff\xedv\xd5/W\x1fo\xfc\xfe\xb9\xb1\x9a\xfe)a\
\x03\xbc\xa1\xf1\x9f\x8b\xfc\x1f\x07\xf9\xdf\x99\x8b\xdb&\xe9\
\xd1\x1f\xcc\x99\xf5\xb5\xeaw\xdb\xee\xe7\xcc>\xdd\xb6\xfa\
\xad\xea\xea\xc6\xef\xa73\xeb\x9a\xea\xc2\x03\xbe\xee\xbd\x91\
\x7f\x0eA\xfew\xe2\xe9\x8d\xffP\xce\xac/\xe4!$\
\xc7\xe4\xe1m\xe7\x97G\xef\xab3\xeb\xc9\x07}\xc5\xfb\
\x22\xff\x1c\x92\xfc\xdf\x84Y~\x05\xf0\x93\xa3\x1b8\xc3\
\xfb\xaa\x07Vo\x1e\xdd\x08g\xcd\xdb\xaa\x87V\x1f\x18\
\xdd\xc8\x19\x1e;\xba\x81\x89\xc8?\x87$\xff\x93{w\
\xe3'\xb2Sm\xe7\x8c\xee|\xe0\xd7\xca8\x97T\x9f\
k\xfc>;\xd5\xf6\x80\x106\xf2\xcfI\x90\xff\x09]\
\xdc\xf6\x94\xa4\xd1\x1f\xc8U\xb9\x09\xc9\x0a\x1e\xd9\x1c\xe7\
\x04\xaf\xcby\xc0\x92\x7fN\x96\xfcO\xe6\xc1\x8d\xff0\
NU\xbfy\xe8\x17\xca4~\xaf\xf1\xfb\xedT\xdb\xa1\
\xe6\xd5\xc9?'M\xfe'\xf2\xdc\xc6\x7f\x10\x1fk\xbb\
b\x945\x5c\xd8\x1c\x87\x02\x9fs\xe8\x17\xba\x03\xf2\xcf\
I\x93\xff\xd3f\xb8\x08\xf0\xd2\xd1\x0dT/\xcd\x0d=\
Vre\xf5\x07\xa3\x9bh\x8e\xbd?\xda\x0c\xef\x81\xfc\
\xafE\xfeO\x9ba\x00\xb8l\xf0\xfaWV\xaf\x1c\xdc\
\x03'\xef\xe5m\x9f\xfdH\xc3\xbf\x00& \xff\x8c \
\xff\xcd1\x00\xdcc\xf0\xfa\xff\xd0\xf8\x8d\xc0\xc9\xfbj\
\xf5O\x83{\xb8d\xf0\xfa3\x90\x7fF\x90\xff\xe6\x18\
\x00F\xdf\xb3\xf9\xf5\x83\xd7g\x9c\xd7\x0d^\x7f\xf4\xde\
\x9f\xc1\xe8\xf7@\xfe\xd7\xb5|\xfeg\x18\x00.\x1e\xbc\
\xfe{\x06\xaf\xcf8\xef\x1d\xbc\xfe\xf0/\x80\x09\xc8?\
\xa3,\x9f\xff\x19\x06\x80\xd1\xbf\x85\xfc\x8f\xc1\xeb3\xce\
'\x07\xaf?\xfc\x0b`\x02\xf2\xcf(\xcb\xe7\x7f\x86\x01\
`\xf4\x9bp\xc5\xe0\xf5\x19g\xf43\xb9G\xef\xfd\x19\
\x8c~\x0f\xe4\x7f]\xcb\xe7\xff\x9c\xd1\x0d\xb4\xfd\x1er\
\xa4\x19\xde\x03\xc6\xb1\xff\xc6\xf2\xfe3\xd2\xd2\xfbo\x86\
#\x00\x00\xc0\x093\x00\x00\xc0\x82\x0c\x00\x00\xb0 \x03\
\x00\x00,\xc8\x00\x00\x00\x0b2\x00\x00\xc0\x82\x0c\x00\x00\
\xb0 \x03\x00\x00,\xc8\x00\x00\x00\x0b2\x00\x00\xc0\x82\
\x0c\x00\x00\xb0 \x03\x00\x00,\xc8\x00\x00\x00\x0b2\x00\
\x00\xc0\x82\x0c\x00\x00\xb0 \x03\x00\x00,\xc8\x00\x00\x00\
\x0b2\x00\x00\xc0\x82\x0c\x00\x00\xb0 \x03\x00\x00,\xc8\
\x00\x00\x00\x0b2\x00\x00\xc0\x82\x0c\x00\x00\xb0 \x03\x00\
\x00,\xc8\x00\x00\x00\x0b2\x00\x00\xc0\x82\x0c\x00\x00\xb0\
 \x03\x00\x00,\xc8\x00\x00\x00\x0b2\x00\x00\xc0\x82\x0c\
\x00\x00\xb0 \x03\x00\x00,\xc8\x00\x00\x00\x0b2\x00\x00\
\xc0\x82\x0c\x00\x00\xb0 \x03\x00\x00,\xc8\x00\x00\x00\x0b\
2\x00\x00\xc0\x82\x0c\x00\x00\xb0 \x03\x00\x00,\xc8\x00\
\x00\x00\x0b2\x00\x00\xc0\x82\x0c\x00\x00\xb0 \x03\x00\x00\
,\xc8\x00\x00\x00\x0b2\x00\x00\xc0\x82\x0c\x00\x00\xb0 \
\x03\x00\x00,\xc8\x00\x00\x00\x0b2\x00\x00\xc0\x82\x0c\x00\
\x00\xb0 \x03\x00\x00,\xc8\x00\x00\x00\x0b2\x00\x00\xc0\
\x82\x0c\x00\x00\xb0 \x03\x00\x00,\xc8\x00\x00\x00\x0b2\
\x00\x00\xc0\x82\x0c\x00\x00\xb0 \x03\x00\x00,\xc8\x00\x00\
\x00\x0b2\x00\x00\xc0\x82\x0c\x00\x00\xb0 \x03\x00\x00,\
\xc8\x00\x00\x00\x0b2\x00\x00\xc0\x82\x0c\x00\x00\xb0 \x03\
\x00\x00,\xc8\x00\x00\x00\x0b2\x00\x00\xc0\x82\x0c\x00\x00\
\xb0 \x03\x00\x00,\xc8\x00\x00\x00\x0b2\x00\x00\xc0\x82\
\x0c\x00\x00\xb0 \x03\x00\x00,\xc8\x00\x00\x00\x0b2\x00\
\x00\xc0\x82\x0c\x00\x00\xb0 \x03\x00\x00,\xc8\x00\x00\x00\
\x0b2\x00\x00\xc0\x82\x0c\x00\x00\xb0 \x03\x00\x00,\xc8\
\x00\x00\x00\x0b2\x00\x00\xc0\x82\x0c\x00\x00\xb0 \x03\x00\
\x00,\xc8\x00\x00\x00\x0b2\x00\x00\xc0\x82\x0c\x00\x00\xb0\
 \x03\x00\x00,\xc8\x00\x00\x00\x0b2\x00\x00\xc0\x82\x0c\
\x00\x00\xb0\xa0\x19\x06\x80k\x06\xaf\x7f\xfe\xe0\xf5\x19\xe7\
\xbb\x06\xaf\xff?\x83\xd7\x9f\x81\xfc3\xca\xf2\xf9\x9fa\
\x00\xf8\xca\xe0\xf5/\x1e\xbc>\xe3\xdc~\xf0\xfa\xa3\xf7\
\xfe\x0cF\xbf\x07\xf2\xbf\xae\xe5\xf3?\xc3\x00p\xe5\xe0\
\xf5\x7f`\xf0\xfa\x8c\xf3\x83\x83\xd7\x1f\xfe\x050\x01\xf9\
g\x94\xe5\xf3?\xc3\x00p\xc5\xe0\xf5\xef?x}\xc6\
\xb9\xdf\xe0\xf5\x87\x7f\x01L@\xfe\x19e\xf9\xfc\xcf0\
\x00\x8c~\x13\x1e;x}\xc6y\xdc\xe0\xf5G\xff\xe5\
7\x03\xf9g\x94\xe5\xf3?\xc3\x00\xf0\xe9\xc1\xeb?\xbd\
\xbapp\x0f\x9c\xbc\x0b\xaa'\x0f\xee\xe1S\x83\xd7\x9f\
\x81\xfc3\x82\xfc7\xc7\x00\xf0\xd1\xc1\xeb_P={\
p\x0f\x9c\xbc\x174\xfe\x8b\xffc\x83\xd7\x9f\x81\xfc3\
\xc2\x0b\x92\xff)<\xb7:5\xb8>^\xdd\xf6\xd0/\
\x94i\x5cX}\xae\xf1\xfb\xee9\x87~\xa1; \xff\
\x9c4\xf9?\xcd\x11\x80\xcd\x0fU\xbf>\xba\x09N\xcc\
oTw\x19\xddDs\xec\xfd\xd1fx\x0f\xe4\x7f-\
\xf2?\x91\x8b\xaa\xeb\x1a?\x8d]]=\xe2\xc0\xaf\x95\
\xf1~\xac\xed\xb3\x1e\xbd\xdf\xaek\xfc!\xc8\x19\xc8?\
'I\xfe'\xf4\xee\xc6\x7f \xa7\xda\x0e\x0b]r\xe0\
\xd7\xca8\xf7j\x8eC\x7f\xa7\xaa\xcb\x0f\xfcZ\xf7D\
\xfe9\x09\xf2\xffMf8\x05P\xf5\xba\xd1\x0d\x9cv\
\x97\xea\xd5\xf9\x128F\xf7j\xfblg8\xf4W\xf3\
\xec\xf9\x19\xcc\xf2^\xc8\xff\xf1\x92\xff\x89=\xad\xf1\x13\
\xd9\x99\xf5_\xd5\xa3\x0f\xfa\x8a9I\x8f\xa8>\xdb\xf8\
}uf=\xe9\xa0\xafx_\xe4\x9fC\x92\xff\xc9]\
T]\xdb\xf8\x0f\xe5\xcc\xba\xba\xfa\xed\x5c\x1d\xbcg\xe7\
W\xbf\xd3\x1c\xe7\xfc\xce\xackr\xfe\xefL\xf2\xcf!\
\xc8\xff\x8e\xbc\xbe\xf1\x1f\xcc\x8d\xd5'\xaa_i\xfb\xbd\
0\xfbpA\xf5\xab\xd5'\x1b\xbf\x7fn\xac^s\xb8\
\x97\xbe[\xf2\xcf\xd9\x22\xff;\xf4\xa2\xc6\x7f07W\
_\xa9\xfe\xb6\xfa\xb5\xeaa\xd5\x9d\xf3(\xd1\x19\x9c\xdf\
\xf6Y<\xaczq\xf5\xca\xb6\xcfj\xf4~\xb9\xb9z\
\xfeA\xde\x89}\x93\x7fn\x0d\xf9\xff\x0e\x9c3\xba\x81\
3\x5c\xdcv\x9e\xe6v\xa3\x1b\x81\x03\xba\xaa\xbak\xe3\
\xef\x81?\x1b\xf9g\x05S\xe5\x7f\x96_\x01\xd4\xf6`\
\x84W\x8dn\x02\x0e\xec\xef\x9a$\xfc\x93\x91\x7fV0\
U\xfeg\x1a\x00\xaa^>\xba\x018\xb0W\x8cn`\
b\xf2\xcf\xb1\x9b*\xff3\x9d\x02\xa8\xad\x9f\xcb\xab\x07\
\x8en\x04\x0e\xe0=m{\xfb\xd4\xe8F&%\xff\x1c\
\xb3\xe9\xf2?\xdb\x11\x80S\xd5\x1f\x8fn\x02\x0e\xe4\x0f\
\x9b(\xfc\x13\x92\x7f\x8e\xd9t\xf9\x9f\xed\x08@\xd5\xb9\
\xd5\x07\xabKG7\x02g\xd1\x87\xab\xfbV\xd7\x8fn\
dr\xf2\xcf1\x9a2\xff\xb3\x1d\x01\xa8\xed!\x09\x7f\
4\xba\x098\xcb^\xd2d\xe1\x9f\x94\xfcs\x8c\xa6\xcc\
\xff\x8cG\x00j\x1bL\xdeZ=tt#p\x16\x5c\
\xde\xf6;\xe5\xe9\xbe\x00&%\xff\x1c\x93i\xf3?\xeb\
\x00P\xf5\xe0\xea\xed\xcdy\x94\x02\xbeU\xd7\xb7\xdd\x8b\
\xfc\x1d\xa3\x1b\xd9\x19\xf9\xe7\x18L\x9d\xffsG7p\
3>S\xdd\xbd\xed\x8b\x00\xf6\xeaO\xab?\x1b\xdd\xc4\
\x0e\xc9?\xc7`\xea\xfc\xcf|\x04\xa0\xea{\xdb.\x9e\
\xb8\xf3\xe8F\xe0V\xf8|uY\xf5\xa5\xd1\x8d\xec\x94\
\xfc\xb3g\xd3\xe7\x7f\xf6\xc3k\xff]\xbd\xa0\x09\xcf\x9d\
\xc0-\xb8\xbe\xed\x9e\xdf\xd3\x86\x7f\x07\xe4\x9f\xbd\xdaE\
\xfeg>\x05p\x83O\xb4\xdd\x1f\xfcQ\xa3\x1b\x81o\
\xc3K\x9a\xf8\xd0\xdf\x8e\xc8?{\xb4\x8b\xfc\xcf~\x0a\
\xe0\x06\xe7\xb5=.\xd4\x97\x00{\xf0\xa6\xeaq\xd5\xd7\
G7r$\xe4\x9f=\xd9M\xfe\xf72\x00T\xdd\xb3\
\xedJ\xca\xbb\x8dn\x04n\xc6g\xaa\x87\x9c\xfe/g\
\x8f\xfc\xb3\x07\xbb\xca\xff\xec\xd7\x00\x9c\xe9\xd3\xd5\x13\xab\
/\x8en\x04n\xc2\x97\xab\xa7\xb6\x93\xf0\xef\x8c\xfc3\
\xbb\xdd\xe5\x7fO\x03@\xd5\xfb\xab\x9f\xa9\xae\x1e\xdd\x08\
|\x93\xab\xab\xa7\xb7=\xf0\x83\xc3\x90\x7ff\xb5\xcb\xfc\
\xefm\x00\xa8zc\xf5\xdc\xb6[\x86\xc2\x0c\xae\xab\x9e\
S\xbdyt#\x0b\x90\x7ff#\xff\x03<\xa3\xba\xaa\
\xed\xe9JJ\x8d\xaa\xab\xab\x9f\x8b\x93&\xffj\x86\xda\
u\xfe\xf7t\x11\xe0\x8dyt\xf5\xaa\xea\xf6\xa3\x1ba\
I_j\xfb\x8b\xe8M\xa3\x1bY\x94\xfc3\xd2\xee\xf3\
\xbf\xf7\x01\xa0\xb6G,\xfeKu\x8f\xd1\x8d\xb0\x94\xcf\
VOig\xe7\xfc\x8e\x90\xfc3\xc2Q\xe4\x7f\x8f\xd7\
\x00|\xb3\x0fT\x0f\xcf\xf9\x17N\xce\x9b\xda~\xea\xb3\
\xeb\xf0\x1f\x09\xf9\xe7\xa4\x1dM\xfe\xf7p'\xc0o\xc5\
\x15\xd5_\xb4\x9d\x93\xf9\x89\x8e\xe3\xc8\x06\xf39U\xfd\
I\xf5\x0bM~\x8b\xcf\xc5\xc8?'A\xfew\xe0\xc9\
m\x0fa\x18}q\x88:\xae\xfa\x5c\xdb\xef\xd0\x99\x9b\
\xfc\xabC\x94\xfc\xef\xc8\x1d\xaa\x97\xb5\xdd\x8aq\xf4\xc6\
Q\xfb\xae\xeb\xaaWTw\x8a\xbd\x90\x7fu\xb6J\xfe\
w\xec\x01\xd5[\x1b\xbf\x89\xd4>\xeb]\xd5\xc3b\xaf\
\xe4_}'%\xffG\xe06\xd5/V\x1fj\xfc\x86\
R\xfb\xa8\x0f\xb6\xddl\xe6\x18.\x92]\x9d\xfc\xabo\
\xb7\xe4\xff\x08\xdd\xa6\xedV\x8d\xefl\xfc\x06Ss\xd6\
\xfb\xaa\xe7u<\x17\xc7\xf2\x0d\xf2\xafn\xa9\xe4\x7f\x01\
\xe7T?U\xfdU\xf5\xd5\xc6o:5\xb6\xbeZ\xfd\
e\xf5\x84\x5c=\xbe\x02\xf9W\xf2OU\x17U/\xac\
^[]\xdb\xf8\xcd\xa8N\xa6\xae\xa9^S=\xbfm\
\x0f\xb0&\xf9_\xb3\xe4\xff4\x13\xcf7\xdc\xaezd\
\xf5\xf8\xeaQm\x17\x7f\x9c7\xb4#\xce\x96\xeb\xab\x8f\
Toi\x0b\xfe\xbf\xb5=\xba\x13n \xff\xc7K\xfe\
o\x82\x01\xe0\xa6]X\xdd\xa7\xba\xf4\x8c\xba\xe4\xf4\xff\
\xbf\xa8\xed\xa7F\x17V\xe7\x8fj\x90j\x9b\xe6\xafl\
\xbb1\xc7WN\xd7\xa7\xab\x8f\xb6\x85\xfec\xa7\xeb\xca\
Q\x0d\xb2K\xf2\xbf\x0f\xf2\x0f\x00\x00\x00\x00\x00\x00\x00\
\x00\x00\x00\x00\x00\x00\x00\x00\x00\x00\x00\x00\x00\x00\x00\x00\
\x00\x00\x00\x00\x00\x00\x00\x00\x00\x00\x00\x00\x00\x00\x00\x00\
\x00\x00\x00\x00\x00\x00\x00\x00\x00\x00\x00\x00\x00\x00\x00\x00\
\x00\x00\x00\x00\x00\x00\x00\x00\x00\x00\x00\x00\x00\x00\x00\x00\
\x00\x00\x00\x00\x00\x00\x00\x00\x00\x00\x00\x00\x00\x00\x00\x00\
\x00\x00\x00\x00\x00\x00\x00\x00\x00\x00\x00\x00\x00\x00\x00\x00\
\x00\x00\x00\x00\x00\x00\x00\x00\x00\x00\x00\x00\x00\x00\x00\x00\
\x00\x00\x00\x00\x00\x00\x000\x81sF70\xb1\x8b\xab\
\xfbT\x97V\x97\x9d\xfe\xf3%\xd5\x85\xd5\x05\xd5\x1dO\
\xff\xf7\xfcQ\x0dR\xd55\xd5W\xab/VW\x9e\xfe\
\xf3\xa7\xaa\x8fV\x1f\xa9>v\xba\xae\x18\xd5 \xbb$\
\xff\xfb \xff\xdf\x01\x03\xc07\x5cP=\xa2z\xfc\xe9\
z@u\x9b\xa1\x1dq6}\xb2z\xcd\xe9\xfa\xf7\xea\
Kc\xdba2\xf2\x7f\xdc\xe4\x9f\xff\xe3\xf6\xd5/U\
o\xa8\xae\xadN\xa9%\xea\xda\xea\xf5\xd5\x8b\xda\xfe\xa5\
\xc7\x9a\xe4\x7f\xcd\x92\xff\x85\x9dS=\xa9\xfa\x9b\xea\xaa\
\xc6oF5\xb6\xae\xaa\xfe\xbazb\x8e\x88\xad@\xfe\
\x95\xfc/\xe86\xd5\xd3\xab\xcb\x1b\xbf\xe9\xd4\x9c\xf5\xfe\
\xeay\xd5yql\xe4_\xddR\xc9\xff\x11:\xb7z\
a\xdb\x85 \xa37\x98\xdaG}\xa4zA\xdb\xdea\
\xdf\xe4_}\xbb%\xffG\xe2A\xd5\xdb\x1b\xbf\xa1\xd4\
>\xeb\xddm\x17\x86\xb1O\xf2\xaf\xbe\x93\x92\xff\x9d\xba\
c\xf5\xb2\xea\xeb\x8d\xdfDj\xdfu}\xf5\x8a\xea\xfb\
b/\xe4_\x9d\xad\x92\xff\x9dyj\xf5\x85\xc6o\x1c\
u\x5c\xf5\xf9\xea\xc91;\xf9W\x87(\xf9\x9f\xdcy\
\xd5\xefW\xd75~\xb3\xa8\xe3\xac\xeb\xdb\xfeey\xdb\
\x98\x8d\xfc\xabC\x97\xfcO\xea\x92\xea-\x8d\xdf j\
\x8dz{u\xef\x98\x85\xfc\xab\x93\xac\xa3\xc9\xff1\xfc\
\xee\xf1\xbe\xd5\xbfVw\x1f\xdd\x08K\xf9\x5c\xf5\x94\xb6\
\x0b\x85\x18G\xfe\x19\xe1(\xf2\xbf\xf7[]>\xa6m\
\xf2\x17~N\xda]\xab7UO\x18\xdd\xc8\xc2\x1e\x93\
\xfc3\x86\xfc\x0f\xf6\x8c\xeak\x8d?\x1c\xa4\xd6\xae\xab\
\xabg\xc5I\x93\x7f5C\xc9\xff\x00?\x9b\x9f\xf8\xa8\
y\xea\xeb\xd53\xe3\xa4\xc8\xbf\x9a\xa9v\x9b\xff=^\
\x03\xf0\x98\xea\x9f\xab\xef\x1e\xdc\x07\x9c\xe9\x9a\xeaim\
O\x1a\xe3p\x1e\x93\xfc3\x9f]\xe6\x7fo\x03\xc0\x8f\
Vo\xac\xee0\xba\x11\xb8\x11W\xb4\xfd\x05\xb5\xeb\x0b\
\x83&&\xff\xcclw\xf9\xdf\xd3\x00p\xaf\xea\x1d\xd5\
]F7\x027\xe3\xb3\xd5C\xabO\x8fn\xe4\xc8\xc8\
?{\xb0\xab\xfc\xef\xe5W\x00\xe7\xb5=\xb2Q\xf8\x99\
\xdd\xdd\xaa\xff\x97\x9b\x85\x9cM\xf2\xcf^\xec*\xff{\
y\xda\xd1K\xabg\x8fn\x02\xbeE\xf7l\xfbK\xeb\
\xb5\xa3\x1b9\x12\xf2\xcf\x9e\xec&\xff{8\x05\xf0\x94\
\xea\x1f\xdbG\xafp\x83S\xd5OW\x7f?\xba\x91\x9d\
\x93\x7f\xf6h\x17\xf9\x9f=Tw\xaa>\x5c}\xff\xe8\
F\xe0V\xf8BuY\xf5\xc5\xd1\x8d\xec\x94\xfc\xb3g\
\xd3\xe7\x7f\xf6S\x00/\xab~|t\x13p+]P\
]\x5c\xbdzt#;%\xff\xec\xd9\xf4\xf9\x9f\xf9\x08\
\xc0C\xaa\xb7\xb5\x9f\x0b\x15\xe1\xc6\x5c_=\xb2\xed\x01\
\x22|\xeb\xe4\x9fc0u\xfeg\x1d\x00\xce\xad\xdeY\
=`t#p\x16\xbc\xabzX\xdb\xa3j\xb9e\xf2\
\xcf1\x996\xff\xb3N\xd7\xcfK\xf89\x1e\x0f\xaa~\
~t\x13;\x22\xff\x1c\x93i\xf3?\xe3\x11\x80s\xab\
\x0fU\xf7\x19\xdd\x08\x9cE\x1f\xa9~\xb8\xed\x90 7\
M\xfe9FS\xe6\x7f\xc6#\x00\xcfJ\xf89>\x97\
\xb5=\xc4\x86\x9b'\xff\x1c\xa3)\xf3?\xdb\x11\x80s\
\xaa\xf7V?2\xba\x118\x80\xf7\xb6\x1d\xda>5\xba\
\x91I\xc9?\xc7l\xba\xfc\xcfv\x04\xe0\x89\x09?\xc7\
\xeb~\xd5\x13F711\xf9\xe7\x98M\x97\xff\xd9\x06\
\x80\xe7\x8fn\x00\x0e\xecy\xa3\x1b\x98\x98\xfcs\xec\xa6\
\xca\xffL\xa7\x00.n{\x92\xd2\xedF7\x02\x07\xf4\
\xb5\xb6\x07\x86|yt#\x93\x91\x7fV0U\xfe\xcf\
\x1b\xdd\xc0\x19\x9e\xd5\xdc\xe1\xbf\xa2\xed\x8eN\xafk;\
\x97\xf3\x9f\xd5\x97\xaak\x07\xf6\xc4\xf6\xd4\xad;T\xf7\
\xae\xee_=\xb6zju\xd1\xc0\x9en\xce\xf7T\xcf\
\xac\xfe|t#\x93\x91\x7fn\x0d\xf9?\x12oh\xbb\
8b\xb6\xfaL\xf5\xe2\xe6\xfer\xe2\x7f\xbb]\xf5\xcb\
\xd5\xc7\x1b\xbf\x7fn\xac\xa6\x7fJ\xd8\x00oh\xfc\xe7\
\x22\xff\xc7A\xfew\xe6\xe2\xb6Iz\xf4\x07sf}\
\xad\xfa\xdd\xb6\xfb9\xb3O\xb7\xad~\xab\xba\xba\xf1\xfb\
\xe9\xcc\xba\xa6\xba\xf0\x80\xaf{o\xe4\x9fC\x90\xff\x9d\
xz\xe3?\x943\xeb\x0by\x08\xc91yx\xdb\xf9\
\xe5\xd1\xfb\xea\xccz\xf2A_\xf1\xbe\xc8?\x87$\xff\
7a\x96_\x01\xfc\xe4\xe8\x06\xce\xf0\xbe\xea\x81\xd5\x9b\
G7\xc2Y\xf3\xb6\xea\xa1\xd5\x07F7r\x86\xc7\x8e\
n`\x22\xf2\xcf!\xc9\xff\xe4\xde\xdd\xf8\x89\xecT\xdb\
9\xa3;\x1f\xf8\xb52\xce%\xd5\xe7\x1a\xbf\xcfN\xb5\
= \x84\x8d\xfcs\x12\xe4\x7fB\x17\xb7=%i\xf4\
\x07rUnB\xb2\x82G6\xc79\xc1\xebr\x1e\xb0\
\xe4\x9f\x93%\xff\x93yp\xe3?\x8cS\xd5o\x1e\xfa\
\x852\x8d\xdfk\xfc~;\xd5v\xa8yu\xf2\xcfI\
\x93\xff\x89<\xb7\xf1\x1f\xc4\xc7\xda\xae\x18e\x0d\x176\
\xc7\xa1\xc0\xe7\x1c\xfa\x85\xee\x80\xfcs\xd2\xe4\xff\xb4\x19\
.\x02\xbctt\x03\xd5KsC\x8f\x95\x5cY\xfd\xc1\
\xe8&\x9ac\xef\x8f6\xc3{ \xffk\x91\xff\xd3f\
\x18\x00.\x1b\xbc\xfe\x95\xd5+\x07\xf7\xc0\xc9{y\xdb\
g?\xd2\xf0/\x80\x09\xc8?#\xc8\x7fs\x0c\x00\xf7\
\x18\xbc\xfe?4~#p\xf2\xbeZ\xfd\xd3\xe0\x1e.\
\x19\xbc\xfe\x0c\xe4\x9f\x11\xe4\xbf9\x06\x80\xd1\xf7l~\
\xfd\xe0\xf5\x19\xe7u\x83\xd7\x1f\xbd\xf7g0\xfa=\x90\
\xffu-\x9f\xff\x19\x06\x80\x8b\x07\xaf\xff\x9e\xc1\xeb3\
\xce{\x07\xaf?\xfc\x0b`\x02\xf2\xcf(\xcb\xe7\x7f\x86\
\x01`\xf4o!\xffc\xf0\xfa\x8c\xf3\xc9\xc1\xeb\x0f\xff\
\x02\x98\x80\xfc3\xca\xf2\xf9\x9fa\x00\x18\xfd&\x5c1\
x}\xc6\x19\xfdL\xee\xd1{\x7f\x06\xa3\xdf\x03\xf9_\
\xd7\xf2\xf9?gt\x03m\xbf\x87\x1ci\x86\xf7\x80q\
\xec\xbf\xb1\xbc\xff\x8c\xb4\xf4\xfe\x9b\xe1\x08\x00\x00p\xc2\
\x0c\x00\x00\xb0 \x03\x00\x00,\xc8\x00\x00\x00\x0b2\x00\
\x00\xc0\x82\x0c\x00\x00\xb0 \x03\x00\x00,\xc8\x00\x00\x00\
\x0b2\x00\x00\xc0\x82\x0c\x00\x00\xb0 \x03\x00\x00,\xc8\
\x00\x00\x00\x0b2\x00\x00\xc0\x82\x0c\x00\x00\xb0 \x03\x00\
\x00,\xc8\x00\x00\x00\x0b2\x00\x00\xc0\x82\x0c\x00\x00\xb0\
 \x03\x00\x00,\xc8\x00\x00\x00\x0b2\x00\x00\xc0\x82\x0c\
\x00\x00\xb0 \x03\x00\x00,\xc8\x00\x00\x00\x0b2\x00\x00\
\xc0\x82\x0c\x00\x00\xb0 \x03\x00\x00,\xc8\x00\x00\x00\x0b\
2\x00\x00\xc0\x82\x0c\x00\x00\xb0 \x03\x00\x00,\xc8\x00\
\x00\x00\x0b2\x00\x00\xc0\x82\x0c\x00\x00\xb0 \x03\x00\x00\
,\xc8\x00\x00\x00\x0b2\x00\x00\xc0\x82\x0c\x00\x00\xb0 \
\x03\x00\x00,\xc8\x00\x00\x00\x0b2\x00\x00\xc0\x82\x0c\x00\
\x00\xb0 \x03\x00\x00,\xc8\x00\x00\x00\x0b2\x00\x00\xc0\
\x82\x0c\x00\x00\xb0 \x03\x00\x00,\xc8\x00\x00\x00\x0b2\
\x00\x00\xc0\x82\x0c\x00\x00\xb0 \x03\x00\x00,\xc8\x00\x00\
\x00\x0b2\x00\x00\xc0\x82\x0c\x00\x00\xb0 \x03\x00\x00,\
\xc8\x00\x00\x00\x0b2\x00\x00\xc0\x82\x0c\x00\x00\xb0 \x03\
\x00\x00,\xc8\x00\x00\x00\x0b2\x00\x00\xc0\x82\x0c\x00\x00\
\xb0 \x03\x00\x00,\xc8\x00\x00\x00\x0b2\x00\x00\xc0\x82\
\x0c\x00\x00\xb0 \x03\x00\x00,\xc8\x00\x00\x00\x0b2\x00\
\x00\xc0\x82\x0c\x00\x00\xb0 \x03\x00\x00,\xc8\x00\x00\x00\
\x0b2\x00\x00\xc0\x82\x0c\x00\x00\xb0 \x03\x00\x00,\xc8\
\x00\x00\x00\x0b2\x00\x00\xc0\x82\x0c\x00\x00\xb0 \x03\x00\
\x00,\xc8\x00\x00\x00\x0b2\x00\x00\xc0\x82\x0c\x00\x00\xb0\
 \x03\x00\x00,\xc8\x00\x00\x00\x0b2\x00\x00\xc0\x82\x0c\
\x00\x00\xb0 \x03\x00\x00,\xc8\x00\x00\x00\x0b2\x00\x00\
\xc0\x82\x0c\x00\x00\xb0 \x03\x00\x00,\xc8\x00\x00\x00\x0b\
2\x00\x00\xc0\x82\x0c\x00\x00\xb0 \x03\x00\x00,h\x86\
\x01\xe0\x9a\xc1\xeb\x9f?x}\xc6\xf9\xae\xc1\xeb\xff\xcf\
\xe0\xf5g \xff\x8c\xb2|\xfeg\x18\x00\xbe2x\xfd\
\x8b\x07\xaf\xcf8\xb7\x1f\xbc\xfe\xe8\xbd?\x83\xd1\xef\x81\
\xfc\xafk\xf9\xfc\xcf0\x00\x5c9x\xfd\x1f\x18\xbc>\
\xe3\xfc\xe0\xe0\xf5\x87\x7f\x01L@\xfe\x19e\xf9\xfc\xcf\
0\x00\x5c1x\xfd\xfb\x0f^\x9fq\xee7x\xfd\xe1\
_\x00\x13\x90\x7fFY>\xff3\x0c\x00\xa3\xdf\x84\xc7\
\x0e^\x9fq\x1e7x\xfd\xd1\x7f\xf9\xcd@\xfe\x19e\
\xf9\xfc\xcf0\x00|z\xf0\xfaO\xaf.\x1c\xdc\x03'\
\xef\x82\xea\xc9\x83{\xf8\xd4\xe0\xf5g \xff\x8c \xff\
\xcd1\x00|t\xf0\xfa\x17T\xcf\x1e\xdc\x03'\xef\x05\
\x8d\xff\xe2\xff\xd8\xe0\xf5g \xff\x8c\xf0\x82\xe4\x7f\x0a\
\xcf\xadN\x0d\xae\x8fW\xb7=\xf4\x0be\x1a\x17V\x9f\
k\xfc\xbe{\xce\xa1_\xe8\x0e\xc8?'M\xfeOs\
\x04`\xf3C\xd5\xaf\x8fn\x82\x13\xf3\x1b\xd5]F7\
\xd1\x1c{\x7f\xb4\x19\xde\x03\xf9_\x8b\xfcO\xe4\xa2\xea\
\xba\xc6OcWW\x8f8\xf0ke\xbc\x1fk\xfb\xac\
G\xef\xb7\xeb\x1a\x7f\x08r\x06\xf2\xcfI\x92\xff\x09\xbd\
\xbb\xf1\x1f\xc8\xa9\xb6\xc3B\x97\x1c\xf8\xb52\xce\xbd\x9a\
\xe3\xd0\xdf\xa9\xea\xf2\x03\xbf\xd6=\x91\x7fN\x82\xfc\x7f\
\x93\x19N\x01T\xbdnt\x03\xa7\xdd\xa5zu\xbe\x04\
\x8e\xd1\xbd\xda>\xdb\x19\x0e\xfd\xd5<{~\x06\xb3\xbc\
\x17\xf2\x7f\xbc\xe4\x7fbOk\xfcDvf\xfdW\xf5\
\xe8\x83\xbebN\xd2#\xaa\xcf6~_\x9dYO:\
\xe8+\xde\x17\xf9\xe7\x90\xe4\x7fr\x17U\xd76\xfeC\
9\xb3\xae\xae~;W\x07\xef\xd9\xf9\xd5\xef4\xc79\
\xbf3\xeb\x9a\x9c\xff;\x93\xfcs\x08\xf2\xbf#\xafo\
\xfc\x07sc\xf5\x89\xeaW\xda~/\xcc>\x5cP\xfd\
j\xf5\xc9\xc6\xef\x9f\x1b\xab\xd7\x1c\xee\xa5\xef\x96\xfcs\
\xb6\xc8\xff\x0e\xbd\xa8\xf1\x1f\xcc\xcd\xd5W\xaa\xbf\xad~\
\xadzXu\xe7<Jt\x06\xe7\xb7}\x16\x0f\xab^\
\x5c\xbd\xb2\xed\xb3\x1a\xbd_n\xae\x9e\x7f\x90wb\xdf\
\xe4\x9f[C\xfe\xbf\x03\xe7\x8cn\xe0\x0c\x17\xb7\x9d\xa7\
\xb9\xdd\xe8F\xe0\x80\xae\xaa\xee\xda\xf8{\xe0\xcfF\xfe\
Y\xc1T\xf9\x9f\xe5W\x00\xb5=\x18\xe1U\xa3\x9b\x80\
\x03\xfb\xbb&\x09\xffd\xe4\x9f\x15L\x95\xff\x99\x06\x80\
\xaa\x97\x8fn\x00\x0e\xec\x15\xa3\x1b\x98\x98\xfcs\xec\xa6\
\xca\xffL\xa7\x00j\xeb\xe7\xf2\xea\x81\xa3\x1b\x81\x03x\
O\xdb\xde>5\xba\x91I\xc9?\xc7l\xba\xfc\xcfv\
\x04\xe0T\xf5\xc7\xa3\x9b\x80\x03\xf9\xc3&\x0a\xff\x84\xe4\
\x9fc6]\xfeg;\x02Pun\xf5\xc1\xea\xd2\xd1\
\x8d\xc0Y\xf4\xe1\xea\xbe\xd5\xf5\xa3\x1b\x99\x9c\xfcs\x8c\
\xa6\xcc\xfflG\x00j{H\xc2\x1f\x8dn\x02\xce\xb2\
\x974Y\xf8'%\xff\x1c\xa3)\xf3?\xe3\x11\x80\xda\
\x06\x93\xb7V\x0f\x1d\xdd\x08\x9c\x05\x97\xb7\xfdNy\xba\
/\x80I\xc9?\xc7d\xda\xfc\xcf:\x00T=\xb8z\
{s\x1e\xa5\x80o\xd5\xf5m\xf7\x22\x7f\xc7\xe8Fv\
F\xfe9\x06S\xe7\xff\xdc\xd1\x0d\xdc\x8c\xcfTwo\
\xfb\x22\x80\xbd\xfa\xd3\xea\xcfF7\xb1C\xf2\xcf1\x98\
:\xff3\x1f\x01\xa8\xfa\xde\xb6\x8b'\xee<\xba\x11\xb8\
\x15>_]V}it#;%\xff\xec\xd9\xf4\xf9\
\x9f\xfd\xf0\xda\x7fW/h\xc2s'p\x0b\xaeo\xbb\
\xe7\xf7\xb4\xe1\xdf\x01\xf9g\xafv\x91\xff\x99O\x01\xdc\
\xe0\x13m\xf7\x07\x7f\xd4\xe8F\xe0\xdb\xf0\x92&>\xf4\
\xb7#\xf2\xcf\x1e\xed\x22\xff\xb3\x9f\x02\xb8\xc1ym\x8f\
\x0b\xf5%\xc0\x1e\xbc\xa9z\x5c\xf5\xf5\xd1\x8d\x1c\x09\xf9\
gOv\x93\xff\xbd\x0c\x00U\xf7l\xbb\x92\xf2n\xa3\
\x1b\x81\x9b\xf1\x99\xea!\xa7\xff\xcb\xd9#\xff\xec\xc1\xae\
\xf2?\xfb5\x00g\xfat\xf5\xc4\xea\x8b\xa3\x1b\x81\x9b\
\xf0\xe5\xea\xa9\xed$\xfc;#\xff\xccnw\xf9\xdf\xd3\
\x00P\xf5\xfe\xeag\xaa\xabG7\x02\xdf\xe4\xea\xea\xe9\
m\x0f\xfc\xe00\xe4\x9fY\xed2\xff{\x1b\x00\xaa\xde\
X=\xb7\xed\x96\xa10\x83\xeb\xaa\xe7To\x1e\xdd\xc8\
\x02\xe4\x9f\xd9\xc8\xff\x00\xcf\xa8\xaej{\xba\x92R\xa3\
\xea\xea\xea\xe7\xe2\xa4\xc9\xbf\x9a\xa1v\x9d\xff=]\x04\
xc\x1e]\xbd\xaa\xba\xfd\xe8FX\xd2\x97\xda\xfe\x22\
z\xd3\xe8F\x16%\xff\x8c\xb4\xfb\xfc\xef}\x00\xa8\xed\
\x11\x8b\xffR\xddct#,\xe5\xb3\xd5S\xda\xd99\
\xbf#$\xff\x8cp\x14\xf9\xdf\xe35\x00\xdf\xec\x03\xd5\
\xc3s\xfe\x85\x93\xf3\xa6\xb6\x9f\xfa\xec:\xfcGB\xfe\
9iG\x93\xff=\xdc\x09\xf0[qE\xf5\x17m\xe7\
d~\xa2\xe38\xb2\xc1|NU\x7fR\xfdB\x93\xdf\
\xe2s1\xf2\xcfI\x90\xff\x1dxr\xdbC\x18F_\
\x1c\xa2\x8e\xab>\xd7\xf6;t\xe6&\xff\xea\x10%\xff\
;r\x87\xeaem\xb7b\x1c\xbdq\xd4\xbe\xeb\xba\xea\
\x15\xd5\x9db/\xe4_\x9d\xad\x92\xff\x1d{@\xf5\xd6\
\xc6o\x22\xb5\xcfzW\xf5\xb0\xd8+\xf9W\xdfI\xc9\
\xff\x11\xb8M\xf5\x8b\xd5\x87\x1a\xbf\xa1\xd4>\xea\x83m\
7\x9b9\x86\x8bdW'\xff\xea\xdb-\xf9?B\xb7\
i\xbbU\xe3;\x1b\xbf\xc1\xd4\x9c\xf5\xbe\xeay\x1d\xcf\
\xc5\xb1|\x83\xfc\xab[*\xf9_\xc09\xd5OU\x7f\
U}\xb5\xf1\x9bN\x8d\xad\xafV\x7fY=!W\x8f\
\xaf@\xfe\x95\xfcS\xd5E\xd5\x0b\xab\xd7V\xd76~\
3\xaa\x93\xa9k\xaa\xd7T\xcfo\xdb\x03\xacI\xfe\xd7\
,\xf9?\xcd\xc4\xf3\x0d\xb7\xab\x1eY=\xbezT\xdb\
\xc5\x1f\xe7\x0d\xed\x88\xb3\xe5\xfa\xea#\xd5[\xda\x82\xff\
om\x8f\xee\x84\x1b\xc8\xff\xf1\x92\xff\x9b`\x00\xb8i\
\x17V\xf7\xa9.=\xa3.9\xfd\xff/j\xfb\xa9\xd1\
\x85\xd5\xf9\xa3\x1a\xa4\xda\xa6\xf9+\xdbn\xcc\xf1\x95\xd3\
\xf5\xe9\xea\xa3m\xa1\xff\xd8\xe9\xbarT\x83\xec\x92\xfc\
\xef\x83\xfc\x03\x00\x00\x00\x00\x00\x00\x00\x00\x00\x00\x00\x00\
\x00\x00\x00\x00\x00\x00\x00\x00\x00\x00\x00\x00\x00\x00\x00\x00\
\x00\x00\x00\x00\x00\x00\x00\x00\x00\x00\x00\x00\x00\x00\x00\x00\
\x00\x00\x00\x00\x00\x00\x00\x00\x00\x00\x00\x00\x00\x00\x00\x00\
\x00\x00\xc0\x81\xfd\x7fc\x16\xc4\xd2\xb3DA\x16\x00\x00\
\x00\x00IEND\xaeB`\x82\
\x00\x0049\
\x89\
PNG\x0d\x0a\x1a\x0a\x00\x00\x00\x0dIHDR\x00\
\x00\x02\x00\x00\x00\x02\x00\x08\x06\x00\x00\x00\xf4x\xd4\xfa\
\x00\x00\x00\x09pHYs\x00\x00\x0e\xc3\x00\x00\x0e\xc3\
\x01\xc7o\xa8d\x00\x00\x00\x19tEXtSof\
tware\x00www.inksca\
pe.org\x9b\xee<\x1a\x00\x00 \x00ID\
ATx\x9c\xed\xddy\xfc\xfd\xe5\x9c\xff\xf1\xc7K\xda\
KJ\xa6Dh\x13!~\x8a\xa2\xb4K%kE\x0b\
\x22k\xb2\xc4\x98\x891\xa3\x8c\x19\xb2Md\x89\xd1\x18\
K\xa9)\xa1\x94J\xfbb\xb2L\x96\xb2$\x94\x92$\
K\xa4\xd2\xfa}\xfd\xfe\xb8\xceW\xa5o\xf5Y\xcey\
_\xef\xf3\xbe\x1e\xf7\xdb\xad\x7ff>\xe7\x9c\xa7\xcf\xf7\
|\xce\xf5<\xd7\xfbz_\x17H\x92$I\x92$I\
\x92$I\x92$I\x92$I\x92$I\x92$I\x92\
$I\x92$I\x92$I\x92\xa4\x09\x8a\xda\x01$I\
jAf\xde\x0fx2\xb0\x1a\xb0\x0a\xb08p#\xf0\
{\xe0\x12\xe0\xc2\x88\xf8}Wy,\x00\x92$M@\
f\xae\x0e<e\xf4\xdf&\xc0\xe3\x81\xc5\xee\xe5a?\
\x03N\x00\x8e\x03\xce\x88\x88\x9cT>\x0b\x80$I\xf3\
\x94\x99\x8b\x03O\xa0|\xc3\x7f2e\xd0\x7f\xc8<\x9f\
\xf6\x22\xe0`\xe0\xbf\x22\xe2\xe6y>\xd7]X\x00$\
I\x9a\xa5\xcc\xfc;\xee<\xd8o\x08,=\xa1\x97\xbb\
\x08xmD\x9c6\xce'\xb5\x00H\x92t\x0f2s\
1\xe0\x91\xc0\x06\x94\xa9\xfcM\x81G\xd1\xed\x18\x9a\xc0\
{\x81\x7f\x8a\x88\x05\xe3xB\x0b\x80$Iw\x90\x99\
+\x00\x1bs\xfb\xb7\xfb\x8d\x80\xfbU\x0du\xbb\xcf\x01\
{\x8ecm\xc0}\xc7\x10F\x92\xa4\xa9\x95\x99\xabq\
\xfb7\xfbM\x80\xff\x07\xdc\xa7j\xa8\xbb\xf7\x22\xca\x1d\
\x03\x07\xcc\xf7\x89\x9c\x01\x90$5#3\x97\xa1\x5c\xaf\
_\xb8:\x7fc\xe0\x81UC\xcd^\x02[G\xc4\x19\
\xf3y\x12\x0b\x80$i\xb0F\xdf\xee\xefx\xed~C\
`\xc9\xaa\xa1\xc6\xe3b`\xfd\x88\xb8i\xaeO`\x01\
\x90$\x0d\xc2\x84n\xc5\xeb\xb3\xd7E\xc4G\xe6\xfa`\
\x0b\x80$i*\x8d\x16\xeb=\x91\xdb\xaf\xddo\xc2\xe4\
n\xc5\xeb\xa3_\x02kE\xc4-sy\xb0\x05@\x92\
\xd4{\xa3[\xf1\x1eM\xf9V\xbf\xf0\x1b\xfe:UC\
\xf5\xc3\xf3#\xe2\xe8\xb9<\xd0\x02 I\xea\x9d\xcc\x5c\
\x8e\xb2u\xee\xc2k\xf7O\x01V\xaa\x1a\xaa\x9f\xbe\x12\
\x11\xcf\x9a\xcb\x03-\x00\x92\xa4\xea2\xf3\x11\xdc~\xdd\
\xfe)\xc0z\xf4\xf7V\xbc>\xb9\x05x\xd0\x5c\x0e\x11\
r\x1f\x00IR\xa7F\x8b\xf5\xd6\xe7\xf6k\xf7[0\
}\xb7\xe2\xf5\xc5\xe2\xc0\xb6\xc0\x11\xb3}\xa0\x05@\x92\
4Q\xa3{\xef\xb7\x036\xa7|\xcb\x7f<e\xe0\xd2\
xl\x8d\x05@\x92\xd4\x17\x99\xb9\x03\xf0R`\x07`\
\x99\xcaq\x86l\x8b\xb9<\xc85\x00\x92\xa4\xb1\xca\xcc\
\xa7\x01\xef\xa4\xec\xa1\xaf\xc9K`\xc5\x88\xf8\xd3l\x1e\
\xe4\x02\x0bI\xd2Xd\xe6\xb2\x99y(\xf05\x1c\xfc\
\xbb\x14\x94\xcb*\xb3b\x01\x90$\xcd[f\xae\x0d\x9c\
\x0f\xbc\xacv\x96F\xcdzO\x04\xd7\x00H\x92\xe6%\
3\xd7\x05N\x03\x1e\x5c;K\xc3V\x9f\xed\x03,\x00\
\x92\xa49\xcb\xcc\x87\x00g\x02\xabV\x8e\xd2\xba\xd5f\
\xfb\x00/\x01H\x92\xe6$3\x97\x04\x8e\xc1\xc1\xbf\x0f\
\x96\x9b\xed\x03,\x00\x92\xa4\xb9:\x10xR\xed\x10\x02\
\xe6p\x9b\xa5\x05@\x924k\x99\xb9>\xf0\xda\xda9\
\xf4W\xb3\xde\x0a\xd8\x02 I\x9a\x8bCp\x1dY\x9f\
\xfcb\xb6\x0f\xb0\x00H\x92f%3\xb7\xa1\x1c\xd8\xa3\
\xfe\xb8d\xb6\x0f\xb0\x00H\x92f\xeb\xad\xb5\x03\xe8.\
~1\xdb\x07\xb8\x15\xb0$i\xc6F\x1b\xfe\x5c\x8c\xe3\
G\xdf<8\x22\xae\x9c\xcd\x03\x9c\x01\x90$\xcd\xc6\x9e\
8\xf8\xf7\xcd\x8d\xc0U\xb3}\x90\x05@\x924\x1b\xdb\
\xd5\x0e\xa0\xbb\xb8,\x22\x16\xcc\xf6A\x16\x00I\xd2\x8c\
d\xe6\xe2\xc0cj\xe7\xd0]\x5c:\x97\x07Y\x00$\
I3\xf5(`\xa9\xda!t\x17\xbf\x98\xcb\x83,\x00\
\x92\xa4\x99Z\xa3v\x00-\xd2\xaco\x01\x04\x0b\x80$\
i\xe6V\xac\x1d@\x8b\xe4%\x00I\xd2D\xadP;\
\x80\x16\xe9\x17sy\x90\x05@\x924S7\xd6\x0e\xa0\
E\xf2\x12\x80$i\xa2\xfeP;\x80\xee\xe2\xcf\x111\
\xa7\x7f\x17\x0b\x80$i\xa6f\xb5\xd3\x9c:1\xa7o\
\xff`\x01\x90$\xcd\xdcw\x80\x9bk\x87\xd0\x9d\xcci\
\x01 X\x00$I3\x14\x11\x7f\x01\xbe_;\x87\xee\
\xc4\x02 I\xea\xc4\xb1\xb5\x03\xe8N\xe6\x5c\x00<\xd0\
A\x83\x97\x99\xab\x00\x9bQ\xb60]\x8br/\xf3\x12\
\x94\x15\xcd\xd7\x00?\x05.\x04\xce\x9e\xebb\x1a\xa9\x15\
\x99\xb9\x1ap\x19p\xdf\xdaY\x04\xc0\xb3\x22\xe2+s\
y\xa0\xff\x80\x1a\xa4\xcc\x5c\x09x\xd1\xe8\xbf'0\xb3\
\xb2\xbb 3\xcf\x03\x0e\x03\x0e\x8f\x88?O0\xa24\
\x95\x22\xe2\xca\xcc\xfc\x12\xb0K\xed,\x02\x9c\x01\x90\x8a\
\xd1\xc0\xffO\xc0\xab\x80\xe5\xe6\xf1T\xd7\x00\x07\x03\xef\
\x8f\x88\xeb\xc6\x91M\x1a\x8a\xcc\x5c\x1b\xf8!e&M\
u-\x17\x11\xd7\xcf\xe5\x81\xae\x01\xd0`d\xe6\x9e\xc0\
O\x80\xbfg~\x83?\x94\xcb\x04\xfb\x03?\xce\xcc\xe7\
\xce7\x9b4$\x11\xf13\xe0\xc3\xb5s\x88\xab\xe7:\
\xf8\x83\x05@\x03\x90\x99\xcbg\xe6\xe7\x81O\x03+\x8f\
\xf9\xe9\x1f\x02|13?\x96\x99\x9e\x82&\xdd\xee_\
\x80\x1f\xd4\x0e\xd1\xb89O\xff\x83\x05@Sn\xb4\xc0\
\xef,`\xb7\x09\xbf\xd4\xde\xc0\x19\x99\xf9\x80\x09\xbf\x8e\
4\x15F\xb7\x04\xbe\x00\xb8\xa1v\x96\x86Y\x00\xd4\xa6\
\xcc\x5c\x038\x17\xf8\x7f\x1d\xbd\xe4\xc6\xc0\xe9\x99\xb9j\
G\xaf'\xf5ZD\xfc\x08\xd8\x13\xb8\xadv\x96FY\
\x00\xd4\x9e\xcc\x5c\x0f8\x1bX\xbb\xe3\x97^\x1f\xf8\xdf\
\xcc\x5c\xb3\xe3\xd7\x95z)\x22\xbe\x00\xecS;G\xa3\
,\x00jKf>\x198\x87r}\xbe\x865(\x97\
\x03\xd6\xa9\xf4\xfaR\xafD\xc4'\x807\x03\x0bjg\
i\x8c\x05@\xed\xc8\xcc\xad\x80\x93\x81\x95*Gy(\
pNf>\xaer\x0e\xa9\x17\x22\xe2\x03\xc03\x81k\
kgi\xc8\xbc\x0a\x80\xfb\x00hjd\xe6s\x80#\
\x80>\xad\xc6\xbf\x06\xd8!\x22\xbeQ;\x88\xd4\x07\x99\
\xb9>p\x1c\xf0\xb0\xdaY\x06\xee6`\x99\x88\x98\xf3\
\xe1L\xce\x00h*d\xe6\xab\x81c\xe8\xd7\xe0\x0fe\
\xbf\x80S3s\xeb\xdaA\xa4>\x88\x88\x0b\x80\x0d)\
kt49\xbf\x9a\xcf\xe0\x0f\x16\x00M\x81\xcc\xdc\x0f\
8\x84\xfe\xbe_\x97\x05N\xc8\xccg\xd7\x0e\x22\xf5A\
D\xfc\x0e\xd8\x16\xf8l\xed,\x036\xaf\xe9\x7f\xe8\xef\
\x07\xaaDfFf\xbe\x0f8\xb0v\x96\x19X\x128\
*3\xdd\x1f]\x02\x22\xe2\xa6\x88\xd8\x13\xd8\x17\x17\x07\
N\xc2%\xf3}\x02\x0b\x80z)3\x17\x03>IY\
Y<-\x96\x00\x8e\xc8\xcc\xbdj\x07\x91\xfa\x22\x22>\
\x84\x8b\x03'\xc1\x19\x00\x0dOf.\x09\xfc\x0f\xf0\xb2\
\xdaY\xe6`1\xe0\xd0\xcc\xdc\xb7v\x10\xa9/\x22\xe2\
\xab\xc0S)\xc7\x08k<,\x00\x1a\x96\xcc\x5c\x0e8\
\x1e\xd8\xa9v\x96y\x08\xe0\xa0\xcc\xdc\xbfv\x10\xa9/\
\x5c\x1c8v\x16\x00\x0d\xc7\xe8(\xdfS\x81mjg\
\x19\x93\x032s\x1a\xd6/H\x9dpq\xe0X\xcd\xbb\
\x00\xb8\x0f\x80z!3\x1f\x06|\x0dxD\xed,\x13\
\xf0\x11\xe0\xf5\x11\x91\xb5\x83H}\x90\x99A9N\xd8\
-\x84\xe7\xe6&\xca\x1e\x00\xf3Z\x5c\xe9\x0c\x80\xaa\xcb\
\xccGQ\xb6\xf6\x1d\xe2\xe0\x0f\xf0Z\xe0s\x99y\xdf\
\xdaA\xa4\x9eX\x0bxn\xed\x10S\xec\x17\xf3\x1d\xfc\
\xc1\x02\xa0\xca2sC\xcaq\xbe\xab\xd7\xce2a{\
\x00\xc7\x8c\x168J\xcd\xca\xcc\xd5\x81S\x80\xd5jg\
\x99b\xf3\x9e\xfe\x07\x0b\x80*\xca\xcc-\x81\xd3\x80\x07\
\xd6\xce\xd2\x91g\x01_\xca\xcc\xa5k\x07\x91j\xc8\xcc\
U(\x83\xff\xc3+G\x99v\x16\x00M\xaf\xd1\xaey\
_\x05\xeeW;K\xc7\xb6\x07N\xca\xcc\xd6\xfew\xab\
q\x99\xb92\xa5\xf0\xaf[;\xcb\x00X\x004\x9d2\
\xf3\xc5\xc0\x17\xe8\xdf\xbe\xfe]\xd9\x0c8}\xf4\x81(\
\x0d^f\xae\x00\x9c\x04<\xbav\x96\x81\xb0\x00h\xfa\
d\xe6\x1b\x80O\x03\xad/\x88\xdb\x008+3\xbd\x0e\
\xaaA\xcb\xcce){{lP;\xcb\x80X\x004\
=F\xfb\xfa\xbf\x07\xf8 \xde~\xba\xd0z\xc0\xb9\x99\
\xb9f\xed \xd2$\x8c\xd6\xbb\x1c\x0flZ;\xcb\xc0\
\x8c\xa5\x00\xf8A\xac\x89\x1b\xed\xeb\x7f\x08\xf0\x8a\xdaY\
z\xear`\x9b\x88\xf8i\xed \xd2\xb8d\xe6\x12\xc0\
\x97\x80\x1djg\x19\x98?G\xc4X\xd6\x109\x03\xa0\
\x89\x1a}\x08\x1c\x89\x83\xff=y(pNf>\xae\
v\x10i\x1cF\xa5\xff0\x1c\xfc'a\xde\xa7\x00.\
d\x01\xd0\xc4\x8c\xae\xfd}\x05\xd8\xb9v\x96)\xb0\x0a\
pFfn\x5c;\x884\x1f\xa3\xc1\xffs\x80Gc\
O\xc6X\xa6\xff\xc1\x02\xa0\x09\xb9\xc3\xbe\xfe\xdb\xd6\xce\
2EV\x04N\xcd\xcc\xadk\x07\x91\xe6b\xb4\xc5\xef\
!\xc0n\xb5\xb3\x0c\x98\x05@\xfd5Z\xd9~&\xe0\
\xb7\xd9\xd9[\x168a\xb4O\x8245F\x83\xffG\
\xf0r\xdf\xa4Y\x00\xd4O\x99\xf9H\xe0<\xe0\xb1\xb5\
\xb3L\xb1%\x81\xa32\xd3)TM\x93w\x03\xaf\xa9\
\x1d\xa2\x01\x16\x00\xf5Ofn@9\xeb\xfb\xa1\xb5\xb3\
\x0c\xc0\x12\xc0\x11\x99\xb9W\xed \xd2\xbd\xc9\xcc\x03\x80\
\xfdj\xe7h\xc4\xd8\x0a\x80\xb7\x01j,2ss\xe0\
8\xda\xdb\xdaw\xd2\x12xSD|\xb0v\x10iQ\
2s_\xe0\xa0\xda9\x1a\xb2|D\x5c7\x8e'r\
\x06@\xf3\x96\x99\xcf\x04N\xc4\xc1\x7f\x12\x028(3\
\xf7\xaf\x1dD\xfa[\x99\xb9\x0f\x0e\xfe]\xbaz\x5c\x83\
?X\x004O\x99\xf9\x22\xe0\x8b\x80'\xdcM\xd6\x01\
\x99y`\xed\x10\xd2B\x99\xb9'pp\xed\x1c\x8d\x19\
\xdb\xf4?X\x004\x0f\x99\xf9z\xdc\xd7\xbfK\xfbe\
\xe6\xc72\xd3\xbf[U\x95\x99;\x01\x87\xe2\x18\xd25\
\x0b\x80\xea\xcb\xcc\xfd\x80\x0f\xe1{\xa8k{\x03\x9f\xcd\
LK\x97\xaa\x18\xdd\xa2z\x04\x16\xff\x1a,\x00\xaa'\
3\x17\xcb\xccO\x00NG\xd7\xb3\x07pLf.Y\
;\x88\xda\x92\x99O\xa3l\xed\xbdx\xed,\x8d\xb2\x00\
\xa8\x8e\xd1\xbe\xfe\x9f\x07^Y;\x8bx\x16\xf0\xa5\xd1\
ik\xd2\xc4e\xe6&\x94\xc3}\x96\xaa\x9d\xa5a\x16\
\x00uo\xb4\xaf\xffq\xc0\xf3kg\xd1_m\x0f\x9c\
\x94\x99\xde}\xa1\x89\xca\xcc\x8d(w\xfa,[;K\
\xe3\xc6Z\x00\xdc\x07@\xf7*3W\xa4\x9c\xe9\xfd\x94\
\xdaY\xb4H\xe7\x03\xdbE\xc4\xefj\x07\xd1\xf0\x8cN\
\xa9<\x1dX\xa9v\x96\xc6\xdd\x06,\x13\x117\x8f\xeb\
\x09\x9d\x01\xd0=\xca\xcc\x07Q\xf6\xf5w\xf0\xef\xaf\x0d\
\x80\xb3Fg0Hc\x93\x99\xeb\x02'\xe3\xe0\xdf\x07\
\xbf\x1a\xe7\xe0\x0f\x16\x00\xdd\x83\xcc\x5c\x138\x07X\xbf\
v\x16\xdd\xab\xf5\x80sG\xfff\xd2\xbce\xe6\xda\x94\
o\xfe\xab\xd4\xce\x22`\xcc\xd3\xff`\x01\xd0\xdd\xc8\xcc\
\xc7P\x06\xff\xb5jg\xd1\x8c\xad\x01\x9c\x91\x99\xeb\xd4\
\x0e\xa2\xe9\x96\x99\xab\x03\xa7\x00\xce*\xf5\x87\x05@\x93\
\x97\x99\x9b\x01\xe7\xe2\x1f\xff4z(pvfz\x1a\
\xa3\xe6dt)\xe9t\xe0\xe1\x95\xa3\xe8\xce.\x1b\xf7\
\x13Z\x00t'\x99\xb9#p\x12\xb0B\xed,\x9a\xb3\
U)k\x026\xae\x1dD\xd3%3W\x06\xbe\x06\xac\
];\x8b\xee\xe2\xd7\xe3~B\x0b\x80\xfe*3\xf7\xc0\
}\xfd\x87bE\xe0\xd4\xcc\xdc\xbav\x10M\x87\xcc\x5c\
\x81R\xfe\x1f];\x8b\x16\xe9\xaaq?\xa1\x05@\x00\
d\xe6\x1b\x80\xcf\xe1\x0e_C\xb2,p\x5cfn_\
;\x88\xfa-3\x97\xa7\xac\xf6\xdf\xa0v\x16\xdd\xad\x9f\
\x8d\xfb\x09-\x00\x223\xdf\x09|\x90v\xf6\x85\xb8\x95\
Rv\xb2v\x90\x0e,\x03|93w\xae\x1dD\xfd\
\x94\x99\xcb\x00_\x016\xaa\x9d\xa5#\x09|\x96\xf29\
0-~\x05\xfch\xdcOj\x01hXfFf\x1e\
\x04\xfcs\xed,\x1d\xba\x19\xd85\x22^\x0c\xbc\x0aX\
P9O\x17\x96\x00\x8e\xcc\xcc\xbdj\x07Q\xbf\x8c\xb6\
\xf7>\x1a\xd8\xbcv\x96\x0e\xbd9\x22\xf6\x04v\x00\xfe\
X;\xcc\x0c\x9d\x1c\x11c\xff\xc2b\x01h\xd4\x1d\xf6\
\xf5\xdf\xb7v\x96\x0e]\x07l\x1f\x11\xc7\x00D\xc4'\
\x81\x97Rv\xd8\x1a\xba\xc5\x80C3s\x9f\xdaA\xd4\
\x0f\x99\xb98p\x14e l\xc5?E\xc4\x7f\x00D\
\xc4)\xc0\x93\x99\xc0\xd4\xfa\x04\x1c6\x89'me\xca\
Ww0\x9a\xf2\xfb\x02e/\xf9V\x5c\x03<#\x22\
\xce\xfb\xdb\xffGf>\x9f\xf2\x07\xd6\xca\xfa\x87\x03\x22\
\xe2\x1d\xb5C\xa8\x9e\xcc\x5c\x8cr\x19l\xb7\xdaY:\
\xf4\xc1\x88x\xe3\xdf\xfe\x1f3s%J\x11\xea\xeb\x82\
\xd9oE\xc4D.\xcf8\x03\xd0\x98\xd1\xbe\xfe\xa7\xd0\
\xd6\xe0\x7f%\xf0\xd4E\x0d\xfe\x00\x11q\x14\xe5\x90\xa3\
\xb1n\xb3\xd9c\x07d\xe6\xbbj\x87P\x1d\x99\x19\xc0\
'ik\xf0\xff\xe8\xa2\x06\x7f\x80\x88\xf8\x03\xe5\xf3\xf0\
\x13\xddF\x9a\xb1\x7f\x9f\xd4\x13;\x03\xd0\x90\xcc\x5c\x95\
r\x9b\xcf\xe3jg\xe9\xd0\xa5\xc0\xb6\x11q\xaf\xd3|\
\x99\xb9\x1dm\xdd\x06y\x08\xf0\xda\x88ha\x1d\x84\xf8\
\xeb\xe0\xff\x11\xe05\xb5\xb3t\xe8s\xc0Kf\xf2>\
\xcf\xccWR~?}\x99\x0d<>\x22\x9e9\xa9'\
\xb7\x004\x223\xd7\xa0\xbd\x0d>~D\x19\xfc\x7f5\
\xd3\x07\x8cvA<\x1eX~b\xa9\xfa\xe5p\xca\x87\
\xe34\xad\x88\xd6\x1ce\xe6\x81\xc0~\xb5st\xe8\xcb\
\xc0.\xb3y\x7fg\xe6\xd3(\x97\x04\xee?\xb1T3\
\xf3'\xe0\xd1\xb3\xf9\xfc\x9a-/\x014 3\xd7\x07\
\xfe\x97\xb6\x06\xffo\x00\x9b\xce\xf6\x8f'\x22\xce\xa6,\
\x8a\xbav\x22\xa9\xfag\x0f\xe0\x88\xd1\xa2P\x0dXf\
\x1e@[\x83\xffI\xc0\x0bf[n{\xb28p\x01\
\xf0\xe2I\x0e\xfe`\x01\x18\xbc\xcc|\x12e_\xefU\
kg\xe9\xd0\x19\x94o\xfe\xd7\xcc\xe5\xc1\x11q.\xb0\
\x15\xf0\xfb\xb1\xa6\xea\xaf\x9d){\x05\xb4r\xe9\xa39\
\x99\xb9/\xb0\x7f\xed\x1c\x1d:\x0f\xd8y\xae\xc7\xe7F\
\xc4E\x94}\x11N\x1bk\xaa\x99\xfb\x87\x888n\xd2\
/b\x01\x18\xb0\xcc\xdc\x812\x18>\xa0v\x96\x0e\x1d\
C\xb9\xd5\xef\xcf\xf3y\x92\x888\x1f\xd8\x06\xf8\xedX\
R\xf5\xdf\xf6\xc0\x89\xa3\x1d\xe14 \xa3[?\x0f\xaa\
\x9d\xa3C\xff\x07l\x17\x11\xd7\xcf\xe7I*.\x0e\xfc\
\x8f\x85\xb7*N\x9a\x05`\xa02sw\xca\xf5\xafe\
jg\xe9\xd0\xa7(S~7\x8d\xe3\xc9\x22\xe2{\xc0\
\x96L`\x0f\xee\x9e\xda\x9cr~\xc0J\xb5\x83h<\
2\xf3\xa5\xc0\x87k\xe7\xe8\xd0\x0f)\x83\xffX.\xe1\
E\xc4-\x11\xf1j\xe0u\xc0_\xc6\xf1\x9c\xf7\xe2=\
\x11\xf1\xf7\x1d\xbc\x0e`\x01\x18\xa4\xcc|-\xed\xed\xeb\
\xff\x1f\xc0\xcb#b\xac\x9b\xfaD\xc4\x0f)\x03\xe3\x15\
\xe3|\xde\x1e{\x12p\xe6\xe8\x8e\x11M\xb1\xcc\xdc\x95\
r\xbb_+\x8b\xbd\x7f\x06<-\x22\xc6~\xe9.\x22\
>\x02\xacG\xf9R5\x09\x0b\x80\xb7D\xc4[&\xf4\
\xfc\x8b\xd4\xca\x1b\xa3\x19\x99\xb9?p@\xed\x1c\x1d\xfb\
\x97\x88\xf8\xb7I\xbe\xc0\xe8.\x8a\xd3\x805&\xf9:\
=r1\xe5\xc3\xf4\xf2\xdaA4{\x99\xf9l\xca\x16\
\xbf\xad|\x09\xf8%\xb0YD\xfcb\xd2/4\xbaS\
\xe8m\xc0\xb6cz\xcak\x81=\x22\xe2\xf81=\xdf\
\x8cY\x00\x06\x223\xefC9\xd0\xe7u\xb5\xb3th\
\x01\xf0\xfa\x88\xf8h\x17/\x96\x99\xabSJ\xc0:]\
\xbc^\x0f\x5c\x0el\x13\x11?\xad\x1dD3\x97\x99O\
\x07\x8e\x05\x96\xac\x9d\xa5#WS\x06\xff\x9ft\xf9\xa2\
\x99\xb9!\xf0\x0a\xca&bs\xbde\xf0|\xca\xe0\xdf\
i\xf6\x85,\x00\x030\xda\xd3\xfb\xbf)\xb7t\xb5\xe2\
\x16\xe0\xa5\x11qx\x97/\x9a\x99\x0f\x02N\xa5L\x07\
\xb6\xe0*\xca\x1d\x15\x17\xd6\x0e\xa2{\x97\x99\x9b\x03_\
\xa5\x9d\xb5?\xd7\x00[F\xc4\xf7k\x05\xc8\xcc\xa5(\
\x8b\x05\x9f6\xfao&\xb7[_\x05|\x1a\xd8\x7f\xae\
w*\x8c\x83\x05`\xca\x8dn\xdd:\x1axF\xed,\
\x1d\xfa\x0b\xf0\xfc\x1aSf\x00\x99\xf9@\xca\xa6J\x8f\
\xaf\xf1\xfa\x15\xfc\x81\xb2\xb0\xea\xdb\xb5\x83\xe8\xeee\xe6\
\xc6\x94\xf7e+wr\x5cG\xb9L\xf5\x8d\xdaA\xee\
h\xb4\x88v]\xe0\x11\xc0\x03);\x8b.N\xb9\xa3\
\xe87\xc0\xf7k}\xe3\xff[\x16\x80)\x96\x99\xf7\x07\
\x8e\x03\x9eZ;K\x87\xae\x03\x9e\x1b\x11\xa7\xd6\x0c1\
\xfa\xdd\x9f\x08l\x5c3G\x87\xae\x07\x9e\x1d\x11\xb5\xee\
\x8b\xd6=\xc8\xcc\xc7Q\xf6\xfbh\xe5\x0e\x8e\x9b\x81g\
E\xc4\xc9\xb5\x83L3\xef\x02\x98R\x99\xb9\x0a\xe5\x1e\
\xff\x96\x06\xff?P\xaeIW\x1d\xfc\x01\x22\xe2\x8f\x94\
\xe9\xbe3jg\xe9\xc8\xb2\xc0\x09\xa3\xc5e\xea\x91\xcc\
\x5c\x178\x99v\x06\xff[(\x9b\xfc8\xf8\xcf\x93\x05\
`\x0ae\xe6\xc3\x81shg\x0a\x1a\xe0\xd7\xc0\x16\x11\
\xf1\xcd\xdaA\x16\x8a\x88\xeb\x80\x1d)k\x02Z\xb0$\
pTf\xee\x5c;\x88\x8a\xcc\x5c\x9b\xf2\xcd\x7f\x95\xda\
Y:\xb2\x00\xd83\x22\xbeR;\xc8\x10X\x00\xa6L\
f\xaeG\x19\xfc[Y\x89\x0e\xe5D\xbf\xa7\xf6q!\
ZD\xdc@)\x01\x13\xdf\xb6\xb3'\x96\x00\x8e\xcc\xcc\
\xbdj\x07i\xdd\xe8\xae\x94S\x80\xd5jg\xe9H\x02\
{G\xc4\x11\xb5\x83\x0c\x85\x05`\x8ad\xe6\x13\x81\xb3\
\x80\x87\xd4\xce\xd2\xa1\x1fR\x0e\xf5\xf9y\xed wg\
\xb4\xf3\xe0.\x94\xa3\x84[\xb0\x18p\xe8h\x7fyU\
0\xba\x04x\x0a\xf0\xf0\xcaQ\xba\xb4_D\xfcg\xed\
\x10Cb\x01\x98\x12\x99\xb9\x15\xe5\x1e\xf4\x95kg\xe9\
\xd0\xb7\x80\xcd#\xe2\xca\xdaA\xee\xcd\xe8V\x9e\xe7\x03\
\x87\xd5\xce\xd2\x91\x00\x0e\x1am<\xa5\x0ee\xe6\xca\x94\
\xcf\x82ukg\xe9\xd0\xfe\x11\xf1\xbe\xda!\x86\xc6\xbb\
\x00\xa6@f>\x078\x02X\xaav\x96\x0e\x9dNY\
u~]\xed \xb3\x91\x99\x8b\x01\x87\x02/\xa9\x1c\xa5\
K\xef\xe9z\x0b\xd3Ve\xe6\x0a\x94\xc1\x7f\x83\xdaY\
:tpD\xbc\xa1v\x88!r\x06\xa0\xe72\xf3\xd5\
\x94\x13\xeeZ\x1a\xfc\xbf\x0c\xec0m\x83?\xc0\xe8,\
\x82\xbd\x80\x8f\xd4\xce\xd2\xa1\xfd2\xf3c\xa3\xdd(5\
!\x99\xb9,p<m\x0d\xfe\xff\x0dx\xa9iB\xfc\
\x83\xed\xb1\xcc\xdc\x0f8\x84\xb6\xfe\x9d>\x03\xec2\xae\
\x13\xfdj\x88\x88\x04^O\xd9\x9a\xb9\x15{\x03\x9f\xcd\
\xcc\xfb\xd6\x0e2D\xa3\x0d\xbf\x8e\x076\xad\x9d\xa5C\
_\x00^1\xfa{\xd2\x04\xb44\xb0L\x8d\xcc\x8c\xcc\
|\x1fp`\xed,\x1d;\x98\xb2\xbd\xef\xad\xb5\x83\xcc\
WDdD\xbc\x11xg\xed,\x1d\xda\x038&3\
[\xd9\x83\xbe\x13\x99\xb9\x04e0\xdc\xa2r\x94.\x1d\
\x07\xec>\xee\xd3=ug\xae\x01\xe8\x99\xd15\xe4O\
\x00/\xab\x9d\xa5c\x83\xbd\x8e<\x9a\xc9i\xa9\xcc\x9d\
\x08\xec\x14\x11]\x9c\x9f>h\xa3\xcf\x83#(w\x99\
\xb4\xe2t\xe0\x19\x11qc\xed Cg\x01\xe8\x91\xd1\
7\xa7\xc3\x81\x9djg\xe9\xd0\x02\xca\xbd\xbd\x83\xbe\xbd\
'3\xff\x01xo\xed\x1c\x1d:\x1bxfD\x5c[\
;\xc8\xb4\x1a\x0d\xfe\x9f\x03v\xab\x9d\xa5C\xdf\xa0\xec\
\xef?u\xeb\x7f\xa6\x91\x05\xa0'2s9\xe0K\xc0\
6\xb5\xb3t\xe8f\xe0\xc5\x11\xf1?\xb5\x83t!3\
\xf7\x06>J;\x7fw\xe7S\x0e\x11\xfa]\xed \xd3\
&3\x832\x13\xf8\x8a\xdaY:t\x01e\xb7\xcfk\
j\x07iE+\x1fD\xbd6:=\xea\xab\xc0F\xb5\
\xb3t\xe8\x06\xca~\xde'\xd6\x0e\xd2\xa5\xcc|\x05\xf0\
q\xdaY\x7f\xf3#\xca7\xba\xde\xef\xe5\xd0'\x99\xf9\
\x01\xe0M\xb5st\xe8\xa7\x94\xdd>\x7fS;HK\
,\x00\x95e\xe6\xc3(\x07y\xb4\xb4\xa9\xc7\x9f\x80\x1d\
#\xe2\xdc\xdaAj\xc8\xcc\xdd)w;\xb4\xb2b\xfe\
R\xca!N\x97\xd4\x0e2\x0d2\xf3@`\xbf\xda9\
:t9\xb0YD\x5cV;Hk,\x00\x15e\xe6\
\xa3(\x83\xff\xea\xb5\xb3t\xe8j\xca\xb4\xf0wk\x07\
\xa9)3\x17\xee\x1a\xb8x\xed,\x1d\xb9\x9cR\x02~\
Z;H\x9fe\xe6\x01@K\xbb+^I\xf9\xe6o\
9\xac\xc0\x02PIfnH\x99\xf6\x7f`\xed,\x1d\
\xba\x9c2\x1d|q\xed }\x90\x99;\x02G\xd3\xce\
&O\xbf\x01\xb6\x8d\x88\x0bj\x07\xe9\xa3\xd1\xd9\x0a\x07\
\xd5\xce\xd1\xa1\xdfQ\xb6\xfa\xfeQ\xed \xadj\xe5:\
d\xafd\xe6\x96\x94\xed<[\x1a\xfc/\xa2\x1c\xea\xe3\
\xe0?\x12\x11\xc7\x03\xcf\x05Z\xb9]n\x15\xe0\xcc\xcc\
\xdc\xb8v\x90\xbe\xc9\xcc}hk\xf0\xbf\x16\xd8\xde\xc1\
\xbf.\x0b@\xc72\xf3\xd9\x94o\xfe\xf7\xab\x9d\xa5C\
\xdf\xa1\x5c\xe3\xfbe\xed }\x13\x11'\x01\xdb\x01\x7f\
\xae\x9d\xa5#+\x02\xa7d\xe6\xd6\xb5\x83\xf4Ef\xee\
I\xd9\x04\xab\x157Pn\x11\xfd\xbf\xdaAZg\x01\
\xe8Pf\xbe\x98\xb2\xa3W+S\xbeP\xee\x07\xdf*\
\x22~[;H_E\xc4\xd9\xc0\xf6\x94oE-X\
\x0e8aT\x86\x9b\x96\x99;Q\x0e\x8fj\xe5\xb3\xf8\
f\xca\xdd?g\xd7\x0e\xa2v\xdet\xd5e\xe6\x1b\x80\
O\xd3\xce\xcao\x80\x13(\x0b\xfe\xfeT;H\xdfE\
\xc4\xd7\x81\xad\x80\xdf\xd7\xce\xd2\x91%\x81\xa32s\xe7\
\xdaAj\x19\x15\xa0#h\xe73\xe16\xe0\x85\xad\xdd\
\xfa\xdbg\x16\x80\x09\x1b\xed\xeb\xff\x1e\xca\xc10--\
\xba<\x02x\xae\xdb\xc1\xce\x5cD\x9cO\xd9\x08\xaa\x95\
\xd9\x92%\x80#3s\xaf\xdaA\xba\x96\x99\xdb\x00G\
\xd2\xce] \x09\xbc2\x22\x8e\xae\x1dD\xb7\xb3\x00L\
\xd0\x1d\xf6\xf5\xff\xc7\xdaY:\xf6qJ\xd3\xbf\xa5v\
\x90i\x13\x11\xdf\x036\xa3\xdc\x1e\xd5\x82\xc5\x80CG\
+\xe0\x9b\x90\x99\x9bP\x8e\xbcn\xe5R`\x02\xfbD\
\xc4\xa7j\x07\xd1\x9dY\x00&dt\x82\xd7\x91\xb4\xb5\
\x95'\x94C}\xf6\x8e\x88\x05\xb5\x83L\xab\x88\xb8\x08\
\xd8\x12he\xd1d\x00\x07e\xe6\xe0\xef\x7f\xcf\xcc\x8d\
(\x87%-[;K\x87\xde\x1a\x11\x87\xd4\x0e\xa1\xbb\
jiJ\xba3\x99\xb9,\xf0E`\xdb\xdaY:\x94\
\xc0~\x11\xf1\xbe\xdaA\x86b\xb4K\xe4i\xc0Z\xb5\
\xb3th\xc8\xa7B\xae\x0f\x9c\x01\xacT;K\x87\xde\
\x19\x11o\xaf\x1dB\x8bf\x01\x18\xb3\xd1\xbe\xfe'\x00\
-\xdd\xeb|\x1b\xe5D\xbfO\xd6\x0e24\x99\xb9:\
\xa5\x04\xacS;K\x87\x0e\x01^;\xa4Y\xa4\xcc\x5c\
\x178\x8b\xb2\x17B+>\x12\x11\xaf\xab\x1dBw\xcf\
\x020F\x99\xb9\x1ap\x12\xf0\xd8\xdaY:t3\xe5\
z\xbf\x8b{&$3W\x01N\xa1\xad\xf7\xd5\xe1\xc0\
K\x22\xe2\xd6\xdaA\xe6+3\xd7\xa6\x0c\xfe\xab\xd5\xce\
\xd2\xa1\xcf\x00{\x0d\xa9\xc4\x0d\x91\x05`L2\xf3\x91\
\x94}\xfd\x1fZ;K\x87n\x00\x9e\x17\x11'\xd7\x0e\
2t\xa3\x99\xa5\x93\x80'\xd6\xce\xd2\xa1c\x81\x17D\
\xc4M\xb5\x83\xcc\xd5h\x06\xe7l\xe0\xe1\x95\xa3t\xe9\
\x8b\x94\x7f\xb7\xa9/oCg\x01\x18\x83\xcc\xdc\x80\xb2\
\xb0\xa7\xa5\xad}\xffH9\xd1\xef\xeb\xb5\x83\xb4\x223\
\xefOy\x9f\xb5ty\xe9D`\xa7i\xbc\x9dt4\
ss&\xf0\xc8\xcaQ\xba\xf45\xe0Y\xd3\x5c\xdaZ\
b\x01\x98\xa7\xcc\xdc\x1c8\x8e\xb6\xb6\xf6\xfd\x0d\xf0\xf4\
\x88\xf8~\xed \xad\xc9\xcc\xe5(\xef\xb7-kg\xe9\
\xd0\xd9\x94\xadc\xa7f\xa7\xc4\xcc\x5c\x992\xf8?\xba\
r\x94.}\x9d\xf2\xb9p}\xed \x9a\x19o\x03\x9c\
\x87\xcc|&\xe5\x1bJK\x83\xffe\x94\xe3;\x1d\xfc\
+\x88\x88\xeb\x80\x1d\x81Skg\xe9\xd0f\xc0\xe9\xa3\
A\xb5\xf72s\x05\xca\xe5\x9a\x96\x06\xffoQ\x0e\xf7\
q\xf0\x9f\x22\x16\x809\xca\xcc\x17R\xaeu-];\
K\x87~L9\xd1\xcf3\xdd+\x8a\x88\x1b(%\xe0\
\xb8\xdaY:\xb4\x01p\xd6h\xa1mo\x8dn\x01>\
\x9e\x92\xb7\x15\x17R\x06\xffV\x0e\xb4\x1a\x0c\x0b\xc0\x1c\
d\xe6\xeb(\xab\x5c[\xd9\xc3\x1b\xe0|\xca\x89~W\
\xd4\x0e\x22\x18]c\xdd\x85RB[\xb1\x1epnf\
\xaeY;\xc8\xa2d\xe6\xd2\x94\xc1\x7f\xd3\xdaY:\xf4\
3\xca\xb4\xff\x1fj\x07\xd1\xecY\x00f)3\xf7\xa3\
\x1c\xdd\xd9\xd2\xef\xee,\xca\x89~\xbf\xab\x1dD\xb7\x8b\
\x88\x9b\x81\xe7\x03\x87\xd5\xce\xd2\xa15\x8032\xb3W\
\xfb\x22\x8cv\xfe\xfc\x02\xb0E\xe5(]\xfa%\xf0\xb4\
\x88\xf8u\xed \x9a\x9b\x96\x06\xb1y\xc9\xcc\xc52\xf3\
\xe3\xc0\x81\xb5\xb3t\xec+\x94\xe9\xbd\xa9Y\x80\xd5\x92\
\x88\xb8\x0dx\x09\xe5\xa4\xc9V<\x148g\xb4\xb3^\
u\xa33?\x0e\x03v\xa8\x9d\xa5CW\x03\xdbF\xc4\
/j\x07\xd1\xdcY\x00f`\xd4\xee?\x0f\xbc\xaav\
\x96\x8e\x1d\xce\x94\xde\x82\xd5\x92Q\x09\xd8\x0b\xf8H\xed\
,\x1dZ\x05833\xab\xde\x129\x1a\xfc?G\xb9\
\x1c\xd3\x8a?R\x8e\xf9\xbe\xa8v\x10\xcd\x8f\x05\xe0^\
\x8c\x16\xf5\x1cK\x99jm\xc9G\x81\x17{\xa2\xdft\
\x88\x88\x04^O9v\xba\x15+\x02\xa7d\xe6\xd65\
^<3\x83\xb2m\xf1n5^\xbf\x92k)\xdf\xfc\
\xbf[;\x88\xe6\xcf\x02p\x0f2sE\xca\xc6\x16\xdb\
\xd5\xce\xd2\xb1\xf7D\xc4\xa0\xf6boADdD\xbc\
\x11xg\xed,\x1dZ\x0e8!3\x9f]\xe1\xb5\xdf\
O[\xa7}\xfe\x05xvD|\xbbv\x10\x8d\x87\x05\
\xe0nd\xe6\x83(\x1by<\xa5r\x94.%\xf0\xe6\
\xa1\x9e\xc6\xd6\x8a\xd1\xe9k-\xfd\x1b.\x09\x1c\x95\x99\
;w\xf5\x82\x99y \xf0\xa6\xae^\xaf\x07n\x01v\
\x89\x883k\x07\xd1\xf8X\x00\x16!3\xd7\x00\xce\x01\
z\xb1\xc8\xa8#\xb7\x01/\x8f\x88\x0f\xd4\x0e\xa2\xf9\x8b\
\x88\xf7\x00\xfb\xd5\xce\xd1\xa1%\x80#3s\xafI\xbf\
Pf\x1e@[\xbf\xdb\xdb\x80\x17E\xc4\x09\xb5\x83h\
\xbc\xdc\x0a\xf8od\xe6c(\x87\xfa\xf4z\xc3\x911\
\xbb\x19\xd8=\x22\x8e\xa9\x1dD\xe3\x95\x99{S\xd6s\
\xb4\xf2\xb7\x9e\xc0\x9b\x22b\x22k!2s_\xe0\xa0\
I<wO%\xf0\xca\x888\xb4v\x10\x8d\x9f3\x00\
w\x90\x99\x9b\x01\xe7\xd2\xd6\xe0\x7f=e\x9fu\x07\xff\
\x01\x8a\x88C(w\xaf\xb4\xb2\x9e#\x80\x832s\xff\
q?qf\xeeC[\x83?\x94K\x82\x0e\xfe\x03\xd5\
\xca\xb7\x82{\x95\x99;\x02G\xd1\xd6\xd6\xbe\xd7\x00\xcf\
\x88\x88\xf3j\x07\xd1de\xe6\xee\xb4\xb7{\xe5{\xc6\
\xb5\x9e%3\xf7\x04>E[_\x9a\xde\x16\x11\xef\xaa\
\x1dB\x93c\x01\x002s\x0f\xe0\xbf\x81\xc5kg\xe9\
\xd0U\x94-</\xa8\x1dD\xdd\xc8\xcc\x85\xbb\x06\xb6\
\xf4>?\x04\x98\xd7\x1d-\x99\xb9\x13p$m\x95\xa7\
\x0f\x8e\xee(\xd1\x805_\x00F\xd3z\xadm\xed{\
)\xe5^\xde\x9f\xd5\x0e\xa2n\x8df\xba\x8e\x06\x96\xaa\
\x9d\xa5C\x87\x03/\x89\x88[g\xfb\xc0\xd1\xed\x85G\
\xd3Vi\xfaXD\xecS;\x84&\xaf\xe9\x020\xda\
\xd7\xbf\xb5\xad}\x7fD\x19\xfc\x7fU;\x88\xea\xc8\xcc\
\xedh\xef$\xcbc\x81\x17\x8c\x0eQ\x9a\x91\xcc\xdc\x86\
\xb2\x15vKe\xe90`O\xf7\x00iC\x93\x05`\
\xb4\x83\xd7\x7f\x00\xfb\xd6\xce\xd2\xb1o\x03;x\xa8\x8f\
2ss\xca\xe0\xb6|\xed,\x1d:\x91\x19nm\x9d\
\x99\x9bP\xee\x06Zv\xe2\xa9\xfa\xe3\xcb\x94{\xfdg\
=S\xa2\xe9\xd4\x5c\x01\x18\xed\xeb\xff\x19`\xd7\xdaY\
:v\x06e\x17/\xcf\xec\x16\x00\x99\xb9)p\x02p\
\xbf\xdaY:t6\xe5\xae\x97\xbb=\xdc*37\x02\
N\xa1\xadrt*\xb0\xe3lfH4\xfd\x9a*\x00\
\x99\xb9\x0c\xe5\xc8\xce\xedkg\xe9\xd8q\x94\xe9\xcf\x1b\
k\x07Q\xbfd\xe6\x06\x94o\xba\x0f\xa8\x9d\xa5C\xe7\
S\x0e\xb3\xb9\xcbL\xd8\xe8\x84\xc13\x80\x95:OU\
\xcfy\x94c}\xaf\xaf\x1dD\xddj\xa6\x00d\xe6\xfd\
\x81\xe3\x81Mjg\xe9\xd8\xe7\x80\xbd\x9c\xd6\xd3\xdd\xc9\
\xcc\xc7S\xce\xbcx`\xed,\x1d\xfa\x11e\xd0\xbbr\
\xe1\xff!3\xd7\x05\xce\xa2\x9c4\xd8\x8a\xef\x01[E\
\xc45\xb5\x83\xa8{M\xac|\xcf\xccU)\xfb\xfa\xb7\
6\xf8\x7f\x849\xae~V;\x22\xe2{\xc0f\xc0\x95\
\xf7\xf6\xb3\x03\xb2\x1epnf\xae\x09\x90\x99k\x03\xa7\
\xd3\xd6\xe0\xff\x13\xcaL\x88\x83\x7f\xa3\x06_\x002s\
-\xe0\xeb\xc0\xe3jg\xe9\xd8\xbfD\xc4\xeb\x5c\xcd\xab\
\x99\x18\x9d\xed\xbe%pE\xed,\x1dZ\x038}t\
\x9c\xf0i\xb4\xb5\x03\xe8\xcf\x81-#\xe27\xb5\x83\xa8\
\x9eA_\x02\xc8\xccGS\xaeo>\xb8v\x96\x0eM\
t/t\x0d[f>\x8c2\x18\xaeU;\x8b&\xe6\
W\xc0S#\xe2\xd2\xdaAT\xd7`\x0b@f>\x09\
\xf8*m-nZx\xa2\xdf\xa7k\x07\xd1\xf4\xca\xcc\
\xd5)%`\x9d\xdaY4v\xbf\x056\x8f\x88\x1f\xd7\
\x0e\xa2\xfa\x06y\x09\xe0\x0eSz-\x0d\xfe7\x01\xcf\
w\xf0\xd7|E\xc4/\x81\xa7\x02\x17\xd6\xce\xa2\xb1\xfa\
\x13\xe5\x9a\xbf\x83\xbf\x80\x01\x16\x80\xcc\xdc\x8d\xb2\xe1\xc7\
r\xb5\xb3t\xe8:\xca=\xbc_\xac\x1dD\xc30\xba\
6\xbc\x05e\xf3(M\xbf\x1b(\x9f\x11\xdf\xa9\x1dD\
\xfd1\xa8\x02\x90\x99\xaf\xa1\xbd\xc3N\xfe@\xb9\x9d\xe9\
\xd4\xdaA4,\x11\xf1\x07`[\xe0\x1b\xb5\xb3h^\
n\x06\x9e\x17\x11\xe7\xd6\x0e\xa2~\x19L\x01\x18\xed\xeb\
\xffQ\x06\xf4\xbfi\x06~\x0dl\x11\x11~@k\x22\
\x22\xe2\x8f\xc0\xd3(\x9b\xe3h\xfa\xdc\x02\xec\x1c\x11'\
\xd7\x0e\xa2\xfe\x99\xfaE\x80\xa3}\xfd\xdf\x0f\xbc\xa9v\
\x96\x8e]J\xf9\xe6\xff\xf3\xdaA4|\xa3]4\x8f\
\x05\xb6\xa9\x9dE3\xb6\x00xaD\x1cQ;\x88\xfa\
i\xaa\xbf-g\xe6b\xc0\x7f\xd1\xde\xe0\xffC`S\
\x07\x7fu%\x22n\x00v\xa4l+\xad\xfeK`o\
\x07\x7f\xdd\x93\xa9-\x00\x99\xb9$\xe5\x9c\xee\x97\xd6\xce\
\xd2\xb1oQn\xe3ii\xd76\xf5\xc0\xe8\xa0\x98]\
\x80/\xd5\xce\xa2{\xb5_D\xfcg\xed\x10\xea\xb7\xa9\
,\x00\xa3}\xfdO\x01\x9e[;K\xc7N\x07\xb6\x8e\
\x88\xdf\xd7\x0e\xa26E\xc4\xcd\x94\x12pX\xed,\xba\
[\xfbG\xc4\xfbj\x87P\xffM\xdd\x1a\x80\xcc\x5c\x05\
8\x09x|\xed,\x1d\xfb2\xb0\xab\xc7u\xaa\x0fF\
\x97\xdf\x0e\x05^R9\x8a\xee\xec\xe0\x88xC\xed\x10\
\x9a\x0eS5\x03\x90\x99\x0f\x07\xce\xa1\xbd\xc1\xff\xb3\xc0\
.\x0e\xfe\xea\x8b\x88\xb8\x0d\xd8\x8br\xe0\x94\xfa\xe1\xd3\
\xc0\xbe\xb5ChzLM\x01\xc8\xcc\xf5(\x83\x7fk\
\xdb\x93\x1e\x8c'\xfa\xa9\x87\x22\x22\x81\xd7\x03\x9e;Q\
\xdf1\x94m\xc0\xb3v\x10M\x8f\xa9(\x00\x99\xf9D\
\xca9\xdd\x0f\xa9\x9d\xa5c\xef\x89\x887\xf8G\xad\xbe\
\x8a\x88\x8c\x887\x02\xef\xac\x9d\xa5a\xc7\x01\xbb\x8df\
e\xa4\x19\xeb\xfd\x1a\x80\xcc\xdc\x94r\xcd\x7f\xd9\xdaY\
:\xb4\x00xMD|\xa2v\x10i\xa62\xf3\x1d\xc0\
\xdbk\xe7h\xcc\xa9\xc03#\xe2\xc6\xdaA4}z\
]\x00F\xc7\xf9\x9e\x03\xacX;K\x87n\x06^\x1c\
\x11\xffS;\x884[\x99\xf9\x16\xe0\xdd\xb5s4\xe2\
\x7f\x81m#\xe2\xfa\xdaA4\x9dz[\x002sY\
\xe0|`\xdd\xdaY:t\x03e\xdb\xce\x13k\x07\x91\
\xe6*3\xf7\xa6l\xcb\xdd\xdb\xcf\x97\x01\xb8\x00\xd8r\
t^\x834'\xf7\xad\x1d\xe0\x1e\x1cL[\x83\xff\x1f\
)Sy\x1e\xd8\xa1\xa9\x16\x11\x87d\xe6\x02\xe0cL\
\xc9:\xa3)s\x11\xb0\x8d\x83\xbf\xe6\xab\x97\x0d=3\
\x9f\x0c|\x9d\x9e\xe6\x9b\x80\xab)\xe7t\x7f\xb7v\x10\
i\x5c2sw\xe03\xf4\xfb\x8b\xc6\xb4\xb9\x1c\xd8,\
\x22.\xab\x1dD\xd3\xaf\x97\x03lf\x9e\x07l\x5c;\
GG.\xa3\x5c\xc7\xbb\xb8v\x10i\xdc2sW\xe0\
sX\x02\xc6\xe1J\xe0\xa9\x11qI\xed \x1a\x86\xde\
M\xcfe\xe6f\xb43\xf8_D\xf9\x83v\xf0\xd7 \
E\xc4\x91\x94-\xbb]\xa5>?\xbf\xa3|Qp\xf0\
\xd7\xd8\xf4\xae\x00\x00\xaf\xad\x1d\xa0#\xe7S\xa6\xf2~\
Y;\x884I\x11q<\xb0\x13\x96\x80\xb9\xfa\x13\xe5\
\x12\xe1\x0fk\x07\xd1\xb0\xf4\xea\x12@f.\x0f\xfc\x06\
X\xbav\x96\x09;\x1bxVD\xfc\xa9v\x10\xa9+\
\x99\xb99\xf0\x15`\xf9\xdaY\xa6\xc8\x0d\xc0\xf6\x11q\
v\xed \x1a\x9e\xbe\xcd\x00l\xc7\xf0\x07\xff\xe3)m\
\xde\xc1_M\x89\x88\xb3\x80g\x00\xd7\xd6\xce2%n\
\x02\x9e\xeb\xe0\xafI\xe9[\x01\xd8\xbcv\x80\x09;\x02\
x^D\xfc\xa5v\x10\xa9\x86\x888\x07\xd8\x0a\xf0H\
\xeb{v\x1b\xf0\xa2\x88\xf8Z\xed \x1a\xae\xbe\x15\x80\
!/\xfe\xfb\x18\xf0\xc2\x88\xb8\xa5v\x10\xa9\xa6\x888\
\x1fx\x1aea\x9b\xeej\x01\xe5\x00\xb0\xa3k\x07\xd1\
\xb0\xf5\xad\x00\x0c\xf5\xa4\xbf\xf7D\xc4>\x11\xb1\xa0v\
\x10\xa9\x0fF{^lF\xb9\xb5M\xb7K\xe0\xb5\x11\
qX\xed \x1a\xbe\xde\x14\x80\xcc|\x00p\xbf\xda9\
\xc6,\x817G\xc4[j\x07\x91\xfa&\x22~L\xb9\
\x1cpE\xed,=\xf2\x96\x888\xa4v\x08\xb5\xa17\
\x05\x00X\xa1v\x801\xbb\x0dxUD|\xa0v\x10\
\xa9\xaf\x22\xe2'\xc0\xa6\xc0\xcfkg\xe9\x81\x7f\x8b\x88\
\xf7\xd6\x0e\xa1v\xf4\xa9\x00,S;\xc0\x18\xdd\x04\xbc\
 \x22>Y;\x88\xd4w\xa3mm\xb7\x04~Z;\
KE\x07G\xc4\xbf\xd4\x0e\xa1\xb6\xf4\xa9\x00\xdc\x5c;\
\xc0\x98\xdc\x00<;\x22\x8e\xa9\x1dD\x9a\x16\xa3\x0d\xb1\
\x9e\x0a\x5cX;K\x05\x9f\x05\xdeX;\x84\xda\xd3\xa7\
\x02p:\x92G\x88\x00\x00\x13\xbaIDAT]\xed\
\x00cp\x0d\xe5\x94\xae\x93k\x07\x91\xa6MD\xfc\x06\
\xd8\x1a\xf8~\xed,\x1d:\x0a\xd8\xcb\x05\xc2\xaa\xa17\
;\x01f\xe6b\xc0_\x80\xc5kg\x99\xa3\xab\x80\xa7\
G\xc4\x05\xb5\x83H\xd3,3W\x02N\x02\x9eX;\
\xcb\x84\x9d@\xd9\x17d(\xb3\x9f\x13\x91\x99\xf7\x07V\
\xa7\x5c&\x1e\xf2.\x927Qf\x90\xaf\x02\xae\x8c\x88\
\x9c\xf4\x0b\xf6\xa6\x00\x00d\xe6\xc5L\xe7\xad\x80\x97R\
\x0e\xea\xf8Y\xed \xd2\x10d\xe6\x0a\x94\x01r\x93\xda\
Y&\xe4L`\x077\x05\xbb\xab\xcc\x5c\x19\xd8\x05\xd8\
\x06x\x0a\xb0j\xddDU\xdc\x00|\x078\x03\xf8\xc2\
\xa4\xbeX\xf6\xad\x00\x1c\x01\xecZ;\xc7,\xfd\x882\
\xf8\xff\xaav\x10iH2s9\xe08\xca\x02\xc1!\
\xf9&\xf0\xb4\x88\xf8s\xed }\x92\x99\x8f\x03\xf6\xa3\
\x1c\x1c\xb5D\xe58}\xf3\x1d\xe0}\xc0\xd1\x11q\xdb\
\xb8\x9e\xb4Ok\x00\x00\xbe^;\xc0,}\x9br\xa2\
\x9f\x83\xbf4f\x11q\x1d\xe5\xec\x80!\xad\xa9\xb9\x80\
\xf2\xcd\xdf\xc1\x7f$3\x1f\x90\x99\x87\x02\xdf\x05v\xc3\
\xc1\x7fQ\x9e@\xd9J\xfe\xdb\x999\xb6\x1ds\xfb6\
\x03\xb0&\xf03z\x96\xebn\x9c\x0e<\xc7?di\
\xb22sI\xcab\xb9g\xd5\xce2O\x17S\xbe0\
\xfc\xa6v\x90\xbe\x18\x9d\x10y8\xf0\xe0\xdaY\xa6\xc8\
m\xc0\xbfR\xf6\x8d\x98\xd7\xe2\xd1^\xcd\x00D\xc4%\
\xc0\xff\xd5\xce1\x03\xc7\x02\xcfp\xf0\x97&/\x22n\
\x02v\x06\xa6yo\xfc\xcb)\xd3\xfe\x0e\xfe#\x99\xf9\
\x22\xe0\x14\x1c\xfcgk1\xe0\x1d\xc0\x91\xa3r<g\
\xbd*\x00#\xffY;\xc0\xbd\xf8,\xb0sD\xdcX\
;\x88\xd4\x8a\xd1!Z\xbb\x01\x9f\xab\x9de\x0e\xae\xa2\
\xdc\x1e|y\xed }\x91\x99{\x02\x9faz\xef\xfa\
\xea\x83]\x80c2s\xce\xbf\xc3\xdeM\xb5g\xe6R\
\xc0e\xc0\xdf\xd5\xce\xb2\x08\x07\x03\xfbvq{\x86\xa4\
\xbb\xca\xcc\xfb\x00\x9f\x00^^;\xcb\x0c\xfd\x01\xd8\x22\
\x22Z\xdc\xe0h\x912s[\xca\x1d\x1e\xf7\xad\x9de\
 \x0e\x8d\x88W\xcc\xe5\x81\xbd\x9b\x01\x18}\xb3\xfe\xd7\
\xda9\x16\xe1\x1d\x11\xf1\x06\x07\x7f\xa9\x9e\xd15\xcfW\
\x02\x1f\xae\x9de\x06\xfe\x0cl\xef\xe0\x7f\xbb\xcc|\x10\
e\x16\xc7\xc1\x7f|^>\xba\x9c2k\xbd\x9b\x01\x00\
\xc8\xcc\xfbRn{xl\xed,\x94\x13\xfd\xde\x18\x11\
\x1f\xaa\x1dD\xd2\xed2\xf3\xbd\xc0?\xd4\xceq7\xfe\
B\x19\xfc\xcf\xaa\x1d\xa4O2\xf3h\xcaz\x0e\x8d\xd7\
5\xc0##\xe2\xea\xd9<\xa8w3\x00\x00\x11q+\
\xf0\x22\xa0\xf6u\xf6[\x81\x97:\xf8K\xfd\x13\x11\xff\
H?g\x0bo\xa6\xac\x13r\xf0\xbf\x83\xcc\xdc\x02\x07\
\xffIY\x919\xfc-\xf4r\x06`\xa1\xcc|\x15\xf0\
\xf1J/\x7f#\xb0[D|\xb9\xd2\xebK\x9a\x81\xcc\
|\x0b\xf0\xee\xda9Fn\x03v\x8d\x88/\xd4\x0e\xd2\
7\x99y\x0aew?M\xc6\xcd\xc0Z\x11q\xc5L\
\x1f\xd0\xcb\x19\x80\x85\x22\xe2\x13\xc0\xbb*\xbc\xf4\xf5\x94\
\x13\xfd\x1c\xfc\xa5\x9e\x8b\x88\x03\x81\xd7P.\xd7\xd5\x94\
\xc0\xab\x1d\xfc\xef*3\xd7\xa1\x1c\xf4\xa4\xc9Y\x82Y\
.\x8e\xedu\x01\x18\xf9g\xe0\xc0\x0e_\xefj`\xcb\
\x88\xf8Z\x87\xaf)i\x1e\x22\xe2\x10J\x09\xa8y\xaa\
\xde\x1b\x22\xe2\xd0\x8a\xaf\xdfg/\xa6\xe73\xce\x03\xf1\
\xc2\xd9\xfcp\xef\x0b@DdD\xbc\x15x-e\x8a\
c\x92~\x0cl\x1a\x11\xdf\x9e\xf0\xebH\x1a\xb3\x88\xf8\
8\xf02\xca4|\xd7\xde\x16\x11\xd3pgB-O\
\xaf\x1d\xa0\x11ke\xe6\xda3\xfd\xe1\xde\x17\x80\x85\x22\
\xe2\xa3\xc0f\xc0%\x13z\x89\xff\x06\x9e\x18\x11?\x9d\
\xd0\xf3K\x9a\xb0\x88\xf84\xb0;\x93\xff\xb2pGo\
\x8b\x88\x1a\x97*\xa7Bf.K\xd9\xcb^\xdd\xd8l\
\xa6?85\x05\x00 \x22\xbe\x09<\x06x'\xe5\xb8\
\xc4q\xf8\x01\xb0UD\xec\x15\x11\xd7\x8f\xe99%U\
\x12\x11\x0b\xcf\x0d\xf8\xd3\x84_\xea\x16\xe0\x95\x0e\xfe\xf7\
\xea\x11\x94\xedk\xd5\x8dG\xcd\xf4\x07\xa7\xaa\x00\x00D\
\xc4_\x22\xe2\xed\xc0\x1a\x94\x95\xbfW\xcd\xe1i\x92r\
\xf2\xe0\xce\xc0\xe3\x22\xe2\x8c1F\x94TYD\x9c\x0c\
lD9\xae{\x12~\x0dl\x1d\x11\x9f\x9c\xd0\xf3\x0f\
\xc9\xc3j\x07h\xcc\xc3g\xfa\x83SW\x00\x16\x8a\x88\
\xab#\xe2\x9f\x80\x87P\xae/}\x00\xf8\x16p\xed\x22\
~<)\x87q\x1c\x07\xec\x0b\xac\x1d\x11\x9bF\xc41\
\xf3=MIR?E\xc4O\x80\x0d(\x8b\x88\xc7u\
I ){\xd8?&\x22\xce\x19\xd3s\x0e\xdd\xf2\xb5\
\x034\xe6~3\xfd\xc1A\xae\xca\xcc\xcc\x07\x00+\x00\
K\x01\xd7\x01\xbf\x8d\x88\xbf\xd4M%\xa9\x96\xcc\x5c\x03\
x\x1b\xe5@\xa1e\xe6\xf0\x14\xb7\x02\xc7\x03\xff\x1a\x11\
\xdf\x1dg\xb6\xa1\xcb\xccW\xd0\xffC\xde\x86\xe4\x9c\x88\
\x98\xd1:\x80A\xee\xc7\x1c\x11\xbf\x07~_;\x87\xa4\
~\x88\x88K){\xa6\xbf\x09x.\xe5\x9e\xf4M(\
\xd3\xd3\x8b\xba>\x9d\xc0\x15\x94Y\xc5\xd3\x81/F\xc4\
\x5c.7j\xa0_4\x87`\x90\x05@\x92\x16%\x22\
\xae\xa5L\xe1\x7f\x06`t\x94\xeaj\x94\xadT\x17\x16\
\x81k\x80+=\xf2[Cg\x01\x90\xd4\xac\x88\xb8\x85\
r\xfc\xf8e\xb5\xb3H]\x9b\xdaE\x80\x92$i\xee\
,\x00\x92$5\xc8\x02 IR\x83,\x00\x92$5\
\xc8\x02 IR\x83,\x00\x92$5\xc8\x02 IR\
\x83,\x00\x92$5\xc8\x02 IR\x83,\x00\x92$\
5\xc8\x02 IR\x83,\x00\x92$5\xc8\x02 I\
R\x83,\x00\x92$5\xc8\x02 IR\x83,\x00\x92\
$5\xc8\x02 IR\x83,\x00\x92$5\xc8\x02 \
IR\x83,\x00\x92$5\xc8\x02 IR\x83,\x00\
\x92$5\xc8\x02 IR\x83,\x00\x92$5\xc8\x02\
 IR\x83,\x00\x92$5\xc8\x02 IR\x83,\
\x00\x92$5\xc8\x02 IR\x83,\x00\x92$5\xc8\
\x02 IR\x83,\x00\x92$5\xc8\x02 IR\x83\
,\x00\x92$5\xc8\x02 IR\x83,\x00\x92$5\
\xc8\x02 IR\x83,\x00\x92$5\xc8\x02 IR\
\x83,\x00\x92$5\xc8\x02 IR\x83,\x00\x92$\
5\xc8\x02 IR\x83,\x00\x92$5\xc8\x02 I\
R\x83,\x00\x92$5\xc8\x02 IR\x83,\x00\x92\
$5\xc8\x02 IR\x83,\x00\x92$5\xc8\x02 \
IR\x83,\x00\x92$5\xc8\x02 IR\x83,\x00\
\x92$5\xc8\x02 IR\x83,\x00\x92$5\xc8\x02\
 IR\x83,\x00\x92$5\xc8\x02 IR\x83\xee\
[;\x80\xda\x96\x99\x8b\x03O\x06V\xa9\x9de\x82n\
\x01\xae\x03\xae\x00.\x89\x88\x9b+\xe7\x91$\x0b\x80\xba\
\x97\x99+\x03\xbb\x00O\x07\xb6\x02\x96\xaf\x9b\xa8S\xb7\
f\xe6w\x80\xd3\x80#\x22\xe2\xc2\xda\x81$\xb5\xc9K\
\x00\xeaLf\xae\x9b\x99\x87\x00\x97\x03\x1f\x03\x9eM[\
\x83?\x94\xd2\xfd$\xe0\xad\xc0\x05\x99\xf9\x8d\xcc|V\
fF\xe5\x5c\x92\x1ac\x01\xd0\xc4e\xe6\x833\xf3(\
\xe0G\xc0\xab\x81\xa5+G\xea\x93\x8d\x80c\x81\xd33\
\xf3Q\xb5\xc3Hj\x87\x05@\x13\x93\x99\xf7\xc9\xcc}\
(\x03\xff.\xf8~\xbb'[\x00\xe7g\xe6\xcbj\x07\
\x91\xd4\x06\xd7\x00h\x22F\xd7\xf9\x8f\x016\xab\x9de\
\x8a,\x0d\x1c\x9a\x99\xeb\x00o\x8d\x88\xac\x1dH\xd2p\
Y\x004v\x99\xf9\x08\xe0\x04`\xed\xdaY\xa6\xd4~\
\xc0\xe2\xc0\xdf\xd7\x0e\x22i\xb8\x9c\x92\xd5Xe\xe6F\
\xc0y8\xf8\xcf\xd7\x9b2\xf3u\xb5CH\x1a.\x0b\
\x80\xc6&3\xd7\x04\xbe\x02\xacT;\xcb@\xbc?3\
7\xac\x1dB\xd20Y\x004\x16\x99y?\xcaj\xf6\
\x07\xd6\xce2 K\x00\x9f\xcaL/\xd5I\x1a;\x0b\
\x80\xc6\xe5p\xe01\xb5C\x0c\xd0c\x81\x97\xd6\x0e!\
ix,\x00\x9a\xb7\xcc\xdc\x03\xd8\xb1v\x8e\x01{\x8b\
\xb3\x00\x92\xc6\xcd\x02\xa0y\xc9\xcc\xa5\x80w\xd5\xce1\
pk\x02\xdb\xd6\x0e!iX,\x00\x9a\xaf\x17\x02\x0f\
\xad\x1d\xa2\x01\xbb\xd7\x0e iX,\x00\x9a\xafW\xd7\
\x0e\xd0\x88m=/@\xd28Y\x004g\x99\xb9:\
\xf0\x84\xda9\x1a\xf1@`\xdd\xda!$\x0d\x87\x05@\
\xf3\xb1\x19\xe0\xb7\xd2\xee<\xb2v\x00I\xc3a\x01\xd0\
|x\xdb_\xb7\x1eV;\x80\xa4\xe1\xb0\x00h>V\
\xae\x1d\xa01\xcb\xd7\x0e i8,\x00\x9a\x8f\xa5j\
\x07h\x8c\xbfoIcc\x01\x90$\xa9A\xee.&\
\xa9\xaa\xcc\x5c\x91\xb2\xa0tc\xe0\x11\xc0C\x80eF\
\xff\x0d\xd5\x8d\xc0\xf5\xc0\xaf\x81\x8b\x81o\x03gF\xc4\
\xd5US\xa9)\x16\x00I\x9d\x1b\xedi\xf0L\xe0\x15\
\xc0v\xf8Y\x04\xb0 3\xcf\x04\xfe\x0b8*\x22n\
\xad\x9cG\x03\xe7%\x00I\x9d\xca\xcc\xed\x80\x0b)\xa7\
G\xee\x88\x83\xffB\xf7\x01\xb6\xa2\x1c\xacuqf\xee\
Z9\x8f\x06\xce\x02 \xa9\x13\x99\xb9Bf~\x1e8\
\x11xt\xed<=\xb7\x06pDf\x9e\x9c\x99\xab\xd6\
\x0e\xa3a\xb2\x00H\x9a\xb8\xcc|\x04p>\xb0[\xed\
,Sf[\xe0\xbb\x99\xf9\xa4\xdaA4<\x16\x00I\
\x13\x95\x99\xeb\x03\xe7\x02k\xd5\xce2\xa5V\x05N\xcb\
\xcc-k\x07\xd1\xb0X\x00$MLf\xae\x09\x9cL\
9\xcb@s\xb7\x1cplfz\xf6\x86\xc6\xc6\x02 \
i\x222sI\xe0h\xca7X\xcd\xdf\xf2\xc0\x973\
\xf3\x01\xb5\x83h\x18,\x00\x92&\xe5\x9dxZ\xe4\xb8\
\xad\x0e|\xb8v\x08\x0d\x83\x05@\xd2\xd8e\xe6\xa3\x81\
}k\xe7\x18\xa8\xdd\x5c\x0f\xa0q\xb0\x00H\x9a\x84\xfd\
\x81\xc5k\x87\x18\xb0w\xd5\x0e\xa0\xe9g\x01\x904V\
\x99\xb9\x06\xf0\xbc\xda9\x06n\xe3\xcc|J\xed\x10\x9a\
n\x16\x00I\xe3\xf6b`\xb1\xda!\x1a\xb0g\xed\x00\
\x9an\x16\x00I\xe3\xf6\x9c\xda\x01\x1a\xf1\x9c\xd1\x99\x0a\
\xd2\x9cX\x00$\x8dMf\xae\x04\xac_;G#\xfe\
\x0exL\xed\x10\x9a^\x16\x00I\xe3\xb4>~\xaet\
\xe9q\xb5\x03hz\xf9\x87*i\x9c\xd6\xa9\x1d\xa01\
\x8f\xa8\x1d@\xd3\xcb\x02 i\x9c\xdc\xa5\xae[\xfe\xbe\
5g\x16\x00I\xe3\xb4L\xed\x00\x8dY\xaev\x00M\
/\x0b\x80\xa4q\xf23\xa5[\xfe\xbe5g\xbey$\
Ij\x90\x05@\x92\xa4\x06Y\x00$Ij\x90\x05@\
\x92\xa4\x06Y\x00$Ij\x90\x05@\x92\xa4\x06Y\x00\
$Ij\x90\x05@\x92\xa4\x06Y\x00$Ij\x90\x05\
@\x92\xa4\x06Y\x00$Ij\x90\x05@\x92\xa4\x06Y\
\x00$Ij\x90\x05@\x92\xa4\x06Y\x00$Ij\x90\
\x05@\x92\xa4\x06Y\x00$Ij\x90\x05@\x92\xa4\x06\
Y\x00$Ij\x90\x05@\x92\xa4\x06Y\x00$Ij\
\x90\x05@\x92\xa4\x06Y\x00$Ij\x90\x05@\x92\xa4\
\x06Y\x00$Ij\x90\x05@\x92\xa4\x06Y\x00$I\
j\x90\x05@\x92\xa4\x06Y\x00$Ij\x90\x05@\x92\
\xa4\x06Y\x00$Ij\x90\x05@\x92\xa4\x06Y\x00$\
Ij\x90\x05@\x92\xa4\x06Y\x00$Ij\x90\x05@\
\x92\xa4\x06Y\x00$Ij\x90\x05@\x92\xa4\x06Y\x00\
$Ij\x90\x05@\x92\xa4\x06Y\x00$Ij\x90\x05\
@\x92\xa4\x06Y\x00$Ij\x90\x05@\x92\xa4\x06Y\
\x00$Ij\xd0}\xbbx\x91\xcc\x5c\x1aX\x0bX\x15\
X\x06X\xb2\x8b\xd7\xad\xe4\xcf\xc0\x0d\xc0\xe5\xc0\xe5\x11\
\xb1\xa0r\x1eI\x92\xeeb\x22\x05 3\xef\x03l\x06\
\xec\x0cl\x09<\x0a\x88I\xbcV\xcf\xdd\x90\x99\xdf\x00\
N\x05>\x1f\x11\x97\xd5\x0e$I\x12\x8c\xf9\x12@f\
.\x95\x99\xaf\x01~\x0a\x9c\x01\xec\x03\xacG\x9b\x83?\
\x94\xd9\x8e\xad\x80w\x01\x97f\xe6W3s\x93\xca\x99\
$I\x1a_\x01\xc8\xcc\xa7\x03\x17\x02\x1f\x05\xd6\x1c\xd7\
\xf3\x0eH\x00\xdb\x03\xe7f\xe6\xffd\xe6j\xb5\x03I\
\x92\xda5\xef\x02\x90\x99Kd\xe6\x07\x81\x13\x81\xb5\xe7\
\x1f\xa9\x09\xcf\x07\xbe\x9f\x99\xdb\xd7\x0e\x22Ij\xd3\xbc\
\x0a@f.\x0b\x1c\x0b\xbc\x81v\xa7\xf9\xe7je\xe0\
+\x99\xb9w\xed \x92\xa4\xf6\xccy\x11`f.\x05\
\x9c\x00l>\xbe8\xcdY\x0c\xf8Xf\xde'\x22>\
Z;\x8c$\xa9\x1d\xf3\x99\x01\xf8,\x0e\xfe\xe3rp\
f>\xb3v\x08IR;\xe6T\x002s\x1f`\x97\
1gi\xd9}\x80Og\xe6\xea\xb5\x83H\x92\xda0\
\xeb\x020\x1a\xa4\x0e\x9c@\x96\xd6\xad\x04|\xb8v\x08\
IR\x1b\xe62\x03\xf0n`\xb9q\x07\x11\x00\xcf\xce\
\xccmj\x87\x90$\x0d\xdf\xac\x0a@f\xae\x05\xec:\
\xa1,*\xfe\xb9v\x00I\xd2\xf0\xcdv\x06\xe0\x95\x94\
\x95\xeb\x9a\x9c\xcd3\xf31\xb5CH\x92\x86m\xc6\x05\
 3\x03\xd8c\x82Yt;gY$I\x135\x9b\
\x19\x80G\x03\x0f\x9eT\x10\xdd\xc9\xb6\xb5\x03H\x92\x86\
m6\x05\xc0Cl\xba\xf3\x84\xd1.\x8b\x92$M\xc4\
l\x0a\xc0\xa3&\x96B\x7fk1`\x9d\xda!$I\
\xc35\x9b\x02\xf0\xd0\x89\xa5\xd0\xa2<\xbcv\x00I\xd2\
p\xcd\xa6\x00,?\xb1\x14Z\x14\x7f\xdf\x92\xa4\x89\x99\
M\x01Xrb)\xb4(K\xd7\x0e I\x1a\xaey\
\x1d\x07,I\x92\xa6\x93\x05@\x92\xa4\x06Y\x00$I\
j\x90\x05@\x92\xa4\x06Y\x00$Ij\x90\x05@\x92\
\xa4\x06Y\x00$Ij\x90\x05@\x92\xa4\x06Y\x00$\
Ij\x90\x05@\x92\xa4\x06Y\x00$Ij\x90\x05@\
\x92\xa4\x06Y\x00$Ij\x90\x05@\x92\xa4\x06Y\x00\
$Ij\x90\x05@\x92\xa4\x06Y\x00$Ij\x90\x05\
@\x92\xa4\x06Y\x00$Ij\x90\x05@\x92\xa4\x06Y\
\x00$Ij\x90\x05@\x92\xa4\x06Y\x00$Ij\x90\
\x05@\x92\xa4\x06Y\x00$Ij\x90\x05@\x92\xa4\x06\
Y\x00$Ij\x90\x05@\x92\xa4\x06Y\x00$Ij\
\x90\x05@\x92\xa4\x06Y\x00$Ij\x90\x05@\x92\xa4\
\x06Y\x00$Ij\x90\x05@\x92\xa4\x06Y\x00$I\
j\x90\x05@\x92\xa4\x06Y\x00$Ij\x90\x05@\x92\
\xa4\x06Y\x00$Ij\x90\x05@\x92\xa4\x06Y\x00$\
Ij\x90\x05@\x92\xa4\x06Y\x00$Ij\x90\x05@\
\x92\xa4\x06Y\x00$Ij\x90\x05@\x92\xa4\x06Y\x00\
$Ij\x90\x05@\x92\xa4\x06Y\x00$Ij\x90\x05\
@\x92\xa4\x06Y\x00$Ij\x90\x05@\x92\xa4\x06Y\
\x00$Ij\x90\x05@\x92\xa4\x06Y\x00$Ij\x90\
\x05@\x92\xa4\x06Y\x00$Ij\x90\x05@\x92\xa4\x06\
Y\x00$Ij\x90\x05@\x92\xa4\x06Y\x00$Ij\
\x90\x05@\x92\xa4\x06Y\x00$Ij\x90\x05@\x92\xa4\
\x06Y\x00$Ij\x90\x05@\x92\xa4\x06Y\x00$I\
j\x90\x05@\x92\xa4\x06Y\x00$Ij\x90\x05@\x92\
\xa4\x06Y\x00$Ij\x90\x05@\x92\xa4\x06Y\x00$\
Ij\x90\x05@\x92\xa4\x06Y\x00$Ij\x90\x05@\
\x92\xa4\x06Y\x00$Ij\x90\x05@\x92\xa4\x06Y\x00\
$Ij\x90\x05@\x92\xa4\x06Y\x00$Ij\x90\x05\
@\x92\xa4\x06Y\x00$Ij\x90\x05@\x92\xa4\x06Y\
\x00$Ij\x90\x05@\x92\xa4\x06Y\x00$Ij\x90\
\x05@\x92\xa4\x06Y\x00$Ij\x90\x05@\x92\xa4\x06\
Y\x00$Ij\x90\x05@\xf3\xb1\xa0v\x80\xc6\xdcV\
;\x80\xa4\xe1\xb0\x00h>n\xa8\x1d\xa01\x7f\xae\x1d\
@\xd2p\xcc\xa6\x00\xf8m\xaf[\xd3\xf0m\xcf\x01\xa9\
[W\xd7\x0e0\x03~Ntk\x1a>'\xa6!\xe3\
\x90\xcc\xf8\xf7=\x9b\x02p\xdd\x1c\x82h\xee\xa6ap\
\xbd\xacv\x80\xc6\x5c\x5c;\xc0\x0c\xf89\xd1\xadi\xf8\
}OC\xc6!\xf9\xe3L\x7fp6\x05\xe0ws\x08\
\xa2\xb9\xfbm\xed\x003\xf0\xb3\xda\x01\x1ar3pA\
\xed\x103\xe0\xe7D\xb7\xa6\xe1s\xc2\xf7D\xb7~>\
\xd3\x1f\x9cM\x01\x98\x86o\x1fC2\x0d\xbf\xefo\xe3\
\x94oW\xbe\x11\x11\xd3\xb0\xe6b\x1a\xde\xb7C2\x0d\
\xbf\xefi\xc88$\xdf\x9e\xe9\x0f\xce\xa6\x00|g\x0e\
A47W\x01W\xd6\x0eqo\x22\xe2\x0f\xc0\x0fj\
\xe7h\xc4\x17j\x07\x98\xa1\x0b\x80[k\x87h\xc8\xf9\
\xb5\x03\xcc\xc0\x15L\xc7\xfa\x95!\xb8\x05\xf8\xdaL\x7f\
x6\x05\xe0\xdc\xd1\x93k\xf2N\x8f\x88\xac\x1db\x86\
\xa6e`\x9af7\x02G\xd6\x0e1\x13\x11q-\xd3\
1(\x0d\xc1\x15\x11\xd1\xfbo\xd7\xa3\xcf\xb23k\xe7\
h\xc4q\x11q\xcdL\x7fx\xc6\x05 \x22\xae\x03N\
\x9aS$\xcd\xd61\xb5\x03\xcc\xc2\xe1\xb8\xcaw\xd2\xfe\
+\x22\xa6\xe1Z\xefB\x96\xc2nL\xd3\xe7\x84\xef\x89\
n|h6?\x1c\xb3\xf9\xe1\xcc|\x1e\xd3\xf5\xa6\x9b\
F\xbf\x05V\x8f\x88\x9bj\x07\x99\xa9\xcc<\x12xA\
\xed\x1c\x03u-\xf0\xc8\x88\xf8u\xed 3\x95\x99\xab\
\x01\x97\x02K\xd4\xce2pO\x88\x88\xef\xd6\x0e1\x13\
\x99\xb9\x14\xe5R\xc0\x03jg\x19\xb0\x13\x22b\xc7\xd9\
<`\xb6\x1b\x01}\x19\xf8\xc9,\x1f\xa3\xd9\xf9\xd04\
\x0d\xfe#o\x07\xa6-\xf3\xb4x\xfb4\x0d\xfe\x00\x11\
q%pX\xed\x1c\x03\xf7\xb5i\x19\xfc\x01\x22\xe2F\
\xe0\xc3\xb5s\x0c\xd8\xf5\xc0\xebg\xfb\xa0Y\xcd\x00\x00\
d\xe6\xce\xc0\xd1\xb3}\x9cf\xe4\xd7\x94o{\xd7\xd6\
\x0e2[\x99\xf9v\xe0\x1d\xb5s\x0c\xccW\x81\x1d\xa7\
h=\xc8_e\xe6\x1a\xc0\x0f\x81\xa5kg\x19\xa0\x05\
\xc0F\x11\xf1\x7f\xb5\x83\xccFf\xde\x1f\xb8\x08X\xa5\
v\x96\x01ziD|z\xb6\x0f\x9a\xf5V\xc0\x11\xf1\
\x05\x5c\x0b0)o\x9a\xc6\xc1\x7f\xe4\xdf\x81Sj\x87\
\x18\x90\x1f\x00{L\xe3\xe0\x0f\x10\x11\x97R\xde\x13\x1a\
\xbfOL\xdb\xe0\x0f\x10\x11\x7f\x04\xde\x5c;\xc7\x00\xbd\
{.\x83?\xcca\x06\x00 3W\x05\xbe\x87Mn\
\x9c>\x1b\x11{\xd6\x0e1\x1f\x99y?J\x09xR\
\xed,S\xee\xc7\xc0\xd3\x22\xe2W\xb5\x83\xccGf.\
\x06\x9c\x06l^;\xcb\x80\xfc\x10x\xd2\x94\xec\x09\xb1\
H\x99y\x18\xb0G\xed\x1c\x03q4\xb0kD\xcci\
?\x969\x1d\x06\x14\x11W\x01\xcf\xc3\xc3`\xc6\xe5<\
`\xef\xda!\xe6k4{\xb1-\xce\x10\xcd\xc7\x99\xc0\
\xa6\xd3>\xf8\x03D\xc4m\x94\xc5\xa1\xee\x189\x1eW\
\x03\xcf\x99\xe6\xc1\x7f\xe4U\xc07k\x87\x18\x80\xff\x04\
v\x9f\xeb\xe0\x0f\xf38\x0d0\x22\xfe\x17\xd8\x09K\xc0\
|\x9d\x0f<s\x00\x7f\xd4\x00D\xc4\x9f\x80\x1d\x81\xb7\
\xe1\xc2\xc0\xd9\xb8\x098\x00\xd8f\xb4\xc1\xd2 D\xc4\
o\x80\xa7S\xee\x0a\xd0\xdc\xfd\x16\xd8>\x22\xa6\xbeL\
E\xc4\xf5\x94\xcf\x88\xa9Y\xc4\xd83\x0b\x80\x7f\x8c\x88\
WE\xc4\xbc6\xdd\x9a\xd3%\x80;\xca\xcc\xa7\x00_\
\xc4\xcb\x01s\xf1U\xca\xf4\xcd4\x1c\xfc3k\x99\xb9\
\x0eea\xe0\x0b\xf0\xe8\xe9\xbb\xb3\x80rw\xcd[\xa7\
aS\x97\xb9\x1a\xdd\x1ax,\xb0a\xed,S\xe8b\
\xca\x97\x84A\xbd?F\x97\x0c\x8f\xa2\x14D\xcd\xcc\xa5\
\xc0\xab#b\xc6\xbb\xfd\xdd\x93y\x7f(\x8ff\x02\x1e\
\x8f\xd3\xbe\xb3q#\xb0\x1fe\x85\xf7 \x07\x7f\x80\x88\
\xf8iD\xec\x0e\xac\x09\xbc\x13\xb8\xb0r\xa4>\xb9\x02\
\xf8\x00\xf0\x98\x88\xd8ih\x1f\xee\x7fktk\xe0\xa6\
\xc0A\xb8q\xd4L%\xf0Y`\xc3!\xbe?F\x97\
\x0cw\x00\xfe\x89\xf2\x99\xa8\xbbw+\xf0~\xca\xe7\xc5\
X\x06\x7f\x18\xc3\x0c\xc0\x1de\xe6N\xc0\xbf\x01\x8f\x1c\
\xe7\xf3\x0e\xc8\x02\xcaFJo\x89\x88Kj\x87\xa9!\
3\x1f\x04<\x11X\x0fX\x1dx \xb0\x14\xc3\xbe]\
\xec\xba\xd1\x7f\xbf\xa2|\x9b;/\x22~\x5c7R=\
\x99\xf9\x04\xe0\xbd\xc0\xd6\xb5\xb3\xf4\xd87\x81\xfd\x22\xe2\
\xac\xdaA\xba\x90\x99k\x03\x07\x02\xcf\xc5\xd9\xc2;\xba\
\x09\xf8<\xf0\x81\x88\xf8\xe1\xb8\x9f|\xac\x05\x00 3\
\xef\x03<\x0bx\x09\xb0\x1d\xb0\xe4\xb8_c\x0a\xfd\x9a\
\xb2\x97\xfb'[\xfe\xe0\x97\xee(3\x9f\x04\xbc\x1c\xd8\
\x19X\xb1r\x9c>\xb8\x8er\x99\xe4S\x11qz\xed\
05d\xe6z\xc0+\x80]\x81U+\xc7\xa9\xe9\x12\
\xca\xc0\xff\xd1\xd1\xa2\xfb\x89\x18{\x01\xb8\xa3\xcc\x5c\x86\
2\xed\xf7\x04\xe0\x11\xdc\xfemo\xe8\xae\xa5L\xf1^\
D9D\xe9\x07\xd3z?\xb74i\xa3\xdb\x057\x04\
6\x06\xd6\x05\x1e\x04,W5T7n\x00~C\x99\
\x15\xfa&\xf0\xcd\x88\xb8\xb9n\xa4~\xc8\xcc\x00\x1e\x0b\
lB\x99Q~\x08p\xbf\xaa\xa1&\xefz\xe0t\xe0\
\xa4!^\xf2\x91$I\x92$I\x92$I\x92$I\
\x92$I\x92$I\x92$I\x92$I\x92$I\x92\
$I\xff\x1fg\x80\x16%\xcfe\xf9\xaa\x00\x00\x00\x00\
IEND\xaeB`\x82\
\x00\x005m\
\x89\
PNG\x0d\x0a\x1a\x0a\x00\x00\x00\x0dIHDR\x00\
\x00\x02\x00\x00\x00\x02\x00\x08\x06\x00\x00\x00\xf4x\xd4\xfa\
\x00\x00\x00\x09pHYs\x00\x00\x0e\xc3\x00\x00\x0e\xc3\
\x01\xc7o\xa8d\x00\x00\x00\x19tEXtSof\
tware\x00www.inksca\
pe.org\x9b\xee<\x1a\x00\x00 \x00ID\
ATx\x9c\xed\xddy\x98\x5ce\x9d\xff\xfd\xf7}:\
\x1b\x10PH\x02(\xa8\x83\x8a,\xbd\x04b\xdc\xe2\xc2\
\x80\xe0\xb0\xc86j\xdc\x18\xe7\xe1a4\x03\xbd\x888\
\x0e\x8a\x0b\xcd\xc8:\x8c\x08Iw\x10G\x1e~\x83\xe3\
\x16E\x09\x18QQ@\x10\x18\x15\x81\xf4\x12\x880\x83\
?A\x04\x92\x80H Kw\x9f\xfb\xf9\xa3;L\x08\
Y\xba\xd3U\xe7\xae\xee\xf3~]\x17\x97\xd3\xd5U\xe7\
\xfb\x99JW\x9dO\x9ds\xea\x9c\x80\xc6\x85\xf9,\xdd\
\xbb\x8e\xba\xe3\x22\xf1(\xe0@`\x06\xb03\xf04\xf0\
X tEX2\x91\x89K\xe6\xb1\xdf\xca\xa4a\x0b\
\xd0I\xefT\xe0\xc8H~\x1c0\x13x\x05\xb0+\xf0\
\x1c\xb0*\xc0\xf2\x9cpc\x1d\x03\x8bOc\xe6\xf2\x94\
Y\x8b\xb0\x88Eu\x8f\xb1\xdf\x9c\x8c\xec\xf8\x08o\x0d\
\xf0j\x06\x9f\x0f\x80\xa7\x22\xfcO\x80\xdbs\xf2\xc5{\
\xb2\xfc\x8e\xb9\xcc\x1dH\x99\xb7\x08\x0bY\xba\xdf\x00u\
\xc7g\xc4#\x22\xec\x07L\x03v\x04\x9e\x02\x1e\x8ep\
oFv=\xf0\xe3f\xeaW'\x0d[\x80+X>\
\xbd\x9fu\xef\x86\xec\xe8Hl\x02\xf6\x04^\x02<\x03\
\xac\x00\x96\x05\xc2\x0d\x03\x0c\x5c\xd7\xc6\xccG\x92\x86U\
E\x84\xd4\x014:\x9d\xf4\xbe-\x92\x9f\x07\xbc\x9d\xe1\
\xfd{\x0e@\xf8!\x84\xcf\xb6P\xdf[\xe5x\x85\xeb\
\xa4\xfb\x15\x11\xce\x01>\x08L\x19\xe6\xc3\xba\x22\xf1\xec\
V\x9a\xae\xadb\xb4$.\xe1\x8e\x1d&1\xb5\x0d\xc2\
\x19\xc0\xee\xc3|\xd8\x13\x10/Y\xcf\xea\xf9g0g\
M5\xf3\xa5\xb0\x80\xae\x13\x02\xe1\x1c\xa0i\x98\x0fY\
\x0b|+'\xff\xc2x\x5c\xf1]\xce\xd2\x86\x01\xc2y\
\x10\x8e\x01\xea\x86\xf1\x90\x08\xdc\x16\x09g\xb5\xd2p{\
\x95\xe3\xa9\x8a,\x00c\xd4\x02\xee\x7fy`\xfd\xe5\x10\
\x8e\xdb\xceE\x0c\x04\xf8?S\x98\xf8\x89S\xd8\xff\x99\
\x8a\x86K\xe0\x0a\xee\x9a\xd8\xc7\xe4s\x80O0\xfc\x15\
\xff\xa6n\xcf\xc9>\xd6F\xfd\xb2\x0aFKf\x01]\
\xef\x0b\x84K\x80\xbd\xb7s\x11\x8f\x04\xb2O4S\xff\
\xbdJ\xe6JepE\x97]\x01\xcc\xd9\xceE\xac\x09\
p\xc9\x0aV\xb6\xb7sh\x7f%\xb3\xa50\x9f\x07v\
\xc9X\xfbe\xe0\xef\x19\xde\x8a\xffE\x02\x5c;\x81\xba\
\xd3\xe6q\xe0\x9f*\x9bNE\xb0\x00\x8cA\x9d\xf4\x1e\
\x14\xc9\x17\x03\xaf\x1c\xed\xb2\x22\xf4@~\x5c+3\x1f\
\xaa@\xb4$.\xa1w\xb7I\xc4E\x10\xdfY\x81\xc5\
\xad\x86xR\x0bM\x8b+\xb0\xac$\x221t\xd0s\
v\x80/P\x99\xd7\xf8\xfc\x954|\xa2\x9d\x90W`\
YI,\xa0\xeb\xa8@\xf8\x16\x83\x9b\xb4G%\x10n\
\x1b`\xfd{\xda\x98\xb5\xa2\x02\xd1\x92XH\xd7\xabs\
\xb8\x0eB\xfd\xe8\x97\x16\x1f\x0dd'4\xd3\xf0\x9b\xd1\
/KE\xb2\x00\x8c1\x9dt\xbf+\xc2\xb5\xc0\x0e\x15\
\x5c\xec\xcaH<\xac\x95\xa6\xee\x0a.\xb3\x10\x9d\xf4\xee\
\x19\xc9o\x03^[\xc1\xc5\xe6\x10\xe6\xb5\xd0\xf0\xb5\x0a\
.\xb3\x10\xed\xc4l\x06=\xdf\x8c\xf0\xfe\x0a/z\xd1\
J\x1a>8\x16K@'=\x1f\x8d\xc4\xaf\x00Y\x05\
\x17\xfb` {{3\xf5\x8fUp\x99\x85X@W\
c \xdc\x04L\xaf\xe0b\xd7\x048\xa1\x99\xc6\x9fV\
p\x99\xaa\xb2J\xbe Te\x0bY\xba_\x84\xefP\
\xd9\x95?\xc0\xf4@\xb8\xfer\x96\x0ew\x1fqM\xb8\
\x8a\x87\xa6\xe4\xe4?\xa0\xb2+\x7f\x80\x0c\xe2\xe5\x1d,\
\xad\xc4\x16\x85BM\xa7\xe7\xdc*\xac\xfc\x01\xe6N\xa7\
\xe7\x8bUXnUu\xd0\xf5\x8eH\xec\xa0\xf2\xefu\
\xaf\x8d\xe4\xdf\x9f\xcf\x03\x93+\xbc\xdc\xaa\xea\xe0\xbei\
\x81\xf0\x03*\xbb\xf2\x07\xd8!\xc2w;\xe8\xad\xc0\x16\
\x05\x15\xc5\x020Ft\xd2;5\x0e\x1e\x91\xfc\xd2*\
\x8dxU?\xd9\xa2v\xe2\x98\xf9\x9bx\x96\xd5\x9d\x01\
\xde\x5c\xa5\xc5O\x80\xec;\x97\xd1;\xea\xdd,EY\
@\xd7\xfb\x80OWq\xc4g:\xe9}o\x15\x97_\
Q\x1d,{\x15\x83+\xbbIU\x1a\xf1\x96\x8c\xb5\x1d\
UZv\xc5\x0d\xbe\xb6\xfb\xbf\x0f\xbc\xa6J#v\x81\
\xf8\xfd\x8bY\xbaS\x95\x96\xaf\x0a\x1b3o\xf6e\x97\
\x93\xffS\x84}\xab9#\xc0!\xd3\xe8\xfe@5g\
T\xca|z\xdf\x08\x9c\x5c\xe51\xd3&\x0c~\xc3\xa2\
\xe6]\xc5CS\x02\xe1KTw\xb7^\x88\xe4\x97^\
\xc1];VqF\x05\xe5\xe7\x03\xbbUy\xc8)\x1d\
t\xbd\xa5\xca3*b:=\x1f\x06\xdeQ\xdd)\xf1\
u;\x0e~\xe3Dc\x80\x05`\x0c\x98\xcf\xdd3\xc2\
\xe0\xd1\xedU\x17\xc8\xce\x1b\x0b\x9b53\x06.\xa0\x80\
cX\x22|\xa8\x83\xa5\xb3\xaa=g\xb4\x9e\xe3\x99\xd3\
\x19<\xd7A\xb5\xed\xd5\xc7\xa4\xd6\x02\xe6\x8c\xca|z\
fB,\xa2\xcc\x06\x08\x17\x160gT\xda\xe9\x9d\x04\
\xb4\x171+\x12\xfe\xf9R\xba\xf7(b\x96F\xc7\x02\
0\x06dL8\x15\xd8\xa5\x98i\xf1\xaf\x02k\xdeS\
\xcc\xac\xed\xd3I\xcf\x1b \x1cV\xd0\xb8,\x90\x15R\
\xbe\xb6\xd7\x22\x16\xd5EB\x81\x19\xc3\x19\x8bX\xb4]\
_\x1b+JF\xfc\x14\xc5\xbd\xbf\xbdc\x01\xdd\xb3\x0b\
\x9a\xb5]f0\xf0>\x06O\xfeT\x84\xa9\x13\x89\x1f\
+h\x96F\xc1\x020&\x84\x13\x8b\x9c\x96\x91\x9dP\
\xe4\xbc\x91\x8a\xc4B\x9f\x8f\x08\xef\x1e\xfa\x04U\x93\x9e\
`\xff\xb72\xfc\x93\xfcT\xc2\xee\x8f\xb1\xdf\xf6~\x97\
\xbe\xea\xae\xe0\xae\x89\xc0\xd1E\xce\xcc\xa0\xc6_3\xc5\
\xbe\x87DBM?\x1f\x1ad\x01\xa8q\x83\x0721\
\xb3\xc8\x99\x91x\xd4U<\xb4\xbd'\xd3)B\xd1o\
./\x9dN\xff\xdb\x0b\x9e9\x02\xd9\xf1\x85OL0\
s\xb8\xfa\x98\xfc\xd7\xfc\xefi\x8e\x0b\x11\x895\xbb\xc2\
\x1b\xda\xa5\xf7\xae\x82\xc7\xce\xba\x9c{\xfe\xaa\xe0\x99\x1a\
!\x0b@\x8d\x0b\xe4s(\xfe|\x0dSW\xb3\xba\xa1\
\xe0\x99\xc3\xf2e\xeey)p@\xd1s\x03\xa1f?\
\xf1Fb\x8al5\xfb|\x84$\xd9B\xfd\xd0\xdff\
\x0dZ?\x93\xc1\xeb\x82\x14\xaa\x9f\x09o*z\xa6F\
\xc6\x02P\xe3rbQ\xfb\xed6U\xad\xaf\x0a\x8d\xca\
D\xb2$\xcfG\xac\xd1\xe7\x03 \x14\xb7owc5\
\xfb|\xe4i\x9e\x8fd\x7f\x9b\xdb\x92%z\x0f\x095\
\xfc7\xa2A\x16\x80\x1a\x17*p\xea\xd2\xedT\xe8&\
\xd4\xe1\x8aLH\xf4)+\xab\xd1Ow@\x9a\xbf\x91\
\x9a}>\x02!\xc9k&\xdd\xdf\xe6\xd6Eb\xaa\x5c\
5\xf9|\xe8\x7fY\x00j\x5c\xa8\xdeIL\xb6\xa5&\
\xbf\x0a\x98%{>\xf2\x9a|>\x86\xa4xN&E\
bM\x9eJ<\xddkf\xa0&\xffF|\x0f\xd1\x96\
X\x00$I*!\x0b\x80$I%d\x01\x90$\xa9\
\x84,\x00\x92$\x95\x90\x05@\x92\xa4\x12\xb2\x00H\x92\
TB\x16\x00I\x92J\xc8\x02 IR\x09Y\x00$\
I*!\x0b\x80$I%d\x01\x90$\xa9\x84,\x00\
\x92$\x95\x90\x05@\x92\xa4\x12\xb2\x00H\x92TB\x16\
\x00I\x92J\xc8\x02 IR\x09Y\x00$I*!\
\x0b\x80$I%d\x01\x90$\xa9\x84,\x00\x92$\x95\
\x90\x05@\x92\xa4\x12\xb2\x00H\x92TB\x16\x00I\x92\
J\xc8\x02 IR\x09Y\x00$I*!\x0b\x80$\
I%d\x01\x90$\xa9\x84,\x00\x92$\x95\x90\x05@\
\x92\xa4\x12\xb2\x00H\x92TB\x16\x00I\x92J\xc8\x02\
 IR\x09Y\x00$I*!\x0b\x80$I%d\
\x01\x90$\xa9\x84,\x00\x92$\x95\x90\x05@\x92\xa4\x12\
\xb2\x00H\x92TB\x16\x00I\x92J\xc8\x02 IR\
\x09Y\x00$I*!\x0b\x80$I%d\x01\x90$\
\xa9\x84,\x00\x92$\x95\x90\x05@\x92\xa4\x12\xb2\x00H\
\x92TB\x16\x00I\x92J\xc8\x02 IR\x09\x85\xd4\
\x01\xb4u\x9dt_\x1a\xe1\xe3\x09F/\x0f\xf0p\x82\
\xb9\xdb\x10\xa7E\xc2\xc1\x09\x06\xaf\x0apO\x82\xb9\xdb\
\x14\xe1\xf0\x14s\x03\xfc,\xc5\xdcm\x89p00\xad\
\xe8\xb9\x81x\x0f\x84UE\xcf\xdd\x96\x08\xaf\x00\xf6K\
0z~\x0b\x8d)\xde\xbb4L\x13R\x07P\xcd\xda\
/\xa6y\xd3\xd8\x86d\x9duZ\xaa\x15m\xad\xf2\xf9\
x\xa1D\xc5T\xdann\x01\xa8QWp\xd7K\xfa\
\x99rt$\x9e\x09\xccL\x9dG\x92F\xa8+\x10.\
\x9c\xc0\xda\x1f\xcdc\xf6\xd3\xa9\xc3\xe8\xc5,\x005\xe4\
*\x1e\x9a\xb2\x9a\xd5\xef\xcd\x08\x1f\x8a\xc4w\x02\x93R\
g\x92\xa4QZ\x17\x087A\xfe\x8d\x1d\xd9\xf9\x9a\x93\
\xd9gm\xea@\x1ad\x01\xa8\x01\x1d\xf4\xd6C>\x0f\
8\x09\xd85u\x1eI\xaa\x92\xa7\x80\xff\xcc\xc9\xbe\xd2\
F\xfd\xb2\xd4a\xca\xce\x02\x90\xd0B\xba^\x9f\x13>\
\x0e|\x18\xbf\x91!\xa9<\x22\xb0$\x12.l\xa5\xe1\
\xf6\xd4a\xca\xca\x02\x90@\x07\xbdo\x8a\xe4\x17\x058\
$u\x16IJ\xec\x96\x9c\xec\xcc6\xea\x7f\x9d:H\
\xd9X\x00\x0a\xb4\x90\xaeW\xe7\x84\x0b\x80\xf7\xe1s/\
I\x1b\xc4\x00\x8br\xf2\xcf\xb42\xf3\xa1\xd4a\xca\xc2\
\x95P\x01\xae\xe0\xae\x89\xeb\x99|Z\x80\xf3\x80\x9dR\
\xe7\x91\xa4\x1a\xb56\xc2E\xab\xc8\xceo\xa7~}\xea\
0\xe3\x9d\x05\xa0\xca\xe6\xb3\xf4\xcd\x81\xec\xdf\x034\xa4\
\xce\x22IcD7d\x1fm\xa1\xfeW\xa9\x83\x8cg\
\x16\x80*i'f\xd3\xe8i\x0dp101u\x1e\
I\x1ac\xfa#\x9c\xb7\x07\xf7}q.s\x07R\x87\
\x19\x8f,\x00Up9\xf7\xee\xd5O\xdd7<\xc8O\
\x92F\xed\xe6\xc8\xc4\x93Z\xd9\xff\xd1\xd4A\xc6\x1b\x0b\
@\x85\xcdg\xe9\x9b3\xb2\x1f\x00{\xa6\xce\x22I\xe3\
A\x84?\x05\xb2\x13\xdd%PY~\xf7\xbc\x82:\xe8\
\xf9@Fv\x13\xae\xfc%\xa9b\x02\xbc\x0c\xf2_t\
\xd2\xf3\x91\xd4Y\xc6\x13\x0b@\x85,\xa0\xfb\xb3\x10\xbf\
\x05\xec\x90:\x8b$\x8dC\x93#\xf1\xfft\xd0uf\
\xea \xe3\x85\xbb\x00*\xa0\x83\x9es ~!u\x0e\
I*\x87pQ3\xf5\x9f\x09\x84\x98:\xc9XV\x97\
:\xc0X\x16\x89a\x06\xef\xe9\x00>\x95:\x8b$\x95\
\xc8\xdb~\xcd\x8ai7\xb0\xf0\x86\xd4A\xc62w\x01\
\x8cB'\xbd\x17@hN\x9dC\x92\xca&\x10[:\
\xe8>?u\x8e\xb1\xcc\x02\xb0\x9d\x86\xf6\xf9\xbb/J\
\x92\xd2\xf9\x8c\xc7\x04l?\x8f\x01\xd8\x0e\x1dt\xff\x1d\
pu\xea\x1c\x92$b \xfe]3M\xdfH\x1dd\
\xac\xb1\x00\x8c\xd0\xd0%|o\xc3\xa3\xfd%\xa9V\xac\
\x85\xec\xaf=O\xc0\xc8X\x00F\xe0r\xee\xddk\x80\
\xba\xbb\xf0{\xfe\x92TS\x22\xfc\x09&\xce\xf6\x8c\x81\
\xc3\xe71\x00\xc3\xd4N\xcc\x06\xc8\xae\xc6\x95\xbf$\xd5\
\x9c\xc1\x93\x05\xf5}s\x11\x8b\xfcv\xdb0Y\x00\x86\
i:\xdd\x9f\x83pX\xea\x1c\x92\xa4\xcd\x0bp\xc8\x13\
\x1c\xe0A\x81\xc3\xe4.\x80a\x18:\xbf\xffm\xc0\x84\
\xd4Y$I[\xd5\x1f\x08s\x9ai\xf8M\xea \xb5\
\xce-\x00\xdb\xd0\xce\xcd\x132\xb2\xaf\xe0\xca_\x92\xc6\
\x82\x09\x91x\xe5\x15\xdc\xe5e\xd8\xb7\xc1\x02\xb0\x0d\xd3\
\x99\xf1i`f\xea\x1c\x92\xa4ak\xecg\xd2'S\
\x87\xa8u\xee\x02\xd8\x8a\x85t\xbd:'\xf4\x02SR\
g\x91$\x8d\xc8\x9aH^\xdf\xca\xcc\x87R\x07\xa9U\
n\x01\xd8\x8aHv!\xae\xfc%i,\xda\x01\xc2y\
\xa9C\xd42\xb7\x00l\xc1|z\xdf\x98\x91\xff\x17>\
G\x924VE\x88om\xa1\xe9\xce\xd4Aj\x91[\
\x00\xb6 \x90\xff+\xae\xfc%i,\x0b\xc0\xb9\xa9C\
\xd4*Wp\x9b1\x9f\xa5o\xcf\xc8nM\x9dC\x92\
4z\x01\xde\xdaL\xe3\x1d\xa9s\xd4\x1a\xb7\x00lF\
 \xf3D\x12\x924ND\xc2?\xa7\xceP\x8b\xdc\x02\
\xb0\x89\x0ez\xeb!\xef\xc6\xe7F\x92\xc6\x8b<@C\
3\x8d\xf7\xa5\x0eRK\xdc\x02\xb0\x89H\xfcG\x5c\xf9\
K\xd2x\x92E\xe2\xc7R\x87\xa85\xae\xe86r\x15\
\x0fMy\x96\xd5\x8f\x02\xbb\xa6\xce\x22I\xaa\xa8U;\
1u\xef\x93\xd9gm\xea \xb5\xc2-\x00\x1bY\xcd\
\xea\xf7\xe2\xca_\x92\xc6\xa3i\xcf\xf2\xec\x09\xa9C\xd4\
\x12\x0b\xc0F\x02\xf1\xc3\xa93H\x92\xaa\xc5\xf7\xf8\x8d\
\xb9\x0b`\xc8\x95\xdc\xbf\xf3\x1a\xfaV\x00\x93Sg\x91\
$U\xc5\xba\x9c)\xbb\xb7\xb1\xef_R\x07\xa9\x05n\
\x01\x18\xb2\x96\xfew\xe3\xca_\x92\xc6\xb3\xc9\x19\xeb\x8e\
N\x1d\xa2V\x8ch\x0b@\x07\xcb^\x05\xf9[\x80\xd7\
\x02S\xab\x13)\x95x\x040+u\x0aIRU\xdd\
\x0d\xe1\xc6\xd4!*l5\xf0\xe0\x00\xe1\x8e\x8fS\xff\
\x87\xe1>h\x9b\x05\xe0r\x96\xee>@\xf8\xc7\x00'\
D\xc2\xc1\xa3\x8a(I\x92\xaa\xe9n\x88\x8bs\xfa/\
oc\xd6\x8a\xad\xddq\x8b\x05\xe0b\x96\xee\xb4\x03\xa1\
\x05\xc2g\x80\x97T<\xa2$I\xaa\x96g!t\xe4\
L>\x7fK\xc7<l\xb6\x00\x5c\xc6\xb2}\xeb\x18\xb8\
\x0e\xd8\xbf\xaa\xf1$IR5=\x18\xe0\xb8\xcd\x9d\x05\
\xf1E\x07\x01v\xd2\xfd\xae:\x06~\x8d+\x7fI\x92\
\xc6\xba\xd7F\xb8\xa3\x83\xee#6\xfd\xc5\x0b\xb6\x00t\
\xb0t\x16d\xb7\x01;\x16\x16M\x92$U\xdb\xda\x9c\
\xec\x906\xea\x7f\xbd\xe1\x86\xe7\x0b\xc0\x15,{Y\xdf\
\xe0'\xff\xbd\x93D\x93$IU\x13\xe1O\x13\x18x\
\xc3\xa9\x1c\xf4G\xd8h\x17@\x1f\xfd_\xc1\x95\xbf$\
I\xe3R\x80\x97\x0dP\xb7`\xa3\x9f\xa1\x93\xde\xb7E\
\xf2\xdb\xd2\xc5\x92$IE\x88\x84\xb7\xb5\xd2p{6\
\xf8C~^\xea@\x92$\xa9\xfa\x02\xf1\x5c\x80p9\
\xf7\xee5@\xdd\xc3x]\x00I\x92\xca \xe6\xe4\xaf\
\xccr\xb2\x13q\xe5/IRY\x84\x8c\xec\xd8,\x12\
\xfe&u\x12I\x92T\xa4xd\x06\x1c\x98:\x86$\
I*R80\x03\xf6H\x1dC\x92$\x15j\x8f\x0c\
\x98\x92:\x85$I*\xd4\x0e\x19\xf0\x5c\xea\x14\x92$\
\xa9P\xcff\xc0\xa3\xa9SH\x92\xa4B\xfd1\x0b\x84\
\xae\xd4)$IRq\x02tg\x90\xff(u\x10I\
\x92T\x9c\x08K\xb2\xc8\xc4\xeb\x81\xfe\xd4a$IR\
!\xfaa\xc2\x8f\xb2\x16\x0eX\x05aI\xea4\x92$\
\xa9\x10\xd7\xb7p\xc0\xaa\x0d\x17\x03\xfa4n\x05\x90$\
i\xbc\x1b\xc8\xc9>\x07\x90\x01\xb4\xd2t\x7f\x80\xffH\
\x9bI\x92$UW\xb8\xb2\x8d\xfae\x00\x136\xdc4\
\x85\x89\x9fx\x8e\xbe7\x05hH\x17L\xda\x1e\xf1Q\
\x08\x7f\x0a\xf0\x14\xb0:\xc2\xb3\x10\x9ee\xf0gi\xb4\
v\x85\xb8S\x80\x9d\x80\xa9\x11v\x8d\xf0\xf2\x00/K\
\x1dL\x1a\xa1\xae@\xf8\xe4\x86\x1f^p\x15\xc0\x05,\
\xdd'\x90\xfd\x1a\x98^x,i\xdbV\x05\xb8-\x12\
{\x02\xdc\x9f\x13\x96G\xa6\xfc\xae\x8d}\xff\x92:\x98\
\xcag>\x0f\xecR\xc7\xba\xfd \x7f\x1d\x84\x03\x80\xfa\
\x08o\x07\xa6\xa5\xce&m\xc6\xca:\xfa\xdfp*\x07\
\xff~\xc3\x0d/\xba\x0c\xf0\x02\xba\x1a\x03\xd9u\x10\xff\
\xaa\xc8d\xd2f<\x03\xfc\x02\xe2\xcd\x81\xba\x9bVp\
`W;!O\x1dJ\xda\x92vb\xb6\x1b\xcbf\xd6\
\x91\x1f\x96\xc3\xa1\x01\xde\x01\xec\x9c:\x97J\xef\xa1H\
<\xbe\x95\xa6\xee\x8do|Q\x01\x00\x98\xcf\xdd3\x02\
\x13\xbf\x1b\xe0\x90b\xb2I\xcf[\x07\xfc0\x92]=\
\x8957\xcccv_\xea@\xd2\xf6j\xa7w\xd2t\
\x06\x8e\x8a\x84\x8f\x048\x06\x98\x9c:\x93J\xe7\xe6\x89\
L\x9a;\x8f\xfdVn\xfa\x8b\xcd\x16\x00\x18l\xb2\xd3\
\xe8\xfe@ \x9c\x0b\xecS\xd5x*\xbd\x08\xff\x15\xe0\
\xea\x8c\xf8\xed\xd3hr\xdf\xbd\xc6\x9dK\xe8\xddm\x12\
\xf9\xfb!\xfe=\x847\xa5\xce\xa3q\xef\x7f |\xb6\
\x99\xfa\xef\x04B\xdc\xdc\x1d\xb6X\x006h\xa7w\xd2\
4\x06\xde\x9b\x91\x9d\x10\x89G\xe2\xe6,UN\x8c\xf0\
\xa3\x0c\xceo\xa6\xf1\x8e\xd4a\xa4\xa2,\xa0\xe7\xad\x19\
|6\x12\x8fJ\x9dE\xe3\xca3\x81\xf0\xe3\x9c\xfc\xda\
U\xd4}\xaf\x9d\xfa\xf5[\xbb\xf36\x0b\xc0\xc6\xe6\xf3\
\xc0\xe4\xc0\xdaF\xe05\x81\xf8\x12`\xd7\xd1$\xad\x05\
\x81pJ\x84}S\xe7(\x99\x1c\xe2\xf7s\xea\xceo\
\xa3\xfe\x9e\xd4a\xa4T:X:+\x92}6\xc0\x09\
\x0c}-[\x85y\x10\xe2\xd7R\x87\xa8\x80\xa7\x22\xe1\
i\xe0\xbf#S\xba\xdb\xd8w\xddp\x1f8\xa2\x020\
\x1eu\xd0\xfdS\xe0\x88\xd49J\xe4f\xc8Z[\xa8\
\xefM\x1dD\xaa\x15\x83\x07_\x87\x0e\x06\x0f\x1aT\x01\
\x02\xfc\xac\x99\xc6R\xbf\xf7O\xd8\xf6]\xa4\x8ax,\
\x10\xce<\x8d\xfa\xafoi\x7f\x94TVCGg\x1f\
\xb2\x80\xae\xf7\x05\xc2\x02`\x8f\xd4\x994\xfe\xb9\xc9I\
\xd56\x10\x09\x1d}\xf4\x1f\xd0L\xc3\xd5\xae\xfc\xa5-\
k\xa5\xe9\xbb}\xf4\xef\x1fa!\xe0W^UUn\
\x01P5=\x01\x9c\xd4J\xc3\x8d\xa9\x83Hc\xc5'\
8\xf8\xcf@\xf3\x02\xba\xbf\x1b\x88\xdf\x80\xf0\xf2\xd4\x99\
4>\xb9\x05@U\x12o\x9aH\xddA-4\xba\xf2\
\x97\xb6C+\x8d\xb7\xe4\xf4\x1f\x04\xf1\xc7\xa9\xb3h|\
\xb2\x00\xa8\xd2\x06\x22\x9c\xb3\x92\xc6#\xe6q\xe0\x9fR\
\x87\x91\xc6\xb26f\xadh\xa6\xf1\xe8\x08\xa7\x03\x9e\x14\
K\x15\xe5.\x00U\xd2\xea\x00\xefi\xa1\xf1\xa7\xa9\x83\
H\xe3\xc5\xd0q3\x97u\xd2\xbb<\x92\x7f\x8f\xc1\x8b\
\x12I\xa3\xe6\x16\x00U\xca\x93\x10\xdf\xd5\xec\xca_\xaa\
\x8af\xea\x7f\x1c\x08\x87\x02+Rg\xd1\xf8`\x01P\
%\xfc\xdf\x8c|N\x0bMw\xa6\x0e\x22\x8dg\xcd4\
\xfc&\x12\xdf\x01\xfc!u\x16\x8d}\x16\x00\x8d\xd6\xb2\
:\x06\xdez\x1a3\x97\xa7\x0e\x22\x95A+M\xf7\xd7\
10\x07\xb8/u\x16\x8dm\x16\x00\x8d\xc6#\x03d\
G\x9d\xcaA\x7fL\x1dD*\x93S9\xe8\x8f\x91\x89\
\x87C\xf8}\xea,\x1a\xbb,\x00\xda^+#\xf1\x88\
\x8fS\xef\xa6H)\x81V\xf6\x7f4\x10\x8e`\xf0|\
\x1b\xd2\x88Y\x00\xb4=\x9e\x83x\x5c+M\xf7\xa7\x0e\
\x22\x95Y3\xf5\x0f\x06\xc2\xbb\x81\xd5\xa9\xb3h\xec\xb1\
\x00h\xa4\xfa\x03\x9c\xe8\x01\x7fRm\x18:0p.\
0\x90:\x8b\xc6\x16\x0b\x80F\xeal\xbf\xea'\xd5\x96\
V\x9an\x08\xf0\xc5\xd494\xb6X\x004\x02\xf1\xa6\
\xdd\xb9\xef\xa2\xd4)$\xbd\xd8\x0a\x1a\xbe\x08x\xeam\
\x0d\x9b\x05@\xc3\xf5x\xa0\xee\xc3s\x99\xebfF\xa9\
\x06\xb5\x13\xf2:\xf2\x93\x22x\x0an\x0d\x8b\x05@\xc3\
1\x10\xe1\x03\xcd\xd4?\x96:\x88\xa4-;\x95\x99O\
@v\x12^JX\xc3`\x01\xd0p,l\xa5\xf1\x96\
\xd4!$m[+\xf57\x01W\xa4\xce\xa1\xdag\x01\
\xd0\xb6<\xdeG\xff\x17R\x87\x904|\x13Y\xf7\x19\
w\x05h[,\x00\xda\xaa@\xfc\xe4'8\xf8\xcf\xa9\
sH\x1a\xbey\xcc~:\x10>\x93:\x87j\x9b\x05\
@[s\xebi4~3u\x08I#\xd7L\xfd\xd5\
\xc0\xcd\xa9s\xa8vY\x00\xb4%9d\xa7\x0d]\x8b\
\x5c\xd2\x18\x13\x081\x83\xd3\xf1\x80@m\xc1\x84\xd4\x01\
T\x9b\x02\xe1\x9af\xea{S\xe7\x18\x89Nz\xf7\xcc\
\xc9\xf7\x07\xf6\xce\x88;Exi\xeaL\x1a\x17\x9e\x8a\
\x84\xe7\x80G\x06\xe0\xbe\xd3i|<u\xa0\xe1:\x8d\
\xc6\xae\x0e\xba\x17\x03'\xa6\xce\xa2\xdac\x01\xd0f\x05\
\xf2\x9a?\xe1O'\xbd{B\xfc\xdbH<\x0c8$\
\x92O\x0fC\xbf\x8b\x84\xad=T\x1a\x91\x0d\x7fM\x13\
\x80\x0e\xbaW@\xfc\x05\x84\x9b\xfa\xe1\xfb\xb5^\x08r\
\xb2/f\xe4'\x80/\x0a\xbd\x90\xbb\x00\xf4\x22\x11\x96\
\x9cF\xd3oS\xe7\xd8\x9cH\x0c\x0b\xe9>\xa6\x83\xee\
%\x91\xfc\xe1H\xec\x04\xde\x03LO\x9dM\xa51\x03\
\xc2{\x81\x85\x13\xe0\x91\x05t\xff\xb0\x83\xae\xa3#\xb1\
&W\xb0m\xd4\xdf\x03\xf1'\xa9s\xa8\xf6X\x00\xb4\
\x19\xe1\x82\xd4\x096\xa7\x93\x9ec;\xe9\xb9;\x87\x1f\
\x02G\xe3\x16,\xa57!\xc01\x10\x96,\xa4\xfb\xb7\
\x1dt\x1d\x9d:\xd0\x16\xfcK\xea\x00\xaa=\x16\x00\xbd\
@\x84\xffj\xa5\xe1\xf6\xd496\xd6\xc1\xb2Wu\xd0\
}]$^\x07\x1c\x94:\x8f\xb49\x91p0\x84%\
\x1d\xf4\x5c{\x19\xbd\xafL\x9dgc\x83W\xef\x8c\xbf\
J\x9dC\xb5\xc5\x02\xa0M\xfdG\xea\x00\x1b\xeb\xa0\xeb\
x\x18\xb8\x0786u\x16ix\xe2\xf1u\xe4\xdd\x0b\
\xe8z_\xea$\x1b\x0bdW\xa7\xce\xa0\xdab\x01\xd0\
\xc6\xd6\x07&|7u\x08\x18\xdc\xd7\xdfI\xd7E\x10\
\xae\x05vM\x9dG\x1a\xa1]\x02\xe1;\x1dt\x9f_\
+\xc7\x06\xac#|\x1bX\x97:\x87j\x87\x05@\x1b\
\x89\xd7\xb5p\xc0\xaa\xd4)\xda\xb9yB'\xddWE\
\xc2?\xa7\xce\x22\x8dB\x00>\xd3I\xcf\x95\xed\xdc\x9c\
\xfcx\x953\xa8\x7f\x12\xf8Q\xea\x1c\xaa\x1d\x16\x00=\
/R\xf7\xf5\xf4\x19b\x98\xce\xf4+ \xfc}\xea,\
R\x85\x9c<\x83\xe9W\xd5\xc8\x96\x80\xe4\xafq\xd5\x0e\
\x0b\x806\xf8\xcb$\xd6\xdc\x90:\xc4B\xba/\x04\xfe\
\xdf\xd49\xa4J\x8apR'=\xe7\xa5\xce\xb1\x92l\
\x09\xf0L\xea\x1c\xaa\x0d\x16\x00mp\xeb<f\xf7\xa5\
\x0c\xd0I\xcf\xb1\x91\xf0\xa9\x94\x19\xa4*\xfat\x07\xdd\
I\xcf\xc8\xd7N\xfd\xfa@\xf8e\xca\x0c\xaa\x1d\x16\x00\
\x0d\x89I/\x1a\xd2\xc1\xb2WE\xe2\xd5x\xb62\x8d\
_\x01\xb8\xb2\x93\xeeW\xa4\x0c\x11\x13\xbf\xd6U;,\
\x00\x02 PwS\xda\x04\x03\x0b\xf0\xdc\xfd\x1a\xffv\
\x8dpY\xda\x08\xf9\xcf\xd3\xceW\xad\xb0\x00\x08`\xd5\
\x0a\x0e\xecJ5\xbc\x93\x9ec\xf1{\xfe*\x8f\x13\x17\
\xd0uT\xaa\xe1+i\xba\x17X\x99j\xbej\xc7\x88\
\xbf\x9a\xb2\x90\xae]\xfb\xa9\xfb+\x18\x98V\x85<)\
\x8c\x97\xff?F\xe3\xd6vB\xb2K\x86Fb{\xaa\
\xd9R\x0a\x19\x9c\x17\x89?Nq\xb9\xedvB\xdeA\
\xcf\xed\x10\x8f/zv-\x89\xb0\xdb|\xba\x0eO\x9d\
\xa3\x12\xea\xa8[9\x815\x0f\xcdc\xf6\xd3#y\xdc\
\xb0\x0a\xc0|z\xdf\x18\x88'\x06\xe2\xf19\x1c\x90\x91\
\xe3\xae\xda\xf1$&\xbb\xec\xefB\xba\x8f\xc9aV\xaa\
\xf9R\x0a\x91pp\x07\xddG\x02I\xbey\x13\x88=\
\x11J]\x00\x80Y\x19\xe1\xc6\xd4!*!\x92\xd3\xc7\
d:\xe8\xea\x85\xb08\x10\xaem\xa6\xe17\xdbz\xdc\
V\x0b@'=o\x88\xc4\x8b ?\xb4rQUk\
\x02\xdc\x9fjv$4C\xe1\x1f\x82\xa4\xe4\x02\xe1T\
\x12\x15\x80\x08\xcbS\xccU\xb5\x85z\xa0>\x12\xcf\xea\
\xa0\xfb\x8e@vf3\xf5[\xfc\xd6\xc7f\x8f\x01\xb8\
\x8a\x87\xa6t\xd0}e\x1c\xbcx\x84+\xffq.'\
$y3\xb8\x94\xee=\x22\xf1\x88\x14\xb3\xa5\x1ap\xd4\
\xa5t\xef\x91bpNf\x01\x18\xff\xe6D\xf2[;\
\xe8\xfe\xf7\xf9<0yswxQ\x01\xb8\x82\xe5\xd3\
\x9fe\xf5O\x18<\x19\x8b\xdb\xf9K 2\xe5w)\
\xe6N$\xbc\x07/\xe9\xab\xf2\x9a0!\xd1~\xf8\xc9\
\xac\xb1\x00\x94C\x00\xfe!c\xed\xcd\x9d\xf4\xee\xb9\xe9\
/_P\x00:\xb8oZ\x1f\xeb\xef\x04\xdeQT:\
\xa5\x16\x1fmc\xdf\xbf$\x99L<,\xc5\x5c\xa9V\
\x04B\x92\xd7\xc0\xd0\xc1b\x8f\xa5\x98\xad$\xde\x02\xf9\
\xad\x97\xd0\xbb\xdb\xc67>_\x00\xae\xe0\xae\x89\xd0\xff\
]\xe0\xb5\x85GSB\xe1\x8f\x09\x87\x1f\x92p\xb6\x94\
\x5cL\xbb\x8b\xf5\x91\x84\xb3U\xb0\x08\xfbN\x22.\xda\
\xf8\xc2T\xcf\x17\x80>&\x9f\x83\xfb\xfbK(&9\
/\xf8\xd0\xe6\xa8\xe9)fK5d\xf7\xf9\xdc=#\
\xd1l\xaf\x09P:\xf1\x9d\xd3\x99v\xf6\x86\x9f2\x80\
\xcb\xb9w/\xe0\xf4d\x99\x94P\x96\xe4M '\xdf\
?\xc5\x5c\xa9\xf6\xd4\xa5z-\xacN4WI\x85\x7f\
\xdap:\xea\x0c`\x80\xba/\x02;$\xcd\xa4$B\
\xa2-\x00\xc0\xde\x89\xe6J5%\x10R]\x1b \xc9\
\xb1?Jn\x0ap6@\xd6I\xefT\xe0\x83i\xf3\
(\x95\x98h3`\x80\x9dS\xcc\x95jM\x96\xee\xb5\
\xe0\x16\x80\x92\x8ap\xd2\x95\xdc\xbfs\x06\x1c\xc9`#\
P\x09\x05x6\xd1\xe8\xa9\x89\xe6J5%'$)\
\x00\xc1c\x00\xcal\xf2Z\xfa\x8e\xc8rr/\xc2R\
b9\xa1?\xc5\xdc@\xacK1W\xaa5\x191\xc9\
\xb90R\xbd\xf6U\x1b\x22\xe1\xd8,\xc0\xc1\xa9\x83H\
\x92\xa4\x22\xc5\x832\xe0\x95\xa9cH\x92\xa4B\xbd*\
\x03vJ\x9dB\x92$\x15j\xe7\x0c\xe8K\x9dB\x92\
$\x15j]\x06\xacL\x9dB\x92$\x15jeF\xc2\
k\xc1K\x92\xa4$\xee\xcf\x22\xe1g\xa9SH\x92\xa4\
\xe2\x04\xb81\xcb\x08\xdfO\x1dD\x92$\x15'2p\
}\xd6L\xfd\x83\xc0\xd2\xd4a$IR!\xeem\xe1\
\xa0\xdf\x0d]\x0e8\x9e\xbd\xf5\xfbJ\x92\xa4q\xe2\xf3\
0t5\xc0\x16\x9a\x16\x03\xbfL\x1aG\x92$UU\
 \xdc\xd6B\xe3\x0fa\xa8\x00\x00\xe4d\xf3\xf0\xf2\x90\
\x92$\x8dWO\xe7\xe4\x1f\xdb\xf0\xc3\xf3\x05\xa0\x8d\xfa\
e\x910\x17\x18H\x12K\x92$UK\x0e\x9c\xd4J\
\xd3\xf3_\xfd\xcf6\xfem+\x0d?\x81\xf0\x8fxv\
@I\x92\xc6\x8b\xbe\x08\x1f\xdb\xb0\xe9\x7f\x83l\xd3{\
\xb5\xd0\xf0\xb5@v\x18\xf0Da\xd1$IR5\xac\
\x8adG\xb6\xd2x\xe5\xa6\xbfxQ\x01\x00h\xa6\xfe\
\x97\x01f\x03_gp\xb3\x81$I\x1a;\xf2\x08W\
\xe7\xe4\x07\xb5R\x7f\xd3\xe6\xee0aK\x8fl\xa6\xf1\
a\xe0#\xf3\xe9\xf9RF\xfc$p\x0c\xb0[\x95\x82\
J\x92\xa4\xd1{\x0a\xf8a\x06\xffv\x1a\x8d][\xbb\
\xe3\x16\x0b\xc0\x06m4,\x05>\xd2\xce\xcd\x13\xa6\xb1\
\xfb; \x7fK\x80\xfd\x02\xec\x0cL\xadP\xe0d\x22\
\xcc\xc2b#Ie\xf3d\x80\xbbS\x87\x18\xadHx\
\x16\xe2_ \xfc\x0e\x06\xee\x5c\xc9\x93\xbfh\xe7\xd0\xfe\
\xe1<v\x9b\x05`\x83\xa1\x05\xde4\xf4\xdf\xb8\xd1A\
\xf7O\x81#R\xe7\x90$\x15'\xc0\xdd\xcd4\x96\xfa\
\xbd\x7f\xb3\xc7\x00H\x92\xa4\xf1\xcd\x02 IR\x09Y\
\x00$I*!\x0b\x80$I%d\x01\x90$\xa9\x84\
,\x00\x92$\x95\x90\x05@\x92\xa4\x12\xb2\x00H\x92T\
B\x16\x00I\x92J\xc8\x02 IR\x09Y\x00$I\
*!\x0b\x80$I%d\x01\x90$\xa9\x84,\x00\x92\
$\x95\x90\x05@\x92\xa4\x12\xb2\x00H\x92TB\x16\x00\
I\x92J\xc8\x02 IR\x09Y\x00$I*!\x0b\
\x80$I%d\x01\x90$\xa9\x84,\x00\x92$\x95\x90\
\x05@\x92\xa4\x12\xb2\x00H\x92TB\x16\x00I\x92J\
\xc8\x02 IR\x09Y\x00$I*!\x0b\x80$I\
%d\x01\x90$\xa9\x84,\x00\x92$\x95\x90\x05@\x92\
\xa4\x12\xb2\x00H\x92TB\x16\x00I\x92J\xc8\x02 \
IR\x09Y\x00$I*!\x0b\x80$I%d\x01\
\x90$\xa9\x84&\x0c\xe7N\x8bXT\xf7\x04\xfb\xbf\x15\
\xb2\xe3#qN\x80W\x03\xbb\x02\x13\xab\x1bO\x92\xa4\
\xca\x8bpx\x07\xdd1u\x8e\x0a\xe8\x03\x9e\x8a\xf0?\
\x01n\xcf\xc9\x17\xef\xc9\xf2;\xe62w`[\x0f\xdc\
j\x01\xb8\x84;v\x98\xcc\xd4\x8f?A8\x03\x98\x01\
\x91P\xa9\xc8\x92$i\xb4&\x02\xbb\x07\xd8\x1dxs\
F\xf6\xc9'8\xe0\x89\x05\xf4|\xa9\x8f\xbf,8\x83\
9k\xb6\xf4\xc0-\xee\x02\xe8\xa0{\xee$v~ \
\x12.\x00fT!\xb4$I\xaa\xbc\xdd\x03\xf1\xa2I\
\xec\xbc\xbc\x93\xde\xf7n\xe9N/*\x00\x91\x18\x16\xd0\
\xdd\x0e|\x1b\xd8\xab\x8a\x01%IR\xf5\xbc\x22\x92/\
\xea\xa0\xe7\xc2v\xe2\x8b\xd6\xf7/\xb8\xa1\x9d\x98u\xd2\
\xf3\xed\x00g\x83[\xfb%I\x1a\xe3\x02\xc43g\xd0\
\xf3\xcdMK\xc0\x0b~\x98F\xefy\xc0\xdcB\xa3I\
\x92\xa4\xaa\x8a\xf0\xfe\x19\xf4\xfc\xcb\xc6\xb7=_\x00:\
\xe8\x9e\x1b\x88\x9f.>\x96$I\xaa\xb6\x08g-\xa0\
\xe7=\x1b~\xce`\xf0h\x7f\xe0\xdf\x92\xa5\x92$I\
\xd5\x16\x02\xf1\xb2+\xb8kG\x18*\x00\x93\xd8\xf9t\
\xe0\x15IcI\x92\xa4j\xdbk=SZ\x00\xb2E\
,\xaa\x03>\x918\x90$I*@ \x9e\xb1\x88E\
u\xd9J\xf6\x7f\x1b~\xcf_\x92\xa4\xb2\xd8c\x05\xf5\
o\xc9\x06\xe0\xf8\xd4I$IR\x91\xf2\xe3\xb3\x00s\
R\xc7\x90$I\xc5\x890'\x83\xf0\xea\xd4A$I\
R\xa1^\x93\x01/I\x9dB\x92$\x15\xea\xa5[\xbc\
\x18\x90$I\x1a\xbf2\xe0\xe9\xd4!$IR\xa1\xfe\
\x9cE\xf8\xef\xd4)$IR\xa1\x1e\xcc\x02\xdc\x9e:\
\x85$I*N \xde\x9e\xe5\xe4\x8bS\x07\x91$I\
E\x0a\x8b\xb3=Y~\x07\xf0D\xea(\x92$\xa9\x10\
\x8f\xaf\xa0\xe1\xbf\xb2\xb9\xcc\x1d\x88\x84/\xa5N#I\
\x92\xaa/\xc0\xc5\xed\x84<\x03\x98\xcaN\xf3\x81?$\
\xce$I\x92\xaa\xeb\x91u<\xb3\x10\x86.\x07|2\
\xfb\xac\x0dd\x9f\x04b\xd2X\x92$\xa9Z\x22\xd0v\
\x06s\xd6\xc0P\x01\x00h\xa6\xfe{\xc0\x05\xa9RI\
\x92\xa4\xea\x89\x84s[h\xfc\xc1\x86\x9f_p&\xc0\
\x954|>\xc0w\x8a\x8f%I\x92\xaa\xe8\xdb\xab\xa8\
o\xdf\xf8\x86\x17\x14\x80vB~\x1a\x0d\x1f\x8cp\x0e\
\xee\x0e\x90$i\xac\x8b\x10.ZI\xc3\x87\xdb\x09\xf9\
\xc6\xbf\x98\xb0\xe9=\x03!\x02\xed\x0b\xe8\xe9\x0e\xc4/\
\x03\xaf(*\xa5$I\xaa\x98?\x00\xa7\xb7\xd0\xf0\x83\
\xcd\xfdr\x8b\x17\x03j\xa5\xe1\x9a\x9d\x98\xfa:\xe0\x9f\
\x81\xc7\xab\x14N\x92$U\xd6\xe3\x11>\xb5\x13S\xf7\
\xdbx\x9f\xff\xa6^\xb4\x05`c'\xb3\xcfZ\xe0\xe2\
v\xe2\x97f\xb0l\x0e\xe4\xc7G\x98\x03\xbc\x06\xd8\x15\
\x98T\xd9\xcc\x92$i\x04\xd6\x03O1x]\x9f\xdb\
#a\xf1*\xea\xef\xdcts\xff\xe6l\xb5\x00l0\
\xb4\xa0_\x0e\xfd7\xaet\xd0\xfdS\xe0\x88\xd49$\
I\xc5\x09\xf0\xb3f\x1aK\xfd\xde\xbf\xc5]\x00\x92$\
i\xfc\xb2\x00H\x92TB\x16\x00I\x92J\xc8\x02 \
IR\x09Y\x00$I*!\x0b\x80$I%d\x01\
\x90$\xa9\x84,\x00\x92$\x95\x90\x05@\x92\xa4\x12\xb2\
\x00H\x92TB\x16\x00I\x92J\xc8\x02 IR\x09\
Y\x00$I*!\x0b\x80$I%d\x01\x90$\xa9\
\x84,\x00\x92$\x95\x90\x05@\x92\xa4\x12\xb2\x00H\x92\
TB\x16\x00I\x92J\xc8\x02 IR\x09Y\x00$\
I*!\x0b\x80$I%d\x01\x90$\xa9\x84,\x00\
\x92$\x95\x90\x05@\x92\xa4\x12\xb2\x00H\x92TB\x16\
\x00I\x92J\xc8\x02 IR\x09Y\x00$I*!\
\x0b\x80$I%d\x01\x90$\xa9\x84,\x00\x92$\x95\
\x90\x05@\x92\xa4\x12\xb2\x00H\x92TB\x16\x00I\x92\
J\xc8\x02 IR\x09Y\x00$I*\xa1\x09\xc3\xbd\
\xe3\x15\xdc5\xb1\x8f\xc9\x7f\x1d`\x0e\xf0\xdaH\xdc%\
\x10v\xacb\xb6BD\x98\x95:\x83$\xa9X\x11f\
u\xd2}c\xea\x1c\x15\xb0z\xf0\xbf\xf8\xbb\x01\xb8s\
2\xeb\x7f1\x8f\xd9}\xc3y\xe06\x0b\xc0|z\x0f\
\xce\x88\xff\xd4G<\x1axi|\xfe7\x81\xb8\xe5\x87\
I\x92T\xcbv\x8bpx\xea\x10\x95\x13\xc8\x80>&\
?\xd5I\xf7\x12\xc8\xbe\xd4L\xfd\xbd[{\xc4\x16\x0b\
@\x07\xcb^\x05\xf9\xf9\x90\x7f\x00w\x15H\x924\x16\
\xec\x1a\xe1$\xc8?\xd4I\xf77\x81\xb3\x9ai|x\
sw\xdc\xec\x8a}>K\xdf\x0e\x03\xbf\x81\xf8\xa1-\
\xddG\x92$\xd5\xac,\xc2I\x11\xee\xed`\xe9;7\
{\x87Mo\xe8\xa4\xe7\xa3\x19\xd9M\xc0\x8c\xaa\xc7\x93\
$I\xd5\xb4\x1bd7,\xa0\xfb\x94M\x7f\xf1\x82\x02\
\xb0\x80\xae\xa3\x22\xf1rFpp\xa0$I\xaai\x13\
\x03|\xb5\x93\x9ec7\xbe\xf1\xf9\x02p9K\x1b\x02\
\xe1;@]\xe1\xd1$IR5e\x91\xf8\x9f\xf3\xe9\
=\xf0\xf9\x1b6\xfc\x1f\x03d_\x01vN\x12K\x92\
$U\xdb.\x81\xfc\xcaH\x0c0T\x00:\xe9\xfe[\
\xe0\xadIcI\x92\xa4\xaa\x0a\xf0\xe6\x0e\x96\x1d\x0bC\
\x05 \xc2\xd9i#I\x92\xa4\x22\x04\xf2s\x00\xb2\xcb\
X\xb6/\xd0\x948\x8f$I*\xc6A\x1d\xdc\xfb\xba\
\xac\x8e\xfe\xbfM\x9dD\x92$\x15'Rw\x5c\x06a\
\xb3'\x08\x90$I\xe3S\x80\xc33`\xff\xd4A$\
IR\xa1\xf6\xcf\x80\xe9\xa9SH\x92\xa4BM\xcf\x80\
\x89\xa9SH\x92\xa4BM\xce\x80gS\xa7\x90$I\
\x85z&\x03\xfe\x90:\x85$I*\xd4\xff\xcd\x22\xdc\
\x93:\x85$I*R\xb87\x83p]\xea\x18J'\
#&\xb9\xf2c$\x0c\xa4\x98+\xd5\x9a\x9c\xd0\x9fb\
n\xaa\xd7\xbejC ^\x9fe\x84\x9f\x00kS\x87\
Q\x1a\x11vJ4zu\xa2\xb9RM\xc9\x88\xcf\xa4\
\x98\x1b\xbd\xf8[\x99\xady\x8e\xfc'Y3\xf5\xab\x81\
o\xa6N\xa34B\xa27\x81\x08I\xde\xf4\xa4Z\x93\
\xa7{-LM4W\xe9}\xe3S\xcc|v\xe8b\
@\x13?\x0f<\x978\x90\x12\x88\x84$\x05\xa0\x8e\xf8\
p\x8a\xb9R\xad\xc9\xa8Ku \xf6.\x89\xe6*\xad\
5\x01\xfe\x05\x86\xae\x06\xd8\xca\xfe\x8f\x06\xf8r\xdaL\
J#O\xb4\x05\xa0ny\x8a\xb9R\xad\x19`]\xaa\
\xd7\x82[\x00J)\x5c\xdcL\xe3\xc30T\x00\x00V\
\xb0\xb2\x1d\xc2\xcf\x93eR\x22i\xb6\x004S\xff\x18\
\xb0\x22\xc5l\xa9\x86<\xde\xc6\xacT\xaf\x03\xb7\x00\x94\
\xcf\x8d+Y\xf1\xc5\x0d?<_\x00\xda9\xb4\x7f=\
an\x80\x07\xd2\xe4R\x0a\x11\xf6N8\xfd\x17\xe9f\
K5\xe1\xe6\x84\xb3\xf7J8[\x05\x0b\xf0\xc0z\xb2\
\x0f\xb4\xea\xe9\xd4=\x00\x00\x14\xeeIDATs\xe8\
\xf3\xdf:\xc96\xbe\xc3\x19\xd4?9\x81Is\x22\xf8\
\xc6\x5c\x12\x01^6\x9f\x07\x12}\x12\x087\xa5\x99+\
\xd5\x86\x90\xe85\xf0e\xeey)\xb0g\x8a\xd9J\xe2\
N\xc8\xdeq\x06\xf5On|c\xb6\xe9\xbd\xe6\xb1\xdf\
\xca\xc8\x94\xbf\x01\xbe\x06\xc4\xa2\xd2)\x9d:\xd6\xed\x97\
fn~\x0d\x90\xe4;\xd0R\x0d\xe8\xef#&9\x0f\
K\x1d\x93^\x97b\xae\x0a\x17!|5g\xca\xa1C\
\xbb]_\xe0E\x05\x00\xa0\x8d}\xd7\xb5\xd0\xf8\xd1\x08\
o\x84\xe8\xa7\xb4q.'&)\x00\xa72\xf3\x09\xe0\
\xa7)fK\xe9\xc5\x1f\x9dN\xe3\xe3)&\xd7\x11\xbd\
\x0c\xfc\xf8wG\x80\xb7\xb5\xd00\xaf\x8d}\xd7m\xee\
\x0e[=\x13T+\x8dw\x01\xef\x5cH\xd7\xeb#\xe1\
\xc4\x1c\x8e\x0f\xd0P\x95\xa8J&$*\x00\x83b'\
\x84\xa3\xd3\xcd\x97\xd2\x08\xd4]\x9enzt\x0b\xc08\
\x14\xa1'\x83\xc59\x5c;\xb4\xfe\xde\xaa0\xd2\x01\x83\
\xfb\x8b\xd7\xed\x13\x08\xd3\x22\x03\x9b\xdd\x820\x96d\x84\
\x8b\x80Y\xa9s\xa4\x14\xe0\xdaf\x1aOL5\xbf\x83\
\xee\xbb\x80\xd7\xa7\x9a/%pw3\x0d\xb3\x03!\xc9\
n\xd6\x0ez\xae\x85x|\x8a\xd95\xe4\xee\x9cxf\
\xea\x10\xa3\x95\x11cN\xdd\xca\xc9\xac\xfd\xfd<f?\
=\x92\xc7\x8e\xf8\x5c\xd0m\xec\xfb\x17`\xe9H\x1fW\
\xab:\xe8^\x95:Cj\x11\xde\xd1N\xcc\xda\x09y\
\x8a\xf9\x19\x9c\x9d\xc3\x0fS\xcc\x96R\x88\x84\xb3R\xad\
\xfc\xdb\x89\x19\xf4\xbc=\xc5\xecZ\x12\xe0\xc96\x9a~\
\x96:GJc\xfe\x13\xbc*b\xb7\xddX63\xd5\
\xf0\xd3h\x5c\x02aq\xaa\xf9R\xc1\xaei\xa5\xe1'\
\xa9\x86\xefN\xf7\xc1\xc0n\xa9\xe6\xabvX\x00\x04@\
\x1d\xf9a)\xe7\x0f\x10\xda\x80\xa7Rf\x90\x0a\xf0d\
N~z\xca\x009!\xe9k]\xb5\xc3\x02 \x00r\
84\xe5\xfc\x8fS\xff\x07\xe0#\xf8\xd5S\x8d_1\
\x12Oic\xe6#\x89cX\x00\x04X\x004$\xc0\
;\xda\xe9\x9d\x942C\x0b\x8d?\x04.H\x99A\xaa\
\x9ex^+M\xd7\xa6L0\x9f\x07&Cx[\xca\
\x0c\xaa\x1d\x16\x00m\xb0\xf3t\x06\x8eJ\x1d\xa2\x99\x86\
\xcf\x05\xb82u\x0e\xa9\xc2\xbe\xdeL\xe3\x17R\x87\xa8\
c\xed1x\x11 \x0d\xb1\x00h#\xe1\xef\x92' \
\xc4\x15\xac\xfcG\xe0\xaa\xd4Y\xa4\x0a\xf9\xffv\xe7\xbe\
\x93S\x1d\xf5\xbf\x89\xe4\xafq\xd5\x0e\x0b\x806vl\
\x07\xf7MK\x1d\xa2\x9dC\xfb\x9bi8\x85\xc1\xdd\x01\
\xb5\xf0\xa6)m\x8f\x08\xf1\xdcf\x1a\xfea.s\x07\
R\x87\xb9\x84\xde\xdd\x22$\xdf\xca\xa7\xdaa\x01\xd0\xc6\
&A\xff\xdc\xd4!`pK@\x0b\x8dgE\xb2\x13\
\x80'\xb7\xf9\x00\xa9\xb6<\x1d\xc8\xe6\xb6\xd0\xf4\xf9\x1a\
\xf9\xe4\xcf$\xe2\x07\x81\xc9\xa9s\xa8vX\x00\xb4\x89\
\xf8\xf7\xa9\x13l\xac\x95\xfa\xeb\x02\x1c\x04\xfc u\x16\
i\x98\xae\xc9\xc9\x1b\x9a\xa9\xff^\xea /\x14?\x92\
:\x81j\x8b\x05@\x9b\x08o\xea\xa4\xb7\xa6\x8e\x12n\
\xa6\xf1\xe1\x16\x1a\xff6\x12\x8f\x06~\x9b:\x8f\xb4\x05\
wE\xc2\x91-4\xbe7\xfdW\xfd^\xa8\x83\xae\xb7\
\x00oL\x9dC\xb5\xc5\x02\xa0\xcd\x88g\xa5N\xb09\
\xad4\xdd\xd0B\xe3\xec\xa1\x22\xf0C\xa0/u&\x95\
^\x1fp} ;\xaa\x85\xc67\xa4<\xc3\xdf\xd6\x85\
\xb3S'P\xed\x19\xf1\xb5\x004\xfeE\xe2Q\x0b\xe8\
\x9e=\x9c\xabI\xa5\xd0J\xd3\x0d\xc0\x0d\x97\xb3t\xf7\
\x01\xc2\x09\x81pX\x1c<\x91\xd1\xee\xa9\xb3\xa9\x14\x1e\
\x0fp\x0b\x84\x9f\x0f\xb0\xfe\xda6f\xadH\x1dhk\
:X:\x0bxW\xea\x1c\xaa=\x16\x00mV\x80O\
\x03\xefM\x9dckNe\xe6\x13\xc0W\x87\xfec>\
w\xcf\xc8\x98p@\x84\xbd\xc3\xe0w\x9dwM\x1aP\
\xe3\xc5S\x11VG\xe2\xc30p\x7f\xad\xaf\xf0_\xac\
\xee\x0b\x10G|\xe5W\x8d\x7f\x16\x00m\xc9\x89\x0b\xe8\
jl\xa5\xa9;u\x90\xe1\x1azc\x1eco\xceR\
\xf5t\xd2{P$?.u\x0e\xd5&\x8f\x01\xd0\x96\
d\x81\xb00\xfa\xc9A\x1a\x93\x221\xe4\xe4\x97\x02\xbe\
\x86\xb5Y\x16\x00m\xcd\xdb\x16\xd2\xeb\x99\xc3\xa41\xa8\
\x93\x9e\x93\x03\x1c\x92:\x87j\x97\x05@[\x15\x89\x17\
/\xa4\xcb}\xe9\xd2\x182\xf4\x9a\xbd0u\x0e\xd56\
\x0b\x80\xb6e\xf7\x1c\xbe\x98:\x84\xa4\xe1\xcb\x09\x17\x00\
3R\xe7Pm\xb3\x00h\x18\xc2\xa9\x0b\xe8\xf5\x1a\xe2\
\xd2\x180\x9f\xae\xc3\x81\x8f\xa6\xce\xa1\xdag\x01\xd0p\
d\x81\xfc\x9bW\xb0\xece\xa9\x83H\xda\xb2K\xe9\xde\
#\x10\xae\xc6\xf7v\x0d\x83\x7f$\x1a\xae=\xfa\x18\xf8\
\xc6\x22\x16\xd5\xa5\x0e\x22\xe9\xc5\xda\x89\xd9D\xf8\xcf\x00\
\x16u\x0d\x8b\x05@#q\xe8\x13\x1c\xf8\x99\xd4!$\
\xbd\xd8tz\xcf\x8epx\xea\x1c\x1a;,\x00\x1a\xa1\
\xd8\xdeI\xef\x91\xa9SH\xfa_\x0b\xe9>\x06\xe2\xe7\
R\xe7\xd0\xd8b\x01\xd0H\xd5E\xf2k:\xe9\x9e\x93\
:\x88$\x98O\xef\x1bs\xf8\x0e\xbe\x9fk\x84\xfc\x83\
\xd1\xf6\xd81\xc2u\x9dt\x1f\x90:\x88Tf\x97\xb1\
l\xdf\x8c\xfcz`\xa7\xd4Y4\xf6X\x00\xb4\xbd\xa6\
E\xf8\xe9e\xf4\xbe2u\x10\xa9\x8c.\xe7\xde\xbd\xea\
\x18\xb8\x11\xaf\x82\xa9\xedd\x01\xd0h\xec]G\xfe\xe3\
\xf9,\xdd;u\x10\xa9L\xe6\xb3t\xef\x01\xean\x04\
^\x95:\x8b\xc6.\x0b\x80F\xeb\x80\x8c\xf0\xab\x05t\
5\xa6\x0e\x22\x95A'\xdd\x07dd\xb7\x03\xee\x82\xd3\
\xa8X\x00T\x01\xe1\xe5\x81p\x8b\x07\x06J\xd5\xd5I\
\xcf\x1b\x22\xfc\x02p\xd7\x9bF\xcd\x02\xa0J\xd9-\xc2\
O\x17\xd0uT\xea \xd2x\xb4\x90\xeec\x22\xf1\x16\
<\xc7\xbf*\xc4\x02\xa0J\xda)\x10\x96t\xd0s\xa1\
g\x0c\x94*#\x12C\x07]g\xe6\xb0\x18\xd81u\
\x1e\x8d\x1f\x16\x00UZ\x80x\xe6\x13\x1c\xf03\xaf\x1d\
 \x8d\xce\xe5,\xdd\xbd\x83\x9e\x1fC\xb8\x10\xb0T\xab\
\xa2,\x00\xaa\x96\xbf\xeec`\xe9\x02z\xfe&u\x10\
i,\xea\xa4\xe7\xd0~\xb2{\x03\xbc+u\x16\x8dO\
\x16\x00U\xd3\x8c@\xbc\xa1\x83\xee\xab\xaf`\xf9\xf4\xd4\
a\xa4\xb1\xe0\xcb\xdc\xf3\xd2\x0e\xba/\x8b\xc4\x1b\xbd\xb0\
\x8f\xaa\xc9\x02\xa0j\x0b\xc0\xdf\xf5\xb1~y\x07]\x1f\
\x8b\xc4\x90:\x90T\x8b\x221t\xd2\xf3\x91\x89LX\
\x0e\xb4\xe1&\x7fU\x99\x05@E\xd9\x0d\xc2\x15\x9d\xf4\
\xdc\xb2\x90\xee\xa6\xd4a\xa4Z\xd2I\xefA\x9d\xf4\xdc\
\x16\x89\xff\x81g\xf6SAF\xf4i\xec*\x1e\x9a\xf2\
\x0c\xcf5\x05\x06^\x1b`*\xb0k\x95r\x15&\x10\
N\x89\xb0o\xea\x1c%\x93G\xb8\xb6\x8ex\xfei4\
\xfd6u\x18)\x95\x05t\xcf\xce\xe0\xb3\x11\x8eg\x84\
\xef\xc7\x1a\xb5\x07!~-u\x88\x0ax*\xc2\xeaH\
\xdd\x83;\xb3c\xd7\xc9\xec\xb3v\xb8\x0f\xdc\xe6\x1f\xdc\
|\x1e\x98\x1cX\xfb\xbe\x00'\x00G\xe2E'TA\
\x81pC\x0e\xe7\xb5\xd2p{\xea,RQ\xe6\xb3\xf4\
\xed\x19\xd9g\x01\x0f\x92U%\xad\x86\xf8\xe3HX\x1c\
\x99\xf2\xdd6\xf6]\xb7\xb5;o\xb1\x00\xb4\x13\xb3i\
\xf4|(\x10\xbe\x08\xf1\xaf*\x1eSz\x81\xf8\xab@\
v\xf5:\xc2\xb7\xcf\xa0\xfe\xc9\xd4i\xa4J\xeb\xe0\xbe\
i0\xf0\x01\x88\x1f\x01\xde\x98:\x8f\xc6\xbd\x87\x02\xf1\
\xf3+h\xfcV;!\xdf\xdc\x1d6[\x00.g\xe9\
\xee9u\xdf\x8b\xc4\xb7W7\x9f\xf4\x22\xeb\x81%\x91\
x\xf5*\xea~\xd4N\xfd\xfa\xd4\x81\xa4\xed\xd5N\xef\
\xa4\xe9\xe4\xc7\x04\xf8H\x84\xa3\x81I\xa93\xa9\x5c\x22\
\xfc\x22\xd2\xf7\xbe6f\xad\xd8\xf4w/*\x00\x0b\xe9\
n\xca\xe1:\xbc\xca\x94\xd2[\x0d\xdc\x1a\xe0\xa6H~\
\xf3J\x9a\xee\xddR\x93\x95jA;1\x9bN\xd7A\
\x91\xec\xb0\x8cp\xd8\xd0\x87\xa8\xa9\xa9s\xa9\xec\xc2\xef\
#\xf9q\xad4u\xbf\xe0\xd6\x8d\x7fXH\xd7\xabs\
\xc2\xaf\x81i\x85f\x93\x86\xe7\xc9\x00\xb7\x02\xbd\x11\x96\
\xe7d\xcb'\xb3f\xf9<f?\x9d:\x98\xca\xe7\xcb\
\xdc\xf3\xd2:&\xbd.#\xdf\x0f\xd8\x1fB=\x83+\
\xfc\xddRg\x936ce$\x7fc+3\x1f\xdap\
\xc3\xf3\x05`>\x0f\xec\x92\xb1\xf6N\xe0\xc0$\xd1\xa4\
\xed\xf7\x18\xf0G\x88O\x03\xab![=\xf8\xbf<\x95\
6\x96\xc6\x89]\x81\xa9\x90O\x1d\xfc\xdf\xf0\x12`o\
`\x8f\xb4\xb1\xa4\x91\x89\xd0\xb3#\x13\xe7\x9c\xc2\xfe\xcf\
\x00L\xd8\xf0\x8b\x8c\xb5\x97\xe2\xca_c\xd3\x9e\x83\xff\
m\xe8\xb31e\x16\x8d[~KOc[\x80\x865\
\xf4]\x02|t\xe8gX@Wc \xdc\x83g\x9e\
\x92$i<\x1b\x80lf\x0b\xf5\xbd\x19@\x80sq\
\xe5/I\xd2xW\x17\xc8\xcf\x05\x08\x83\xdfM\xed\x7f\
\x8c\x8dv\x07H\x92\xa4qk`\x22\x93\xf6\xcc\x22}\
\xc7\xe1\xca_\x92\xa4\xb2\xa8\xeb\xa7\xef\xe8,\x0c\x9e\x9c\
B\x92$\x95D$\x1e\x93AhL\x1dD\x92$\x15\
\xaa!\x03\xf6J\x9dB\x92$\x15j\xaf\x0c\xd8!u\
\x0aI\x92T\xa8\x9d2`\xd8\xd7\x0e\x96$I\xe3\xc2\
\x9a\x8c\xc1\xd3\xa8J\x92\xa4\x92\x08\xf0X\x06,K\x1d\
D\x92$\x15'\x12\x96e\x81\xf0\xe3\xd4A$IR\
q\x02\xf9\x0dYF\xffb\xbcz\x8a$Ie\x11\x07\
\x88K\xb2S9\xe8\x8fq\xf0\x1a\xeb\x92$i\xfc\xbb\
\xa5\x8d\x99\x8f\x0c]\x0c(;\x13\xb7\x02H\x924\xee\
\x05\xf8\x1c@\x06\xd0B\xfd\xaf\x02,N\x1bI\x92$\
U\xd95\xcd4\xde\x01C\x05`Pv*\xf0p\xa2\
@\x92$\xa9\xaa\xe2\xa3\x91\x89m\x1b~z\xbe\x004\
S\xffXNv<\xf0\x5c\x92\x5c\x92$\xa9Z\xd6\x04\
\xb2\x13Z\xd9\xff\xd1\x0d7d\x1b\xff\xb6\x8d\xfa{\x80\
\x13\x80?\x17\x9dL\x92$U\xc5S9\xf1\xb8f\x1a\
~\xb3\xf1\x8das\xf7\xec\xa4\xf7\xb5\x91\xfc:\xe0\x80\
B\xa2I\x92\xa4\x8a\x0b\xf0@N<\xae\x95\xa6\xfb7\
\xfd]\xb6\xb9\x074S\xff\xe0D\xd6\xcd\x86\xf8i\xe0\
\xe9\xaa'\x94$I\x95\xb4\x1a\xc2ES\x98\xf8\xfa\xcd\
\xad\xfca\x0b[\x0066\x9f\xbbgdL\x9a\x07\xf1\
\x04`\xd6p\x1e#I\x92\x0a\x17\x81\xbb#\xfc`\x12\
\x93\xae\x98\xc7~+\xb7v\xe7\x11\xad\xcc;\xe9~E\
\x84\xb7\x00\xaf\x81\xf0\x92\xd1\xa4\xac=\xf1\x08\x06\x0b\x8e\
$i\xfc\xba\x1b\xc2\x8d\xa9CTV|\x1a\xf8\xef\x00\
w6\xd38\xeco\xf3\xf9i~H'=\x1f\x8c\xc4\
o\xa6\xce!I\xaa\x9e\x08\x1fh\xa5\xf1;\xa9s\xd4\
\x82\xcd\x1e\x03PFS\x98\xf0C`m\xea\x1c\x92\xa4\
\xaaY\x17\x99rC\xea\x10\xb5\xc2\x020\xe4\x14\xf6\x7f\
&\x10nN\x9dC\x92T57\xb6\xb1\xef_R\x87\
\xa8\x15\x16\x80\x17\xc8\xbf\x91:\x81$\xa9Z\x82\xef\xf1\
\x1b\xb1\x00ldGv\xbe\x06x2u\x0eIR\xc5\
\xad\xda\x89\x9d\xaeM\x1d\xa2\x96X\x006r2\xfb\xac\
\x05l\x88\x924\xee\xc4\xaf\x0f\xbd\xc7k\x88\x05`\x13\
9\xd9W\xf0\xd2\xc8\x924\x9e\xe4\x11\xaeH\x1d\xa2\xd6\
X\x006\xd1F\xfd2\x88\xd7\xa7\xce!I\xaa\x98\xc5\
[:\x1b^\x99Y\x006\xab\xee\xfc\xd4\x09$I\x95\
\x12/N\x9d\xa0\x16Y\x006\xa3\x85\xfa_\x01~%\
P\x92\xc6\xb8\x00?k\xa1\xe9\xce\xd49j\x91\x05`\
\x0b\x02\xe1L<\x16@\x92\xc6\xb2\x18\x06/j\xa7\xcd\
\xb0\x00lA3\x0d\xbf\x09\xb0(u\x0eI\xd2v\xfb\
\xe6i4\xfd6u\x88Ze\x01\xd8\x8a@<\x0bO\
\x0f,Ic\xd1\x9aH\xfe\xf9\xd4!j\x99\x05`+\
N\xa3\xe9\x7f\x22\x9c\x9b:\x87$i\xa4\xe29\xad\xcc\
|(u\x8aZf\x01\xd8\x86U\xac\xbc\x08\xb87u\
\x0eI\xd2\xb0uMd\xfd%\xa9C\xd4:/\x07<\
\x0c\x1d\xf4\xbe\x09\xf2_\x02\x13Rg\x91$mU_\
\x849\xad4\xde\x95:H\xads\x0b\xc00\x0c~-\
0\x9c\x93:\x87$i[\xe2\xe7]\xf9\x0f\x8f\x05`\
\x98VR\x7f>\x84\x9f\xa7\xce!I\xda\xa2[v\xe7\
\xfe\x7fK\x1db\xacp\x17\xc0\x08,\xe0\xfe\x97C\xdf\
]\x01^\x96:\x8b$\xe9\x05\xfe\x18\xc8f7S\xff\
X\xea c\x85[\x00F\xa0\x95\xfd\x1f\xad#\x1e\x0b\
<\x97:\x8b$\xe9ykr\xb2\xbfu\xe5?2\x16\
\x80\x11:\x8d\xa6\xdfF\xe2\xff\x83g\x09\x94\xa4Z\x10\
\x03\xe1\x946\xea\x7f\x9d:\xc8Xc\x01\xd8\x0e\xad4\
}\x17\xc2\x19\xa9sH\x928\xb3\x99\x86o\xa5\x0e1\
\x16Y\x00\xb6S\x0b\x0d\x97F\xc2\x85\xa9sHRy\
\xc5s[h\xf4J\x7f\xdb\xc9\x83\x00Gi\x01=\x0b\
\x02\xb1%u\x0eI*\x99\xf9-4~<u\x88\xb1\
\xcc-\x00\xa3\xd4JC+^mJ\x92\x0a\x14.r\
\xe5?zn\x01\xa8\x90\x0e\xba\xce\x84p\x01>\xa7\x92\
T-1\xc0\xa7\x9ai\xfcR\xea \xe3\x81+\xab\x0a\
\xea\xa0{.p\x15\xb0c\xea,\x924\xce\xac\x8d\xf0\
\xd1V\x1a\xff3u\x90\xf1\xc2\x02Pa\xf3\xe9=8\
#_\x0c\xbc\x22u\x16I\x1a\x1f\xe2\xa3\x81\xec\x84f\
\x1a~\x93:\xc9x\xe21\x00\x15\xd6F\xfd=\x91\x89\
o\x86xS\xea,\x924\xd6\x05\xf8Y\xa0\xee\xf5\xae\
\xfc+\xcf-\x00U\x12\x89\xa1\x83\x9e\xb6\x00\xff\x0aL\
J\x9dG\x92\xc6\x98\xfe\x08\xe7\xad\xa2\xe1_\xda\x09y\
\xea0\xe3\x91\x05\xa0\xca\xe6\xd3\xfb\xc6\x8c\xfc\xdf\x81\xa6\
\xd4Y$i\x8cX\x1a\xe1\x1f\xbc\xaa_u\xb9\x0b\xa0\
\xca\xda\xa8\xff\xf5JV\xbe>\xc2\xe9\xc0\xb3\xa9\xf3H\
R\x0d[\x13\xe1\x9c\x95dot\xe5_}n\x01(\
\xd0\x02\x96\xee\x13\xc8\xce\x07\xde\x8f\xcf\xbd$m\x10#\
\xf1\xdb\x13\x188\xebT\x0e\xfe}\xea0e\xe1J(\
\x81Nz\xde\x10\x89\x17\x01\x87\xa6\xce\x22Ii\x85\x9f\
g\xe4g\x9eF\xd3oS')\x1b\x0b@B\x1d,\
\x9d\x05\xd9\xe9\xc0\x87\x80\xba\xd4y$\xa9 \x11X\x02\
\xf1\xfc\x16\x9a\xeeL\x1d\xa6\xac,\x005\xa0\x93\xee\x03\
\x22\xfc#p\x12\xb0[\xea<\x92T%\xab\x02\xfcg\
N\xfcJ+M\xf7\xa7\x0eSv\x16\x80\x1ar\x15\x0f\
My\x8egO\xcc\x89\x1f\x0ep809u&I\
\x1a\xa5u\xc0\x8d\x10\xbe\x913\xf9\x07m\xec\xbb.u\
 \x0d\xb2\x00\xd4\xa8\xf9<\xb0K\xc6\xba\xa3\x87.4\
43u\x1eI\x1a\xa1\xa5\x10.\xdc\x81\x09KNa\
\xffgR\x87\xd1\x8bY\x00j\x5c'\xdd\x97F\xf0\xaa\
W\x92\xc6\x94\x00\x975\xd3xz\xea\x1c\xda\xb2\x09\xa9\
\x03\xa8f-\x0f\xf0p\xea\x10/\x16\xa7E\xc2\xc1\x09\
\x06\xaf\x0apO\x82\xb9\xdb\x14\x07w\x17\x15.\xc0\xcf\
R\xcc\xdd\x96\x08\x07\x03\xd3\x8a\x9e\x1b\x88\xf7@XU\
\xf4\xdcm\x89\x83\xd7%\xd9/u\x0e\xd5\x1e\x0b\x806\
+\xc2\xe5-4^\x96:\xc7\xa6:\xe9=\x12\xf2\x1b\
\x8a\x9f\x1c\x7f\xd3L\xd3Q\xc5\xcf\xdd\xb6\x0e\xbac\x8a\
\xb9\xcd4\x1e\x91b\xee\xb6t\xd2\xf3\xa3H,\xfc\xdf\
*\x87\xcf\xb6\xd2\x98\xe0os\xeb\x16\xd0\xfd\xf1\x00\x97\
\xa6\xce\xa1\xda\xe3\x99\x00%I*!\x0b\x80$I%\
d\x01\x90$\xa9\x84,\x00\x92$\x95\x90\x05@\x92\xa4\
\x12\xb2\x00H\x92TB\x16\x00I\x92J\xc8\x02 I\
R\x09Y\x00$I*!\x0b\x80$I%d\x01\x90\
$\xa9\x84,\x00\x92$\x95\x90\x05@\x92\xa4\x12\xb2\x00\
H\x92TB\x16\x00I\x92J\xc8\x02 IR\x09Y\
\x00$I*!\x0b\x80$I%d\x01\x90$\xa9\x84\
,\x00\x92$\x95\x90\x05@\x92\xa4\x12\xb2\x00H\x92T\
B\x16\x00I\x92J\xc8\x02 IR\x09Y\x00$I\
*!\x0b\x80$I%d\x01\x90$\xa9\x84,\x00\x92\
$\x95\x90\x05@\x92\xa4\x12\xb2\x00H\x92TB\x16\x00\
I\x92J\xc8\x02 IR\x09Y\x00$I*!\x0b\
\x80$I%d\x01\x90$\xa9\x84,\x00\x92$\x95\x90\
\x05@\x92\xa4\x12\xb2\x00H\x92TB\x16\x00I\x92J\
\xc8\x02 IR\x09Y\x00$I*!\x0b\x80$I\
%d\x01\x90$\xa9\x84,\x00\x92$\x95\x90\x05@\x92\
\xa4\x12\xb2\x00H\x92TB\x16\x00I\x92J\xc8\x02 \
IR\x09Y\x00j\x5c\x84\xf5\x89F\xafK4w\xab\
\xf2d\xcfGV\x93\xcf\xc7\x90\x14\xcfI\xcd>\x1f\xe9\
^3u5\xf9\x9c\x84d\xcfG\xac\xc9\xe7C\xff\xcb\
\x02P\xe3\x22<\x9dh\xf4S\x89\xe6nU\xa0\xff\xcf\
i&\xe7\x89\xe6\x0eK\x8a\xbf\x91\x9a}>\x221\xc9\
k&\xd6\xeck&$\xf9\xb7\x8a\x89\xe6j\xf8,\x00\
5.\x10\xfe;\xc5\xdc:\xe2\x83)\xe6n\xcbD\xfa\
\x92<\x1f\x90\xd5\xe4\xf3\x01\x10!\xc5sR\xb3\xcfG\
 &\xfa\x1b\x99\x94h\xee\xd6\x0d$z\x0f\x895\xfa\
\x1e\xa2\xffe\x01\xa8q\x03\x84;\x80X\xf0\xd8\xd5;\
\xb0so\xc13\x87e\x1e\xb3\x9f\x86Xx\xb68\xf8\
\xefP\x93\x02\xdc^\xfc\xccX\xf8\xcc\xe1\xca!\xc5\xbf\
Uw\x1b\xfb\xfe%\xc1\xdca\x98\xb4\x14x\xa6\xe0\xa1\
1#\xfcW\xc135B\x16\x80\x1a\xf7q\xea\xff\x00\
\xdcS\xe4\xcc\x00KNf\x9f\xb5E\xce\x1c\x89@\xb8\
\xb6\xe0\x91\x7f\x9e\xc4\x9a\xdb\x0a\x9e9l9\xf9\xe2\xe2\
\xa7\x86\x043\x87g2\xeb\x7fA\xc1\x9b\xe3c\xf1\x7f\
\x93\xc3\xd6\xc6\xbe\xeb \xfe\xa4\xe0\xb1w5\xd3\xf8p\
\xc135B\x16\x801!\x16\xfaf\x9b\x13\xaf+r\
\xde\xc8\x15\xbe\xf2\xb9~\x1e\xb3\xfb\x0a\x9e9l{\xb2\
\xfc\x0e\xe0\x89\x02G>\xbe\x82\x86\x9a\xfdt7\x8f\xd9\
}\x01\x96\x14;\xb5\xb6_3\xb1\xf0\xd7L\xa8\xe9\xe7\
C\x83,\x00c\xc0D&/\x04\x8a\xda\xbc\xf8Pd\
\x87k\x0a\x9a\xb5]\x9ai\xf8\x0d\x84\x9f\x174.\xcf\
\xc9\xbe\x5c\xd0\xac\xed2\x97\xb9\x03\x91\xf0\xa5\xa2\xe6\x05\
\xb8\xb8\x9d\x90\x175o{\x04\xb8\x18(*\xe3-\xad\
4\xdeU\xd0\xac\xed\xb2\x8al\x11\xc5\x1d+\xf2L\x1d\
\x03_-h\x96F\xc1\x020\x06\xccc\xbf\x95\x81\xf8\
oE\xcc\x8a\xf0\x99\xc1M\x86\xb5-\x12?M!\xc7\
F\xc4\xaf\xb7Q_\xe8.\x98\xed1\x95\x9d\xe6\x03\x7f\
(`\xd4#\xebxfa\x01sF\xe54\x1a\xbb\x80\
o\x140*f\xc4\x7f*`\xce\xa8\xb4S\xbf>\x10\
\xcf.h\xdc\x05\xa72\xb3\xc8-R\xdaN\x16\x801\
\xe29\xe2%\xc0\xf2*\x8f\xb9\xb9\x85\x86EU\x9eQ\
\x11C\x9f\xb8\xae\xac\xf2\x98\x959\xf1sU\x9eQ\x11\
'\xb3\xcf\xda@\xf6I\xaa[\x8a\x22\xd0v\x06s\xd6\
TqF\xc5\x04\xf8,\xb0\xaa\xcaS\xfe\xfd4\x9a~\
[\xdd\x19\x95\xb1\x82\xc6oE\xf8E\x95\xc7\xdc?\x91\
u\x97Uy\x86*\xc4\x020F|\x8a\x99\xcf\xc2\xc0\
qT\xed\xe0\xa6\xf0\xfb\x9c\xbe\xf7\x07B\xd1\xdf8\xd8\
n\x13Yw\x1apk\x95\x16\xdf\x17\x08s\xdb\x98\xf9\
H\x95\x96_q\xcd\xd4\x7f\x0f\xb8\xa0Z\xcb\x8f\x84s\
[h\xfcA\xb5\x96_i\xcd4>\x9c\x93\x9fH\xf5\
N\x84sg\xce\xe4\xb6*-\xbb\xe2\xda\x09y`\xc2\
{\xa8\xde\xae\x80\xa7\x06\xa8;n\x1e\xb3\x9f\xab\xd2\xf2\
Ua\x16\x801\xa4\x85\x83~\x07\xbc\x1f\xa8\xf4\x0bl\
e\x1d\x03\xc7\xb61kE\x85\x97[U\x83\x07{e\
\xef\x0f\xf0@\x85\x17=\x10\xe1\xd4f\x1an\xae\xf0r\
\xabn%\x0d\x9f\x0f\xf0\x9d*,\xfa\xdb\xab\xa8o\xaf\
\xc2r\xab\xaa\x8d\x99\xb7Ah\xa6\xc2\xc7\x03\x04x\xa0\
\x1fN\x1c\x0b\xbb\xcb6\xd6\xc2\x01\xab\x22\xf1D`e\
\x85\x17\xfd\x5cN\x9c\xfbq\x0e\xac\xf4kQU\x14R\
\x07\xd0\xc8u\xd2{P\x1c\xfc\xea\xd7++\xb0\xb8\xee\
H~|+3\x1f\xaa\xc0\xb2\x92\xb8\x84\xde\xdd&\x93\
\x7f'\xc2\xe1\x15X\xdc3\x10\xff\xae\x85\xa6\x9a\xfd\x9a\
\xdb\xb6Db\xe8\xa0\xe7\xec\x00_`\xf4\xaf\xf1\x08\xe1\
_WR\x7fV\xad\x1f\xf8\xb75\x9d\xf4\x1e\x19\xc9\xbf\
\x0d\xbc\xa4\x02\x8b\xbb5\xa7\xef\xbdc\xad0o\xac\x93\
\xeeW@\x5c\x1c\x09\x07W`q\x7f\x0c\x84\x13\x07\x0f\
\xce\xd5X\xe2\x16\x801\xa8\x99\xfa{'R\xf7f`\
4\x9bc\xfb!|5\x90\xcd\x19\xcb+\x7f\x803\xa8\
\x7fr\x05+\x8f\x82x.0\x9a\xfd\xd3\xb7\x06x\xd3\
X^\xf9\x03\x04Bl\xa5\xb1=\x12\xde\x07\x8c\xe6\xbb\
\xd8\x7f\x00\xde\xd3B\xc3\xa7\xc7\xf2\xca\x1f\xa0\x99\xfa\x1f\
\xe7ds\x80_\x8eb1\xcfA\xf8\x97\x95\xac|\xe7\
X^\xf9\xc3\xe0\xee\x91)L:\x04\xf8\x1a0\xb0\x9d\
\x8b\x89\xc05\xfd\xf0zW\xfec\x93[\x00\xc6\xb8N\
\xba\xe7D8\x0f8\x84\xe1\xfd{\xf6\x03\xd7\x07\xf8l\
3\x8d\xf7U7]\xf1.\xe7\xde\xbdr\xea\xce\x89\xf0\
!`\x87a>\xec\xde@\xf8B3\x0d\xd7W3[\
\x0aW\xf1\xd0\x94gY\xdd\x0a|\x12\xd8c\x98\x0f{\
<\xc2\xbfMejG-\x9f\x10j{-\xa0\xf7\xb8\
@~\x0ep\xd00\x1f\xb2\x06\xf8F\x1d\x03\xed\xa7r\
\xd0\x1f\xab\x18-\x89\xf9\xf4\x1eXG~^\x84w\x03\
\x13\x86\xf1\x90\x08\xdc\x92\x93\x9f\xd5\xc6\xcc\x9a=\x1f\x84\
\xb6\xcd\x020N,\xe0\xfe\x97C\xdfq\x81x\x14\x84\
\x03\x81\xdd\x81]\x18\xbch\xcb\xa3\x01\xba#,YO\
\xb6\xe4\x0c\xea\x9fL\x9b\xb6\xfa.f\xe9N;\x92\xfd\
M$\x1e\x07a&\x83\xbbK^\xca\xe0\x9b\xf9J\xe0\
\xfe\x08?\xcb\xc8\xaem\xa6~\xdc\x9f\xb3\xbc\x9d\x98\xcd\
`\xd9\x1c\xc8\x8f\x8f0\x07x\x0d\xb0\xeb\xd0\xaf\x9fb\
\xf0\xc0\xb0\xdb#a\xf1*\xea\xef\x1c\xeb\x9f\xf8\x87\xe3\
2\x96\xed[\xc7\xc0\x09\x11\x0e\x0f\xb0\x1f0\x9d\xc1\xd2\
\xf8g\xe0\x0f\x10\xee\x0d\xc4\xeb\x9f#\xff\xc9\xe0A\xb8\
\xe3[\x07\xf7M\x0b\x0c\x1c\x13\x89\xc7\x00\x8d\xc0\xcb\x18\
|\xcd\xfc\x05x\x02\xe2\xb2H\xb8\x01&^\xd7\xca\xfe\
\x8f&\x0d\xab\x8a\xf8\xff\x01\xdf\x05\x9do\x91\x93JS\
\x00\x00\x00\x00IEND\xaeB`\x82\
\x00\x00\xc7O\
\x89\
PNG\x0d\x0a\x1a\x0a\x00\x00\x00\x0dIHDR\x00\
\x00\x02\x00\x00\x00\x02\x00\x08\x06\x00\x00\x00\xf4x\xd4\xfa\
\x00\x00\x00\x09pHYs\x00\x00\x0e\xc3\x00\x00\x0e\xc3\
\x01\xc7o\xa8d\x00\x00\x00\x19tEXtSof\
tware\x00www.inksca\
pe.org\x9b\xee<\x1a\x00\x00 \x00ID\
ATx\x9c\xec\xddw|\x5c\xf5\x9d\xe8\xfd\xcf9\xd3\
\xa4Q\xef\xdd\xb2\x8a%[\xae\xb87\xc0\x80)6\xd5\
\xb4\x85\x00\x09\x04v\xc3.\x09I6e\x93\xdc\xbb\xd9\
\xdd\x9b\xdd\xfb\xdc\xdd\xec&O\x92\xcd\xb3l6\x81\xa5\
\x04H\x02\xa1\xe4!\x10 \x80)\xa6\x18\xc7\xb8\xe2\xde\
e\xcb\x96\xac^\xa6\x9f\xfb\xc7\xd1\x8cF\xd2H\x9a\x19\
\xcd\xe8\xcc\x8c\xbe\xef\xd7\xebx\xa4\x99S\xbe3\x92\xf5\
\xfb\x9e_U\x10B$\xbb\x12\xa0&h\xab\x02\x8a\x80\
\xfc\xa0-sp_3\x905\xf8u\x1f\xd0\x0f\xf4\x0c\
n\x03@/p\x168\x0e\x9c\x08z<6\xb8\xaf\x10\
\x22E(F\x07 \x84\x08\x9b\x0a4\x01\x17\x04m\x8b\
\x80\xdc)\xba~3\xb0\x1d\xf8S\xd0\xe3\x89)\xba\xb6\
\x10\x22\xc6$\x01\x10\x22\xb15\x01\x97\x02\x97\x00\x17\x03\
\x05\xc6\x863J\x1b\xf0\x11\xf0:\xf0*\xb0\xc7\xd8p\
\x84\x10B\x88\xe4\xa4\x02k\x81\x1f\xa2\xdf]kI\xb6\
\x9d\x02\x1e\x06n#\xf1\x92\x15!\x84\x10\x22\xe1,\x00\
~\x8c^\xcdnt!\x1e\xab\xcd\x0d\xbc\x04|\x06\xc8\
\x88\xddG%\x84\x10B$7\x1bp\x0b\xf0\x1a\xc6\x17\
\xd6\xf1\xde\xfa\x81_\x03\xd7\x02\x96X|xB\x08!\
D\xb2\xc9\x03\xfe\x018\x8f\xf1\x05\xb3\x11\xdbI\xe0\x9b\
L]\xe7E!\x84\x10\xc2P\x05\xc0\xdf\x03\x1d\x18_\
\x08'\xc2\xd6\x03\xfc'\xd08\x89\xcfT\x08!\x84H\
Xi\xc0\xffD/\xf0\x8c.t\x13q\xf3\xa07\x0f\
,\x8a\xf6\x03\x16B\x08!\x12\xcd\xb5\xc0a\x8c/d\
\x93a\xf3\xa1'\x025Q}\xd2B\x08!D\x02\xa8\
\x03~\x8f\xf1\x85j2n\x03\xc0?#}\x04\x84\x10\
B$\x99\xfb\x90\xea\xfeXlm\xc0\x83\x80)\xb2\x8f\
_\x08!\x84\x98Z\x85\xc0s\x18_p\xa6\xda\xf6>\
0'\x82\x9f\x83\x10B\x081e.\x03Nc|a\
\x99\xaa\xdb\x00\xfa\xd0A\xa9\x0d\x10B\x08\x910\xfe\x02\
pa|!9\x1d\xb6\xed\xc8h\x01!\x84\x10\x06\xb3\
\xa0\x8fc7\xbaP\x9cn\xdb\x00\xf0\x850~>B\
\x08!D\xcc\xe5\x03ob|a8\x9d\xb7\xc7\x915\
\x06\x84\x10BL\xa1\x22\xf4\xaah\xa3\x0b@\xd9`7\
\xfa\x90K!\x84\x10\x22\xaeJ\x80\x9d\x18_\xf0\xc96\
\xb4\x9d\x07.\x1e\xef\x87&\x84\x10BLF)\xb0\x07\
\xe3\x0b<\xd9FoN\xe0\xb3c\xff\xe8\x84\x10#\xc9\
\x90\x1a!\xc2S\x04\xbc\x0b\xcc6:\x10\x11\x92\x09\xb8\
\x01}\xd9\xe1-\x06\xc7\x22DR\x90\x04@\x88\x89\xa5\
\x03/\x03\x0b\x8d\x0e$\x99)\x8a\x82\xa2(q\xbd\x04\
p9\xfa\xcf\xeb\xf5x^H\x88T \x09\x80\x10\xe3\
3\x03\xcf\xa2O\xf4#\xa2\xd4\xd0\xd0\xc0=\xf7\xdc\xc3\
\xc5\x17_LMM\x0dn\xb7\x9b\xb6\xb6\xb6x]n\
-\xfa\xac\x8c\xaf\xc4\xeb\x02B\xa4\x02I\x00\x84\x18\xdf\
C\xc0\xedF\x07\x91\xcc\xe6\xce\x9d\xcb\xcd7\xdf\x8c\xc5\
bAUUrssijj\xa2\xb6\xb6\x96\xd3\xa7\
O\xd3\xd7\xd7\x17\x8f\xcb.\x07\xf2\x90$@\x881I\
\x02 \xc4\xd8\xfe\x12\xf8\xae\xd1A$\xb3\xcc\xccL\xee\
\xb8\xe3\x0e\xccf\xf3\xa8\xd7rrr\xb8\xe0\x82\x0bp\
:\x9d477\xc7\xe3\xf2+\x80\x1c\xe0\x0f\xf18\xb9\
\x10\xc9N\x12\x00!B[\x8c\xbe6\xfd\xe8\x92K\x84\
\xed\x82\x0b.\xa0\xb1\xb1q\xcc\xd7UU\xa5\xbe\xbe\x9e\
\x92\x92\x12\x0e\x1d:\x84\xd7\xeb\x8du\x08\xab\x00\x1f\xf0\
v\xacO,D\xb2\x93\x04@\x88\xd1r\xd1;\x91\x15\
\x19\x1dH\xb2[\xb2d\x09\xa5\xa5\xa5\x13\xeeWXX\
\xc8\xacY\xb38t\xe8\x10N\xa73\xd6a\x5c\x02\x9c\
\x03>\x8e\xf5\x89\x85Hf\xaa\xd1\x01\x08\x91\x80\x1e\x06\
j\x8d\x0e\x22\x15\xf8|\xbe\xb0\xf7-))\xe1\xee\xbb\
\xef\xa6\xb0\xb00\x1e\xa1\xfc\x08\xb8*\x1e'\x16\x22Y\
I\x02 \xc4pw\x02\x9b\x8c\x0e\x22U\xb4\xb6\xb6F\
\xb4\x7fvv6\x9f\xfd\xecg\xc3\xaa5\x88\x90\x05\xbd\
IG\x86r\x0a1H\x12\x00!\x86\x14\x02?0:\
\x88Tr\xe8\xd0\xa1\x88\x8f\xc9\xc8\xc8\xe0\xae\xbb\xee\xa2\
\xb2\xb22\xd6\xe1d\x01/\xa0\xff\x9c\x85\x98\xf6\xa4\x0f\
\x80\x10C\x1eA\x1f>&bd``\x80\xfa\xfaz\
\xb2\xb3\xb3#:\xcel63w\xee\x5c\x9a\x9b\x9b\xe9\
\xec\xec\x8ceH\xb9\xc0\x12\xe0I\xf4\xce\x81BL[\
\x92\x00\x08\xa1\xbb\x0e\xf8G\xa3\x83HE\x0e\x87\x83\xa6\
\xa6\xa6\x88\x8f3\x99L455q\xfc\xf8q\xba\xbb\
\xbbc\x19R-\xfal\x81\xaf\xc5\xf2\xa4B$\x1bI\
\x00\x84\x00+\xf0\x22\x90ot \xa9\xe8\xfc\xf9\xf3\xcc\
\x9b7\x8f\xf4\xf4\xf4\x88\x8f5\x99L\xcc\x993\x87\xc3\
\x87\x0f\xd3\xdb\xdb\x1b\xcb\xb0V\x03\x7f\x02\x0e\xc4\xf2\xa4\
B$\x13I\x00\x84\x80/\x02\x9f1:\x88Tf6\
\x9b\xa9\xad\x8dn`\x85\xd9l\xa6\xb1\xb1\x91\xfd\xfb\xf7\
\xe3p8b\x15\x92\x02\xac\x07~\x09\xf4\xc4\xea\xa4B\
$\x13\xe9\x04(\xa6\xbbl\xe0\x7f\x18\x1dD\xaa;}\
\xfa\xf4\xa4\x8e\xf7\xcf(\x98\x99\x99\x19\xa3\x88\x00}\x9e\
\x87\xc7\x90\xbf\x83b\x9a\x92_|1\xdd}\x13\x99\xf0\
'\xeeb\xb1\x0a`^^\x1e\xb7\xddv\x1b\x16\x8b%\
\x06\x11\x05\x5c\x06<\x10\xcb\x13\x0a\x91,$\x01\x10\xd3\
Y\x01\xf0\x15\xa3\x83\x98\x0ebu\xe7^VV\xc6\xf5\
\xd7_\x1f\x93s\x05\xf9\x7f\x80\xbaX\x9fT\x88D'\
\x09\x80\x98\xce\x1e\x002\x8c\x0eb:\xc8\xcf\x8f\xbc\x7f\
\xa5\xc7\xe3\xc1\xedv\x8fz~\xce\x9c9\x5cx\xe1\x85\
\xb1\x08\xcb/\x03i\x0a\x10\xd3\x90,t\x22\xa6\xab4\
\xf4\xd5\xfe\xc4\x14\x989sf\xd8\xfb\xf6\xf6\xf6\xf2\xc2\
\x0b/p\xe4\xc8\x11\x00\x8a\x8a\x8a\x987o\x1eK\x96\
,\x09\x8c$X\xb7n\x1d\xad\xad\xad\xec\xdb\xb7/V\
!\xae\x06>\x0f\xfc<V'\x14\x22\xd1\xc9(\x001\
]\xdd\x07\xdcft\x10\xd3\x81\xc5ba\xc3\x86\x0d\xa8\
\xea\xc47\xd8\xdd\xdd\xdd<\xf6\xd8c\xc3:\x0d\xf6\xf7\
\xf7s\xec\xd81\xb6o\xdfNZZ\x1a\xa5\xa5\xa5(\
\x8aB]]\x1d\xbbw\xef\x8e\xe5\xe2Ak\x80_\x00\
\x03\xb1:\xa1\x10\x89L\x12\x001\x1d)\xe8\xc3\xbf\x0a\
\x8c\x0ed:\x98={6s\xe7\xce\x9dp\xbf\x8e\x8e\
\x0e\x9ex\xe2\x09:::B\xbe\xee\xf1x8x\xf0\
 G\x8f\x1e\xa5\xb6\xb6\x96\x8c\x8c\x0cJKK\xd9\xb5\
kW\xacB\xb5\xa3\xd7\x0c\xbd\x12\xab\x13\x0a\x91\xc8$\
\x01\x10\xd3\xd1:\xe0kF\x071]\xac[\xb7n\xc2\
\x15\xfe\x0e\x1d:\xc4SO=EO\xcf\xc4C\xf2\xbb\
\xbb\xbb\xd9\xb5k\x17eee\xd4\xd4\xd4\xe0r\xb98\
u\xeaT\xac\xc2]\x82\xbe^\xc0\xd9X\x9dP\x88D\
%\x09\x80\x98\x8e\xfe\x1eXdt\x10\xd3\x81\xddng\
\xe3\xc6\x8dcV\xff{\xbd^6o\xde\xcc\xcb/\xbf\
\x1c\xb2\xc3\xdfX\xdcn7\xbbv\xed\xc2d2\xb1z\
\xf5jv\xec\xd8\x81\xcb\xe5\x8aE\xc8*\xd0\x88\xde)\
P\x88\x946\xf9\xc1\xb9B$\x97,\xe0\x0c\xd2\xfb\x7f\
J\xacY\xb3\x86K/\xbd4\xe4k---\xbc\xf8\
\xe2\x8b\x9c=;\xb9\x9b\xed\x86\x86\x06222\xd8\xbe\
}\xfb\xa4\xce3\xc2-\xc03\xb1<\xa1\x10\x89FF\
\x01\x88\xe9\xe6\x16\xa4\xf0\x9f\x12\xaa\xaa\xb2t\xe9\xd2Q\
\xcf\xbb\xddn6o\xde\xcc\x87\x1f~\x88\xcf7\xf9\x05\
\xf9\x0e\x1c\x88\xcbt\xfe\xff\x1bx\x0e\xf0\xc6\xe3\xe4B\
$\x02I\x00\xc4ts\xbb\xd1\x01L\x17\x8d\x8d\x8d\xa3\
\x96\x01\xfe\xf4\xd3Oy\xed\xb5\xd7\xe8\xea\xea2(\xaa\
\xb0\xcd\x02n\x05\x9e2:\x10!\xe2E\x12\x001\x9d\
\xe4\x02\x17\x1b\x1d\xc4t\xb1|\xf9\xf2\xc0\xd7'O\x9e\
\xe4\xf5\xd7_\x8feg\xbd\xa9\xf0\xb7\xc0\xaf\x80\xc9W\
S\x08\x91\x80$\x01\x10\xd3\xc9\xd5@L'\x92\x17\xa1\
\x95\x95\x951c\xc6\x0c\xda\xda\xda\xd8\xbcy3{\xf7\
\xee5:\xa4h\xcc\x01n\x02~ct B\x08!\
&\xe7W\x80&[\xfc\xb7e\xcb\x96is\xe7\xce\xd5\
\x14E1<\x96In\xbb\x91)\x82E\x8a\x92Q\x00\
b\xba\xb0\x02\xe7\x80\x1c\xa3\x03\x11I\xe7F\xf4\x0e\x81\
B\xa4\x14\xc9l\xc5t\xb1\x14)\xfcEt\xbelt\
\x00B\xc4\x83$\x00b\xba\xb8\xc8\xe8\x00D\xd2\xba\x18\
h2:\x08!bM\x12\x001]\xc4t\xfdX1\
\xed\xdcgt\x00B\xc4\x9a\xf4\x01\x10\xd3\x81\x09hC\
\x1f\x06(D4:\x81\x0a\xa0\xdf\xe8@\x84\x88\x15\xa9\
\x01\x10\xd3\xc1<\xa4\xf0\x17\x93\x93\x8b\xde\x19P\x88\x94\
!\x09\x80\x98\x0e.0:\x00\x91\x12\xbe`t\x00B\
\xc4\x92$\x00b:X`t\x00\x22%\xac\x05j\x8d\
\x0eB\x88X\x91\x04@L\x07\xb2\xf4\xaf\x88\x95\x1b\x8c\
\x0e@\x88X\x91\x04@L\x07R\x03 bE\x12\x00\
\x912d\x14\x80Hue\xc0i\xa3\x83\x10)\xc3\x0b\
\x94\xa3\xcf*)DR\x93\x1a\x00\x91\xea\xa4\xcdV\xc4\
\x92\x09\xb8\xce\xe8 \x84\x88\x05I\x00D\xaa\x93\x04@\
\xc4\xda&\xa3\x03\x10\x22\x16$\x01\x10\xa9\xae\xc6\xe8\x00\
\xa63\x93\xc9\x84\xaa\xa6\xdc\x9f\x99\xcb\x00\xbb\xd1A\x08\
1Yf\xa3\x03\x10\x22\xce$\x010\x88\xc5b\x09l\
\x8a\xa2\xe0v\xbbq8\x1cx\xbd^\xa3C\x9b,\x1b\
\xfa\xe2Ro\x1b\x1d\x88\x10\x93!\x09\x80Hu3\x8c\
\x0e`:2\x9b\xcdX,\x16\xccf3&\x93\x09\xb3\
\xd9LFF\x06f\xb3\x19\x87\xc3Agg'N\xa7\
\xd3\xe80'c\x15\x92\x00\x88$'\x09\x80Hu%\
\xf1<\xb9\xaa\xaa(\x8a>\x98\xc6\xe7\xf3\xa1iZ<\
/\x97\x14\x14E\x09\x14\xfe\xc1\x9b?\x11\xc8\xcd\xcd\xa5\
\xb0\xb0\x90\xde\xde^\xce\x9c9\x83\xcb\xe52:\xe4h\
\xac4:\x00!&K\x86\x01\x8aTw\x16(\x8e\xd7\
\xc9\x15E\xc1l6c\xb3\xd9\xc8\xc8\xc8\x08Tu\xf7\
\xf7\xf7300\x10\xaf\xcb&\x05\xff\xe7\x92\x99\x99\x89\
\xcdf\x0b$\x02\xc1\xc9\x81\xaa\xaa\x9c>}\x9a\xd3\xa7\
O'[\xf2t\x8e8'\x97B\xc4\x9b$\x00\x22\x95\
\xa9\x80\x0b}\xe8V\xdc)\x8a\x82\xddn'''\x87\
\xdc\xdc\x5c4M\xa3\xb3\xb3\x93\xb6\xb66\xdcn\xf7T\
\x84\x90\xb0\xd2\xd3\xd3\xc9\xcb\xcb#77wT\x22`\
\xb1X\xe8\xef\xefg\xd7\xae]\xc9\x964U\x03'\x8c\
\x0eB\x88hI\x02 RY1z\x0d\xc0\x94KK\
K\xa3\xbc\xbc\x9c\xc2\xc2BTU\xe5\xdc\xb9s\x9c<\
yr\xda'\x026\x9b\x8d\xb2\xb22\x8a\x8b\x8b\x03\x1d\
\x04\xadVk\xa0\xa3\xe0\xb6m\xdb8s\xe6\x8c\xd1a\
\x86\xeb*\xe0\x0fF\x07!D\xb4\xa6\xe4\xceH\x08\x83\
T\x02_4\xe2\xc2\x1e\x8f\x87\x8e\x8e\x0ezzz(\
((\xa0\xbc\xbc\x9c\x9a\x9a\x1a\xbc^/\x9d\x9d\x9dF\
\x84\x94\x10\xfc\xef\xbf\xab\xab\x8b\x9c\x9c\x1c233\x03\
\x09@ZZ\x1auuux\xbd^Z[[\x8d\x0e\
5\x1c\x1f\x03\x1f\x1a\x1d\x84\x10\xd1\x92\x04@\xa4\xb2j\
\x0c^\xc2\xd5\xe9t\xd2\xd2\xd2Bff&\xc5\xc5\xc5\
TWWSXXHKKK*\x0c\x87\x8b\x9a\xcb\
\xe5\xa2\xa5\xa5\x05\x80\x92\x92\x12\xacVk`\xab\xaa\xaa\
\x02\x08\xbc\x9e\xc0\x8e\x01/\x19\x1d\x84\x10\xd1\x92\x04@\
\xa4\xb2z\xe0\x1e\xa3\x83\xd04\x8d\x96\x96\x16\xdcn7\
UUU\x14\x17\x173s\xe6L\xce\x9c9\x83\xc3\xe1\
0:<Cutt\xd0\xda\xdaJee%\x19\x19\
\x19\xa8\xaa\x8a\xcb\xe5\x2277\x17 \xd1k\x02z\x81\
G\x8d\x0eB\x88hI\x02 RY\x13p\xa7\xd1A\
\xf8utt\xd0\xd6\xd6FUU\x15&\x93\x89\xf2\xf2\
r:;;\xe9\xeb\xeb3:\xb4\xa8\xe5\xe6\xe6RP\
P@aa!\xd9\xd9\xd9\x98L&\xdcn7>\x9f\
/\xecs\x0c\x0c\x0cp\xec\xd81JKK\xb1Z\xad\
\xb8\x5c.\x5c.\x17YYYx\xbd^:::\xe2\
\xf8\x0e&\xc5\x0a\xfc\xc0\xe8 \x84\x88\x96t\x02\x14\xa9\
\xec&\xe0\x19\xa3\x83\x18)??\x9f\xb5k\xd7\xa2i\
\x1a\x0e\x87\x83\xed\xdb\xb7\xd3\xd6\xd6ftXa\xa9\xa8\
\xa8`\xe1\xc2\x85455QYY\x89\xddnGU\
\xd5\xc0|\x08\x8a\xa2\xe0\xf3\xf98}\xfa4G\x8f\x1e\
\xe5\x93O>a\xd7\xae]a\x8d\xf5WU\x95e\xcb\
\x96QVV\x16H\x02\x5c.\x17\x9f~\xfai\xa2\xd6\
\x04\xf8\x804`z\xf7\xec\x14IK\x12\x00\x91\xca\xee\
\x04\x1e7:\x88P\xf2\xf3\xf3Y\xbcx1\x1e\x8f\x07\
\x87\xc3\xc1\xae]\xbb\x12\xb6&@Q\x14\x16,X\xc0\
\x15W\x5cAuu5\xaa\xaa\x06\xe6\xf8\xf7?*\x8a\
2,\x09\xf0\x1f\xa7i\x1aN\xa7\x93w\xdf}\x97W\
^y\x85\xd3\xa7\xc7_\x99YQ\x14\xe6\xcf\x9fOq\
qq \x01p:\x9d\xec\xdf\xbf\x9f\xfe\xfe\xfe\xa9x\
\xbb\x91\x92\xa1\x80\x22iI\x13\x80HeK\x80\xeb\x8d\
\x0e\x22\x94\x81\x81\x01:::\xc8\xcd\xcd\xc5\xe3\xf1\x90\
\x9e\x9eNGGG\xc2M\x86SSS\xc3}\xf7\xdd\
\xc7\xc5\x17_L^^\x1e&\x93)\xb0\xf9g\xf7\x0b\
\xb5\x05'\x07V\xab\x95\xba\xba:.\xbf\xfcrJJ\
J8|\xf8\xf0\xb8\xe3\xfd\xcf\x9d;\x17\x18\x1e\xe8r\
\xb9p\xbb\xdd\xd8l6\xba\xbb\xbb\x13\xee\xf3\x01~\x03\
\x9c2:\x08!\xa2!\x09\x80He\xcb\x81k\xe3q\
b\xbb\xddNmm-\x8b\x16-b\xf6\xec\xd9\xd4\xd6\
\xd6\x92\x99\x99\xc9\xc0\xc0@\xd8s\xdc;\x1c\x0e\xfa\xfb\
\xfb\xb1\xdb\xedx\xbd^|>_\xc2L\x84c\xb5Z\
\xb9\xe1\x86\x1b\xd8\xb4i\x13\xb9\xb9\xb9c\x16\xf4\xc1\x89\
\x80\xbf\xd0\x1f\x99\x00\x04o\xd5\xd5\xd5\x5cv\xd9e\x0c\
\x0c\x0cp\xe4\xc8\x911\xaf\xdf\xde\xdeNZZ\x1a\x8a\
\xa2\xe0r\xb9\xf0x<\xa8\xaa\x9a0\x9fO\x90?\x00\
{\x8d\x0eB\x88h\xc8Z\x00\x22\x95\xc54\xc1U\x14\
\x85\x15+Vp\xc5\x15W\xb0b\xc5\x0a\xacVk\xa0\
\x9a[\xd34|>\x1f\x1e\x8f\x87O?\xfd\x947\xde\
x\x83\xb7\xdezk\xc2\x02\xab\xbd\xbd\x1d\x8b\xc5\x82\xdd\
n\xc7f\xb3a\xb1X\x0c\x9f,\xa8\xa0\xa0\x80\xbb\xee\
\xba\x8b\x8a\x8a\x8aa\x85\xf8Dw\xfa\xc1M\x010\xd4\
\x04\x00\x04>\x1f\xffl\x89\xf7\xdcs\x0f\xf3\xe7\xcf\xe7\
\xa1\x87\x1e\xa2\xb7\xb7wT\x0c\x9a\xa6q\xe4\xc8\x11\xaa\
\xaa\xaa\x02I\x80\xc5b!===\xd1\x92\x80r\xa3\
\x03\x10\x22ZR\x03 R\xd9j`C,N\xd4\xd0\
\xd0\xc0\xb7\xbf\xfdmn\xbd\xf5Vjjj\x02s\xdb\
\x07\x17\x84\xfe\xf6\xef\x82\x82\x02\x16/^\xcc\xfa\xf5\xeb\
q\xbb\xdd\x1c=zt\xdc^\xf1\xfd\xfd\xfd\x98\xcd\xe6\
\xc0\xf1F\xae\x92\xd7\xd8\xd8\xc8\xddw\xdfMAAA\
Xw\xfd\xe3%\x05\xa1\x12\x83\xe0>\x02eee,\
]\xba\x94O>\xf9$d\xff\x07M\xd3\xe8\xeb\xeb\xc3\
j\xb5\x06\x12\x08\xb3\xd9\x8c\xd3\xe9L\xa4\xa6\x80\xad\xc0\
\x9bF\x07!D4$\x01\x10\xa9l-p\xc5dO\
r\xcd5\xd7\xf0\xcdo~\x93\xf2\xf2\xf2\x90\xab\xdc\x8d\
,\xd8@/\xbc,\x16\x0b\xf3\xe7\xcfg\xd1\xa2E\xec\
\xdb\xb7\x8f\x9e\x9e\x9e1\xaf\xe1t:IKKCU\
U\x1c\x0e\x87!\x05\xdc\xb2e\xcb\xb8\xf9\xe6\x9bIK\
K\x1bU\x90OT\xf8\x8f\x95\x10\x8c\x1c!0\xf2s\
\xca\xcc\xccd\xd9\xb2el\xdb\xb6-d\x12\xe0\xf3\xf9\
\x02}\x00\xfc\xab-\xfa\x17\x5cJ\x10\xbb\x81\xdf\x1b\x1d\
\x84\x10\xd1\x90\x04@\xa4\xb2\x8b\x80\xf5\x939\xc1\xbd\xf7\
\xde\xcbm\xb7\xdd6\xaa\xe0\x0f^\xeb>\xb8P\xf37\
\x07\x04o\xd9\xd9\xd9\xac^\xbd\x9a#G\x8e\x8c9\x9c\
\xcd\xbf\xaf\xd9l\xc6\xeb\xf5N\xf9,\x81\x8b\x17/\xe6\
\xdak\xaf\x9d\xf0\x8e>\xdcZ\x80\x915#\xc1\xcb&\
\x077\x0d\x80\xben\xc2\xa2E\x8b\xd8\xbauk\xc8\xea\
}\xaf\xd7\x1b8\x87\xbf\x19\xc1\xe3\xf1$J-\xc0a\
\xe0Y\xa3\x83\x10\x22\x1a\x92\x00\x88T\xb6\x0e\xb84\xda\
\x83o\xbd\xf5V\xae\xbf\xfe\xfaa\x05^\xa8$\xc0_\
\xa0\xf9\xefP}>\xdf\xa8\xaf\xfdc\xdc[[[9\
u*t\xa7q\x8f\xc7\x83\xd9\xacw\xcb\x99\xca;\xdc\
\x85\x0b\x17\x8eY\xf8O\x94\x04\x8cL\x06F&\x05#\
k\x00\x82\x05\xf7\x0f\xb0\xdb\xed\xcc\x993\x87\xf7\xde{\
/d\xf2\xe3v\xbb\xb1X,\xc3\xfa\x12x<\x9e)\
\xf9|&p\x1ax\xc2\xe8 \x84\x88\x86jt\x00B\
\xc4Q\xd4\x9d\x5c\x97,Y\xc2\x0d7\xdc\x00\x10\xb2\xf0\
\x1a\xf9\xfd\xc8\xe7B\xedo2\x99\xb8\xfb\xee\xbbY\xbd\
z\xf5\x98\xd7\xed\xef\xef\x0fy\xbdx\xa9\xab\xab\xe3\xda\
k\xaf\x1dUE?r\x1bY\x8d\x1f\xdc\xb3?T\x82\
02Y\x1a\xd9_b\xe4\xa6(\x0a3f\xcc\xe0\xee\
\xbb\xef\x0e\x19\xa7\xa6i\xf4\xf7\xf7\x07\x12* \xd0\xd9\
\xd0`\xf9F\x07 D\xb4\x12\xe2\x7f\x90\x10q\x12U\
\x02\x90\x9d\x9d\xcd=\xf7\x0c-!\x10\xaaZ\xdf_M\
\xef\xf1x\xf0z\xbd\xc3j\x00\xfc\xc7\x84\xa2(\x0a\xb7\
\xdf~;\x8d\x8d\x8d!_\xf7z\xbd\xb8\xdd\xee))\
\xdc\xf2\xf2\xf2\xb8\xf1\xc6\x1b',\xfc\xc3I\x0c\x82\x13\
\x80P\x05\x7f\xa8B?T\xdf\x80\x95+W\xb2r\xe5\
\xca\x90\xf1z<\x9e\xc04\xc3\xfeZ\x80\x04`7:\
\x00!\xa2%\x09\x80HeQ5q]w\xddud\
ff\x86,\xf8\xfd\x85\x8f\xbf\xf0w\xbb\xdd\x81$\xc0\
\xff\x9a?\x11\xf0o\xc0\xb0\xafUU\xe5\x9e{\xee\xa1\
\xb8\xb88\xe4\xf5\xa7\xa2\xfa_Q\x14\xae\xbb\xee:\xd2\
\xd2\xd2\xc2\xda\xdfj\xb5\x0c\xce\xfb\x9fOqq\x11E\
EE\x14\x17\x17\x93\x97\x97KVV\xe6\xb0\x8e\x83\xfe\
d \xd4\x9d\x7f\xa8\xda\x84\x91\xdb\xed\xb7\xdfNvv\
v\xc88\x5c.\xd7\xb0\xcf8\x01\x84\xf7\x01\x0a\x91\x80\
d\x1e\x00!\x82\x14\x15\x15\xb1f\xcd\x9a1\x0b}U\
U\x03\x1d\xd0\xfcw\xa1\xfe\xaf\xfd5\x01\x16\x8b%\xf0\
\xbc\xff\x8eud\x22\x91\x96\x96\xc6\xe7>\xf79\xfe\xed\
\xdf\xfem\xd4\x10\xc1\xe0d!^\x96,Y\xc2\x8c\x19\
3\x02\xdf\x07\x17\xc0yyyTVVPZZJ\
^^.\xb9\xb9ydd\xd8'\xbc\xe3\xd6\xd76p\
\xe2t:p:]8\x9d.z{{q:\x9d\x81\
\xcf*\x9c\xbb\xf6\x8c\x8c\x0c6m\xda\xc4\xa3\x8f\x8e^\
hO\xd3\xb4@\xdb\x7f$\x0b\x0e\xc5\x91\xcd\xe8\x00\x84\
\x88\x96$\x00B\x04\xb9\xf8\xe2\x8b\x03\xbd\xcdCm\xc1\
\xbd\xcf\xb3\xb3\xb3\xc8\xce\xce&++\x13\x9b-\x0d\xab\
\xd5\x12(\xfcG\xea\xeb\xeb\xa3\xa7\xa7\x97\xee\xeen\xda\
\xdb\xdbii9\x8b\xa2(|\xe9K_\xe4G?\xfa\
\xf1\xa8\xfd\xe3Y\xb8\xa5\xa5\xa5\xb1n\xdd\xba\xc0\xf7&\
\x93\x89\xda\xdaZ\xea\xeaj\xa9\xaa\xaa$33+\xa8\
\x0a_\xbf{\x0f\x87\xa2(\xa4\xa7\xa7\x91\x9e>tS\
\xec\x1f\xcb\xdf\xd1\xd1\xc9\xf9\xf3\xe7\xe9\xe9\x19=\xe9O\
(+W\xae\xe4\x8f\x7f\xfcc\xc8\x0e\x93\x09R\xf0\xfb\
I\x0d\x80HZ\x92\x00\x081\xc8l6\xb3t\xe9\xd2\
a\x05\xbe\xff\xae\xdf\xdf3=''\x9b\x193fP\
RR\x8c\xc5b\x09\xfb\xdc\x19\x19\x19dddPZ\
Z2\xec\xf9\x96\x96\xb3\xbc\xfc\xf2+\x1c8p \xa6\
\xefe<+W\xae$==\x1d\xb3\xd9\xcc\xca\x95+\
\xa9\xa9\xa9\xc1nO\x0f1\xd4\xd1<\xe9\xbe\x08\x8a\xa2\
\x90\x99\x99Iff&UU\x95tuuq\xea\xd4\
iZZZ&<n\xe3\xc6\x8d\xfc\xecg?\x9b\xd4\
\xf5\xa7\x80$\x00\x22iI\x02 \xc4\xa0\x86\x86\x06\xd2\
\xd2\xd2F\xdd\xf5{\xbd^\xf2\xf2r\x99?\x7f\xde\x98\
\xed\xf6\xd1*..\xe2\xef\xfe\xee\xbb\xdcq\xc7\x9d1\
=\xefXl6\x1b\x8b\x16-b\xcd\x9a5\xcc\x9c9\
sp\xd1\x1dK\xe0n\xdf\xff\x18\x8b\xc2?\x94\x9c\x9c\
\x1crrr\xa8\xaf\xaf\xe5\xd8\xb1\xe3\x1c:txT\
\x7f\x09\xbf\xf9\xf3\xe7SZZ:a\xb2`0i\x02\
\x10IK:\x01\x0a1h\xf6\xec\xd9\x81\x02\xdf\xff\x08\
0\x7f\xfe<.\xbd\xf4\x92\x98\x17\xfe\xa0w\x08\xbc\xe9\
\xa6\x1bY\xb6lY\xcc\xcf\x1d\xca\xd5W_\xcd}\xf7\
\xdd\xc7\x8c\x193\x06;\xea\x05\x8f\xe7\x1fJ\x02\xe2=\
\x0a\xc1f\xb3\xd1\xd8\xd8\xc0\xa5\x97\xaec\xe6\xcc\xea\xc0\
\xf3#\x93\x81\xb5k\xd7\xc65\x8e\x18\xb0 \xf3\xa9\x88\
$%\x09\x80He\x11\xf5\xa4\xab\xae\xae\x1ev\xd7\x9f\
\x91ag\xe3\xc6\xabhj\x9a\x13\xd7!g&\x93\x89\
\xef~\xf7o\xe3v\xfe`\x1b6l\x18\xbc\xe6\xe8\x89\
}\xfc\x85\x7f\xb8m\xfe\xb1\x90\x9e\x9e\xce\xe2\xc5\x17\xb0\
~\xfdedee\x8d\xea0\xb9x\xf1\xe2\x88\x9aZ\
\x0c\x22\xb5\x00\x22)I\x02 \x04\xfa\xf2\xb7\x05\x05\x05\
\x81\xf1\xfd\xf9\xf9yl\xd8\xb0\x81\xbc\xbc\xbc\xb8_[\
UU\xd6\xaf_\xcf\xec\xd9\xa1\xe7\x06\x88\x95\x8c\x8c\x0c\
\x96,Y28T\xcf4,\x09\x08\xae\x09\x08G\x7f\
\x7f?\x8f=\xf6\x18\xb7\xdez\x1b\x0d\x0d\x8d\xd8\xed\x99\
\xa4\xa7gPWW\xcf\xed\xb7\xdf\xc1/~\xf1pD\
U\xf7\xf9\xf9yl\xdcx\x15\x8d\x8d\x0d\xc3\x92\x00\x9b\
\xcdFSSS\xb4oy\xaaH?\x00\x91\x94\xa4\x0f\
\x80\x10@~~~\xe0\xce\xbf\xb2\xb2\x82\x0d\x1b\xae\x22\
#c\xfc9^N\x9e<\xc9\x87\x1f~HGG'\
ii6\xe6\xcf_\xc0\xc2\x85\x0b\xa2\xaa-0\x99T\
>\xfb\xd9\xcf\xf2\x9d\xef\xfc\x8fh\xdf\xc2\x84\x96/_\
\x8e\xd5j\x1d\xb5Z_p-\xc0D\xb1\xfb|>~\
\xfa\xd3\xff\x8f\xef}\xef\x1f9\x7f\xfe\xfc\xa8\xd7\x8f\x1d\
;\xce\xb1c\xc7\xf9\xf5\xaf\x7fMZZ\x1a\xf7\xdcs\
7\xdf\xf8\xc6\xd7\xa9\xae\xae\x0eq\xb6\xe1L&\x13\xab\
V\xad\xa4\xac\xac\x94\xb7\xdez\x9b\xee\xeen4M\xa3\
\xa9\xa9\x89\x1d;vD\xfd\xbe\xa7\x80\xd4\x00\x88\xa4$\
5\x00\x22\x95\x85\xdd\x04\x90\x99\x99\x89\xd7\xeb\xa5\xa8\xa8\
\x88\xcb/_\x8f\xd5j\x1b\xf3n\xf8\xd0\xa1\xc3\xdcp\
\xc3\x8d\xd4\xd6\xd6\xf3g\x7fv;\xf7\xdf\xff\x97\xdc}\
\xf7\xe7Y\xb2d)uu\xb3\xf8\xf1\x8f\x7f\x12\xf1<\
\xf5&\x93\x89\xbb\xee\xba\x0b\x9b\xcd\x1a\xd1q\x91\x983\
g\xce\xe0\x94\xc4*&\x93\x1aT\xf8\xaba\xdd\xfdw\
ttp\xddu7\xf0\x95\xaf|5d\xe1?\x92\xc3\
\xe1\xe0?\xfe\xe3!f\xcfn\xe2G?\xfaq\xd8s\
\x1b\xcc\x981\x83\xeb\xaf\xbf\x96\xe2\xe2\x22|>\x1f\x0d\
\x0d\x0dS\xda,\x11\x05\xa9\x01\x10II\x12\x00\x91\xca\
\xc2N\x00\xe6\xcc\x99C~~>W]u%V\xab\
\x15\x93)\xf4\x7f\x8dw\xdey\x97\x95+W\xf1\xbb\xdf\
\xfd.\xe4x\xf4\xe3\xc7\x8f\xf3\xd5\xaf\xfe5k\xd7^\
\xc8\xa7\x9f\xee\x8b(\xd8\xa2\xa2B\xd6\xaf\xbf<\xa2c\
\x22\xd1\xd8\xd88j\x0e\x7f=\x110M\xd8\xe9\xaf\xb9\
\xb9\x99\x15+V\xf2\xf2\xcb/G|]\x97\xcb\xc5_\
\xff\xf5\xd7\xb8\xe5\x96?\xa3\xbb\xbb{\xc2\xfdUU%\
33\x8bk\xae\xb9\x9a\x05\x0b\xe6c\xb5Z)--\
\x8d\xf8\xbaSHjRER\x92\x04@\xa4\xb2\xb0\xe7\
\xd4\xad\xad\xad\xe1\xaa\xab\xae\xc4f\xb3\x05\x0a\xc8\x91\x0e\
\x1d:\xcc\xa6M7\xd2\xd1\xd11\xe1\xf9\xb6n\xfd\x98\
U\xabV\xf3\xde{[\xc2\x0eVUU\xae\xb8\x22~\
\x09\xc0\x8c\x193B\xce\xc7\xef\xaf\x01\x18\xcb\xc0\xc0\x00\
7\xdf|\x0b\x87\x0f\x1f\x19s\x1f\xff\xd0\xc2U\xabV\
\xd1\xd8\xd8\x18r*\xdf\xe7\x9e{\x8e\x0d\x1b6\xd2\xdf\
\xdf?a\xac&\x93\x8a\xd9lf\xc5\x8a\x15\x5c|\xf1\
E\xac_?\xa9U\x9d\xe3-!\x16%\x10\x22R\x92\
\x00\x88T\xe6\x0awG\xbb=\x03\xbb=cp\xbaZ\
5d[\xf8_\xfe\xe5_\x8dY\xf8\x17\x14\xe4SY\
Y1ln\xfd\x9e\x9e\x1e\xae\xb9\xe6Z>\xfc\xf0\xa3\
\xb0bPU\x95\xcb/\x8f_\x02\x90\x93\x93\x83\xaa*\
!\x93\x80\xf1\xfc\xc5_\xdc\xcfG\x1fm\x1dw\x1fE\
Q\xc8\xca\xca\xa2\xa8\xa8\x88\x05\x0b\x16p\xed\xb5\xd7r\
\xddu\xd7QUU5l\xbf\x0f>\xf8\x90;\xee\xb8\
k\xc2&\x92\xe0\xd8\x1a\x1b\x1bY\xb1byxo\xd2\
\x18\xf2wT$%\xf9\xc5\x15\xa9,\xec\x04\x00\x08*\
\x1c\x95Q\x85\xe2G\x1fm\xe5\x8d7\xde\x08y\xdc\xcc\
\x993\xb9\xf1\xc6\x1b\xb9\xe9\xa6\x9b\xf8\xe2\x17\x1f\x18\xec\
C\xa0\xb7\xe5wwws\xcb-\xb7\x86Uk\xa0(\
\x0a\xd5\xd5\xd5\xd4\xd7\xd7G\x12v\xd8\xf2\xf3\xf3\x07\x93\
\x1bu\xd8\xfb\x1c/\x01\xd8\xbc\xf9m\x9e|\xf2\xc9\x09\
\xcf}\xe8\xd0!\xccf3iii\xd8l6\xd2\xd2\
\xd2\xa8\xa8\xa8\xe0\xa6\x9bn\xe2\xb2\xcb.\x1b\x96P\xbd\
\xf8\xe2\x8b|\xff\xfb\xff:\xe19\x83\x93\x809s\xe6\
\x84\xf7&\x8d!\x7fGER\x92_\x5c\x91\xca\xc2n\
\x02P\x94\xe0\x05qF\xff\xb7x\xf8\xe1\x87\xc7<6\
77\x87\xbc\xbc\xbc@\xf3\xc1\x05\x17\x5c\xc0=\xf7\xdc\
Mnn.\xa0\xb7\x9f\x7f\xf9\xcb_\x0d+\x0eUU\
X\xb6li\xb8aG\xc4b\xb1\x0c\x16\xfaC\xefs\
\xbc\x04@\xd34\xbe\xfe\xf5\xaf\x87u\xee\x9e\x9e\x1ev\
\xee\xdc\x19(\xfc\x83\x1f\xd7\xacY\xc3u\xd7]7l\
\xff\x7f\xfc\xc7\x7f\xe2\xe0\xc1C\xe3\x9es(IQ\xa8\
\xaf\xaf\xc7lN\xd8\xa6v\xf9;*\x92\x92\xfc\xe2\x8a\
T\x16A\x0d\xc0\xf0%i\x83y\xbd^~\xfd\xeb\xdf\
\x8cy\xe4\xf1\xe3'F-\xe1\x9b\x93\x93\xc3m\xb7\xfd\
\x19\x99\x99\x99\x00\xfc\xf2\x97\xbf\x0c\xab)@Q\x14\x16\
.\x5c\x10v\xd4\xaa\xaa\x92\x91\x91Aff\xe6\x84K\
\xfbz\xbd\xdea\xef\xd1\x9f\x08\x8c\xe5\xed\xb7\xdf\xe1O\
\x7f\xda\x1ev,'N\x9c\xe0\xc3\x0f?\x0c\x14\xfe\xc1\
\xdb\x85\x17^\xc8%\x97\x5c\x12\xd8\xd7\xe1p\xf0\x95\xaf\
\x8c\x9f\x14\xe9\xcb\x06\xeb\x9b\xcdf\xa3\xbc\xbc<\xecX\
\xa6\x98\xfc\x1d\x15II~qE*\x8b\xa8\x09`\xac\
\x04`\xf7\xee=tuu\x8dy\x5cGG\x07O?\
\xfd\xf4\xa8j\xfe\xec\xecl\xae\xba\xea\xca\xc0\xf7\xff\xf0\
\x0f\xff+\xac\x18\xe6\xcf\x1f?\x01\xb0Z\xadTWW\
\xb3t\xe9R\xd6\xad[\xc7\x9a5k\xb8\xf0\xc2\x0b\xb9\
\xfc\xf2\xcb\xd9\xb8q#\xcb\x96-\xa3\xa0\xa0`\xd4q\
\x1e\x8fgT\xe1?^\x02\xf0\xf8\xe3\x8fO\x18\xefH\
\x07\x0e\x1c\xe0\xad\xb7\xde\xc2f\xb3\x8d\xaa\x0d\xd8\xb8q\
\xe3\xb0B\xfc\x95W^a\xcf\x9e\xbd\xe3\x9e/8\xce\
\x92\x92\x92q\xf75\x90\xfc\x1d\x15II~qE*\
\x0b;\x01p\xbb\xf5]\xf5\xa6\x80\xe1\xaf}\xf4\xd1\xc4\
w\xeeg\xce\xb4\xf0\xd8c\x8f\xd3\xdc\xdc\x1cx\xce\xeb\
\xf5R^^Nu\xf5\x0c\x00\xfe\xf0\x87?LX\xe0\
)\x8a2\xe6\xccw\xaa\xaaRVVFcc#y\
yyx\xbd^\xba\xba\xba\xe8\xec\xec\xa4\xab\xab\x8b\xee\
\xeen\x5c.\x17EEE\x5cx\xe1\x85\xac^\xbd\x1a\
\xbb}h2\xa3\x8e\x8e\x8e\xa0B\x7f\xfc\x04\xc0\xeb\xf5\
\xf2\xdb\xdf>7\xe1\xfb\x0ee\xcf\x9e=\xbc\xfc\xf2\xcb\
X\xadVl6\x1bV\xab\x15\xa7\xd3\x89\xdb\xedf\xe3\
\xc6\x8d\xc3\xf6\xfd\xf9\xcf\x7f>\xee\xb9\x82\x93\xb2x\xac\
\xc5\x10#\xf2wT$%\xf9\xc5\x15\xa9,\xec\x04\xa0\
\xa7\xa77P0\x8e\x1c\xd5\xb5g\xcf\x9e\xb0\xce\xe1t\
:y\xee\xb9\xe7\xe9\xe8\xe8\xc4\xe9t\xd2\xdf\xdfO\x7f\
\x7f?\xf5\xf5\xb3\x02\xfb<\xf1\xc4\x13\x13\x9e\xa7\xa0 \
\x9f\x8c\x8c\x8ca\xcf\xf9\xab\xc0\xadV+\xdd\xdd\xddt\
vv\x06\x0a\xfe\x91[ww7\xdd\xdd\xdd\xe4\xe6\xe6\
r\xe9\xa5\x97\x06\xee\x9c\xcf\x9d;\xc7\xc8\xa6\x8e\xb1\x12\
\x80={\xf6\x8e[\xeb1\x91\x9d;w\xf2\xfc\xf3\xcf\
\xa3\xaa*\x0e\x87\x03\x87\xc3\x81\xd3\xe9\xa4\xb0\xb0\x90\xda\
\xda\xda\xc0~O=\xf5\xf4\xb8\x13\x04\x05\xc7\x99\x9f\x1f\
\xffi\x99\xa3$\x7fGER\x92_\x5c\x91\xca\xc2\xee\
\x04\x18<A\xcd\xc82\xf1\xf8\xf1\x13a_\xb0\xbf\xbf\
\x9f\x97_~9P\xf8\xf7\xf7\xf7\x93\x93\x93\x1d\x18g\
\xff\xe4\x93O\x8d{\xbc?\x09)++\x0b<g\xb5\
Z\xb1\xdb\xed\xf4\xf6\xf6\x06\x0a\xfe\xe0-T\xe1\xdf\xd3\
\xd3COO\x0fN\xa7\x93e\xcb\x96Q^^NK\
KK\xe0\xbd\x0d=\x86N\x00>\xf8\xe0\x83\xb0\xdf\xb3\
\xff<V\xab\x85\xf4\xf4422\xec\xd8\xed\xe9\xec\xdd\
\xbb\x87G\x1f}\x94\x81\x81\x81@\x12\xe0p8hl\
\x1cZ\xf3\xa0\xb5\xb5\x95\xfd\xfb\x0fLpn\xfdq\xa2\
>\x0e\x06\x92\xbf\xa3\x22)\xc9/\xaeHe\xcepw\
\x1co\x86\xba\x13'\x8eGt\xd1S\xa7Nq\xe2\xc4\
\xc9@\x02\xe0p8\x02\x13\xe3\x9c:u\x8aC\x87\x0e\
Ox\x0e\x7f\x02\xa0\xaa*>\x9foXU\xffX_\
\xfb\x0b\xff\xe0\x04\xa0\xb7\xb7\x97\xfe\xfe~\x16-Z\xc4\
\xde\xbd\xc1\xcd\x0f\xa3k:\x82\xed\xdb\x17\xd9,\x86\xe9\
\xe9\xe9\x833(\x0e_O`\xf7\xee]<\xf9\xe4\x93\
\x81$\xc0\xe9t\x92\x9f\x9f?\xec\xd8w\xdf}w\xcc\
\xf3\x0e5W\xe8\xb5 \x09J\xfe\x8e\x8a\xa4\x94\xb0\xe3\
j\x84\x88\x81\xb0k\x00\x82\xab\xbbG\xd6Hwvv\
F|\xe1\xb3g[0\x9b\xcd\xb8\xdd.\x5c.W`\
^\x00\x80\xf7\xde{\x8f\xfa\xfa\xbaq\x8f\xf7\xafB\xe8\
_\x9e8\x14\xffkn\xb7\x1b\x87\xc3\x81\xd9l\x0et\
\xb8s\xbb\xddx<\x1e\xbc^o`u\xbd\xe6\xe6f\
\xfa\xfa\xfa\x86\xc52\x96\x96\x96\xb3\x11\xbc[\xbd\xb3^\
\xa8\xf8<\x1e/\xfb\xf6\xed\xa3\xaf\xaf\x8fK/\xbd\x14\
UUq:\x87\xe7e\xe15\xb1(\x98\xcd\x09\xbb,\
pB/T \xc4X$s\x15\xa9,\xec>\x00\xdd\
\xdd]\x83m\xd1\xfem\x88\xc7\xe3\x8d\xf8\xc2n\xb7;\
\xa8\x19``\xd8k\xe3\xdd\xf1\xfac\x88bAA<\
\x1e\x0f}}}\x81\xbb\x7f\x7f\x0d@__\x1f}}\
}\x0c\x0c\x0c\xf0\xcc3\xcf\xf8\xaf4\xee\xb9\xf4\xfe\x02\
\xe1s\xbb\x87\xcf\xec\xe7\xf1x\x19\x18p\x04\xda\xf7O\
\x9e<\xc93\xcf<\xc3\xc1\x83\x07\xd9\xb9s\xe7\xb0}\
[[\xdb\xc2\xb8\x82\x16\xe8\xa8\x99\x80\xe4FJ$%\
\xf9\xc5\x15\xa9,\xec\x12\xa3\xbd\xbd\x03M#\xb0\x0e}\
\xb0HW\xf6\x03\xfd\xee\xb7\xbf\xbf\x7f\xb0\x06\xc0=l\
\x9e\x80\x83\x07\x0f\x8e{\xac\xcb\xe5\xe6\xfd\xf7#k\x83\
\x1f~\xbc\x0b\x8f\xc7\x13\xb8\xf3\xf7SU\x95\xcd\x9b\xdf\
\xe6\xa2\x8b.b\xfe\xfc\xf9\x80\xfe^C\xf5\x03p\xb9\
\xc2n=\x01\xf4\x0e\x90\xfea\x86^\xaf7d\xc7\xbe\
\xbe\xbe\xbe\x90\xc9Okk\xeb\x98\xe7\xf5'D\x9a\xa6\
\xbf\xaf\x04\x95\xb0U\x13B\x8cGj\x00D*\x0b\xbb\
\x09@\x1f\xc3\xaf\x0d&\x01\xc3_\xcb\xc9\x19\xbd\xb0\xcd\
D\x9cN\xd7\xb0\x8e\x80\x03\x03C\xb5\x00g\xce\x9c\x19\
\xf38M\xd3\xf8\xeew\xff.\xe2;\xf0\x91|>_\
\xe0\xce\x7fd\x1cz\xcf{\xdf`\xb23\xa9\xcb\x0c\xe3\
\xf5z\xf1x<a/\xfb\xeb7\xd1\xfe\xfe\x97\x07\x06\
\x1c\xd1\x86\x16or#%\x92\x92$\x00\x22\x95\x85}\
\xcb\xd8\xdb\xdb\x8b\xd3\xe9\x1c,\x14\x87\xb7\xb9WTT\
F|\xe1\x81\x81\xa1B\xb7\xaf\xaf\x0f\x87c\xa8\xf0:\
s\xa6e\xcc\xe36o\xde\xccC\x0f=\x14\xf1\xf5B\
\xd14mX\xc1\xef\xef\x85\xbfo\xdf>>\xf9dg\
\xa0\xc6#\x94\xec\xec\x9c\x98\xc4\x10\x0e\xff\x94\xc9\xa1\xf8\
kd4M\x1b\xb7\xa6\xc0`\x92\x00\x88\xa4$\x09\x80\
He\x11\xd5\x19\xb7\xb5\x9d\x0f\xdc\x19\x07\xab\xaa\x8a<\
\x018\x7f\xbe=p\xf7\xdd\xde\xde>\xec\x9c}}}\
!\x9b\x15\xfa\xfa\xfa\xb8\xff\xfe\xbf\x1a\xb3\xd3_44\
M\x1b5\x0c\xcf\xe9t\xf2\xc2\x0b/\x84l\xee\xf0+\
..\x8aY\x0c\x13\xc9\xce\xce\x1a\xf35I\x00\x84\x88\
\x1f\xf9\xc5\x15\xa9,\xa2\x04\xa0\xb9\xf9\x14\xd5\xd53\xf0\
\xf94|>_`\x91\x9c\x15+V\xf0\xe8\xa3\x8fE\
va\x97\x8b\xb3g\xf5\x9e\xf4#\x0b\xd9\xb4\xb4\xb4\x90\
\x0b\xdb|\xf3\x9b\x7f\xc3\x91#G\xc6<\xa7I\x85\x99\
\x15\x0aU\xa5P^\xa4R\x5c\xa0`1+\xa4\xa7)\
\x98\xcd\x0a\x9d\xdd\xd0\xd1\x03\xad\xed>\x0e\x1c\xf3q\xe4\
\xa4\x17\x8fW\xef\xc3\xe0p8\xb0Z\xad\x81Y\xf9v\
\xee\xdc\xc9\xa1C\x07\xc7\x5ceo\xd6\xacY!\x9f\x8f\
\x87\xf1V\xfa\xf3\xf9\x86\x12\x80\xb66I\x00\x84\x88%\
\xf9\xc5\x15\xa9,\xa2\x04\xe0\xd4\xa9\xe6\xc0\xd0:\x9fO\
\xc3\xbfH\xde\xfa\xf5\xeb\xa3\xba\xf8\xd8\xd5\xeb\xa3\xfb\x14\
\xbc\xf6\xdak\xfc\xe7\x7f\xfel\xd8sU%\xb0v\x11\
\xacY\x04K\x9a\x14f\xd7*\xa4\xa7\xa9C+\x16\xaa\
\xfa\xd7(\xa3\x9fS\x14\x15\xb7Wa\xd7\x017o}\
\xe8\xe6\xad\x8f\xdcl\xdd\xeb\xc4\xe5\xb2\xe1r\xb9p\xbb\
\xdd\xbc\xf0\xc2\x8b46\xce\x1e|\xaf\xc3;\x02.X\
0?\xaa\xf7\x1c\x8de\xcb\x96\x85|^\xef\xc4\xa8o\
.\x97\x8b\xd3\xa7\xc7\xee;a0\xf9;*\x92\x92\xfc\
\xe2\x8aT\x16v'@\xd0\x97\xed\xd54-h\xec\xbd\
>\xbc\xbb\xae\xae\x96\xfa\xfa\xba\xb0&\xf0\x09\xc7\xc8*\
\xef\xae\xae.\xfe\xfc\xcf\xbf\x80\xa6i,\xa8\x87M\x17\
\xc3u\x17\xc1\xbcz\xd0\x14}C/\xe7\xc3\xa0\x01\x0a\
\x1a`1\xc3\xe2&3\x8b\x9bL\xfc\xf5=6z\xfb\
}\xbc\xba\xa5\x8f\x97\xdeQ\xd9s\xcc\xce\xfb\xef\x7f\xc0\
\x91#Gil\x9c\xc5\xc8\xa1\xeck\xd7\xae\xc5b\xb1\
\x8cZ\xe50\xd6\xccf3K\x96,\x0e\xf9\x9a?\x11\
\xf3\xf94\x0e\x1e<\x18\xd5h\x8c)\x22\xa3\x00DR\
\x92>5y\xbd\xbb\x00\x00 \x00IDAT\x00\x22\
\x95\x0dL\xbc\xcb\x90S\xa7N\x05\xd5\x00\x0c\x1f\xfb\x7f\
\xdf}\xf7\xc5,\xa8\xba\xba\xfaa\xdf\x7f\xe3+\xf7q\
\xc3\xb2\x93|\xfcs\xf8\xf8\x17\xf0?>\x07\xf3\xc6\x9f\
'H\x17a\x0f\xfeL\xbb\xc2\x8d\xeb\xbd\xfc\xe2\x1f:\
\xf9\xd5\xff9\xca\xc6\xd5\xa7\xf9\xd5\xd3\xff\x1dr\x9e\x83\
\x9c\x9c\x1c\xd6\xacY\x13\xd9\x05\xa2\xb0f\xcd\xeaQ\xeb\
\x1e\xf8\xf9\x9bb|>\x1f\xfb\xf7\xef\x8f{,\x93 \
7R\x22)I\x02 RY\x1f\x11\x14\x93\x9f~\xfa\
)^\xaf/P\xe8x\xbdC\x05\xe3\xbd\xf7~\x9e\x9c\
\x9c\xd8\xf4\x8c_\xb8pp\xb9\xdf\x81\xe3|\xf2\x9bK\
\xf8\xe1\xed\xcf\xf3\xc3/\xc1\xc2\xfa\xf1\x8f\x8b\xa5\xea2\
\x17_\xbe\xed\x04_\xdf\xf4\xdf\x1c\xdd\xf6e|\xde\xfe\
Q\xfb\xdcs\xcf\xe7\xe2\x1e\xc7\x9dw\xde\x19\xf2y\x7f\
\x12\xe6\xffY\x8c\x9c<(\xc1H\x02 \x92\x92$\x00\
\x22\x95\xf9\x80\xd1%\xdb\x18\xf6\xec\xd9\x83\xc7\xe3\x1e,\
\xfc\xf5\xcd/??\x9f\xef|\xe7\xdb1\x09j\xc3%\
sa\xcf\xe7\xd1\xdeodQ\xe1\xbb\xd8\xa3\x9e\xe2~\
\xf2\x83\xf8s2]4\x15=\x8d\xf7\xe0B\x94\xae\x87\
A\x1b\xea6q\xcb-\xb7PZZ:\xe9k\x8c\xa5\
\xb8\xb8\x98\xdbo\xbf-\xe4k\xc1\x89\x98\xcf\xe7\xe3\xdd\
w\xdf\x8b[\x1c1\x90\xb0\x8b\x14\x081\x1eI\x00D\
\xaa\xeb\x0bw\xc7\xfe\xfe~\x8e\x1c9\x8a\xd7\xeb\x0dl\
\xc1C\xf2\x1e|\xf0K,Z\xb40\xea@r2\xe0\
\xff\xfd+\x1b\xeb\xcc\xf7\xa3\xb4<\x8eB\xe4S\x0c\x87\
\xc3\xe9\xf4\xb1o\xcf\x00o\xbc\xda\xc3\xcb\xff\x7f\x0fo\
\xbd\xde\xc7\xde]Nz\xba\xc7\x1e^h3\xb5\xa2\x9c\
\xfb*\xea\xf1%(=O\x03>l6\x1b\xdf\xfb\xde\
\xff\x8aK\x8c\x00\xdf\xfe\xf6\xb7HOO\x1f\xf5\xbc\xff\
\xee_O\xc2\xbc\x9c?\x7f\x9e\xdd\xbbw\xc7-\x8e\x18\
\x08\xdd\x86!D\x82\x93\x04@\xa4\xba\x9eHv\xde\xb9\
s\xe7\xb0\x04 \xb8\x19\xc0j\xb5\xf2\xd8c\x8f\x8d\xd9\
f=\x9ek\x96\xc3\x8e\x9f\xc2\x83\xd7:\xc1\xa7O\x0a\
t\xfc4<\xf5{xg[\xc4\xa7\x1b\xd7\xfb\xef\xf4\
\xf3\xc1\x16'\xbb\xf7x\xd8\xb9\xc7\xcb\x96\xad\x1e~\xff\
\x8a\x93'\xfe\xbb\x97?\xbe:@W\xe78\x89\x87\xfb\
8J\xcb\x9f\xa3\x1e_\x8e\xd2\xfb[\xee\xbe\xfbs\xac\
Y\xb3:\xb6\x01\x02K\x97.\xe1\x81\x07\xfe*\xe4k\
#\x13\xb0\xcd\x9b7\xc7tn\x848\x90\x04@$%\
I\x00D\xaa\xeb\x8dd\xe77\xdf|3p\xe7\x19\xaa\
\x16`\xee\xdc&\x1e\x7f\xfc\xd1\xc0\x1c\x01\x13)\xc8\x86\
_\xfd\x0d<\xf7\xb7P\x154\xb7\xce\xa9s\xf0\xc4\xef\
\xe1\x93Cp\xeat8g\x0a\xbf\xba\xbf\xa6\xce\x86\xd9\
\xaa\xd2\xd5\x0f\xe7:\xa1\xf9<\xb4\xf7@\xcf\x00\x1c9\
\xe4\xe1\x8d\xd7\xfai=;A\x8fz\xd7~\x943\x9f\
\xc5|\xfaJ~\xfb\xcb\xafQ\x5c\x5c\x1c\xf6\xf5'\x92\
\x9b\x9b\xcbSO=\x85\xc94z\x11\xbd\x91\xc9\x97\xd7\
\xeb\xe5\x99g\x9e\x8d\xd9\xb5\xe3D\x12\x00\x91\x94$\x01\
\x10\xa9.\xe2\x04\xc0\xe1p\x04\x0a\x1f\x8fgx-\x00\
\xc0\xf5\xd7_\xcfC\x0f\xfdG\xc8\x02,\xd8Esa\
\xeb\x0f`S\x88\x1b\xe8\x9d\x87\xc0\xa4@V:\x5c~\
a$\x11N@\x83\xea\x1a\x0bw~.\x9b\x07\xbf\x98\
\xc3-7\xa4SQ\xa4`\xb7\x81\xcd\x02V\xab>\xa1\
\xd0\xa9\x93aN\x910\xb0\x85b\xc7m\x1cz\xb3\x8e\
KV\xe7O:\xbc\x8c\x8c\x0c\x9e{\xee\xb7\xd4\xd6\xd6\
\x8c\x0e]\xd3F}\xee\xcd\xcd\xcd\xbc\xfd\xf6\xdb\x93\xbe\
n\x9cI\x02 \x92\x92$\x00\x22\xd5E\xd4\x04\xd0\xd3\
\xd3\xc3\xbb\xef\xbe\x1bX\xd8\xc6\xeb\xf5\x0c>\x0eO\x02\
\xee\xbd\xf7\xf3<\xf1\xc4cX\xad\xd6Q\xe7P\x14\xf8\
\xe6\x8d\xf0\xd2\xdfCyA\xe8\xeb\xe4\xe6By\x09\xdc\
~%\x14\x8e=\x15\xfe\xa4\xe4\xe4\xa8\xac\x5ca\xe3\xc1\
\x072Y\xba\xd0DQ!\xe4\xe5C~\xa1B\xd5\x8c\
\xd1q\x8f'\xcb\xb4\x957\x1e\xee\xe1\x85\x87ri\x1c\
]v\x87\xa5\xaa\xaa\x8a7\xde\xf8#\x17]4:\xe3\
\xd14\x0d\x8f\xc73\xb8\x0d\xdd\xfd?\xfd\xf4\xd3\xa3>\
\xfb\x04$\x09\x80HJ\xe3\xdf\xc2\x08\x91\xfcn\x00\x9a\
\x229\xc0b\xb1p\xd9e\xebQU\x15%0\xcb\x9e\
2\xf8\xfd\xd0\x8cys\xe7\xce\xe5\xca+\xaf\xe4\xfd\xf7\
\xdf\x0f\xccSo\xb3\xc0O\xef\x87\x07\xaf\x05U\xd5\x93\
\x81P[i\x01\xd4VAY\x11\xa0\x84\xb7)\x83\x07\
\xfb\xe3a\xc4c\xa8\xe7\x00\xacV\x85\xfaY\x16j\xeb\
-\xcc\xac5SW\x9fFFf4\xb9\xbfF\xe3L\
'\x0f\xdc\xa1\xb0|\xa1\xc2\xb1S\x1a'\xc7^\xd7(\
\xc0d2\xf1\x85/\xfc\x05O?\xfd$\xf5\xf5\xa1'\
8\xf0x\xbc\x81\xc2\xdf\x9fp\xb5\xb5\x9d\xe7\xcb_\xfe\
\xf2\xb0\x85\x94\x12\xd4I\xe0I\xa3\x83\x10\x22RR\x03\
 R]DM\x00\x00/\xbd\xf4\x12mm\xad\xc3\xee\
H\xddnO\xc8\xa5n\x97-[\xca\x9f\xfe\xb4\x8d\xc7\
\x1e\xfbo\xae\xdbp1\xbf\xff\xae\x89\xcf\x5c4\xf15\
,&}T\xc0\x94Q #S%+\xcbD\x98\xdd\
\x17\xc6>\x95\xa2\xb1\xf1\x22\x1f\xef=\x05[\x9f\xb5s\
\xdd\xa5\x10\xaa5\xa4\xaa\xaa\x8ao|\xe3\xeb\xec\xde\xbd\
\x8b\x9f\xfe\xf4\xdf)(\x18]\x1d\xa2iZ\xe0\xb3\x0d\
.\xfc=\x1e\x0f?\xf9\xc9O\xe8\xec\xec\x9c\x5c\xb0S\
c\xf2m#B\x18@\x99x\x17!\x92\xdaO\x80/\
Fz\xd0\x03\x0f<\xc0W\xbf\xfaU\xacV\x0bV\xab\
\x15\x8b\xc52\xb8\x991\x9b\xcd\xa3:\x01j\xaev\x06\
6_\x8d\xd6\xf11\x83S\xf2\x07\x1e\x83\xbfV\x06\xb7\
\xe0)~5u\xf0q\x82\xe7\x94\xc1\x13\x04\xe6\xfdW\
\x94\x09\x9f\xd3;\x0f\x8e\xdc\x18\xe3\xf9(\xf6\x19|p\
y\x0b9\xd4\xba\x8a\xa3\x9d\xebQ\xac\xb5,X\xb0\x80\
\xf2\xf2\xf2q?\xe3\xa1j\x7fo \xd9r\xbb\xddx\
<\x1e\x0e\x1f>\xc2\x15W\x5c\x81\xcb\x15\xd1r\x0eF\
9\x004\x1a\x1d\x84\x10\x91\x92&\x00\x91\xea.\x02\xd6\
Fz\xd0\xde\xbd{\xd9\xb4i\xd3\xe0\x90?\x7f\x15;\
\x83_\xeb\x8f\xfe\x05t|\x8es\xf4\xff\xf12|\x9d\
;\xc6\xac\xf2\x1f\xb9\x85[\xed\x1f\x8b&\x80\xa9`R\
\x06(\xca<@C\xc1\xab\xd4Wt\x90\x9d\x9d\x0b\x96\
jPB\xf75\xf0\xdf\xe5\xeb\xed\xfd\x9eaM\x00\x03\
\x03\x03|\xfe\xf3\xf7r\xfatX\xc3#\x12\x81\x06|\
\xdf\xe8 \x84\x88\x944\x01\x88T\x17q\x13\x00@_\
_\x1f\xdf\xff\xfe\xf7\x87\xdd\x99\xeaU\xd5\xee\xc1\xaf\xf5\
;U\x9f\xbb\x8f\xfe\xcd7\xe2\xed\xdc\x1b}\x84\x93\x9f\
\xd0/\x81\xf8P\xfa^Fi\xbe\x13\xf5@\x05\xca\x89\
M(]O\x80O\xef\x8b\xe9\xf3\xf9\x02\x9f\xe5\xd0\xe7\
\x19\xfc\xf9z\xf8\xa7\x7f\xfa\xdf\xec\xd8\xb1\xc3\xe0\xf7\x11\
\x91<\xe4o\xa9HBR\x03 R\xdd\x05\xc0\x86h\
\x0e\xdc\xbf\x7f?\xb3f\xcd\xa2\xae\xaev\xf0nz\xe8\
\x8eZ\xd344\x9f\x93\x81\xb7o\xc6\xd7\xfan\xd8w\
\xfea\xd7\x000\xfa\xb9D\xae\x01\x08\xdd\x9a\xe8Eq\
\x1dD\xe9y\x11\xe5\xfcO\xd0\xfa\xde\xc6\xe7<\x8bG\
K\xc7\xad\xe5\x05U\xff{\x03\xa3-\x9e}\xf6Y\xfe\
\xf5_\xffu\x0a\xe3\x8e\x09\x15\xbd\xa9)\xa2\xc5\xa7\x84\
0\x9a,b!R]\xd8S\x01\x87\xf2\xb7\x7f\xfb]\
\xea\xea\xeaihh\x18|F\xd3\xc7\xab\xf7\x1c\x86m\
\xf7\xa3to\x9ft\xa7\xba\xf8\xd0\x97\x05\x0eM\x01%\
\x13HG\xbf\x07\xe8\x07:@\x8b\xe3p;\xdf\x00j\
\xdf\x1fQ{\xff\x88\x05\x05\x9fZ\x82\xcbz!\x0e\xf3\
\x0a<\xeaR\xdcZ%\xcf>\xfb,\xdf\xfa\xd6\xb7F\
u\xb4L\x12\x15\xc0y\xa3\x83\x10\x22\x12\x09\xf9\xa7K\
\x88\x18\x8ah\x1e\x80\x91\xba\xba\xba\xf8\xc2\x17\xbe\xc0\xe9\
\xd3\xcd\x81jk\xd7\xb1\xdf\xe0~\xe32\xb4\xce\xed\xb1\
\x8a1<1)\x17\xed\xa0\xce\x04\xa5\x02\x94|Pr\
@)\x03e&S\xd9'X\xf5\x9e%m\xe0\x19r\
\xbb\xbfAY\xe7%\xe4\x9f^\x8c\xad\xf5oX9\xcf\
\xc7\x94V\x5c\xc4N\xa5\xd1\x01\x08\x11)I\x00D\xaa\
\x8b\xaa\x0f@\xb0S\xa7N\xf1\x99\xcf\xdc\xc1\xc1\x83\x07\
\xf0\xee\xfd?h\xdb\x1f\x04O\xf8\xa7M\x8c\xfbY\x15\
\x94\x22P\xab\x80P\x1d\xf3\xecz2`\x90\x1c{\x0f\
_\xbaM\xe5\xdd\x87M\x1c\xfd\x9d\x99/\xdd\xa6bI\
\xae\xfaII\x00D\xd2\x91\x04@\xa4\xbaI'\x00\x00\
\xadg\x9b9\xfe\xfc\x0d\xa8G\xff3\x16\xa7\x8b\xb1\x89\
R\x0c\x0b\xa8\x95\xa0\xe4M\xb0\xdf\xe8\x95\xf9\x8cP]\
\x06?\xfe\x86\xca\x07\x8f\x9a\xa8*1:\x9a\xb0U\x18\
\x1d\x80\x10\x91\x92\x04@\xa4\xbaI5\x01\x00\xd8\xcc\xf0\
\x93{\xe0\xb2&w,\xe2\x99Z\x8aM/\xfc\xc3Z\
\xb2>\x01\xa6\xdcU|\xa0x\x01/\x8b\xe7h\xbc\xfb\
\xb0\x89\xbcl\xa3\x83\x0a\x8b\xd4\x00\x88\xa4#\x09\x80H\
u\x93\xaa\x01\xb0\x9a\xe1\xc7\xf7\xc0\x85\xb3\xc3\xdb?1\
\xaa\xfb\xfd\xd2A)'\xfc\xc1>FO\xb9\xeb\x05|\
\x80\x06\x8a\x06\xf8\x98Q\xe6\xe5\xa7\xdfN\x8a?S\xb5\
F\x07 D\xa4\x92\xe2\x7f\x96\x10\x93\xd0\x15\xed\x81\xaa\
\x02\xdf\xbb\x15V\xcd\x0az\xd2\xf0\x12>\xcc\x00\x944\
PK\x08\xfb\xbf\xb8\xe6\x03\xcd?`\xc2\x88^x\x83\
\x05\x7f\x08\x7f\xb6^\xc3\x94\xf8\x7f\xa9\xc2L\x11\x85H\
\x1c\x89\xff\xdfJ\x88\xc9i'\xcab\xfbKW\xc2\xe5\
\xf3\x87?gx\xf9\x1f\x0e%\x0dE\xa9 \xb2\xff\xde\
\xbd\x18\xd6\x04\xa0\x05O?<\x98\x8bx\xc0\xe7\x06\xaf\
\x134\xb7\xc6\xe7\xa3\x9a\xc9aJ\x95\x02qZ\xd7Q\
\x88\xf8\x90\x04@\xa4:\x0fQ\xf4\x03\xb8|\x1e\xdc\x19\
\xf1\x04\xc2\x91\x89\xc9}\xf6\xc8\x8cD\xb1\xa2\x98\xca\x88\
|,\x9dq\x8b\xeeh>\x1f>7\xf8\x5c\xe0u\xe8\
\x85\xfe\xc8\xedK\xd7\x18\x16^$d=\x00\x91T$\
\x01\x10\xd3AG$;\x97\xe5\xc27\x0d*p&\x97\
\x14\xa8\xa8\xe6\x0a\x22\x9e\xdfKs\x836\xe9\xbe\x92Q\
\xd1|\xda\x98\x85~\xf0V]\x00\xe5\x13\x0db0\x9e\
4\x03\x88\xa4\x92\x5c#m\x85\x88N;P\x1d\xce\x8e\
\xaa\x02\xdf\xdd\x04\x99iq\x8e(\x02\xfe5\xfd&\xdc\
\xcf\x5c2\xe6\xe2;\xe3;\x1f\xe6\x15b\xe3\xe0!\x8d\
\xdd{5\xce\xb7\xebC\xfe.Z\xa2W\xfb\xa3\x0dV\
\xff\xeb\xfd\xff\x86=\xfa\xdc\xb0\xb4\x0e^\xfcx\xca\xc2\
\x8c\xc6\x5c\xa3\x03\x10\x22\x12\x92\x00\x88\xe9\xa0=\xdc\x1d\
7.\x84y\x83\x03\xba\x92iFZ\xc5\x9c\x8fb\x8a\
f\x22\x1f\x0fh\x11U\x90\xf8\xafH\xa4IC\xcbY\
x\xfc)\x1fG\x8f\x0d=\x97\xc1`;\x7fP\x02\x10\
*\x11\xf0:\xa1\x22\xf1k\x00\x96\x1a\x1d\x80\x10\x91\x90\
\x04@L\x07a%\x00f\x15>wa\xbcC\x89=\
E\xb1\xa2\x9a\x8b\xa3;XkE\xef\x81\x1f\x0fC\xeb\
\x11\xec\xde\xa3\xf1\xf3G5\x5c.\xfd\x15\x8b\x19\x96\xd7\
\xc3\xc5Ma$\x00^\xf0z\x93\x22![\x8a>\xe6\
2\x01&T\x10bb\x92\x00\x88\xe9 \xac\x04`\xd5\
,(\xcc\x8aw(\xb1\xa7Z\xcb\x88\xae;\x8f\x03\xb4\
\xf8w\xfe\xfb\xf8O\x1a\x8f>\xa1\xe1\xf5\x82\xd9\x04K\
\xea\xe0\xc2&\xbd\x99E\x01<\x0e}\xd8\xbf62\x01\
\xf0\x8f\x0c\xd4\xc0\xe7\x85\xae\xfe\xb8\x87:YY\xe8\xfd\
\x00\xf6\x18\x1d\x88\x10\xe1\x90\x04@L\x07a%\x00k\
fM\xbc\x0f\x90Pc\x01\x15S6\x8a\x1aM\xd6\xa2\
\x81\xaf\x85x\xbf\x99\xb7\xdf\xd1\xf8\xd5\xb3\x1a\x0a\xb0\xb8\
\x16\xd6\xcd\x85l;C\xbd\x1d5\xf0\xf4\x81j\x0a\xba\
\xeb\x1f\x11\x92\xa2\x80O\x83\x13\xc9\xb1\xd6\xder$\x01\
\x10IB\x12\x001\x1d\x84\xd5\xc8\xbdp\xc6\xf8\xaf'\
P\xb9\x1f\xa0ZK\xa3;P;O<\x97\xaf\xd74\
\xf8\xfd+\xf0\xfbW4fW\xc0\xa5\xf3\xa1\xc8?\xa5\
\xaf2\xec\x01|z\x01?\x8a\xa2\xef\xe3\xf5\x81\xc7\x0b\
\xbbO\xc6-\xdcXZ\x0e<bt\x10B\x84C\x12\
\x001\x1dLX\x03P\x9c\x0d%\xc6-\x86\x171\x0d\
0\x99sP\xd4p\xe6\xf8\x1fy\xb0c0\x01\x88\x0f\
\x8f\x07\x1e{Bc\xff\xa7p\xd7\xc5P;\xd1\x82>\
\xa1\xc6>*CO\xfb|p\xe0LR4\x01\x00\x5c\
bt\x00B\x84K\x12\x001\x1dLX\x03P7\x05\
\xab\xce\x0du\x89\x8b\x0d\xd5R\x18\xc5Q\x1e\xd0\x9a\x89\
W}FO/\xfc\xfca\x0d\xa5\x0f\xfe\xeaJH\x1f\
9*q\xe4\xdd\x7f\x08\xc1\xaf\xf9|z\x07\xc0\x8f\x0f\
\xc78\xd0\xf8iD_\x17\xe0\x88\xd1\x81\x081\x11\x99\
\x08HL\x07\x13\xd6\x00\xd4G\xd1\x89\xde\xc8&\x01\xc5\
\x94\x86b\xca\x8c\xf0(\x0d\xb4\x16\xf4\xc9\x11c\xef\xf8\
q\xf8\xe7\xefk\x14\x9b\xe0\xb6\x0b\xc7.\xfc\xc7{N\
\x19\xf1\x9c\xd7\xa7o\x9f\x1c\x8fm\xacqv\xb9\xd1\x01\
\x08\x11\x0eI\x00\xc4t0a\x020\xb2\x06@\x1b\xf5\
E\x0c\xc5\xe0\x9c\xaa9\x8ai\xe7\xb5\xb3\xa0\xc5\xa7\x1e\
\xfd\xad\xcd\xf0\x83\x1fj\xac\xaa\x85\xf5\x0b\xc2\xbf\xc3\x1f\
\x8fw\xf0\xee\xdf\xeb\x85]'b\x11\xe5\x94\xb9\xd2\xe8\
\x00\x84\x08\x874\x01\x88\xe9`\xc2\x04\xa0\xba \xb6\x17\
\x8c\xb8\xba?\xc2\x03TS\x84=\xff\xb5\xb6\xb8L\xf7\
;0\x00\xbf|\x12v\xee\xd0\xb8y%4V0\xac\
\xfd> \x9a\xbb\x7f\xaf\xde\xf9\xaf\xdf\x09\x07Zb\x19\
u\xdc]\x06X\x00\xb7\xd1\x81\x081\x1eI\x00\xc4t\
0a\x02`\x8f\xb4/\xddT\xd4\xff\x8f\x99\x14((\
jz\x04\xe7i\x8br\xb6\xbf\xf1\x1d>\x0c\x8f<\x02\
\x03\xbdzg\xbf\x19\x85LX\xf8+!\x9e\x0b\xb5\x9f\
\xc7;\xb4\x9dh\xd3\x1f\x93H6p\x11\xf0G\xa3\x03\
\x11b<\xd2\x04 \xa6\x83~\xc01\xde\x0e-\x13\xa4\
\x08\xe3\x95\xf7S\xdd\x17@Q\xad\xa0\x84\xf9_Wk\
\x8bp\xb2\x9f\x89\xab!|>x\xe9%\xf8\xe1\x0f\xc1\
\xec\x85\xfb\xd6GX\xf8OpU\x9fO\x1fI\xe0\x19\
\xac\xfe?\x1d\xfb\xdce*\xdcbt\x00BLD\x12\
\x001]\x8c[\x8c\xfc\xeb\x1f\xa0\xab\x1b\x5c.\xbd\xed\
9\xa1)aV\xdci\xe7A\xeb\x8a\xe9\xa5[Z\xe0\
\x07?\xd0x\xe9%\x8d9\x15p\xdfe\x90\x9fId\
\x85\xff8U\xff\x1aAw\xff\x83I@s\xd8+9\
$\x94\x9b\x90\x1aV\x91\xe0\xe4\x17TL\x17\xed@\xd9\
X/\x9e<\x0f?z\x0d\xee]\xad\xcf<w\xae\x1f\
\xfa\xbd\xfa\x18\xf6\x86\x0aH7Ma\xa4\xe3\xd1\x00\xcd\
5\xe1N\x9a\xd6\x8a\xa2\xf5\xc6\xec\xb2>\x1f\xbc\xfe\xba\
\xc6K/\xf9\xf0z\xe0\xf2\x85\xb0\xaaA\xaf\x88\x18\xa3\
\x95\x22\xd4\x97\x13\xb6\xfb{<\xe0\xf6\x0c%\x01n\x0f\
\x1c\x8ca\xfb\xbf\xa2(\xd4\xd4\xd4`\xb7\xdb9}\xfa\
4\xed\xedq\xcb.\x0a\xd1\xe7\x04x-^\x17\x10b\
\xb2$\x01\x10\xd3\xc5\x843\xdf\xbcu\x00\xba\x1dp\xdf\
\x1a(\xb6C\x97\x03\x8e4\xc3\xaec\xd0P\x05K\xeb\
\xf5\xb9\xec\x8d\xa6\xf9\xdch\xde\xde\xd0\xc3\x005/\x9a\
\xb7\x05\x94\x81\xf0\x9b\x09&p\xfa\xb4\xc6\xe3\x8f{9\
~\x5c\xa3 \x0b\xae[6N\x95?D_\xf8\x0f\x16\
\xf8\x81$`p\xdbv4&o\x03UU\xb9\xf9\xe6\
\x9b\x99?\x7fA\xe0\xb9\x03\x07\x0e\xf0\x87?\xbc\xc2\xb9\
s\xe7bs\x91\xe1nA\x12\x00\x91\xc0\x12\xe0\xcf\x99\
\x10S\xe2\x1a\xa0i\xa2\x9d\xcet\xc1\xe6\x83\x90\x9d\x06\
\x0d%\x90\x97\x0e\xc5\x19\xe0t\xc0'\xc7 \xcd\x06\x85\
\xd9z\xd9\xaa\xaa\xa0*z\x8dA\xa4\x1bQl\xca\xe0\
\xc1\x8a\xa2\xa0\xf9\xfaP\xcdY(\xfe\xe6\x00MC\xd3\
z\xd0\xbc\xa7Qp\x05\xf6\x9b\x8c\xbe~x\xe1y/\
\xbf\xfc\xa5\x97\xaeNX\xd5\x08\xb7\xac\x82\xbc\xac\xc1\xf7\
\x11\xea\xa0(\x0b\x7fop\xe1\xef\x1dJ\x02>m\x86\
\xff\xda<\xa9\xb7\x11\xb0h\xd1\x05\xac[\xb7n\xd8s\
\x05\x05\x05,Y\xb2\x04\x97\xcbIsssl.4\
\xa4\x1e\xf8\x11\xf1\x9axA\x88I\x92\x04@L\x17\x97\
\x10\xe6z\xed./l;\x01\xc7\xdba^9\xd8\xcc\
`1A\x8e\x0dN\x9d\x83\xa3\xe7\xa1\xa6T_\xd2\xd6\
\xa8\x04\x00\xbch\x9ev\xf0\xf6\xa2i]h\x9esh\
\xben\x14\xb4\x11\xfbE\xce\xeb\x85-[\xbc\xfc\xecg\
n\x0e\xec\xf7Q\x98\x05\xb7\xaf\x85E\xb5z\xd23f\
\xc1\x1fm\xe1\xef\xd3\x0b\xfb\x91\x9b\xd3\xa3\xf0\xad_A\
k\x8cF/\xae[\xb7\x8e\xe2\xe2\xd13>\xa9\xaa\xca\
\xacY\x0dTU\xcd\xe0\xe8\xd1#8\x9d\xce\xd8\x5c\x10\
\xd2\x80\x9d\xc8\xe2@\x22AI\x02 \xa6\x8b\x15\xc0\xc5\
\x91\x1cp\xa6\x0b\xb6\x1c\x81\x19\xf9P<8\xec>\xdd\
\x02\x9a\x1b><\x04UE\x90\x99nP\x02\x10\x94\x08\
\x80{\xf0\x9c\xfas\xd1&\x00>\x1fl\xdb\xe6\xe5\xe7\
?w\xf2\xc1\x07^\xac\xaa>\xa9\xcf\xb5\xcb 7c\
T\x19?dD\xc1\xaf\x84\xfc&h\xd7\x91\x85\xbf{\
\xb0\xd0\x0fztyT>\xd16\xf1\xec\xe6S\xb8\x5c\
\x13\xf5y\x08\xcf\x9c9M\x94\x94\x8c=\xe7s~~\
>\x8b\x17/\xa6\xbb\xbb\x9b\xb3g\xcf\xc6\xe4\x9a@\x06\
\xf0d\xacN&D,I\x02 \xa6\x8by\xc0\x86H\
\x0fr\xb8\xe1\xbd#\xb0z\xe9\x5c2}\xad\x00\x98U\
\xc80\xc3[\x9f\xea5\x03\x15\x85\xc6%\x00\x13>\x17\
\x06\xa7S\xe3\x9dw\xdc<\xf2\x88\x93-[<\xb8\x9d\
\xb0\xb2\x01nY\x03\xd5Ez-GH\x11\xdc\xf5\x07\
\x9e\x0aQ\xed\xef\x0a.\xfc=\xd0\xed\xcdg\xbb\xfa\x19\
:\xcc\x8dX\xad6\xf6\xef\xdf\x1f\xd6\xfb\x98H~~\
>\xf5\xf5\xf5\xe3\xeec\xb1Xhj\x9aKEE\x05\
\xe7\xce\x9d\xa3\xb7w\xd2\x1d)k\x81\x87\x81\xee\xc9\x9e\
H\x88X\x93\x04@L\x17\xb5\xc0\xcd\xd1\x1c\xa8(\x0a\
+\xaf\xbe\x1f\xd5d&\xddy\x0c\xd0\x0b\xc5\xbc4\xd8\
z\x18\x8e\xb7B]9\xd8,\x06%\x00D\x97\x00\x9c\
k\xf5\xf1\xfa\xeb.\x1ey\xc4\xc9\x8e\x1d^L\x9a\xde\
\xce\x7f\xf3*\x98]\xa1':\xa1?\x10\xc6\xbe\xebg\
\xe47AO\x05=\xef\xef\xf0\x17\x5c\xf0wx\x8a\xd8\
\xe7]\xc7^\xd3&\x1cJ\x1e\x00k\xd7\xaea\xcb\x96\
\xf7cQ\x10\xd3\xd5\xd5\xc5\xca\x95\xab\xc2J\x8c\x0a\x0b\
\x0bY\xb6l\x19\xc5\xc5%\x9c;w\x96\xfe\xfe\xa8\xa7\
PV\x816\xe0\xddhO D\xbcH\x02 \xa6\x8b\
\x12\xe0\xb3\xd1\x1c\x98\x9b\x9b\xcb\xda\xb5kp\xa4\xcf\xc4\
g\xca\xc0>p\x10\xd0\x93\x80\xa2\x0c8\xde\x06\xef\xef\
\x87\xec\x0c(\xc9\x1bl'O\xd0\x1a\x80\xf6\x0e\x1f\x1f\
|\xe0\xe27\xbf\x19\xe0\xf9\xe7\x9d\x1c>\xec\xa5(\x0b\
\xd6\xcd\x85\x1b\x96C\xdd`\xdf\x86\x90\xc2)\xf8CT\
\xf9\x8f,\xfc\x83\xdb\xf9\xfb<v\x8e\xba\x16\xb0\xc3s\
5\xfb\xb8\x82n\xa5\x12mpz\x92\x993\xab)-\
-AUU\xb6n\xdd:\xc1OibN\xa7\x93\xe2\
\xe2\xe2q\x9b\x01\x86\xc5\xae(\x14\x17\x17\xb3l\xd9r\
rrr8u\xea$nwT\xb3\xfb\xce\x02~\x82\
\xb1\xebG\x091Jd\x8d\x84B$\xaf\x05\xc0\x8eh\
\x0eljj\xe2\xcb_~00T,\xa7\xf3\x1d\xf2\
\xdb\x83Fw)p\xf0<\x9c\xeb\x81\xea\x12\xb8|)\
4\xce\x18\x1c%\xa0\x12\x181\x10xT@S\xf5\xe3\
\xb4\xc1\x8d0\x9eS\x14\xfd`e\xf0$\x8a\xa2\x8e\xf1\
\x9c\x02\xaa\xfe\x9a\xd3\xe9\xe3\xd8Q7\xfb\xf6\xbb\xd9\xbd\
\xdbEs\xb3>\xa7nv:4U\xc1\xfcj\xa8\xc8\
\x1f\xe7\xcd\x8fu7?\xc1>\x81\xa7\x83^\xd34\x7f\
\xe7>3G\x1cM\x1cu-\xe4\xac\xaf\x16m\xc4}\
HZZ\x1a\xb5\xb55dgg\x03\xd0\xdf?\xc0g\
>s\x07}}}\xe3\x04\x1a\x9e\xbc\xbc|\x1e|\xf0\
A\xcc\xe6\xc8G@\xf7\xf5\xf5\xf1\xe2\x8b/\xb0w\xef\
\xdeh.}=\xf0b4\x07\x0a\x11/R\x03 \xa6\
\x0b\x15\xf8Z4\x07\xd6\xd5\xd5q\xd3M\x9b\xd04\xe8\
\xe9\xe9\xc1\x99V\x8d\xeas\x93\xe6\x1cZ\xa2\xae$K\
\xef\x0fp\xac\x0d\xfet\x00\xf6\x1e\x03\x8f\x0f\xf2\xb3\xf4\
\xa1\x83SU\x03\xd0\xd1\xa9\xb1g\x8f\x87-\xef9y\
\xf1w\xfd<\xf3L\x1f\x1f|\xe0\xe4\xf0a\x0f\xe9\xaa\
\xc6\xa2\x1a}\x12\x9f+/\x80Yez\x220\xcc\xc8\
\xeb\x86xi\xec'F<\x1d\xdc\xde\xef\x83nW&\
\x9f\xf4\xad\xe5\xdd\xfe\x9b8\xe6YD\xafV\x80\x7f2\
REQ\xc8\xce\xce\xa6\xb2\xb2\x92\xda\xda\x1a\xd2\xd2\xd2\
\x02\xc7Z,\x16:::\xf9\xf4\xd3O'\xf8IM\
\xcc\xe1\x18\xc0j\xb5R]]\x1d\xf1\xb1V\xab\x95y\
\xf3\xe6\xe1r\xb99y2\xe2\xe5\x09\xf3\x80_F|\
Q!\xe2H&\x02\x12\xd3E\x1bQ,\xd2\x07\x90\x9d\
\xad\x0f\x01\xa8\xaa\xaa\xc4j\xb5p\xec\xd8q\xda\xf3/\
\xc7\xe4\xed\x22\xb3w\x17\xa0\xf7\xa0\x9f\x91\x07\x85Y\xb0\
\xef,4\xb7A\xf3;\xf0\xc2;PW\x09\x8b\x1b\xa0\
\xb6\x12*\x8a\xc0\x14\x83\xb4\xdb\xeb\x85\xf3\xed\x1a\xa7\xcf\
xi>\xe3\xe3\xf4\x19\x8d\xe6S^:\xbb\x86j\x99\
\xf32a\xc1\x0c\x98Q\xacW\xed\xe7\xd8#\xbfN\xc8\
\x0fk\x9cOpd\xc1\x0f0\xe0\xb6\xb2\xbbo\x05;\
\x1c\x17\xe3\xd1\xacC\xfb*\x0a\x99\x99\x99\xe4\xe5\xe5Q\
P\x90\x8f\xcd6\xf6\x8aL7\xdcp\x03\xcf?\xff<\
>\xdf\xe4\xe7i\xde\xbc\xf9-.\xb8\xe0\x02\xb2\xb2\x22\
\x5cQ\x11=\xe6\xab\xae\xba\x8a\xbe\xbe>>\xf9d{\
$\x87^\x014\x00\x07\x22\xbe\xa8\x10q\x22\x09\x80\x98\
.\xdc\x80\x13}lvD\xfcU\xd1\x00%%%\x98\
L&\x0e\x1f>B[\xe1\xf5X\xdd\xadX\x9d-\xf8\
|z\x12\x90i\x85\x153\xa1\xb5\x17\x0e\xb7AW?\
\x1c:\xa5o\x00V3T\x96\xc0\x8cR\xc8\xcb\x85,\
;df@n6Xl\xe0\xd3`\xc0\xa5W\xf9{\
\xbc\xd0;\x00}\x03\xd0\xd3\x0b\xdd=\x1a\xad\xe75\xda\
\xce\xfbh\xef\xd0\x08.\x0b\x15\xa0(\x17\x96\xd5\xeb=\
\xf7g\x14\x87\xb8\xbb\x0f\xc3\x98e\xfb\x04iS\xa8\x82\
\xdf\xebS\xd8\xd3\xbb\x84?\x0d\x5c\x86\xc3\x97\x11x>\
##\x83\xe2\xe2b\xf2\xf3\xf3\xb0X,a\xc5UV\
V\xc2\xf2\xe5\xcb\xf9\xe0\x83\x0f\xc2\xda\x7f<.\x97\x8b\
\xd7_\x7f\x8dM\x9bn\x8c\xfa\x1c\xd7^{-\x87\x0e\
\x1d\x8c\xa4s\xa2\x0a|\x15\xf8\xcb\xa8/*D\x8cI\
\x02 \xa6\x137Q$\x00\xe9\xe9\xc3o\x9d\x0b\x0b\x0b\
\xd148|\xf80gK>Cy\xf3\x7fb\xf2\xf6\
\xe1\xf5\x81\xea\xd3;\x07\x96fCe\x1et\x0d\xc0\xc9\
\x0eh\xee\x00\xe7\xe0\x90\xb7#\xcd\xfa\x16\xb9\xa1\xbb\xfb\
\xecL(-\x81\x8aR\xa8,\x85\xf2\x02\xb0\xc7z\xa0\
Y\x18u%\xa1\x0a~M\x83vW\x01ow_\xcf\
Y\xcfL\x00TU\xa1\xb0\xb0\x88\x92\x92b222\
F\x9e&,7\xdcp}L\x12\x00\x80\xed\xdb\xb7\xb3\
|\xf9\x0a***\xa2:\xdej\xb5\xb2r\xe5*^\
\x7f=\xa2\x99~\xef\x06\xfe\x01\x88\xe1\xea\x06BDO\
\x12\x001\x9dD\xd5\x85\xdbj\xb5\x8ez\xae\xa8\xa8\x10\
\x9f\xcf\xcb\xd1\xa3\xc7h-\xbe\x89\xd23\x8f\xe3\xf3i\
x\xbd\x83\xed\xfc\xde\xc1\xa1\x82v(\xca\x86e\xb5\xd0\
=\x00m}\xd0o\x82\xd6v\xe8\xef\x87\xfe\x01\xfd\xae\
?\x14\x9b\x15\xb2\xb3 /\x1br\xb2\xf5\x1a\x83\x92\x22\
}K\x1f\x91\xc6\x98\xda\x19^\x10G\xd3\xdf<\x82\xc6\
\x91\xb1\x0a~\xafWag\xdf*\xb6\xf5_\x86\x17\x0b\
\x8a\xa2PXX@ee\xe5\xb8U\xfc\xe1X\xbcx\
1\x95\x95\x15\x9c:5\xf9){5M\xe3\x95W^\
\xe6\xde{\xef\x8b\xfa\x1c\x0b\x17.\x884\x01H\x03\xee\
\x07\xfe>\xea\x8b\x0a\x11C\x92\x00\x88\xe9$\xaa)\xe5\
,c\x8c\x8b+))\xc1\xe3\xf1p\xf2$t\xe6^\
Ln\xe7[\x81Z\x00\x9f\xc2\xb0d\x00 '\x1d\x0a\
\xb2 3\x1f\x8a\x82\xe6\xa3\xe9\x1f\x00\x87C\x1f%`\
2\xe9\xcd\x04\xe6\xc1-\x1cJ?(#\xdfY\x1c\xc6\
\xf7(\xa3\xbe\xd0\xe9\x05?\xf4z3x\xa7{\x13\xcd\
\x9e\x06\x00rss\x989s\xe6\xb0\x0e}\x93\xba\xbe\
\x02\x1b6l\xe0\xbf\xfe\xeb\xe719\xdf\xb1c\xc78\
r\xe40\xb5\xb5uQ\x1d\x9f\x9b\x9bGFFF\xa4\
\xa3\x13\x1e\x00\xfe\x0d\x88\xd1\x04\xc7BD/6\xcb\x85\
\x09\x91\x1c\xa2Z\x94e\xbc!c\x15\x15\x15\x94\x96\x96\
\xd0\x91\xb7\x0eGzm\xa00\xf4z\xf5\x9e\xef\xfee\
m\x83\xbf\xefm\x87\xae\xa0\x9bX{:\xe4\xe7A^\
\x8e^\xb5\x9f\x96\x16~\xe1\xaf\x0e\x80)\x8es\xcc\x05\
\x06\x04\x84\x18\x19\xe0\xf3\x0f\xebs\xc1\xd1\xfe:\x9e\xef\
x\x80fO\x036\x9b\x95\x86\x86\x06f\xcf\x9e\x1d\xb3\
\xc2\xdf\xef\xca+\xaf\x08Y#\x13\xad7\xdexsR\
\xc7\x17\x14\x14DzH!\xf0\xa5I]T\x88\x18\x91\
\x04@L'9\xd1\x1c4QG\xb5\xea\xeajr\xf3\
\xf29W|\x0b\x1eS\x96^\xd0\xfb\x82\x0a\xfe\xc1\xcd\
\xff\xbd\xc7\x03\xed\xa7\xa0\xf3\xa4~\xf7\x1c-\xb5\x07L\
]c\x8e\xc6\x8b\xd8\xb0\x11\x80#\x87+\x06\xf1\xfa\xc0\
\xe5\xd6\x0b~\xa7Ka{\xef\x85\xbc\xd1w\x17\x0e-\
\x93\xe2\xe2b\x16,X@~~^\x0c\x22\x1a-'\
'\x875kV\xc7\xec|\xc7\x8f\xeb\xb5\x00\xd1\x8a\xf2\
\xe7\xf7\x0d 7\xea\x8b\x0a\x11#\x92\x00\x88\xe9\xc2\x02\
dFs\xe0D\x93\xc6(\x8aB}}\x1d\x96\x8c\x02\
\xdaJnAC\x1dU\xf0{\xbc\xe0\xf5\xafq?\xf8\
}\xfbi8\xfb)\xb8\x07\xc2\x8fE\x01T\x07X\xda\
\xc0\xd4\xcf\x88y\x02\x067\x22\xdcB\xcdM0\x82\x7f\
\xc5>\x87\x0b\x9cN\xbd\xf0\xefv\xd8y\xbd\xf7.v\
\xb8.\xc7jKc\xce\x9c\xd9\xd4\xd6\xd6`\x8a\xc58\
\xc7q\x5cs\xcd\xd51=\xdf\xab\xaf\xbe\x1a\xf5\xf0\xc2\
\xce\xce\x8eh\x0e\xcb\x05\x1e\x8c\xea\x82B\xc4\x90$\x00\
b\xba( \xca\x1b\xe5p\x86\xaa\x99\xcdf\x1a\x1b\x1b\
pg\xd6\xd1\x99\x7f\x090\xbc\xfa\xdf\x13j\xf3@_\
74\xef\x86\xb6C\xe0\xe8\x06\x9fw\xf4\xb95\x1f\xf8\
\x1c\xe0\xeb\x04\xdfi\xd0\xda\xc17^w\xc6H3\x80\
\x10|\x83M\x19.\xf7`\xa1\xef\x1a*\xfc\x1d.8\
\xe3\xa8\xe0\x0f\x03\xf7\xd3\xe2\xad\xa7\xa0 \x9f\xf9\xf3\xe7\
\x93\x93\x13U\x05K\xc4\xe6\xcf_@MMM\xcc\xce\
\xd7\xdc\xdc\xcc\xfb\xefo\x89\xf8\xb8\xce\xce\x0ezz\xa2\
n\xca\xffk\xf4\xc9\x81\x840\x8c\xcc\x04(\xa6\x8b\x99\
\xc0_Es\xe0\xa5\x97^\xca\x8c\x193&\xdc\xcfb\
\xb1\x90\x91\x91As_&6\xe7),\xee\xf6\xd0=\
\xfc\xb5\xa0N\xfa\x83_\xb8\x1c\xd0\xdf\x0e}\xe7\xc0\xd1\
\x01\xce.p\x9e\x07g\x07\xb8\xda\xc0\xd33\x98\x04\x0c\
\xce7\xe0\xd3\xf4\xbbrM\x1b^\x0d\x1d\xe1\x0a\xc0\xfa\
\xf1\xe8\xe7\xf3\x8dHN\xdc\x83\x8f\x9e\xc1y\xfb\xf5G\
\x85\xfd\xee\xd5|\xe4\xb9\x05\x9f)\x8b\xba\xbaZ\xaa\xaa\
\xaaP\xd5\xa9\xbb\x97P\x14\xb0\xd9ll\xd9\x12y\xa1\
=\x96\xa3G\x8fR[[\x17Q\x12\xb3m\xdb6\x0e\
\x1d:\x14\xed%\xd3\x00\x07\xf0V\xb4'\x10b\xb2$\
\x01\x10\xd3\xc5\x1c\xf4q\xd8\x11[\xbf\xfe2*++\
\xc3\xda7--\x0d\xb3\xd9\xcc\x19W\x11\xf6\xbe\xbd\x98\
|\x03\xc3\x93\x00m\xe8Qc\xa8\x00F\x0b*\x8c=\
\xe0q\xe9M\x06^\x8f\xfe\xbc/x\xf3\x0d=z\x07\
\xb7\xe0\xaf\xfd\xdf\x07\xef\xe7\xdf\x02\x9d\x11}A5\x13\
\xfe\x02\xde\x1b\xb4J\xdf\x88G\x8f\x07\xfa<\x19l\xf5\
\xdc\xc2Qm%\xd9\xd9\xb9\xcc\x993{\xd8$IS\
\xa9\xbaz&\xaf\xbe\xfa\xeadV\xe9\x1bF\xd34\x0e\
\x1c\xd8\xcf\xec\xd9\xb3\xb1\xdb'\x9e2\xd1\xe3\xf1\xf0\xdb\
\xdf>\x8b\xc3\xe1\x98\xcce\x17\x03?\x03\x22h\x04\x12\
\x22v$\x01\x10\xd3\xc5\x95\xc0\xb5\xd1\x1cx\xf5\xd5\x1b\
)-\x0do\x059\x80\xcc\xccL\x5c\x1eh\xf3\x95\x93\
\xd1\xb7\x1bUs\x0f\xbfS\x0f\x95\x04h\x04\x92\x00\x9f\
6\xbc\xd0\xd7B\x14\xfe\xc1\x85\xbe\xbf\xba>8\x01\x08\
\x14\xee#\x0azop\x7f\x84\x11M\x12\xee\xa0;\xff\
@\x020\xf8\xfdYo-\x1f\xf19z\xd5\x0a\xaa\xaa\
fPS33\xaa\x05uF\xb2Z\xad\x14\x16\x16Q\
\x5c\x5cLAA\x01\xb9\xb9\xb9\xd8l6\xbc^\x0f\x1e\
\xcf\xd8\x836TUE\xd34\xb6m\xdb6\xe9\x18\xfc\
\x5c.\x17{\xf7\xee\xa1\xbe~\x16\x99\x99\xe3w\x17y\
\xeb\xad7c\xb16\x81\x0d\xf0\x01\x7f\x9c\xec\x89\x84\x88\
F\x1cF\x0b\x0b\x91\x90\x9e\x00\xee\x88\xe6\xc0\xff\xfe\xef\
G\xa8\xa8(\x8f\xe8\x18M\xd3\xd8\xbf\xff\x00\xfdg\xf7\
P~\xe6\x11\x14\x9f>P_Q\xf4\xb1\xfe&up\
3\xe9+\x04\xfa\xbf\xf7\xaf \x18\xf8Z\x09ZUP\
\x09zN\xd1\xe7\x0dP\xfc_+C\x93\xf3\xf8\x9b\x01\
B\xfd\xe7\x0e\xd460\x94x\x04o\x81\xa4c0\xb1\
\xf0h\x16\x0e+\xeb8aZ\x8b=#\x93\xba\xba:\
\xec\xf6(\xe6\x18\x1e\xa1\xb0\xb0\x90\xca\xcaJ\xf2\xf2\xc6\
n\x06\xef\xef\xef\xa7\xbd\xbd\x83\xf6\xf6\xf3tuu\x05\
\x12\x02\xb3\xd9LAA!EEE\xcc\x9e=\x87\xae\
\xae\xaeI\xc7\x13\xccj\xb5r\xf5\xd5Ws\xc1\x05\x8b\
C.\xa9\xbcc\xc7\x0e\x9e}\xf6\x19\xb4\xc9\x0c\xe1\x18\
2\x00\xcc\x06\x22^]H\x88\xc9\x92\x04@L\x17\xc7\
\x81\x89\x1b\xf2Cx\xf3\xcd?\x8e{7:\x16M\xd3\
\xd8\xb7o\x1f\xee3[)ny\x0a\x85\xa1\x9e\xe6j\
P\x02\x10\xb2\xe0\x0f.\xfc\x83\x1e\x155\xa8\xc0W\x86\
'\x00\x10\xd4\xa3\x7f\x90\xff\xcba\xad\x10A\xb5\x11\xc1\
5\x0e\xc1I\x80\xe6\x83v\xa5\x86\x03\xd6\x1bp\x9a\xf2\
\xa9\xa8\xa8\xa0\xbc\xbc<d\x81\x18\x09\xbb\xddNCC\
\xc3\xb8\x05\xffX\xfc?\x03\x93\xc9\x14\x88\xe3\x9b\xdf\xfc\
\x1b~\xf0\x83\x1fN*\xa6\xb1\x94\x95\x95\xb1|\xf9\x0a\
jkk1\x9b\xcdtuu\xb1u\xebV>\xf9d\
{\xac\x0a\x7f\xbf\xc7\x81\xcf\xc6\xf2\x84B\x84C\x12\x00\
1\x1d\xcc\x05vGs\xa0\xbe\xf0\xcfA\x0e\x1e<\x18\
\xd5\x85}>\x1f\x9f~\xba\x0f\xef\xd9\xad\x14\x9f\xfd5\
\x8a6<\x91\x18\x95\x00\x04\xdd\xf1\x8f,\xf4\xc7J\x00\
\x82'\xea\x09\xd4\x02\x8c\x11Op\xc1?V-\xc0\x00\
9\x9c\xb0^\xc69\xf3Br\x06g\xf3KO\x9f\xfc\
]\x7fII)\x8d\x8d\x0d1\x1d&x\xf2\xe4)\x1a\
\x1a\x1aq\xbb\xa3\x9a\xe59Q\xf8\x80\xe5@\xec\xda3\
\x84\x08\x83L\x05,\xa6\x83[\xa3=\xb0\xb8\xb8\x98\xa2\
\xa2\xa2\xa8\x13\x00UU\x99=\xbb\x91}h\xb4(V\
\x8a\xcf\xfe\x0a\x93o\xa8\xcf\x97\x7f\xae\x00\x7f\x12\xe0\x0d\
Q\xf5\xef/\xf0\xd5\x91U\xfe#\xab\xfe\x191\x0a \
\xc4\xda\x00\xc1M\x00\xc1\x1d\x0f5\x0d\x9c\xd89c[\
K\x8bu%i\xf6,\x1a\xaa\xaab2\xa1\x8f>O\
\xc2,*+\xa3[xg<UU\x95\xdcu\xd7\x9d\
<\xfc\xf0#1?\xf7\x14R\x81\x1f\x03k\x89n\x15\
\x07!\xa2\x225\x00b:\xd8\x034Es\xe0\xbau\
\xebx\xfd\xf5W\xf9\xf8\xe3\x8f'3\xe6\x1bM\xd38\
|\xf80\x9d-G(>\xfb+l\xceS!\xf7\x1b\
\xab\xca\xdf_\xf8\x8fJ\x00`h\x12 \xff\xd7c\xc5\
0\xf8\xcf\xc8\xc2\xdfE\x06\xadi\xcb9\x97\xb6\x0as\
z6\x15\x15\x15\x14\x15\x15M\xba\xba_\x7f?*s\
\xe6\xcc\xa1\xb8\xb8x\xd2\xe7\x1a\xcb\xf1\xe3'\x983\xa7\
\x09\x97+\xaa\xa5\x1e\x12\xc9\x8d\xc0sF\x07!\xa6\x0f\
\xa9\x01\x10\xa9n\x05Q\x16\xfe\x00s\xe7\xea\x87\x96\x94\
\x94N*\x01\xd0\xef\x82\xeb9\x93\x91\xc1)K&Y\
\x1d\xef\x92\xdb\xf16\x8a6\xbc\xea\xda\xe7\xd3\xeb\x83\xf1\
\x86\xbe\xfb\x1f\x99\x00\xe8\xe7\x0eQ\xf8\x87\xb8\xfb\x0f|\
9X\xf0\xf7\x9ag\xd0\x9e\xbe\x94\xce\xb4y\xd83s\
\x98YZJaaAL\x0a~\xd0\x9bO\xe6\xcd\x9b\
G~~~L\xce7\x96\xea\xea\x19\xdcu\xd7\x9d\xfc\
\xe2\x17\x0f\xc7\xf5:S\xe0_\x81\xdf\x03N\xa3\x03\x11\
\xd3\x83\xd4\x00\x88T\xf7(\x93\xe8`\xf5\xf8\xe3\x8fq\
\xfb\xed\xb7\xe1v\xbb\xd9\xb2eK\xd4S\xc6\x06\xeb\xef\
\xef\xe7\xe8\xd1c\x0ct\x9c\xa4\xe0\xfc+\xd8\xfb>e\
\xa2\x9a\xdfp:\xfd\x8dW\x03\xe0/\xf8]\xa6lz\
\xd2\xe7\xd1i_\x8c\xdbVB^^>%%\xc51\
\x1f\xcfo6\x9bY\xb0`\xc1\x94\xcd\x0e\x98B\xb5\x00\
_\x01~dt\x10bz\x90\x04@\xa4\xb2\x22\xf4\xe1\
UQ/Iw\xf8\xf0!\xaa\xab\xf5\xc1\x03{\xf7\xee\
\xe5\xec\xd9\xb31\x0a\x0d\xda\xdb;8q\xe2\x04\xde\xde\
\xd3dw}Hf\xcfvT_d\x13\xcbLx\xf7\
\x0f\xb8\xcd\x05\xf4\xa57\xd2\x9b\xd1\x84\xd36\x83\xac\xec\
l\x0a\x0b\x0b(((\x88\xcb\xbc\xfdV\xab\x95\x05\x0b\
\x16\x90\x95\x95\x15\xf3s\x8f\xe7\xfe\xfb\xff\x92\x9f\xff\xfc\
\x17Sz\xcd8\x18\x00\xaa\x80\xf3F\x07\x22R\x9f$\
\x00\x22\x95\xfd\x13\xf0\x9dh\x0f^\xb8p!\xdb\xb6m\
\x0d|\xdf\xdb\xdb\xcb\xd6\xad[\xc79\x22r\x9a\xa6\xd1\
\xd5\xd5\xc5\xb9s\xe7\xe8lo%\xad\xff\x10\xe9\xfd\x87\
\xb0\xf7\x1f\xc4\xec\x89|\xa1\x19M1\xe1\xb6\x14\xe1\xb4\
\x95\xe3H\xaf\xc1\x91^\x0b\xb6\x5crrr\xc8\xcd\xcd\
#//7&\x13\xf8\x8c%33\x93\xf9\xf3\xe7\xc7\
|\x19\xe0p\x9c8q\x92\xd9\xb3\xe7\xa4B-\xc0\x9b\
\xc0\xa5F\x07!R\x9f\xf4\x01\x10\xa9\xaa\x84I\xde\x01\
\x00\x1d\x00\x00 \x00IDAT\xae\xbb\xbei\xd3\x0d\
\xc3\xbe\xcf\xcc\xcc\xa4\xb0\xb0\x90\xb6\xb6\xb6\xc9\x9cv\x18\
EQ\xc8\xcd\xcd%77\x17\xb7\xbb\x86\xce\xceF\xba\
\xbb\xbb8\xdb\xd5\x8dw\xa0\x1d\xab\xbb\x15\x8b\xab\x15\x93\
\xa7\x0b\xd5;\x80\x82\x0fUs\x82\xa6\xe05\xd9\xf1\xa9\
\xe9\xf8L\xe9x\xcc\xd9\xb8,%xm\x05\xa4\xa5g\
`\xb7\xdb)\xca\xca&++\x8b\xf4\xf4\xb4\x98\xb5\xeb\
\x8f\xa7\xa0\xa0\x80\xa6\xa6\xa6\xb8&\x18\xe3\x991\xa3\x8a\
\xbb\xef\xfe\x1c?\xfb\xd9\x7f\x19r\xfd\x18\xba\x04\xb8\x01\
x\xde\xe8@Dj\x93\x1a\x00\x91\xaa~\x0bl\x8a\xf6\
`UU9p`?3gV\x0f{\xbe\xa7\xa7\x87\
\x8f?\xfex\xb2\xb1\x85\xc5\xedv\xe3p8\x067'\
\x9a\xe6\xc3\xe7\xf3\xe1\x1b\x5c\x5c\xc0d2a\xb1\x981\
\x99\xccX,\x16\xec\xf6tl6\xdb\x94\x14\xf6\xc1\x14\
Ea\xc6\x8cjjjfN\xf9\xb5G:}\xfa\x0c\
\x8d\x8d\xb3\x19\x18H\xfa\xe9\xf5\xbb\xd0W\xb0\x0c\xb1>\
\xa4\x10\xb1!5\x00\x22\x15]M\x94\xf3\xfe\xfbm\xd8\
\xb0aT\xe1\x0f\x90\x95\x95Eii\x19--g&\
s\xfa\xb0X,\x16,\x16\xcb\x94\xb7\xa5G\xc2f\xb3\
\xd1\xd4\xd4Dnn\xae\xd1\xa1\x00P^^\xc6\xbd\xf7\
~\x9e\x7f\xff\xf7\x9f\x1a\x1d\xcad\xe5\xa0/\x14t\xaf\
\xd1\x81\x88\xd4%5\x00\x22\xd5d\x02\xa7\x81I\x95\x9a\
o\xbc\xf1:\x17]tQ\xc8\xd7\x5c.\x17\x1f~\xf8\
aT\xd3\x03\xa7\x92\xa2\xa2\x22\x1a\x1b\x1b\xb1X,F\
\x872LKK\x0b\x0d\x0d\xb3c\xb6R\xa0\x814`\
\x1e\xb0\xd7\xe8@Dj\x9a\xbaE\xbc\x85\x88?\x05\xf8\
\x1d\x93,\xfc7l\xd80f\xe1\x0fz/\xf7\x9a\x9a\
\xda\xc9\x5c\x22\xa9Y,\x16\xe6\xcc\x99\xc3\xbcy\xf3\x12\
\xae\xf0\x07(--\xe5\xfe\xfb\xbf`t\x18\xb1\xe0\xff\
}\x96\xbf\xd3\x22.\xa4\x06@\xa4\x92\xef\x01\xffs2\
'P\x14\x85\xf7\xdf\x7f\x8f\xa5K\x97N\xb8\xef\xce\x9d\
;9\x7f~z\x8d\xd6*..\xa6\xa1\xa1!!\x0b\
\xfe`mmm\xcc\x9a\xd58\xa9\xc9\x9b\x12\xc8\xdf\x03\
\xff`t\x10\x22\xf5\xc4~\x10\xb0\x10\xc6\xb8\x15\xf8\xc9\
dOr\xf3\xcd7\xf1\xe0\x83\x0f\x86\xb5onn.\
g\xce\x9c\x89\xc9\xe4@\x89\xcen\xb7\xd3\xd4\xd4Du\
uu\x5c\xe6\x0e\x885\xbb\xddNoo/\xef\xbe\xfb\
\x9e\xd1\xa1\xc4\xc2\x85\xe8S\x04\x9f3:\x10\x91Z\xa4\
\x06@\xa4\x825\xc0\x1b\x80u2'\xb1\xdb\xed|\xf2\
\xc9vjkk\xc2>\xa6\xb5\xb5\x95\xdd\xbb\xa3Zh\
0)\x98\xcdff\xce\xac\xa1\xb2\xb2\xc2\xf0\x1e\xfe\x91\
:\x7f\xfe<uu\xb3\xe8\xed\xed5:\x94X\xd8\x07\
,\x00\x92z\xd9C\x91X\x12?\x95\x17b|5\xc0\
\xeb\xc0\xa4\xe7\xb2\xfd\xc7\x7f\xfc\x1eW_\xbd1\xa2c\
222\xd04\xe8\xea\xea\x9c\xec\xe5\x13\x8a\xa2(\x94\
\x97W0\x7f\xfe|\xf2\xf2\xf2\x92\xae\xf0\x07=\xa1\xeb\
\xec\xecd\xcb\x96\xf7\x8d\x0e%\x16\x0a\x07\x1f\xdf44\
\x0a\x91R\x92\xef\x7f\xb5\x10C\x0a\x80w\x81\xd9\x93=\
\xd1\x82\x05\x0b\xf8\xf0\xc3\xf7\xa3j\xdb\xd64\x8d\xdd\xbb\
w\xc7t\x82 #\x15\x17\x17SSS\x83\xddn7\
:\x94I;{\xf6,\xb3f5\xa6\xc2\x88\x00\xd0\xe7\
\x04X\x0d|dt \x225H\x0d\x80HV\xe9\xe8\
+\xa7-\x0e~\xd2n\xb7c6\x9b#\x1a\xa2g6\
\x9by\xe1\x85\xe7\xa8\xac\xac\x8c*\x10EQ(,,\
\xa4\xbd\xbd=\xa9\xa7\xa1\xcd\xcf\xcfg\xee\xdc\xb9TV\
V&|'\xbfpeffr\xee\xdc9>\xfa(\
%\xcaL\x15\xb8\x18x\x18i\x0a\x101 \xc3KD\
22\x01O\xa3\xb7\xfd\x0f\x93\x96\x96\x16\xf1\xa44\xdf\
\xf9\xce\xb7Y\xbcx\xf1\xc4;\x8e\x17\x90\xc9\xc4\xc2\x85\
\x0b\xc9\xc8\xc8\x98\xd4y\x8c\x90\x9d\x9d\xcd\xa2E\x8bX\
\xb8paBO:\x14\xad\xaf}\xedk\xd8l6\xa3\
\xc3\x88\x95\x06 \xe9g9\x12\x89Aj\x00D2\xfa\
\x09pW\xa8\x17\xfc\xed\xd5\xe1\x0e\xffZ\xbcx1\x8f\
<\xf2pLz\xb6\x9bL&\x0a\x0a\x0ahkkK\
\x8aI\x82\xecv;\x8d\x8d\x8d\xd4\xd7\xd7\x93\x9e\x9en\
t8q\x93\x9d\x9dMss3\xdb\xb6\xfd\xc9\xe8P\
be\x11p\x1c\xf8\xc4\xe8@Dr\x93>\x00\x22\xd9\
\xfc=\xf0w\xa1^0\x99LTVV\xd2\xdb\xdb\x1b\
\xd6\xf8\xfc\x8c\x8c\x0c\xb6n\xfd\x88\x86\x86Y1\x0d\xd0\
\xe1p\xb0c\xc7\x8e\x84mw\xb6X,TW\xcfL\
\xca\x9e\xfd\xd1:z\xf4\x18s\xe64%Eb\x16&\
\x07\xb0\x12\xd8at \x22yI\x13\x80H&\xf70\
F\xe1\x0fz\xf5\xbf\xcf\xe7\xa3\xab\xab+\xac\x93\xfd\xcb\
\xbf\xfcs\xcc\x0b\x7f\x7f\x1c\x17\x5cpA\xc25\x07\xf8\
\x17\xedY\xb5j\x15UU\x95\xd3\xa6\xf0\x07\xa8\xa9\x99\
\xc9\xf5\xd7_gt\x18\xb1\x94\x06\xfc\x9aI\xcez)\
\xa6\xb7\xe9\xf3\x17@$\xbb\x0b\x81\xd7\x801\x1bs\xf3\
\xf3\xf3\xe9\xeb\xeb\xc3\xe9tNx\xb2+\xae\xb8\x82\x97\
^\xfa]\x5c\x0bA\x8f\xc7\xc3\xee\xdd\xbb\xe9\xe8\xe8\x88\
\xdb5\xc2\x95\x97\x97\xc7\xacY\xb3\x12.)\x99J[\
\xb6l\xe1\xa2\x8b\xd6\x19\x1dF\xac\xfd\x12\xb8\xd3\xe8 \
Dr\x92\x04@$\x83\x06\xe0} \x7f\xbc\x9dL&\
\x13^\xef\xc4\xab\xa7\x16\x15\x15\xb1}\xfb6JKK\
c\x14\xde\xd8|>\x1f\xfb\xf7\x1f\x98\x92\xd5\x03C\xb1\
X,\xd4\xd7\xd7O\xc9{M\x06\xabV\xada\xeb\xd6\
\xadF\x87\x11k\xf7\x03\xffit\x10\x22\xf9H'@\
\x91\xe8\xf2\x81?\x02\x13\x8e\xd1\xd34-\xac\x13\xfe\xf2\
\x97O\xb0d\xc9\xe4z\xfd\x87KQ\x14\x8a\x8a\x0a1\
\x9b-tvv\x86\x1dc,\x14\x15\x15\xb1`\xc1\x02\
rrr\xa6\xec\x9a\x89\xcen\xb7\xf3\xdcs\xcf\x1b\x1d\
F\xac]\x0e\xbc\x0c\x18\x93e\x8a\xa4%5\x00\x22\x91\
\xd9\x80W\x81\xb1\x97\xe6\x8b\xd0}\xf7\xdd\xcbC\x0f\xfd\
G\xacN\x17\x91\x9e\x9e\x1e\xf6\xec\xd9\xc3\xc0\xc0@\x5c\
\xafc\xb5Z\x995k\x16\xc5\xc5\xc5q\xbdN2r\
\xb9\x5c\xd4\xd4\xd4q\xf6\xecY\xa3C\x89\xb5\xe3\xc0\x12\
`z\xadN%&Ej\x00D\xa2R\xd0'<\x89\
Y\xcf\xad\xba\xbaZ\x9ey\xe67\x86\x8d\x09\xb7\xd9l\
\x94\x96\x96\xe2t:\xe9\xeb\xeb\x8b\xcb5\xca\xca\xcaY\
\xb0`~J\x8e\xe7\x8f\x05\x93\xc9\xc4\xf9\xf3\xe7y\xef\
\xbd-F\x87\x12k\xb9@#\xf0+\xa3\x03\x11\xc9C\
j\x00D\xa2\xfa\x17\xe0\x1b\xb1:\x99\xd9lf\xf3\xe6\
7Y\xb1bE\xacN9)\xe7\xcf\x9f\xe7\xe0\xc1\x83\
1\xab\x0d\xc8\xcc\xcc\xa4\xa1\xa1A\xaa\xfb\xc3p\xe4\xc8\
Q\x1a\x1bgOis\xcc\x14\xfa&\xf0}\xa3\x83\x10\
\xc9Aj\x00D\x22z\x00\xf8\xa7X\x9e\xf0\xdb\xdf\xfe\
\x16w\xde\x998\x9d\xa5\xedv;\xe5\xe5\xe5\xd8li\
\xf4\xf6\xf6\x86\xd5yq\xac\xf3\xd4\xd7\xd7\xd3\xd0\xd0@\
ZZZ\x8c\xa3LMyyy\xbc\xf3\xce\xbb\x1c;\
v\xcc\xe8P\xe2\xe1\x12\xe0m\xf4&\x01!\xc6%5\
\x00\x22\xd1\x5c\x8b\xbe\xf6y\xcc\x92\xd39sf\xf3\xf1\
\xc7[\x13v:XM\xd3hkk\xe3\xcc\x993t\
tt\xe0\xf3\xf9\xc6\xdd\xdfd2\x91\x9f\x9fOYY\
\x19\xf9\xf9\xf9\xd3j<\x7f\xac\xfc\xfa\xd7\xbf\xe13\x9f\
\xb9\xc3\xe80\xe2\xa5\x05}\x8d\x0c\xe9\x14(\xc6%\x7f\
9D\x22Y\x0e\xbc\x01\xc4l\xb0\xba\xaa\xaa\xbc\xf9\xe6\
\xffe\xef\xbd\xe3\xe3\xa8\xef\xfc\xff\xe7\xccl_\xf5f\
\xabX\xeeM\xb6\xc1\x05\x17p\xc1\xc66`\x03!\x98\
\x96FK\xef\x97F*\xb9\xe3\x1b\x92\x5c\xee\x92\x90\xcb\
\xa5\x5cIr\x07\x17\xd2 \xa1\xa4\xc2/\x97\x83\x90\x04\
\xb0i6\xc6\xe0\x026\x18w\xd9\x92\xd5\xb5\xda2\xbf\
?fg5[$m\x99\xdd\x99\xdd\xfd<\x1f\x8f}\
hw53\x9f\xb7V\xd2|^\x9f\xf7\xe7]\xfe\xc4\
\xea\xd5Im\x03l\x89^\xc8\xa8\xaf\xaf\x9f\xe1\xe1a\
\x82A\xad\xb9\x90\xa28\xf0\xf9|TT\xf8\xa9\xa9\xa9\
A\x96E\x0d\xaf\x5c\x18\x1e\x1e\xa6\xad\xad\x9d\xb3gK\
\xab\x8d\xb3\x81'\x81\xf5@\xf1v\xa7\x12\xe4\x1d\xb1\x05\
 \xb0\x0b3\xd1\xd2\xfdj\xcd\xbc\xe8\xfb\xde\xf7^\xde\
\xff\xfe\xf7\x99y\xc9\xbc\x22I\x12^\xaf\x97\xea\xeaj\
\xea\xeb\xebijj\xa2\xa9\xa9\x89\x86\x86\x06\xaa\xab\xab\
\xf1z\xbdb\xc5o\x02\x0e\x87\x83\x03\x07\x0e\xb0sg\
\xc9\x96\xd3\x9f\x02T\x03\x0f[m\x88\xc0\xbe\x08\x01 \
\xb0\x03\x0d\xc0\xa3@\xbb\x99\x17mnn\xe6\x97\xbf\xbc\
W\xec\x8d\x0b\x92\x88D\x22TUU\xf2\xe3\x1f\xdfc\
\xb5)\xf9d%ZZ`I\xf4B\x16\x98\x8f\xf0#\
\x0a\xac\xc6\x07\xfc\x060\xbd(\xffw\xbe\xf3\xaf\x19\xb7\
\x06\x16\x94\x07\x81@\x80\x0b/\xbc\x90\xb6\xb6V\xabM\
\xc97\xff\x82\x89\xa9\xb4\x82\xd2B\x08\x00\x81\x95(\xc0\
O\xd1\xba\x9a\x99\xca\xb6mW\xf1\xe67_i\xf6e\
\x05%B \x10@\x96e\xae\xbb\xee:\xabM\xc97\
\x0ap\x0fp\xae\xd5\x86\x08\xec\x87\x10\x00\x02+\xf9>\
`\xfa,\xed\xf7\xfb\xf9\xd6\xb7\xbee\xf6e\x05%\x82\
\xaa\xaa\xb1\x86Q\xdb\xb6]e\xb15\x05\xa1\x12\xad\xa2\
\xe6\x1c\xab\x0d\x11\xd8\x0b!\x00\x04V\xf19\xe0\xbd\xf9\
\xb8\xf0\xa7>\xf5IZ[[\xf2qiA\x0902\
2B8\xac\xa5Z\xae\x5c\xb9\xb2\x1c\xb6\x01\x00\x9a\xd0\
\xfa\x054[m\x88\xc0>\x08\x01 \xb0\x82k\x81/\
\xe7\xe3\xc2\xad\xad-|\xe2\x13\x1f\xcf\xc7\xa5\x05%\xc2\
\xf0\xf00\x00\xe1p\x18I\x92\xb8\xfc\xf2\xcb-\xb6\xa8\
`\xcc@\xf3\x04\x8c\xdbUSP>\x08\x01 (4\
\xcb\x81\xbb\xc8\xd3\xdf\xde\x97\xbf\xfc\xe5\xb2\xeey/\x98\
\x18\xa3\x00\x00\xb8\xf2\xca\xb2\x8a\x91[\x08\xfc\x1e\x13k\
m\x08\x8a\x17\x91P,($\xd3\xd1\x0a\x94L\xca\xc7\
\xc5\xe7\xce\x9d\xc3\x0b/\xecBQDv\xab 5\xc1\
`\x90\xce\xce\xd3\x00\xd4\xd6\xd6\xe0\xf5z\x09\x06\x83L\
\x9e\xdcBOO\x8f\xc5\xd6\x15\x94\xff\x05.\x07\x02V\
\x1b\x22\xb0\x0e\xe1\x01\x10\x14\x8a*\xe0\xd7\xe4i\xf2\x07\
\xf8\xfc\xe7?/&\x7f\xc1\xb8\x18\x9b/\xe9%\x97\x9d\
N'\x17]\xb4\xc1*\x93\xacb\x13\xf0\xdf\x889\xa0\
\xac\x11\xbf|A!p\xa0\xd5\xf7_\x98\xaf\x01f\xcd\
\x9a\xc9\xf5\xd7\x97|J\x97 G\x06\x07\x07c\xcf\x8d\
\x0d\x98.\xbe\xf8b+\xcc\xb1\x9a\xb7\xa2\xd5\x09\x10\x94\
)B\x00\x08\x0a\xc1\xb7\x80\x8b\xf29\xc0\xad\xb7\xde\x8a\
\xc3\xe1\xc8\xe7\x10\x05\xa3D\xdb\xd4Z\xce\xd0\xd0\x10\x91\
\xc8\xe8g\x1b\x0a\x85b\xcf\xcbT\x00\x00|\x04\xf8\x82\
\xd5F\x08\xacA\xc4\x00\x08\xf2\xcd\xcdh\xae\xc6\xbcQ\
[[\xcb\xeb\xaf\x1f\xc2\xe7\xf3\xe5s\x98\x82\x11\x0e\x87\
\xc5VF\x1e\xe8\xec\xec$\x18\x1c\x9d\xf4\x9dN\x07\x8d\
\x8d\x8d\xb1\xd7\x0b\x16,d\xdf\xbe\xfdV\x98f5*\
ZJ\xee\x0f\xad6DPX\x84\x07@\x90O.\x00\
\xfe=\xdf\x83\xbc\xeb]\xef,\x99\xc9\x1f\xe2]\xd3\x02\
s\x18\x1a\x1a\x8a\x9b\xfc!\xde\x03\x00\xb0y\xf3\xe6B\
\x9ad'$\xb4\xff\xd3\xab\xad6DPX\x84\x00\x10\
\xe4\x8bv\xe0~\xc0\x9d\xcfA\x14E\xe1\xfd\xef\x7f\x7f\
>\x87(8\x91H$\x16\xa0&0\x87\xbe\xbe\xbe\xa4\
\xf7T5^l\xad]\xbb\xb6\x90&\xd9\x0d\xbdd\xf0\
:\xab\x0d\x11\x14\x0e!\x00\x04\xf9\xc0\x0b<H\x1e#\
\xfeu\xd6\xad[\xc7\xb4iS\xf3=LA\x89D\x22\
\xc2\x0b`\x22\x03\x03\x03\x84B\xa9?O\xe3\xe7\xbcf\
\xcd\xeaB\x99dW<h\x8d\xb9\x16[m\x88\xa00\
\x08\x01 \xc8\x07\xdf\x05\x96\x14b\xa0\xeb\xae\xbb\xb6\x10\
\xc3\x14\x94H$\x92\xe4\x9e\x16dG8\x1c\xa6\xb7\xb7\
w\xcc\xef\x1b?\xe7I\x93&1g\x8e\xe9M)\x8b\
\x8d*\xe0w@i\xa9jAJ\x84\x00\x10\x98\xcd\xcd\
\xc0;\x0b1\x90\xa2(%W\xc5-\x12\x89\xa0\xaa*\
\xe1pXd\x03\xe4\x88\xaa\xaatuu1\xde\xc7\x98\
(\xb4\xd6\xacY\x93g\xab\x8a\x82\x16\xb4j\x81UV\
\x1b\x22\xc8/B\x00\x08\xccd\x11\xf0\xbdB\x0d\xb6j\
\xd5\xaa\xb8(\xeeR@\x9f\x90TUedd\xc4b\
k\x8a\x9b\xee\xee\xee\xa4\xc0\xbfD\x12\x05\xc0\xea\xd5e\
\xbf\x0d\xa0\xd3\x01\xfc\x0fb\x8e(i\xc4/W`\x16\
\x15\xc0\xbd@\xc1\xc2\xf1/\xb8\xe0\xfc\x92s\x95\x1b\x7f\
\x9e`0(\x82\x01\xb3\xa4\xbb\xbb\x9b\xe1\xe1\x89\xab\xdc\
&\xc6Z,_~^\xbeL*F\xae\x04n\xb7\xda\
\x08A\xfe\x10\x02@`\x16\xff\x05\xcc+\xe4\x80\xcb\x97\
\x9fWR\xab\xe4p8\x1c7!\xa9\xaa\x1ak\x5c#\
H\x8fH$\xc2\x993g\x18\x1aJ\xefs\x0b\x06C\
q[-\xf3\xe6\xcd\xa3\xa2\xa2\x22_\xe6\x15#\xb7\x01\
o\xb6\xda\x08A~\x10\x02@`\x06\xb7\xa0\xb5\xf8-\
\x18>\x9f\x8fy\xf3\xe6\x95\xd4\x04\x19\x08$\xafX\xc3\
\xe1pI\xfd\x8c\xf9dhh\x88S\xa7N\x11\x08d\
&\x0a\x8d^\x17Y\x969\xf7\xdcs\xcd6\xad\x98\x91\
\xd0\xc4\xbd\x08\x0a,A\x84\x00\x10\xe4\xca4,\xa8'\
\xbet\xe9RdY\xa1\xa7\xa7\xb7$\x82\xe5\x86\x87\x87\
\xc7L\xfd\x0b\x06\x83B\x04\x8cC(\x14\xe2\xf4\xe9\xd3\
\x9c9\xd3E8\x9c\xf9\x96I0\x18\x8c{}\xdey\
\xcb\xcc2\xadT\xa8\x05~\x8cV+@PB\x08\x01\
 \xc8\x05\x19\xad\xcco\xc1\xa3\x85\x17/>7\x16(\
7^\x9a\x97\xdd\x89D\x22\xd1*u\xc1q\x8f\x0b\x06\
\x83\x0c\x0d\x0d\x95\x84\xd81\x8bP(\xc4\x993g8\
v\xec8\x83\x83C\xb1\x02J\xe1p8\x96M\x91\x0e\
\x89\xdbHK\x96\x14$\x83\xb5\xd8X\x0b|\xd1j#\
\x04\xe6R\x1a\xddS\x04V\xf1\x09`\xbd\x15\x03O\x9b\
6-v\x83\xef\xea\xea\xa6\xba\xba\xda\x0a3\xb2&\x12\
\x89\x10\x0c\x06\x09\x06\x83iOT\xa1P\x88\x81\x81\x01\
\xdcn7N\xa73\xcf\x16\xda\x97\xc1\xc1A\xfa\xfb\xfb\
\x19\x18\x18DUU$IB\x92\xb4\xb6&\xc6\xaf\x89\
\xcf\xf5\xd7\x89$\x0a\x80\x8e\x8e\xf9y\xb4\xbe\xa8\xf9\x02\
\xf0\x10\xf0\xbc\xd5\x86\x08\xccA\x08\x00A\xb6t\x00w\
X5x{\xfb\x14@EU5\xf7\xf9\xe0\xe0`Q\
\xf4\x03\x08\x85B\x04\x83\xc1\xac\xb3\x17\xf4\xc0\xc0`0\
\x88\xdb\xed.\x8b\xa6A\xba\xf7chh\x88\x81\x81\xc1\
\xd8V\xc9X\x93\xbd\xf1=\xfd\xb5Q($\x0a\x81P\
H\xf3\x18\xc8\xb2\xe6\x10\x9d7o\x1e\xb2,\x8b\x0c\x8c\
d\x1ch\x1e\xbf\xf3\x80\xd2J\xbf)S\x84\x00\x10d\
\x83\x0c\xdc\x85V:\xd4\x12Z[[\xa37u\xad\xa6\
\xfb\xe9\xd3gho\xb7\x9f\x00\xd0\x8b\xfa\x84B!B\
\xa1\x90i.\xfcp8\xcc\xe0\xe0 \xb2,\xe3t:\
q8\x1c\xb1\x09\xac\x980~6Fq\x14\x0a\x85\x19\
\x19\x19add$6y\xeb\xa4\x9a\xec\xf5\xaf\xa9\x04\
\xc0X\xef\x19\xaf\x19\x08\x04\xf0z\xbd\x80\x16`:m\
\xdaT\x0e\x1e<\x94\xff\x0f\xa0\xf88\x17\xf8;\xe0\x9b\
V\x1b\x22\xc8\x1d!\x00\x04\xd9\xf0>`\xb9U\x837\
44\xe0\xf3\xf9\xe2&\x86\x81\x81\x01:;;--\
\x0c\xa4\xaaj\xdc>\xb4\xbe\x17\x9dO\x22\x91\x08##\
#\x84B!\x14EI\x12\x02F\xc1\x91\x8b@H\xfc\
9\x12\xf7\xd8\xf5\xd7\xfaC\xff\xd9\x8d\x9fE(\x14\x8e\
M\xf8\xc1`0Z\xedp\xec\xcf\xc78A\xab\xaa\x94\
\xf4\xbdL\xdc\xfe\x92$!\xcbr\x92'@\x7f\x18\x05\
\x00@GG\x87\x10\x00c\xf3%\xb4^\x1f\xafZm\
\x88 7\x84\x00\x10dJ=\x16\xba\xfeA\xab\xd9\xae\
\x93\xe8\x05\x08\x06C455\xe2p\x14\xfeO[\x9f\
d\xf4IEQ\x948Q\x90I`Z:8\x1c\x0e\
\x9cN'\x8a\xa2\x8c\xb9\xbf-IR\xcc\x06}\xd2\x1d\
\x9d\x90C\xb1\xd5\xb6\x11\xfdx \xee\xabn\xbbq\xa2\
\xd7\x1f\x89\xefG\xaf\x14{\xdfx\xedT\xcf\xc7\x22\xd5\
\xca?\xfa*Z\xe2w\xec\x09?\xf1\xbdp8\x1c'\
\x04\x8c_\x87\x86\x86\xa8\xae\xae\x8e\x1d\xbbu\xebV~\
\xfb\xdb\xdfMh_\x99\xe2\x03\xfe\x13\xd8\x84\xfeK\x16\
\x14%\xa5\xbf\x81(0\x9b\x7f\x03\xce\xb7\xd2\x80\xe9\xd3\
\xa7s\xf9\xe5\x97\xc5^k7m\xedF?22B\
OO/\xe1p(\xe6\x1e/\x14\xfa\x84&\xcb2\xb2\
,\xa3(JlU\xeet:c\x93\xf5x\x13g\xaa\
\x89u\xf4g\xd4p:\x9dx\xbd^\x5c.WLp\
\x8c\x87>\xe9\xe9\xb6\xb8\x5c.\xdcn7^\xaf\x17\xbf\
\xdfOee%\x1e\x8f\x07\xb7\xdb\x85\xc3\xa1 \xcb\xa3\
\x13\xa6Q\x0c\xe8\xcfS\xd99*\x10\xd4\xb8\xaf\xa9\x8e\
\xc9\xe4\x91\xf8\xf9\x18?\xe7d\xa11\xb6\xa8H\xdcF\
H\xfe>8\x9d\x8e\xd8\xdf\xcb\xb2e\xcb\x18\x1a\x1a\xe2\
\x89'\x9e\x18\xf7\xb3-c\xa6\x03\x07\x81]V\x1b\x22\
\xc8\x1e\xe1\x01\x10d\xc2\x1a\xe0F\xab\x8d\xf0x\xdcq\
\xaf\x8d^\x00I\x92\x88D\x22\x9c=\xdbCOO/\
N\xa7\x13\x8f\xc7\x8d\xc7\xe3\x89\xed\x95;\x1c\x8e\xb4\x83\
\xe7\xc6\x9a\xec\x80\xb8\xd5\xfeD\x91\xe6\xa0\xd9\xa6\x8f?\
<<\x1c\xcb\xed\x1fo%\x9c\xe8\xc2\xf6z\xbdy\xf1\
n\xe8\x02\xc5\xe8\x06\x07-hQ\xdf\x8b\xd7\x1e\xc1\xb8\
\xbd\xf9\xf8I\x9fq'\xea\xe4\x89;}\xc6\xdb\xf7\xd7\
\xbf\xea\x0f\xcd\x86\xe4\xdfK$\x12I\xf9\xfb\xd2\x1f\xfd\
\xfd\xfdq\x81\xa4_\xfd\xeaW\xe8\xee\xee\xe6\x87?\xfc\
Q\xc6\xf6\x96\x09w\x02\x0f\x03\xa7\xac6D\x90\x1dB\
\x00\x08\xd2EFk\xf43\xfer\xb3\x00x\xbd\xde1\
W\xc7\x89+\xbdP(\xc4\xe0`\x84\xa1\xa1\xe1\xd8\x8d\
^\x9f\xb8\xb5\x95\xba\x14s\xa1\x8f\x17Un\x14\x0eN\
\xa73\xe7\x80;\x8f\xc7\x83\xaa\xaa\xe3\xe6\xf6\xeb\x93\x99\
\xbe\x9d\xe0\xf7\xfb\x0b\x1e\xe8\xa7\xff\xdc\x89\x19\x16\xaa\xaa\
\x12\x0cjb \x10\x080<\x1c \x10\xd0\x1e##\
\x81\xd81\xa9\x5c\xfef\x08\x00\xfd\xb9q\xd2\x8f\x17a\
*\xda6\xc1\xd8\x13\xbe\xf1\xef\x01`x8\xc0\xf0\xf0\
0\x1e\x8f'v\xfd\xef}\xef\xbbtvv\xf2\xd0C\
\xbf\xce\xd8\xe62\xa0\x1e\xf8:p\x93\xd5\x86\x08\xb2C\
\x08\x00A\xba\xbc\x058\xc7j#\x00\xbc\xde\xe4\xc9h\
<\x110\xd6km5\x0f\xaa\x1aJZ\xcd\xeb.s\
\xb7\xdb\x1ds\xb5\x9b\xffsx\x09\x04\x02cf\x07\xe8\
6\xbb\x5c.***&t\xf5\x17\x12I\x92p\xb9\
\x5c1\xdb\x8c\x84\xc3a\x02\x81@4uo\x98\xa1\xa1\
!\x86\x87\x87\x08\x04\x029\xc7\x00\x8c\xf5z\xbc\x18\x80\
TB\xc0\xb8\xff\xaf{\x06dY\xa6\xa7\xa7'&\x00\
@k9}\xcf=?f\xe3\xc6\xcd\xec\xd8\xb1#\xab\
\xcf\xaa\xc4\xb9\x01ma >\x9c\x22D\x08\x00A:\
(\xd8\xa8\x0a\x98\xe6\xee\xcfl\xd2O\x17Y\x96\xa3\xfb\
\xe1\xee\x82\x04\x12\xfa|>\xce\x9e=;\xa6\x00p\xb9\
\x5cTVV\xdaj\xf2\x9f\x08EQ\xf0\xf9|I^\
\x03=uQ/\xe23880au\xc3TA\x80\
\x13E\xfd\xeb\xef\xe9\x7f\x03\x9axS\x81\xe4I\xdf8\
\xf9kU\x195\xc1b\xdc\x0a\xf1z\xbd\xfc\xeaW\xf7\
\xb1z\xf5\x1a\x0e\x1f~#\xab\xcf\xc3\xec\x00P\x1b!\
\xa1m\x05\xacE\x04\x04\x16\x1dB\x00\x08\xd2\xe1\xed\x14\
\xb8\xd3\xdfx\x0c\x0c\x0cd|\xcex\x02A\x92$<\
\x1eO,\xb0\xae\x90\xb8\x5c.$IJ\xea\x03\xa0O\
JUUUE5\xf9\x8f\x87\xa2(TVVRY\
Y\x19{/\x1c\x0e\xd3\xdb\xdbKoo\x1f\xbd\xbd=\
\xf4\xf7\xf7'M\x94\x99\xec\xff\x1b\x05\x80\xee\xb5\xd1'\
yH\x9e\xf4u\x8c\x85\x80\xba\xba\xbaii\xf1\xc4}\
\xee\xcd\xcd\xcd<\xf4\xd0\x83\xacY\xb3.\xe3\xbf\xbfp\
8Lss3UUU\xec\xdb\xb7/\xa3s\x8b\x84\
\xd5\xc05\xc0}V\x1b\x22\xc8\x0c\x91\x05 \x98\x08\x05\
\xf8\x05\xda~\x9f-\x98<\xb9\x99-[.\x9dpo\
w\xa2\x87\xa2\xc8TVVPSS\x83\xd7\xeb\xb5\xac\
\xaa\x9e\x16h\x17\x8c\xee\x99\xeb\xc1\x8cP___\xf2\
\x95\xfe\xf4\xc0\xc6\x9a\x9aj&M\x9aDKKKT\
 Hq\x0d\x92\xc6\x8a'H|\x9e>\xc9u\x05t\
\xc2\xe10\xb2,\xc5m\x05\x80\x96~:\x7f\xfe|\xee\
\xbb\xef\x97\x19\x8f\xd6\xdf\xdf\x8f\xc7\xe3\xe1\xa2\x8b62\
0\xd0_\xd4\xfd+\xc6\xe0<\xe0\xdf\x81\xd4\x1d\xad\x04\
\xb6\xa4\xb4\xef.\x023x\x17Z\xbb_\xdbP__\
\xcf\x9b\xdetEF\x93\xbdq\x8f\xdf\xedvQSS\
Mmm-n\xb7\xdb\xf2\x0az\xaa\xaa288\x18\
\x97iPUU\x95\x14\x91_\x0e\xe8\x82\xa0\xbe\xbe\x9e\
\xd6\xd6V\xaa\xaa\xaaPU\xad\xd5\xaf\xb1\x18Q\xe2\xa4\
\x9fi<\xc1\xe8y\xa9\x03\x0cGFF\xf0\xfb\xfdI\
\x02l\xde\xbcy\x0c\x0c\x0c\xf0\xe4\x93Of\xf4s\x01\
\xf4\xf5\xf5q\xf0\xe0\xab\x5cp\xc1jV\xaf^\xcd\x89\
\x13'\xe8\xef\xef\xcf\xf8:6\xa5\x16\xe8\x07\xfef\xb5\
!\x82\xf4\x11\x02@0\x1e\x12\xf03l\xb4\xfa\x07\xa8\
\xa8\xa8\xe0\xdak\xafI\x11\xc9\x9dz\xc2\xd7\x1f\x95\x95\
\x1544\xd4S]]\x1ds\xbd\xdb\x01UU\xe9\xeb\
\xeb\x8f=w\xb9\x9c\xd4\xd7\xdb\xea#\xb7\x04I\x92\xf0\
z\xbd44\xd4\xd3\xd2\xd2\x82\xc7\xe3add$\xa9\
5\xf2D1\x04\xa9\xe2AF'\xfd\xd4\x22@\xcfr\
0nW\xe8l\xd8\xb0\x9e\xbf\xfc\xe5\xaf\xbc\xfe\xfa\xeb\
\x19\xffL\x91H\x84\x03\x07\x0e\xd0\xdf?\xc0\xd5W_\
CKK\x0b\xc7\x8f\x1f/\x95v\xcf+\xd1z\x05\x94\
\x8c\xaa)u\x84\x00\x10\x8c\xc7%hu\xbfm\xc5\xb5\
\xd7^\xcb\xb2eK\x93&{]\x00\x18'\x7fY\xd6\
\xdc\xfc\x93&5QYYiK\x97\xba,\xcbq\x81\
\x80\x0d\x0d\x0d\x96T2\xb43\xb2,SQQ\xc1\xe4\
\xc9\x93ill\xc4\xe1p\xc6\xb5Q\xd6'z\xe3\xf3\
\xb1\x04^r&Aj\x11\xa0m\x05\xc8I[\x01\xb2\
,\xb3i\xd3&\xee\xb9\xe7\x1e\x06\x07\x07\xb3\xfay\xba\
\xba\xbax\xf6\xd9ghmm\xe1\xea\xab\xaf\xa1\xa6\xa6\
\x86\xa3G\x8f&u&,2\xdc@\x05 J(\x16\
\x09\xf6\xbb\x1b\x0a\xec\xc4\x9d\xc0\x5c\xab\x8d02k\xd6\
,\xbe\xf4\xa5\xdbQ\x14%i\x95\x0f\xf19\xfe55\
\xd5L\x9e<\xd9\xb6\x13\xbf\x8e$I\xf4\xf4\xf4\x12\x89\
Dp\xbb\xdd\xd4\xd6\xd6Zm\x92\xadq:\x9d\xd4\xd4\
\xd4\xd0\xd6\xd6FUU\x15\xe1p\x84\xa1\xa1\xf1'\xe2\
\xb1<\x00\xfa\xf3\xb1D@ \x10\xc0\xef\xf7%\xfd\xfd\
TUU\xb2p\xe1\x02~\xf6\xb3\x9fg\xfdsD\x22\
\x11^}\xf5U\x0e\x1c8\xc0\x8a\x15+\xb9\xe8\xa2\x8d\
(\x8a\xc2\xd1\xa3G\x8a\xb9\x13\xe1\x12\xe0^\xe0\xb4\xd5\
\x86\x08&\xc6\xbewE\x81\xd54\xa1\x05\xf5\xd8\xa6\xc5\
\x9c,\xcb|\xeb[\xdf\xa4\xb9\xb99\xc5>\xff\xa8\x18\
\xa8\xac\xac\xa4\xa5E\x8b\xba\xb6z\x7f?]z{{\
\x09\x85B466\x14\xb4|q\xb1\xe3\xf5zil\
ld\xf2\xe4\xc98\x1cN\x02\x81@\xcc+\x00\x13O\
\xfc\xa9\xbe&>\x1f\x19\x19\xa1\xb22\xb9\x0e\xc3\xacY\
\xb3\xe8\xee\xee\xce\xb9>@__\x1f\xcf>\xfb,\xe1\
p\x98\xf5\xeb\xd7s\xdey\xe710\xd0\xcf\xa9SE\
Y`O\x06j\x80\x07\xac6D01B\x00\x08\xc6\
\xe2\xbd\xc0\x96|\x5c\xd8\xe5r%\xa5\xbd\xa5\xc3\x0d7\
\xbc\x83\xcb/\xbf<\xe5\xfe>h\xfb\xc5mm\xad\xd4\
\xd5\xd5\xd9z\xc5\x9f\x8a\x9e\x9e^TU\xa5\xa9\xa9\xc9\
jS\x8a\x12EQ\xa8\xae\xae\xa2\xa5\xa5\x85\xea\xeaj\
\x82\xc1 CCC@f\x22\xc0\xd8\x5cH\xff\xaa\xf7\
DH\xack\x00Z<\xc0\x83\x0f>Hggn\x0b\
^UU9|\xf80/\xbc\xf0\x02mmm\xacY\
\xb3\x969s\xe6r\xeaT'===9]\xdb\x02\
\x16\xa0e\x0e\x9d\xb1\xda\x10\xc1\xf8\x14\xd7]RPH\
\xbe\x0b\xb4\x98yA\x8f\xc7\xc3\xe6\xcd\x9b\x89D\x22t\
uuetnkk\x0b\xff\xf8\x8f_\x8d\x05\xef\xc5\
\xa7\xf39hjj\xa4\xb9\xb9\xb9hW\xcf\xbd\xbd}\
TT\xf8SN2\x82\xcc\xf0x<466RS\
S\xc3\xc8Hj!\x90Nm\x01\xe3\xd7\x91\x91\x11\xdc\
nw\xd2\xdf\x97\xc3\xe1`\xe9\xd2\xa5\xdc}\xf7\xff\x98\
R\xe8gxx\x98]\xbbv\xd1\xd5\xd5\xc5\xa2E\x8b\
X\xb9r%uuu\xbc\xf6\xdak\x84B\xa1\x9c\xaf\
_ d\xb4X\x80\x87\xac6D0>B\x00\x08R\
1\x1d\xf8'3/\xe8\xf3\xf9x\xcb[\xde\xc2\xa9S\
\xa7x\xee\xb9\xe72:W\x92$\xbe\xf6\xb5\xaf1}\
\xfa\xb4\xa4\xc9\xdf\xe7\xf33uj{\xd1U\xcbK\xa4\
\xb7\xb7\x97\x9a\x9a\xea\xa2\x150v\xc4\xedv\xc7\x84\xc0\
\xe0\xe0`\x5c\x80\xdd\xf8E\x85 \x95'`xx\x98\
\x8a\x8a\xe4~\x0cmmm\x0c\x0c\x0c\xf0\xc4\x13\x99\xa7\
\x06\x8e\xc5\xc9\x93'x\xee\xb9\xe7\xa8\xac\xacd\xf1\xe2\
%,^\xbc\x843g\xcep\xfat\xd1l\xad/\x04\
~\x0at[m\x88`l\x84\x00\x10\xa4\xe2f\xe0R\
3/\xb8u\xebV\x00~\xff\xfb\xdfg|\xee\xd5W\
o\xe3\xado}KR\xda\xdf\xa4I\x93hmm)\
:w\x7f*\x06\x06\x06\xa8\xad\xad)j\x11cW\xdc\
n7\x93&M\xc2\xe5r\xd1\xdf\xdf\x1f\x0b\xb0\x8b\x9f\
\xf4\xc7\xde\x0aH\x8e\x07HN\x0d\x5c\xbdz5\xf7\xde\
{/\xdd\xdd\xe6\xcdw\xc1`\x90\x97_~\x99#G\
\x8e0\x7f\xfe|\xce;o9MMM\x1c:t0\
.\xce\xc1\xa6\xc8\x80\x1f\x10]\x94lL\xf1\xdf9\x05\
\xf9\xe0+h^\x00S8\xf7\xdcs\x997o\x1e\xf7\
\xde{o\xc67\xae\xa6\xa6F\xee\xbc\xf3N\xdc\xeeQ\
\xd7\xbf\xd3\xe9b\xea\xd4v\xaa\xab\xab\xcd2\xd1r\x82\
\xc1\xa0p\xff\xe7\x19\xbf\xdf\xcf\xa4I\x93\x08\x85\xc2\x0c\
\x0ej\xe5|\x93\xb3\x01$\x83\x17 Y\x1c\x84Ba\
$)\xb9J\xa0\xd3\xe9d\xce\x9c\xd9\xfc\xf4\xa7?3\
\xdd\xee\xae\xae3\xec\xdc\xb9\x93\xc6\xc6&:::X\
\xbcx1\xa7Nu\xd2\xd5e\xfb-\xf6E\xc0=\xc0\
Y\xab\x0d\x11\xa4F\x08\x00A\x22\xd5h\xfb\xff\xa6\xfc\
m,^\xbc\x98M\x9b6q\xdf}\xf7q\xf6l\xe6\
\xf7\x81\xdbn\xbb\x8d\x05\x0b:b7b\xbf\xbf\x82i\
\xd3\xa6\xe2v\xbb\xcd0\xcf6\x84\xc3\xe1\x82\xf7!(\
GdY\xa6\xb6\xb6\x06\xbf\xdfOoooZ\xde\x80\
\xc4\xf7\x02\x81\x11<\x1eOR\xad\x86Y\xb3f\xb1g\
\xcf\x1e^~\xf9e\xd3\xed\x0e\x06\x83\xec\xde\xbd\x9b\xa1\
\xa1!\xe6\xcf\x9f\xcf\xe2\xc5\x8bq:\x9d\x1c<x\xd0\
\xf4\xb1LD\x01\xbc\xc0o\xad6D\x90\x1a\xe1o\x14\
$\xf2\x16\xb4\xea\x7f9\xb3x\xf1b.\xbe\xf8b\x1e\
}\xf4Q\x9e~\xfa\xe9\x8c\xcf_\xb2d\x09?\xfa\xd1\
\x0fbQ\xff55\xb5\xb4\xb44\x97\xa4\x9b|dd\
D\x08\x80\x02\x13\x0a\x858t\xe85z{{\xe2\xb6\
\x96\xf4\x87\x9e^\x9aXXJ\x96e\x9cN'--\
\xcdI\xf1\x00G\x8f\x1e\xa3\xa3cAV\x0d\xab\xd2e\
\xc6\x8c\x19\xbc\xf5\xado\xc3\xe3\xf1\xf0\xe2\x8b/r\xff\
\xfd\xbf\xb2\xf3\x96\xc0\x080\x138b\xb5!\x82d\x84\
\x07@\x90\xc8\xe7\xd1\x5cw9\xb1p\xe1B\xb6l\xd9\
\xc2k\xaf\xbd\xc6\x1f\xff\xf8\xc7\x8c\xcf\x97e\x99o\x7f\
\xfb[466\x22I\x12\x0d\x0d\x0d\xb1\xfc\xffRd\
\xb4\x9a\xa1\xa0P\xc8\xb2L}}\x1d\x92$\xd1\xdf\xdf\
?f,@*O\x80\xaa\xaa\x84B!\xfc~\x7f\xdc\
5\xab\xaa*\x09\x06\x83\xfc\xf9\xcf\x8f\xe7\xcd\xee\xee\xee\
n\xf6\xed\xdb\xcb\xbcy\xf3hoog\xee\xdcy\x1c\
8p\xc0\xae\xe5\x84\x15`\x08\xf8?\xab\x0d\x11$#\
\x04\x80\xc0\x88\x0c\xfc\x1b\x90\xd3ft{{;W^\
y%\x81@\x80_\xfc\xe2\x17Y\xadN\xae\xbd\xf6\x1a\
\xae\xba\xea*$I\xa2\xa5\xa5\x85\x86\x86\x86\x5cL\xb2\
=b\xf2\xb7\x8e\xca\xcaJ\xbc^/\xbd\xbd\xbdIm\
\xa2\xc7{\x1e\x0a\x85p\xb9\x9cI\x99\x1b+V\xac\xe0\
\x9e{\xee\xc9k\xc7\xbf\x81\x81\x01^z\xe9%f\xcf\
\x9e\xcd\xa4I\x93X\xb4h\x11\xfb\xf7\xef\xcf\xba4q\
\x9e\xe9\x00\xbe\x03\x14M\x1ec\xb9 \x04\x80\xc0\xc82\
\xe0c\xb9\x5c\xa0\xb1\xb1\x91\xeb\xaf\xbf\x1e\xa7\xd3\xc9C\
\x0f=\xc4\xc9\x93'3\xbeFuu5\xdf\xfa\xd67\
\xf1z}477\x8b\xd2\xb8\x82\xbc\xe3\xf1x\xa8\xaa\
\xaa\xa2\xa7\xa7\x87H$\x12\x17\x0c8\x9e\x10\x08\x06\x83\
\xf8\xfd\xfe8\x01\xe7t:\xa9\xad\xad\xe5\xd7\xbf\xceo\
\x00\xfc\xf0\xf00\xbbw\xeff\xc6\x8c\x19444\xb0\
`\xc1B\xf6\xef\xdfgG\x11\xe0\x03^\x05vZm\
\x88 \x9e\xe2\xa8\x93*(\x14\x9bs9\xd9\xeb\xf5r\
\xcd5\xd7\xe0v\xbb\xd9\xbbw/\xaf\xbe\xfajV\xd7\
\xf9\xd0\x87>H]]=--b\xf2\x17\x14\x0e\x9f\
\xcf\xc7\xacY\xb3p:]\xb1\xb6\xcc\xc0\x98\xcfA\x8b\
#H\xb5\xd2\xbf\xe1\x86w\xb0p\xe1\xc2\xbc\xdb<8\
8\xc8\xff\xfc\xcf\xddtvvRQQ\xc1\xbb\xde\xf5\
n&M\x9a\x94\xf7q\xb3\xe0\xa3V\x1b HF\x08\
\x00\x81\x91\x9c\x04\xc0\x96-[\xa8\xaa\xaa\x22\x10\x08\xf0\
\xa7?\xfd)\xabk\xcc\x9c9\x93\xeb\xaf\xbf\x8e\x96\x96\
fjjjr1G \xc8\x18\x8f\xc7\xc3\xec\xd9\xb3\
p\xbb\xb54?\xe3d?\xd6\xf3\x81\x81\xc1\xa4\xd2\xd6\
\xb2,\xf3\x85/|>\xcf\xd6j\x0c\x0e\x0er\xf7\xdd\
w\xd3\xdb\xdb\x8b\xdf\xef\xe7\x96[\xdei\xc7\x92\xd2K\
\x80\xd5V\x1b!\x88G\x08\x00\x81\x8e\x0f\xb8 \xdb\x93\
W\xae\x5c\xc9\xec\xd9\xb3\x01x\xfc\xf1\xc7\xe9\xef\xcf\xae\
%\xf8m\xb7}\x81)S\xa6\x94T\x8e\xbf\xa0\xb8p\
:\x9d\xcc\x9a5\x13\x8f\xc7;\xeeq\xba\x08\x88D\x22\
)\xa3\xfe\xaf\xbez\x1b\x8b\x16\xe5\x1cO\x9b\x16==\
g\xb9\xfb\xee\xbb\x18\x1a\x1a\xc2\xef\xf7s\xc3\x0d7R\
QQQ\x90\xb13\xe0#V\x1b \x88G\x08\x00\x81\
\xce\x85h\xfd\xbc3\xa6\xa5\xa5\x85u\xeb\xd6\x01p\xfc\
\xf8q\x9e\x7f\xfe\xf9\xac\x0cX\xb7n\x1dW^\xf9&\
\xaa\xaa\xaa\xb2:_ 0\x0bEQ\x981c:~\
\xbf6\x89NT\xe7?\xd5\xbe\xbb,\xcb\xfc\xfd\xdf\x7f\
1/\xf6\xa5\xe2\xd4\xa9S\xfc\xe4'?!\x12\x89P\
SS\xc3[\xdf\xfa\xb6\xa4Z\x05\x16\xb3\x0dh\xb5\xda\
\x08\xc1(\x22\x08P\xa0\xf3A\xe0\xfcLOR\x14\x85\
k\xae\xb9\x86\x8a\x8a\x0aTU\xe5\xfe\xfb\xef\xcfj\xf5\
/I\x12w\xdd\xf5_\xcc\x993'\xe3s\x05\x82|\
 I\x12\xd5\xd5\xd5\x04\x02\x01FFFR\xb4\xa0\x96\
\xe2\x82\x02=\x1ewRY\xea\xb9s\xe7p\xdf}\xf7\
q\xfat\xe6U\xfb|>\x1fs\xe7\xcee`` \
\xedL\x9a\x9e\x9e\xb3D\x22\x11f\xce\x9cIuu5\
\x0d\x0d\xf5\xbc\xf4\xd2K\x19\x8f\x9d'\x14`\x10x\xd4\
jC\x04\x1aB\x00\x08t\xbe\x01d\xbcqx\xc1\x05\
\x170\x7f\xfe|\x00v\xed\xda\xc5\xae]\xbb\xb2\x1a\xfc\
\xaa\xab\xde\xcc\xa7>\xf5\xa9\xac\xce\x15\x08\xf2\x85$I\
\xd1\xdc\xfe\xd0\x84\x22@Q\xe4\xa4\x0a\x95z\xab\xea?\
\xfc\xe1\xe1\x8c\xc7nlld\xf5\xea\xd5\xcc\x9d;\x17\
UU\xe9\xec\xecL\xeb\xbc\xc3\x87\x0f3e\xca\x14\xea\
\xea\xeaij\xd2J\x1f\xbf\xfe\xfa\xeb\x19\x8f\x9f'f\
\x02\xdf\x06ro\x9d(\xc8\x19\xb1\x05 \x00\x98\x8c\xd6\
\xc3;#\x1a\x1a\x1a8\xff|\xcdi\x10\x0a\x85\xf8\xdb\
\xdf\xfe\x96\xd5\xe0\x8a\xa2p\xc7\x1dwdu\xae@\x90\
o\xb4Z\x14\xcd\xd4\xd6\x8e\x1f\x94j\xec6h\xe4\xe6\
\x9bo\xa2\xbe\xbe>\xe3q\x8f\x1f?\xce\xe0\xe0 \x8a\
\xa2\xb0t\xe9R\xb6n\xdd\x9a\xd6\xbe\xbe\xaa\xaa\xfc\xf2\
\x97\xbf\x8ce'l\xdc\xb8\x91\xb6\xb6\xb6\x8c\xc7\xcf\x13\
\xad\xc0\x06\xab\x8d\x10h\x08\x01 \x00\xb8\x98,\xcaB\
o\xdc\xb81\xe6\xf2|\xf6\xd9g\xb3\x0e\xfc\xbb\xf9\xe6\
\x9b\x987onV\xe7\x0a\x04\x85\xa2\xa9\xa9\x89\x9a\x9a\
\xb1\x83SGFR\xbb\xe9}>\x1f\xef}\xef{2\
\x1eOU\xd5\xb8T\xda\xfa\xfaz\xb6n\xddJss\
\xf3\x84\xe7\x0e\x0c\x0cp\xff\xfd\xbf\x02\xb4X\x84\xab\xaf\
\xbe\xc6N\xad\xa6o\xb2\xda\x00\x81\x86\x10\x00\x02\xc8\x22\
\xfdo\xd6\xacYL\x9b6\x0d\xd0\x0a\x92l\xdf\xbe=\
\xab\x81=\x1e\x0f\xb7\xddv[V\xe7\x0a\x04\x85\xa6\xb1\
\xb11V>8Uq\xa0P(u\xb1\xbb\x0f~\xf0\
\x03Y\xf5zx\xe5\x95W\xe2^{<\x1e6n\xdc\
\xc8\x8c\x193&<\xf7\xd5W_\xe5\x85\x17^\x004\
o\xdd%\x97\x5c\x92\xf1\xf8y\xe2* \xb9\xa7\xb2\xa0\
\xe0\x08\x01 \x90\x80M\x99\x9c \xcb2\xeb\xd7\xaf\x8f\
\xbd\xde\xbe};CCCY\x0d\xfe\x81\x0f\xbc\x9f)\
Sl\xe3\x9e\x14\x08&\xa4\xa6\xa6\x86\xba\xba\xd4\x05\xaa\
\xc6\x12\x00\xcd\xcd\xcd\x5cq\xc5\xe5\x19\x8f\xd5\xd7\xd7\x97\
ThH\x96e\xd6\xacY\x13\x8b\xbd\x19\x8f?\xfc\xe1\
\xf7\xb1\x1e\x01+V\xacd\xf6l[\x04\xd9\xfa\x81\xab\
\xad6B \x04\x80\x00\xceC\x8b\x01H\x9b\x05\x0b\x16\
\xc4\xf64\x07\x06\x06x\xf6\xd9g\xb3\x1a\xb8\xb2\xb2\x92\
O\x7f\xfa\xd6\xac\xce\x15\x08\xac\xa4\xba\xba\x9a\xc6\xc6\x86\
\xa4\x1e\x0ez{\xe1T\xdcr\xcb\xcdY\x8d5\x96\xb8\
^\xbe|9\x0b\x16\x8c\x1f\xba\xd3caWc\x00\x00\
 \x00IDAT\xdf\xdf\xcf\xff\xfd\x9fV\x94K\x92\
$\xae\xb8\xe2\x0a\xbb\xa4\x06\xdeh\xb5\x01\x02!\x00\x04\
Znn\xdaH\x92\xc4\xaaU\xabb\xaf\xb7o\xdf\x9e\
u+\xd2\x0f|\xe0\xfd466fu\xae@`5\
>\x9f\x8f\xa6\xa6F\x14e\xf46:\x9e\x00\xb8\xf8\xe2\
\x8b3\xf6v\xe9\xa9\x88c\xb1l\xd9\xb2X\x01\xae\xb1\
\xd8\xbe};'N\x9c\x00\xa0\xb6\xb6\x96\x95+Wf\
dC\x9e\xb8\x10\x98j\xb5\x11\xe5\x8e\x10\x00\x82\xab2\
9x\xc1\x82\x05\xd4\xd5\xd5\x01\xda\xde\x7f\xb6i\x7fn\
\xb7\x9b\x0f\x7f\xf8\xc3Y\x9d+\x10\xd8\x05\xb7\xdbMc\
c#\x0e\x87\x16\x0c;^\xc1 Y\x96\xb9\xe1\x86\x1b\
2\xba\xfe\xdc\xb9s\xf1x<\xe3\x1e\xb3j\xd5*\xa6\
L\x992\xe6\xf7#\x91H\xcc\x0b\x00\xb0~\xfd\x06|\
\xbe\x9c\x1a~\x9a\x81\x0cd\xf6a\x08LG\x08\x80\xf2\
f!\x90Q\xf8\xfd\xf2\xe5\xcbc\xcf\x9fy\xe6\x991\
S\x9f&\xe2\xa6\x9bn\xa4\xa5e\xe2hf\x81\xc0\xee\
8\x1c\x0e\x1a\x1b\x1b\xf1x\xdc\xe3z\x00\x00n\xb9\xe5\
\x96\xb4[?\xfb\xfd~\x96,Y2\xe1q\x92$\xb1\
z\xf5\xeaqS\x04\xf7\xee\xdd\x1b\xf3\x02x<\x1e.\
\xbcp}Z6\xe4\x99\x1b\xc9\x22\xfbH`\x1eB\x00\
\x947\x19\xb9\xff\xdb\xdb\xdbcMF\x82\xc1`\xd6%\
\x7f\x15E\xe1\xe3\x1f\xffxV\xe7\x0a\x04vD\x92$\
\xea\xea\xea\xf0\xfb\xfd\xe3\x1e7}\xfa\xb4X\xed\x8c\x89\
X\xb5jU\xda\xa9{.\x97\x8b\xb5k\xd7\x8e).\
TU\xe5\xcf\x7f~,\xf6z\xe5\xca\x95v\xe8\xb49\
\x1bX5\xe1Q\x82\xbc!\x04@y\x93\x91\xfb\x7f\xd9\
\xb2e\xb1\xe7;w\xee\xcc\xba\xef\xf8\xb6mW1{\
\xf6\xac\xac\xce\x15\x08\xecL:\x01v\xdb\xb6M\xfco\
7k\xd6,Z[3+\x9b\xdf\xd8\xd8\xc8\xdc\xb9c\
;\xf4\xf6\xec\xd9\xc3\xc9\x93'\x01M\x84\xafZ\x95q\
\xe5\xef| \x82\x01-D\x08\x80\xf2e\x06\xb08\xdd\
\x83\xab\xaa\xaab\xc1F\xe1p\x98\x1d;vd=\xf0\
\xad\xb7\x96g\xc9\xdf\x89\xdc\xc3\x82\xf2\xe0\xea\xab\xaf\x1e\
w\x1b\xc0\xe7\xf3q\xdey\xe7eu\xed\x85\x0b\x17\x8e\
\xeb\x05x\xf2\xc9'b\xaf\x97-[6a|A\x01\
\xb8\x1e\xc8\xbc@\x82\xc0\x14\x84\x00(_\xde\x9e\xc9\xc1\
\xcb\x96-\x8b\xddXv\xef\xde\x9du\xd5\xbfM\x9b6\
\xb1t\xe9\xd2\xac\xce-v\xf4|lAy3eJ\
[\x9c7-\x91U\xabVeU4\x084\xf1PS\
3v\xc9\xe2\xdd\xbbw\x13\x08\x04\x00-\x80\xd1\x06\xff\
\x8b\xb5\xc0F\xab\x8d(W\x84\x00(_\xd2\x16\x00N\
\xa7\x93s\xce9\x07\xd0V\x11\xb9\xac\xfe?\xfd\xe9\xf2\
\x5c\xfd\x83\x10\x00\x82Q\xc6\xda\x06hmm\xcd\xb9n\
\xffx\x99\x08###\xec\xd9\xf3b\xec\xf5\xf9\xe7_\
\x80,[>\x0d\x5ck\xb5\x01\xe5\x8a\xe5\xbfy\x81%\
\xac&\x83\xe8\xff\xf9\xf3\xe7\xc7\x5c\x85/\xbf\xfc2\xdd\
\xdd\xddY\x0d\xbax\xf1b.\xba\xe8\xa2\xac\xce-v\
\x22\x91H\xd6\x19\x13\x82\xd2\xe3\xaa\xabR\x0b\x80\x85\x0b\
\x17\xe6t\xdd\xe3\xc7\x8fs\xf6\xec\xd9q\x8f1\x16\xee\
\xaa\xa9\xa9\x99\xb0\x8e@\x01\xb8\x0a\xb1\x0d`\x09B\x00\
\x94'\x195\xe3X\xb4hQ\xecy.\xab\xff\x0f\x7f\
\xf8CY\x9f[\xec\x04\x02\x01\x22\x11\xd1\x01U\xa01\
{\xf6,f\xcc\x98\x1e\xf7\x9e\xc3\xe1\x88e\xd9\xa4b\
xx\x98\xc3\x87\x0f\xf3\xe2\x8b/\xb2\x7f\xff~N\x9e\
<\x19'*;;;\xd3\xea\xc8y\xf8\xf0\xe1\xb8\xd6\
\xc2\x13U\x13,\x005@y\xae\x0c,\xc6\x165!\
\x05\x05\xc5C\x06.\xb7\xba\xba\xba\x98K\xf2\xd5W_\
\x8dE\x11gJmm-\xd7]W\xbe\x9e\xbe@ \
0\xaekVP~l\xde\xbc\x99\xff\xf8\x8f\xff\x8c\xbd\
\x0e\x85B\xf4\xf7\xf7SY\xa9\xf5\xc9\x19\x19\x19\xa1\xb3\
\xb3\x93\x13'Np\xec\xd8\xb11=ozQ\x9fL\
\xb2r\xf6\xec\xd9\x13\xeb\xe71\x7f~\x07\x8a\xf2\x10\xe1\
p8\xcb\x9f\xc4\x14\xae\x01\x1e\xb6\xd2\x80rD\x08\x80\
\xf2\xe3J4\xc5\x9d\x16\xfa\xde?\xc0\x93O>\x99\xf5\
\xa0\xefy\xcf\xbb\xedP}\xcc2FFFPU\x15\
UU\xd3.\x04#(m6m\xda\x14'\x00\x00\x1e\
z\xe8!\xfc~?\xa1P(\xed\x06[\xd9\xa4\xe3\xee\
\xdf\xbf?&\x00<\x1e\x0f\xd3\xa7\xcf\xe0\x95W\x0ed\
|\x1d\x13\xb9\x12x\x1f`\xa9\x0a)7\xc4\x16@\xf9\
qK\xba\x07\xca\xb2\x1c\xdb\x93<r\xe4\x08G\x8f\x1e\
\xcdj@Y\x96y\xcf{2\xef\x87^*\xa8\xaaJ\
0\x18\x8a=\x17\x08\x006lX\x9fT7 \x12\x89\
\xd0\xd7\xd7\x97uw\xcdt9z\xf4H\x9cp\xb0\xc1\
6@\x03p\x81\xd5F\x94\x1bB\x00\x94\x173\x81\xcd\
i\x1f<sf\xac\xb2Y.\xab\xff\xcb.\xdb\xca\xf4\
\xe9\xd3\xb2>\xbf\xd8\x09\x85B\xb1\x89_\xd4\x02\x10\xe8\
\xd4\xd4\xd4\x8c\x9b\x0e\x98O\x22\x91\x08\x07\x0e\x8c\xae\xf8\
\xe7\xcc\xb1E\x9b\xe0+\xac6\xa0\xdc\x10\x02\xa0\xbc\xf8\
\x10\x19\xfc\xce\xcf=\xf7\x5c\x00N\x9d:\xc5\xc1\x83\x07\
\xb3\x1e\xf4\x03\x1fx\x7f\xd6\xe7\x96\x02\x22\xfa_0\x16\
\x1b6\xac\xb7l\xec\x03\x07\xf6\xc7\x9eWUU\x8d\xdb\
u\xb0@\xbc\xc9j\x03\xca\x0d!\x00\xca\x07/\x19D\
\xff\xfb\xfd~\xa6O\xd7\xa2\x94\xb7o\xdf\x9e\xf5\xa0S\
\xa7\xb6\xb3i\xd3\xa6\xac\xcf/\x05\x8c\x02@l\x01\x08\
\x8c\x18[k\x17\x9a\xc3\x87\x0f\xc7\xbd\x9e2\xa5\xdd\x22\
Kb\xcc\x05l\xe1\x8a(\x17\x84\x00(\x1f\xde\x0e\xd4\
\xa5{\xf0\xa2E\x8b\x90e\x99\x9e\x9e\x1e\xf6\xee\xdd\x9b\
\xf5\xa07\xdex\xa3\x1d\x0a\x8dXJ0\x18\x8c=\x17\
\x02@`d\xd5\xaa\x95\x96\x05\x85\x9e={6.\x0e\
 \xd7\x02D&!\xbc\x00\x05\xa4\xbc\xef\xcc\xe5EF\
~x=\xfa\x7f\xc7\x8e\x1dY\xef[K\x92\xc4;\xde\
\xf1\x8e\xac\xce-%\xf4\x00@\x81 \x91\x86\x86\x86\xa4\
z\x00\x85BUU\x8e\x1f?\x1e{=e\xca\x14K\
\xecH`\xab\xd5\x06\x94\x13B\x00\x94\x07\xab\x80\xb4\xa3\
\x8d\xda\xdb\xdb\xa9\xad\xadepp\x90\x17^x!\xeb\
A\xd7\xad[\xc7\xcc\x993\xb2>\xbf\x140\x06\x00\x82\
\xf0\x00\x08\x92\xb1r\x1b\xc0\x98\xd9\xd3\xdc\xdcl\x87\x14\
\xd5\xd5@\x85\xd5F\x94\x0bB\x00\x94\x07\x1f\xcf\xe4`\
\xbd\xf2\xdf\xf3\xcf?O(\x94\xfd\xea\xf5\xa6\x9bD\xa7\
\xcf\x5c>?Ay\xb0r\xe5J\xcb\xc6>~\xfcX\
\xec\xb9\xd3\xe9\xb4C \xa0\x0bXo\xb5\x11\xe5\x82\x10\
\x00\xa5\xcf4`[\xba\x07{<\x1e\xe6\xce\x9dK8\
\x1c\xe6\xf9\xe7\x9f\xcfz\xd0\x8a\x8a\x8a\xb4\xfa\x9e\x97:\
\xc6\xfd\x7f\x10\x1e\x00A2K\x96\xa4\xdd\x95\xdbt\xce\
\x9c9\x13\xf7\xba\xbe\xbe\xc1\x22K\xe2\xb8\xd8j\x03\xca\
\x05!\x00J\x9f\x8f\x93A\xc5\xc7\x05\x0b\x16\xe0t:\
\xd9\xbbw/\x03\x03\x03Y\x0f\xbam\xdbUTT\x08\
O^\xa2\x07@\x08\x00A\x22\x1d\x1d\x1d\x96\x06\x02\x1a\
ih\xb0\x85\x00\xb8\xc4j\x03\xca\x05!\x00J\x9bZ\
\xe0\x9d\x99\x9c\xa0\xe7\xfe\xef\xdc\xb93\xa7\x81\xaf\xbf\xfe\
\xba\x9c\xce/\x15\x12=\x006\xd8c\x15\xd8\x8c\xea\xea\
j\xda\xdb\xad\x09\xc0\x1b\x1a\x1a\x22\x10\x08\xc4^\xd7\xd5\
\xa5\x9d(\x94O\xe6\xa0y.\x05yF\x08\x80\xd2\xe6\
\x03d\x10P\xd3\xde\xdeNcc#]]]\x1c9\
r$\xebAkkk\xd9\xb0aC\xd6\xe7\x97\x12\xa1\
\x90(m.\x98\x98\x85\x0b\x17M|P\x9e\xe8\xe9\xe9\
\x89=\xb7A\x0c\x80\xceF\xab\x0d(\x07\x84\x00(]\
\xdc\xc0\x8739a\xf1bm/2\x97\xc8\x7f\xd0\xdc\
\xff.\x97h\xef\xad\xaa\xaa(\xfd+H\x8bE\x8b\x16\
Z6\xb6\xb1\x16@MM\xda}\xc2\xf2\xcd\x85V\x1b\
P\x0e\x08\x01P\xba\xbc\x03hN\xf7`\xaf\xd7\xcb\x9c\
9sPU\x95\x17_|1\xa7\x81\xaf\xb9\xe6\xea\x9c\
\xce/\x15D\x06\x80 ]:::,\x1b\xdb\xd8x\
\xc8F\x1e\x80\xf5V\x1bP\x0e\x08\x01P\x9a(\xc0g\
29\xa1\xa3\xa3\x03EQ8z\xf4hN\xc1\x7f\x0d\
\x0d\x0d\xc2\xfd\x1f%U\x7fu\x11\x03 H\x85\x95\xf5\
2\x86\x87\x87c\xcf}>\x9f]\xfeF\xa7\x00\xd6T\
H*#\x84\x00(Mn\x02fgr\x82\xde\xf6w\
\xdf\xbe}9\x0d\xbcm\xdbUI-N\xcb\x95T\x02\
@ H\x85\xdew\xc3\x0a\x8cA\x80\xb2,\xe3v\xbb\
-\xb3%\x81\xf5V\x1bP\xea\x08\x01Pz(\xc0g\
39\xa1\xb1\xb1\x91\xc9\x93'\x03\xf0\xca+\xaf\xe44\
\xf8\x9b\xdf|eN\xe7\x97\x12B\x00\x08\xd2\xa5\xa9\xa9\
\x89\xca\xcaJK\xc6N\x8cS\xf1x\xbc\x96\xd8\x91\x82\
\xf5V\x1bP\xea\x08\x01Pz\xdcH\x86\xab\x7f\xbd\xf2\
\xdf\xa9S\xa7\x92\xf2\x823\xc1\xef\xf7\xb3n\xdd\xba\xac\
\xcf/5\x84\x00\x10d\xc2\xb4i\xd3,\x19WU\xe3\
\x05\x80\xd7\xeb\xb1\xc4\x8e\x14\xac\xb6\xda\x80RG\x08\x80\
\xd2\xc2\x01|>\xd3\x93f\xcf\xd6\xf4\xc2\xc1\x83\x07s\
\x1a|\xe3\xc6\x8b\xf0xls\xf3\xb0\x1c\x11\x03 \xc8\
\x04+\x9b\x02\x19q8\x9c\x96\xd8\x91\x82\x99\xc0$\xab\
\x8d(e\x84\x00(-\xde\x0e\xcc\xca\xe4\x84\xfa\xfa\xfa\
X\xeaO.\xb9\xff\x00\x97^ziN\xe7\x97\x1a\xa9\
R\x00\x85\x00\x10\x8c\x85U\x1e\x80Dd\xd9V\x7f\xa3\
+\xac6\xa0\x94\x11\x02\xa0tP\x80\xcfez\x92\x1e\
|\xa4\xaa*\xc7\x8e\x1d\x9b\xe0\xe8\xb1\x91$\x89\xad[\
E'O#\xa9\xca\xfe\xca\xb2\xf8\x97\x13\xa4F\x8f\xc3\
)4Ng|\xcd\x0e\x9b\x89T\xeb:%\x95\x01\xe2\
nT:\xbc\x1d\x98\x9b\xe9I3g\xce\x04\xa0\xb3\xb3\
3.\x1f8S\xce9\xe7\x1c\xda\xdaZ\xb3>\xbf\x14\
\x11\x1e\x00A&X'\x00\xe2]\xfe\x92d\xabi\xc1\
\xba^\xc9e\x80\xad~\xd3\x82\xacQ\x80/dz\x92\
\xc3\xe1`\xca\x14\xad\x06y.\xab\x7f\x80\xad[\xb7\xe4\
t~)\x12\x89${\x00\x84\x00\x10\x8cEs\xb35\
\x02\xc0\xe5\x8a\x17\x00\xa1Pp\x8c#-a\x05\xda\xfd\
M\x90\x07\x84\x00(\x0d\xde\x86\xd6@##\x1a\x1b\x1b\
Q\x14\xed\x7f\xeb\xe4\xc9\x939\x19\xb0q\xe3E9\x9d\
_j\xa8\xaa\x9ar\x0b@\x08\x00\xc1X47\xa7]\
\xb8\xd3T\x5c\xae\xf8\xbc\x7fc]\x00\x1bPI\x16\xf7\
6Az\x08\x01P\xfcd\xb5\xfa\x07\x984i4\xc0\
\xf6\xf4\xe9\xd3Y\x1b\xe0v\xbbY\xb9Rl\xd5\x19\x11\
\xee\x7fA\xa6X\xb5\x05\x90\xd8\xb6\xdbX\x19\xd0&,\
\xb6\xda\x80RE\x08\x80\xe2'\xab\xbd\x7f\xd0\xba\xf6\xe9\
tuuem\xc0\xaaU\xab\xf0zmS<\xc4\x16\
\x08\x01 \xc8\x94\xda\xdaZK\x82D\x13\x05\xc0\xc8\xc8\
H\xc1m\x98\x80%V\x1bP\xaa\x08\x01P\xdc\xb8\x80\
\x7f\xc8\xf6d\xbf\xdf\x0fh\xdd\xc0\x8c\x1d\xc12\xe5\xc2\
\x0bE\xf1\x9fDR\x09\x00\x9b\xa5W\x09l\x86,\xcb\
\x05\xaf\x06(IR\xec>\x00\xda\xe4oC\x0f\x80\x10\
\x00yB\x08\x80\xe2\xe6}@\xd6]D|>\x1f\x90\
\xdb\xea\x1f`\xc3\x86\xf59\x9d_\x8a\x88\x14@A6\
TWW\x15t<\x9f\xcf\x17\x8b\x03\x02r\xaa\x04\x9a\
G\xc4\x16@\x9e\x10w\xa4\xe2\xc5O\x16U\xff\x8c\xe8\
\xff\xf8===Y_\xc3\xe3\xf1\xb0|\xf9\xf2\x5c\xcc\
(I\x84\x00\x10dCUUa\xdb\xf1\xd6\xd5\xd5\xc5\
\xbd\xce\xe5^\x90G\x1a\x806\xab\x8d(E\xc4\x1d\xa9\
x\xf9\x18\x90S\xd4\x90\xbe'\x9d\x8b\xfb\x7f\xd5\xaaU\
\xa2\xfco\x0a\x84\x00\x10d\x83^\x95\xb3P\x18\xe3\x80\
\x00zzl\xe9\x01\x00Xh\xb5\x01\xa5\x88\xb8#\x15\
'\xb5\xc0's\xbd\x88\xbeO=00\x90\xf55V\
\xae\x14\x95:S!\x04\x80 \x1b\xaa\xaa\x0a\xbb\x05\x90\
\xe8\x018u\xeaTA\xc7\xcf\x00\x91\x0a\x98\x07\xc4\x1d\
\xa98\xf9\x1c\x9a\x08\xc8\x09=\xdf7\x17\x01\xb0b\x85\
\x10\x00\xa9\x10\x02@\x90\x0d>_a\xb3i\xea\xeb\x1b\
\xe2^\x9f8\x91[=\x90<\x22\x04@\x1e\x10w\xa4\
\xe2\xa3\x05\xf8\x90\x19\x17\xd2\x05@.[\x00\xe7\x9dw\
\x9e\x19\xa6\x94\x1cB\x00\x08\xb2\xc1\xedvO|\x90\x89\
$\x16\x1f:y\xf2DA\xc7\xcf\x80\x8cZ\x9c\x0b\xd2\
C\xdc\x91\x8a\x8f\xbf\x07|f\x5cH\xcf\xf7\x0d\x85B\
Y\x9d\xdf\xdc\xdcLkk\x8b\x19\xa6\x94\x1cB\x00\x08\
\xb2\xa1\x90\x02\xc0\xe1p\xd0\xd00\xea\x01\xe8\xe9\xe9\xc9\
i1\x90g\x84\x07 \x0f\x88;Rq1\x1d\xb8\xc5\
\xac\x8b\xe9\xf9\xbe\xd9\x0a\x80\x15+D\xf4\xffX\x08\x01\
 \xc8\x86B\x06\xd4N\x9a4).\x050\xd7~ \
y\xa6\x1d\x10\xd5\xc6LF\xdc\x91\x8a\x8b\xaf\xa0\x15\xff\
1\x05\xbd\xfb_8\x1c\xce\xea|\xe1\xfe\x1f\x1b!\x00\
\x04\xd9PH\x0f@ss\xbc\xf7\xee\xb5\xd7\x0e\x15l\
\xec,\x90\x81\x99V\x1bQj\x88;R\xf1p.p\
\xbd\x99\x17\xccu\x0b`\xe9RQ\xa0+\x13\x84\x00\x10\
LD!\x05@KK\xfc\xfe\xffk\xaf\xbdV\xb0\xb1\
\xb3Dl\x03\x98\x8c\xb8#\x15\x0f_\xc6\xe4\xdf\x97\xee\
\x01H\xb5ZM\x87\x05\x0bDj\xeeX\x08\x0f\x80 \
\x1b\x0a\xd9/\xc2\xe8\x01\x08\x04\x02\x9c8a\xdb\x00@\
\x1d!\x00LF\xdc\x91\x8a\x83\x15\xc0ef_T\x9f\
\xa4\x1c\x0eG\xc6\xe7VUU\x89\x00\xc0qH\x14\x00\
\x92$\x09\x01 \xb0\x0d\xb2,\xd3\xd4\xd4\x14{\xfd\xfa\
\xeb\xaf\xa7\xec_a3\xa6Ym@\xa9!\xeeH\xc5\
\xc1\xd7\x80\xbc-\x0d\xb2\x11\x00\x1d\x1d\x1d\xa2\xbb\xdd8\
$\x0a\x00\xd1\x08H\x90\x0e\xd9z\xe32e\xf2\xe4\xc9\
\xb8\x5c\xa3\xe1D\xfb\xf7\xef/\xc8\xb89\x22V\x1c&\
#\x04\x80\xfd\xb9\x14\xd8\x90\x8f\x0b\xeb\x11\xc0\xd9\x09\x80\
\xf9f\x9bS\xd2\x88\xd5\xbf\xc0N\xcc\x98\x11\x1fO\xb7\
o\xdf>\x8b,\xc9\x08!\x00LF\xdc\x95\xec\xcf\x17\
\xf3ua\xbd\xf5h6\x02`\xde\xbcyf\x9bSR\
${\x00\xc4\xbf\x9a\xc0>\xcc\x981\xdaD\xf4\xc4\x89\
\x13\x9c=\xdbm\xa15i#\x04\x80\xc9\x88\xbb\x92\xbd\
Y\x0f\x5c\x90\xaf\x8b\xeb}\xc0\xb3\xc9=\x16\x1e\x80\xf1\
\x11\x02@\x90\x0d\x85\xd8\x87W\x14\x85\xa9S\xa7\xc6^\
\xef\xdd\xfbr\xde\xc74\x89&\xc4\x9ce*\xe2\xc3\xb4\
7\x9f\xcb\xe7\xc5\xf5  ]\x08d\xc2\xdc\xb9\xc2\x03\
\x90\x09\xc6\x82+\x02\xc1X\xe8\xa9\xb9\xf9\xa4\xadmJ\
\xdc\xfe\xff\xde\xbd{\xf3>\xa6I(@a\xfb%\x97\
8B\x00\xd8\x97\xc5\xc0\xe6|]\x5c\x92$Z[[\
\x81\xd1\xad\x80tQ\x14\x85\xb6\xb6\xd6|\x98U2\x08\
\x0f\x80 \x1b\xf4\xfe\x1c\xf9d\xe6\xccQ\xf7\x7f__\
\x9f\xdd+\x00&R\xd8~\xc9%\x8e\xb8+\xd9\x97O\
\x91\xc7\xc8\xff\xe6\xe6\xe6\x98\xeb?S\x0f@KK3\
N\xa73\x1ff\x95\x0cB\x00\x08\xb2\xa1\x10\x02\xc0\xb8\
\xff\xbfw\xef\xde\x82e\x1e\x98D\xce]P\x05\xa3\x88\
\xbb\x92=\xa9\x01\xb6\xe5s\x80\xa5K\x97\xc6\x9eWT\
Tdtn{\xfb\xd4\x89\x0f*s\x84\x00\x10dC\
\xbe\x05\x80\xcb\xe5\xa2\xadmJ\xec\xf5\xbe}E\xe3\xfe\
\xd7\x11\x1e\x00\x13\x11w%{\xf2\x16\xf2\xd8\xf8\xa2\xa2\
\xa2\x22.\x8a\xbf\xa6&\xb3\xff\xa9\xf6\xf6)\x13\x1fT\
\xe6\x08\x01 \xc8\x86|\x0b\x80\xd9\xb3g\xc7\xe2Q\x82\
\xc1 \x07\x0f\x1e\xcc\xebxy\xc0\x94N\xa8\x02\x0dq\
W\xb2'\xa6u\xfcK\xc5\xa5\x97^\x1a\x17\x94VY\
Y\x99\x91K\xbf\xbd\xbd=\x1ff\x95\x14\x89^UQ\
4I\x90\x0eCC\xc3y\xbd\xbeQ\xf8\xef\xdf\xbf\x9f\
`0\x98\xd7\xf1\xf2@\xe69\xcb\x821\x11\x02\xc0~\
\xccG+\xfd\x9b\x17\x96-[\xc6\xcc\x99\xf1E@$\
I\xa2\xbe\xbe>\xedk\x08\x0101\xa9J\x01\x0b\x04\
\x13\xd1\xdd\x9d\xbf||Y\x96\x993gn\xec\xf5\x0b\
/\xec\xca\xdbXyD\x08\x00\x13\x11\x02\xc0~\x5c\x99\
\xaf\x0b\x9fs\xce9l\xdc\xb81\xe5\xf7\xea\xea\xea\xd2\
\xbe\x8e\xc8\x00\x98\x18\xb1\x05 \xc8\x86\x9e\x9e\x9e\xbc]\
{\xea\xd4i\xf8|\x9a\x07=\x10\x08p\xe0\xc0\x81\xbc\
\x8d\x95GD\xf4\xb1\x89\x085e?.6\xfb\x82\x0e\
\x87\x83\xf5\xeb\xd7\xb3l\xd9\xb21\x8fihhH\xfb\
z\x99x\x0b\xca\x91T\xc5\x5c\x84\x07@\x90\x0e\xf9\xac\
\xc87\x7f\xfeh\xf1\xae\x97^\xdaS\x8c\xee\x7f\xd0j\
\x01\x08LB\x08\x00{\xe1\x04V\x99u1Y\x96\xe9\
\xe8\xe8\xe0\xfc\xf3\xcf\x9fp\x85?y\xf2\xe4\xb4\xaf[\
[\x9b\xbe\xb7\xa0\x1cI\x95V%\x04\x80 \x1d\xce\x9e\
\xcd\x9f\x07\xc0\xb8\xff\xff\xc2\x0b/\xe4m\x9c<\x93\xdf\
 \x892C\xf8%\xed\xc5\x22L\x8c\xfe\xaf\xae\xae\xa6\
\xad\xad-\xadB?\xcd\xcd\xcdi_\xb7\xb6Vd\xe2\
\x8cG*\x01 \xb6\x00\x04\x13122\xc2\xc0\xc0@\
^\xae=y\xf2djk\xb5\x14\xfa\x81\x81\x81b\x8c\
\xfe\xd7\x19\xb2\xda\x80RB\xdc\x95\xec\xc5\x223/\xd6\
\xdd\xdd\xcd\xc3\x0f?\xcc\xf7\xbf\xff}\xb6o\xdf>n\
\x9dq\x8f\xc7\x93v\x1c\x80~#\x11\xa4&\xf1s\x16\
\xab\x7fA:\x9c={6o\xd7\xee\xe8\xe8\x88=\xdf\
\xb3\xe7\xc5\x82\xf4\x1c\xc8\x13\xc2\x03`\x22B\x00\xd8\x8b\
\xbcD\xd7\x0d\x0f\x0f\xf3\xd8c\x8fq\xd7]wq\xf4\
\xe8\xd11\x8f\x9b2e\xe2\xfc\xfe\xaa\xaa*Q\x05p\
\x02\x92\x03\x00\x85\x00\x10LL>\xdd\xff\x0b\x17\x8e\xae\
-v\xed*Z\xf7?\xc0\xa0\xd5\x06\x94\x12B\x00\xd8\
\x8b\xbc\x86\xd7wvv\xf2\xd3\x9f\xfe\x94\x9d;w\xa6\
\xfc\xfe\xf4\xe9\xd3'\xbcF]\x9dX\xfdO\x84\xf0\x00\
\x08\xb2\xa1\xa7'?\x1e\x80\x96\x96\x16\x1a\x1b\x1b\xa3c\
\xf4\xf0\xc6\x1b\x87\xf32N\x81\xc8\x9f\x9b\xa4\x0c\x11\x02\
\xc0^\xe4\xbd\xdfu$\x12\xe1\x91G\x1e\xe1\xcf\x7f\xfe\
s\xd2\xf7\xa6M\x9b6\xe1^\xb5\x08\x00\x9c\x18!\x00\
\x04\xd9\x90\xaf-\x00\xe3\xea\xff\x85\x17v\x15[\xed\xff\
D\x8e[m@)!\x04\x80\xbd\xc8\xbc/o\x96<\
\xf5\xd4S\xec\xd8\xb1#\xee=\xb7\xdbM[[\xdb\xb8\
\xe7eZ6\xb8\x1c)\xe2\xfdU\x81\x85\xf4\xf4\xf4\x9a\
~MI\x92X\xb4ha\xec\xf5\xae]EY\xfcG\
'\x00\xe4o\x9f\xa4\x0c\x11\x02\xc0^\x84\x0b9\xd8c\
\x8f=\x96\xd4\x0b|\xe1\xc2\x85c\x1c\xad\xa1\x17\x12\x11\
\x8cM\x91\xaf\xb0\x04\x16\xd1\xd5\xd5e\xfa5\xa7Li\
\xa7\xa6F\xdb\xb6;v\xec\x18'O\x9e4}\x8c\x02\
r\x1c\x10\xff\x5c&\x22\x04\x80\xbd\x08\x15r0UU\
y\xf8\xe1\x87\xe9\xed\x1d]y\xcc\x9b7\x0f\x97\xcb5\
\xe69\x8a\x22\xfed&Bx\x00\x04\xd9\xd0\xd9\xd9i\
\xfa5\x17-\x1au\xff\xef\xdc\xf9\xbc\xe9\xd7/0\xc2\
\xfdo2\xe2nn/\x0a^\x9a+\x10\x08\xf0\xc8#\
\x8f\xc4^;\x9d\xce\xb8\x8aa\x89\x18\x9b\x08\x09R#\
b\x00\x04\xd9p\xfc\xb8\xb9\xf3\x9b,\xcb,X\xb0\x00\
\xd0\xfe&\x8b\xb8\xf8\x8fN\xd1\xf5.\xb6;\xa2\x12\xa0\
\xbd8e\xc5\xa0\x07\x0f\x1e\xe4\x95W^a\xd6\xacY\
\x00\xac\x5c\xb9\x92\xdd\xbbw\xa7\x5c\xc9\x0a\x0101b\
\x0b@\x90\x0d\xc7\x8e\x1d3\xf5z\xb3f\xcd&\x18\x0c\
r\xf4\xe8\x11\xba\xba\xbaX\xb8p!\xc1`0Vp\
(\x10\x08\x10\x08\x04\x18\x1a\x1abp\xb0(\xb2\xeb^\
\xb6\xda\x80RC\x08\x00{aY~\xce\xa3\x8f>\xca\
\x8c\x193\x90e\x99\xda\xdaZ\x16,X\xc0\xee\xdd\xbb\
\x93\x8e\x13\x02`b\x12\x05\x80\x10\x04\x82t8v,\
w\x0f\x80\xc7\xe3a\xd9\xb2e\xcc\x9a5\x8b\xd6\xd6V\
\x14E\xa1\xa2\xc2\x8f\xcf\xe7\xa3\xa6\xa6\x86\xbe\xbe>\xfa\
\xfb\xfb\x19\x1a\x8a/\xa8\xa7\xaa*\x83\x83\x83\x0c\x0e\x0e\
\xd2\xdb\xdb\xcb\xd9\xb3g\xe9\xeb\xeb#\x14*\xe8\xae\xe4\
D\xbcd\xb5\x01\xa5\x86\x10\x00\xf6\xe2u\xab\x06\xee\xea\
\xeab\xd7\xae],Y\xb2\x04\x80\xd5\xabW\xf3\xd2K\
/\x11\x0e\xc7\xc7%\x0a\x0101\x89\x9e\x13!\x00\x04\
\xe9p\xfcx\xf6\x1e\x80\xca\xcaJ\xd6\xad[\xc7\xa2E\
\x8bR\x16\xea\xd2\xff\x06%I\x1a\xb3W\x85\xdf\xef\xc7\
\xef\xf7\xc7j\x06H\x92\xc4\xe0\xe0 \x03\x03\x03\xf4\xf4\
\xf4\xd0\xdb\xdbK__\x1f###Y\xdb\x99#\xc2\
\x03`2B\x00\xd8\x8bCV\x0e\xfe\xd7\xbf\xfe\x95\x8e\
\x8e\x0e\xdcn7\xd5\xd5\xd5\xac\x5c\xb9\x92'\x9ex\x22\
\xee\x18!\x00&Fx\x00\x04\x99\x12\x0e\x879y2\
\xbb\x1d\xc0\xd5\xabW\xb3f\xcd\x9aq\x83wA\xfb;\
TU5\xed\x98\x14UU\xf1z\xbdx\xbd\xde\xb8n\
\xa1\xc3\xc3\xc3\xf4\xf7\xf7\xc7\xbc\x09===\x0c\x0f\xe7\
\xbdBo\x0f\x16\xdf\x1fK\x11!\x00\xec\xc5N\xb4L\
\x80\x8c\x7f/\x1e\x17\xac?\x17\x96\xcc\x86i\x93\xa0\xc2\
\x0b#!8t\x1cv\x1f\x82Gw\xc2\xd9\xfe\xf1\xaf\
188\xc8\xd3O?\xcd\x9a5k\x00\xed\xc6r\xe8\
\xd0\xa1\xb8\xe0$!\x00&&\xd9\x03`\x91!\x82\xa2\
\xe1\xe4\xc9S\x19\xbb\xdb+**\xb8\xfe\xfa\xebii\
i!\x10\x08p\xf8\xf0aN\x9f>MOOO\x9c\
\x8b\xdf\xe3\xf1\xe0t:c\x13\xbf\xfe\xf7\x99mIo\
\x8f\xc7\x83\xc7\xe3\x89\x13\x05\xc1`0&\x0a\xba\xbb\xbb\
\xe9\xee\xee6{\xfb`\x07\x22\x05\xd0t\x84\x00\xb0\x17\
\x83\xc0n`I\xba'4T\xc3\x17\xdf\x017l\x86\
\xdaq\x9a\xfe\x85#\xf0\xbf\xcf\xc2\xf7\x1e\x82\xdf=\x05\
\x911\xfe\x95v\xec\xd8\xc1\x92%K\xf0\xfb\xfd\xc8\xb2\
\xcc\x96-[\xb8\xfb\xee\xbbc[\x01\x22\xa2}b\x12\
'|\xe1\x01\x10L\xc4\x89\x13\x99\xed\xff\xb7\xb6\xb6r\
\xf5\xd5Ws\xea\xd4)\xee\xbd\xf7^\xf6\xef\xdf\x9f\xf1\
\xdf\x99\xc3\xe1\xc0\xe7\xf3\xe1\xf7\xfb\xa9\xa8\xa8\x88m\x01\
x<\x9e\x8c\xff\xcf\x9dN'\xb5\xb5\xb5\xd4\xd6\xd6\xd2\
\xde\xde\x8e\xaa\xaa\xf4\xf5\xf5q\xea\xd4)\x8e\x1d;f\
\xc6\xb6\xc1\x8e\x89\x0f\x11d\x8a\x10\x00\xf6c;i\x0a\
\x80w^\x0a\xdf\xfa\x00TUL|\xac\x22\xc3%\xcb\
\xb5\xc7\xb3\xfb\xe1c\xdf\x83\xbf\xbe\x98|\x5c0\x18\xe4\
\xb1\xc7\x1e\xe3\xb2\xcb.\x03\xa0\xb1\xb1\x91K.\xb9\x84\
\xdf\xff\xfe\xf7\x00I\xc1C\x82dRm\x01d\xe2z\
\x15\x94\x1fG\x8f\xa6\xbf\xff\xdf\xdc\xdc\xcc\xf2\xe5\xcb\xf9\
\xc9O~\xc2\x993g\xb2\x1e3\x14\x0a\xd1\xdb\xdb\x1b\
W\x07\x04\xb4\xf4\xc1\xea\xeaj\xea\xea\xea\xa8\xa9\xa9\xa1\
\xba\xba:\xe3v\xd6\x92$QUUEUU\x153\
g\xce\xa4\xbb\xbb\x9bC\x87\x0e\xd1\xdd\xdd\x9d\xad\xb9\xcf\
d{\xa2`l\x84\x00\xb0\x1f\x7f\x01\xde?\xde\x01\xcd\
5\xf0_\x9f\x80KWg7\xc0\xb29\xf0\xf8\xbf\xc0\
w\x1e\x80O\xff'\x04\x12\xaa\x0f\xbc\xf8\xe2\x8b\xcc\x9f\
?\x9f\x193f\x00Z1\x91\xae\xae.\x9ez\xea)\
\xfa\xfb'\xd8G\x10\xa4$\x12\x89\x88\xed\x93R&2\
\x8c\xd4\xf38\xf4?\x8b\x14\xeeGU\xaa\xa1\xe2\x1c\xd4\
\xaa\xd5\xa0\x8c\xe3\x9a\x8b\x92n\x0a\xa0\xdb\xedFQ\x14\
\x1e|\xf0\xc1\x5c-\x1e\x93H$\x12s\xe3\x83&\x08\
\x1a\x1b\x1b\x99<y2\xb5\xb5\xb58\x1c\x99M\x1b\x92\
$QWWG]]\x1d\xdd\xdd\xdd\xec\xdb\xb7/\x9b\
\xfb\x88\xf0\x00\xe4\x01!\x00\xec\xc7\xc3\x8c\x11\x07 I\
\xf0\x96\xf3\xe1+7\xc3\xf4\x99\xb9\x0d\x22I\xf0\xd1m\
\xb0b\x1e\x5cq\x1b\x9cN\xa8\xb0\xfd\xbb\xdf\xfd\x8e[\
n\xb9\x85\x8a\x0a\xcd\xbd\xb0n\xdd:\xce\x9e=K\x7f\
\xff@n\x03\x97\x01\xa9\x5c\xb1B\x00\x94.R\xd7\xef\
\x90_\xfd\x08\x04\x8e\x8c\xbe\x17{\xe2@\xadX\x8aZ\
w\x05j\xc36\xf0\xceNy\x8dt\x8b\x00\x05\x02\x01\
\x8e\x1c92\xf1\x81&\x12\x89D8y\xf2$'O\
\x9eD\x96eZZZ\x982e\x0a~\x7f\xe6\xadK\
jkkY\xb9r%\x07\x0e\x1c\xe0\xf0\xe1\xb4\xb3\x9e\
\xdf\x00\xcc-\x92 \x00D%@;\xd2\x05<\x91\xf8\
\xa6\xcf\x05w\xbe\x1d\xbex\x1dL\x9ba\xde`\xab:\
\xe0o\xff\x0am\x8d\xf1\xef\x0f\x0e\x0e\xf2\xc0\x03\x0f\x10\
\x0cj\xee\x01I\x92\xb8\xfc\xf2\xcb\x93\xd2\x02\x05\xe9!\
>\xb7\xd2D:\xf3\x10\xf2\xcb\xd7\xc6M\xfeq\xa8!\
\xa4\xbe\x1d\xc8\xaf\x7f\x11\xe5\xd9\x05(\xcf-B>\xf0\
>\xa4\x93w\xc3\xe0\xfe\xd8af\x17\x01\xca\x17\x91H\
\x84#G\x8e\xf0\xe4\x93O\xf2\xfc\xf3\xcf'm\x1f\xa4\
\x83$I\xcc\x993'\xad\xf6\xe3Q\x9e\xcex\x10A\
Z\x88%\x89=i\x00.\xd6_T\xfb\xe0\xbb7\xc3\
\xf2\x990w\x018\xb2\x0b\xde\x1d\x93\xfa*\xd8\xba\x02\
\xee\xfd3\x0c\x1a\xb2y\xfa\xfa\xfa8q\xe2\x04\xf3\xe6\
\xcdC\x96edY\xa6\xb9\xb9\x99\xb3g\xbbc%F\
\x05\xc9\xf4\xf6\xf6%\xbd\xa7Gb\x0bJ\x88P\x17\xca\
\x8b\x17C$\x83\xb8\x98\xe0\x19\xa4\x81\x9dH]\xbfA\
>\xfe}\xe4c\xdfA:}?\x95\xe1g\x995y\
\x80)MP\xe5\xd7\x02I\x07\x86\xec\x9dA244\
\xc4\xd1\xa3G\x19\x18\x18\xa0\xa6\xa6&\xe3\xad\x81\xfa\xfa\
\xfa\xa4\x8c\x851\xf8\x1f\xe0\xaf\xd9\xda)\x18\x1b\x11\x95\
dO\xda\xd1r^e\xb7\x13\xbew3\x9c\xd3\x0e\x93\
\x9a\xa1=m\xd1\x9c9\x7f\xde\x05\x9bn\x85P\xc2b\
\xb5\xbd\xbd\x9dm\xdb\xb6\xe1v\xbb\x01m5\xbbl\xd9\
R\xae\xbd\xf6\x9a\xfc\x19S\xc4\x1c=z,i\x1b\xa0\
\xa6\xa6:\xb6\x9d\x22(\x0d\xe4\xc3w \x1d\xbe#o\
\xd7\x0f\x86\xe0\xf5\x93\xb0\xe3ex\xef7` \xef\xa9\
\xf6\xd9\xe3p8\xe8\xe8\xe8\xa0\xa9\xa9)\xa3\xf3\x86\x87\
\x87\xf9\xeb_'\x9c\xdb/\x02\x1e\xcd\xd66\xc1\xd8\x08\
\x0f\x80=\xe9\x01\xd6I\x123\xfe\xf1zX9K\xdb\
\xb3\x9f9\x17\xf2\xb9\x8d<m2x\x9c\xf0\xbf\xcf%\
\x18\xd3\xd3\xc3\xfe\xfd\xfbimm\xa5\xa2\xa2\x02Y\x96\
9z\xf4\x18G\x8e\x1ce\xf1\xe2s\xf3gP\x91\xd2\
\xdf\xdf\x9f$\x00\x5c.WL@\x09J\x03\xe9\xe0\xad\
H\xc1\x13y\xbb\xbe\x22C]\x15\xfc\xeaq\xf8\xa3\xcd\
c\xe0\xf58\x01I\x92\xa8\xad\xadM\xfb<\x87\xc3\xc1\
\xc0\xc0\x00\x03\x03c\xc6\x16\x0d\x03\x1f\xa1\xc0\x9dR\xcb\
\x05!\x00\xecK\xe4\xe6ul\xbbv\xa5\xf6\xa2\xb6\x1e\
\x1a'\xe5\x7f\xd0\xd5\x0b\xb4\xc2A/'\xc4\xe7\x0c\x0d\
\x0d\xb1{\xf7n\x86\x87\x87inn\xc6\xe5rq\xfa\
\xf4i^y\xe5U\xce;oY\xfe\x0d+\x22R\x09\
\x00\x87\xc3\x81\xd7\xeb\xb5\xc8\x22\x81\xe9D\x86\x91\x0f~\
\x9c|\xd7\xa6\xe9<\x0bo\xfd\x12\x8c\x14\xbcOhv\
tww\xe3p8\xa8\xae\xaeN\xfb\x9cH$2^\
+\xe4\xc7\x81\x1f\x99a\x9b \x19\x11\x04hS\xee\xff\
\x18\xaf\xbe\xf7\xa2\xd1\xd7\xf5\x0dc\x1fk*\x12\xdc\xf3\
Yh\xaaI\xfeV$\x12\xe1\x99g\x9e\xe1\xdf\xff\xfd\
\xdfy\xe4\x91G8v\xec\x18\x87\x0e\x1d\xe2\xeb_\xff\
F\x81\x8c+\x0eR\xe5\xfb\xa7\xea\xac((b\x82\xa7\
\x81\xfc\xffN\xef\xbc\x17\xfa\x8a\xa2Q\xdf(\x07\x0e\x1c\
`hh\x08\xa7\xd3\x89\xd3\xe9\xc4\xe1p\xa0(\xca\x98\
u0&\xf0\x8c\x09\xd7\x7f\x1e\x11i\x806\xe4\xc0\xbf\
\xe2\xee\xee\xe1?\xf5\xd7\x92\x04\xd5\xe9{\xd5r\xc6\xeb\
\x81\xdf\xdf\x01\xcb?\x9a:\x08idd\x84\x9d;w\
\xb2s\xe7N\x14E\xa1\xa9\xa9\x89c\xc7\x8eq\xe7\x9d\
\xdf\x14\xc5n Z4%>\x90B\x08\x80\x12#\x12\
\xc8\xfb\x10\x81 \xfc\xd7\x1f\xf2>\x8c\xe9\xa8\xaa\xca\x1b\
o\xbc\x11k,\xa6\x17\xc2\x8aD\x22\x84\xc3\xe1\xa4\x12\
\xc1\xfa\xebesa\xe7\x01\xadj\xa9\x81\xff+\x8c\xd5\
\xe5\x89\xf0\x00\xd8\x90\xee\x1e>\x01,\xd4_\xfb+ \
\xc3B\x5c9\xb3\xac\x03\xeex\xdb\xc4\xc7\x85\xc3a\x8e\
\x1f?\xcew\xbe\xf3]\xde\xf9\xcew\xd9\xad}\xa8%\
\xa4\xca\xf7\x17i\x80\xa5\xc5\xd0@\xb4\x90\x8d\x04\xb8\x01\
\xaf\xe1\xe1\x89>\xdc\x86\x87\x13pE\xbf:\xa2\x0f\xc5\
\xf0\xd5\xf8\x90\xb5\xeb\xde\xff\x178\x95u\xe1<k9\
z\xf4(.\x97\x0b\x97\xcb\x15\xe7\x09\xd0\x9f\x1b+\x0b\
\xea\xfb\xffKg\xc3s?\x80\xb5\xe7\xc4\xbeu\x1aQ\
\x00(\xaf\x08\x01`3v\xdc\xced\xe0\xb3\xc6\xf7*\
&.$\x96\x17>v=\x5c8?\xfd\xe3\x7f\xfc\xe3\
{\xb8\xf6\xda\xeb\xca\xbe\x5cp\xaa\xb2\xa9\x91\xb1\x9a/\
\x08\x8a\x8e\xc3\xcf?\xc8o\xbfv\xb1\xb6\x01\xe0C\x9b\
\xd4\x8d\x13\xb8>\xc1;\x0d\x0f7\x9a\x00p\xa3\x89\x03\
\xa3X\xf0E\x1f\xde\xe8W?P\x01\xf7\xfd\xa5p?\
\x93\xd9\x84\xc3adY\xc6\xe9t\xc6D\x80\xcb\xe5\x8a\
\x89\x00\x87\xc3\x11\xf3\x16\x9e<y\x12\x80\xa3\xa7\xe1\x9c\
\x99\xf0\xe7o\xc3\xed7\x83,s?\x22\xf8/\xaf\x08\
\x01`7\x14\xbe\x0eT\x19\xdf\xb2*v\xcc\xef\x87\xef\
\x7f\x10fd\x90\xd9\xf3\x9b\xdf\xfc\x96\x8d\x1b7\xe7T\
\xa3\xbc\xd8I\x95\x0f-\xb6\x00J\x83\xd7\x9f\xfd\x15\x8f\
\xff\xe0\xadx]\xdd\xa8\xc6\xadk\x95\xf8x\xc0\x89\xf4\
^\xe2\xb1j\xfc\xf3\xa1ax\xe4\xc9\xdc\xed\xb5\x0a\xbd\
\x8d\xb0Q\x00\x18'\x7fEQp8\x1ctuu\xc5\
\xca\x02wG\xcbgH\x12\xfc\xc3\xcd\xf0\xc2\x8f(@\
\xd8sy#\x04\x80\x8d\xd8\xfe%\xce\x07\xde\x9e\xf8\xbe\
\xc7g\x811Qf\xcd\x84\x7fz\x9bV\x890]v\
\xec\xd8\xc1\x86\x0d\x17q\xe4\xc8\xd1\xfc\x19fc\xc6*\
\x88\x22\xba\x02\x167g\x8f\xef\xe5/\xffu\x13\xb5u\
aV\xae\x8d\xd6\xcb\x88\xa0\x85{D\x18\x9d\xc8'\x98\
\xdc\xe3\xbe7\x06O\xec\x8a/\xcaUlL\x9b6-\
n\xf2O\x0c\x08t8\x1c\xa8\xaa\xca\xde\xbd{c\xe7\
x\xbd\xc4U\xa6Y0\x9d+\xd5\xc7xO\xe1\xad/\
\x1f\x84\x00\xb0\x09\xd1fq\xdf Eq&\x8f\xc7\x02\
\x83\xa2\xb8\xdcZ<\xc0g\xde\x94\xd9y/\xbd\xf42\
\x17^x!\xfb\xf6\xed\x9f\xf8\xe0\x12C\x08\x80\xd2d\
\xc7/>N84\xc2\xe9N\xf8\xd3\x1f`\xcf\xb3\xc0\
\x90\xe11\x0c\x04\x18\x15\x03FQ\x90(\x10&\x10\x09\
\x8f=[\x80\x1f(\x8f,Z\xb4(e\x0c\x80>\xf9\
\x03\xec\xdc\xb9\x93\xc1\xc1\xd1\x14\x87\xfa\x1a\xb4\xed\x8f\xf8\
\xa4\x80;\xd5Gi+\xa0\xe9e\x85\x10\x006\xe1\xe9\
;x;pA\xe2\xfb\x0e\x87\xf9\xa5\x7f3e\xcaT\
\xd8\xb4\x08.K\xabI\xf1(\xaf\xbf~\x98\xf5\xeb7\
\xf0\xcc36\xafbb2c\x09\x00\xb1\x0dP\xbc\x9c\
9\xfc<\xc7^\xfaS,+&\x10\x80S\xa7\x12\x0e\
\x8a\xa0\xedX\x0f\x11/\x04t\x12=\x01\xe3\x88\x84\xa7\
_\xca\xcf\xcfQ\x08\xce=\xf7\xdcX\xad\x10\xa3\xfb_\
Q\x14\x14E!\x14\x0a\xf1\xd4SOq\xe2D|\x11\
\xa5\xf9\xd3\xd1\x96?.\xb4X\x08m)T\x81\xcc\x17\
\x0a\xfd3\x94\x0bB\x00\xd8\x80'\xee\xc4\x8b\xc4WS\
}\xcfm\xe1\xea_\xc7\xe1\x80\xd66\xf8\xe8%0\xbd\
q\xe2\xe3\x8dtvv\xb2i\xd3\xc5<\xf2\xc8#\xf9\
1\xce\x86H\x92\x84\xd3\x99,\x02\x84\x07\xa0xy\xe5\
\x89\x1f\x8f\xce\xdf\xaa6Ow\x8d\x17\xa1\x1fF\xf3\x08\
\x84\x18\x7f\xc5O\xea\xe7\xbb_\xc9\xd1`\x8b\xa8\xa9\xa9\
\xe1\xfc\xf3\xcf\x8f\x8b\xf8\xd7'\x7fY\x96\xe9\xed\xed\xe5\
\x91G\x1eI\xd9\xfd\xf0\xbc\x0e\xc3\x0b\x85Q\x11\xa0\xf2\
.\xf5\xcf\xe4\xb1\x08z\xf9\x22\x04\x80\x0dP\x06\xf8\x0c\
0%\xd5\xf7\xec \x00\x00\xda\xa6@\x85\x17\xbex\x15\
\xb82\xac\x1e\xd1\xdf\xdf\xcf\x9b\xde\xf4f\xfe\xed\xdf\xfe\
=?\xc6\xd9\x10\x97+9hB\x08\x80\xe2\xe5\xe8\xcb\
\xff\x07\xaaa\xee\x8e\x06\xea\x05F&81\xc8\xa87\
\x00&t\xfd\x03\x0c\x05\xe0\xd8\x98\x85\xf1\xec\x8b\xdb\xed\
f\xeb\xd6\xad\xb8\xddndY\x8e+\x00\x14\x0c\x06y\
\xee\xb9\xe7x\xe0\x81\x07Rv\x10\xf4\xbaa\xe3\x8a\x84\
7e\xb4\xcc\x08\x09'\xf0\xd1\x02\xfc\x08e\x87\x10\x00\
\x16\xf3\xccW\x99'%\xa4\xfd\x19qg\x10|\x97O\
\x14\x05\xa6N\xd5<\x00\xef\xdd\x90\xf9\xf9\xe1p\x98\x8f\
|\xe4\xa3|\xfc\xe3\x9f(\x0bW\xb8\x10\x00\xa5Cp\
\xb8\x8f\xb3\xc7\xf7jstt\xa2\xd6\x7f\x93iu\xc3\
\x8d\xa0\x89\x804\x13\xdaN\x16a\x02\x8d\xd3\xe9d\xcb\
\x96-TWW\xc7\x15\xfd\xe9\xeb\xeb\xe3\xd9g\x9f\xe5\
\xae\xbb\xee\xe2\xe9\xa7\x9f\x1e\xf3\x7f`\xe3r\xf0\xa5Z\
\xec(h[\x02*7\xaa\x8fb\x93\xe5P\xe9 *\
\x01Z\x88z;\xf2\xd3a~Hb\xd8\x8b\x01\x97\x8d\
\xfa\xc7\xb4\xb4\xc2k\x87\xe1\xaa\x15\xf0\xcc!x*\x0b\
7\xe5w\xbe\xf3]\x8e\x1e=\xca\xddw\xdfU\xd2\xb5\
\xf1=)\x227E\x95\xc4\xe2d\xa0\xeb\x0d\xd4\xa8h\
\x95\xa4Q\x0f\x00@_?4\xa6[\xa6{$z\x9e\
\x82\xee\xda\x1e\x0d\xf9U\x89-\xc7\x8e&{\xc7m\x8d\
\xc7\xe3a\xd3\xa6M\xd4\xd6\xd6\x12\x89D\x18\x19\x19\xe1\
\xc8\x91#\xbc\xfc\xf2\xcb\xec\xdd\xbb7-\xe1\xfb\x9e-\
\xc0 \xdado\xfc|@\xab\xa3\x10\xa2\xae\xf7\x0c\xd7\
\xa1\xb5\x06\x16\x98\x84\x10\x00\x16\xf2\x8c\x83\x8f\xa2\xb2z\
\xbcc|\x16\xa6\x00&\x22\xc90g&\xec\xde\x03\xb7\
^\x06\xef\xf9!t\x8d\xd9\xc4kl\xee\xbf\xff\x01\x8e\
\x1e=\xc6\x03\x0f\xfc*\xe3\xf6\xa1\xc5\x82\xa2(8\x9d\
\x0e\x82AQ\xc7\xa4\xd8\x19\xec9\x11\x9b\xab\xf5\xb9L\
\x17\x02\x81L\xea\xf4Kh^\x800\xda\xa4f\x9c\xe4\
\xd0\x9e\x07\x07\xe0\xc8\x113\xac.\x0c>\x9f\x8f\xb5k\
\xd7\x12\x0e\x87\xd9\xbbw/\xc7\x8f\x1f\xe7\x8d7\xde\xc8\
\xa8\xf2\xe5\xd4Ip\xc7/\x01\x8c\x00\x00 \x00ID\
AT\xd9\xf9h\x9f\xcb\x10\x9a\x00\xf0\x10\x9f\x0f\xe5\x82\
\xc1A\xfe\xe5\xd1\xdb\xf9\xf5\x86\xdb9k\xea\x0fQ\xc6\
\x88-\x00\x8bx\xea+\x9c\xa3\xaa|e\xa2\xe3<6\
[$7L\x02\x9f\x17\xaa}\xf0\xa9\xcbS\xe4,\xa6\
\xc9\xf6\xed\xdbY\xb3fmI\xa7\x09&z\x01\x84\x07\
\xa08\x09\x05\x87\xb5\xc0?\x83\xeb?\x96\x0d\x90M\xd1\
K\x15\xcd\x1b\x10d\xb4\x86@Dk/\x10\xe8\x87\xd3\
=&\x18] TU\xe5\x8f\x7f\xfc#\x7f\xf8\xc3\x1f\
x\xf2\xc9'y\xed\xb5\xd72.{\xfd\xd9\xb7k\xad\
\x8fc\x84\xd1\xbc\x01\xc6\x9dB\x05\xaa\xeb\xa8U\x03\xa2\
3\xa0\x99\x08\x01`\x01\xdb\xbfJ\xbd\xac\xf2\x00Z\x9c\
\xeb\x98\xb8\x9c\xe0\xb0I\x0c\x80\x8e$\xc1\xfc\xb9\xda=\
l\xf9txS\x0e\x9d\x80\x0f\x1e<\xc4\x85\x17\xae\xe7\
\x89'\x9e0\xcd>;\x91\xb8\xc5\x91\xaaD\xb0\xa0\x08\
\x88\xce\xf6\xba\xeb?\x96\xc5\xa7Bh\xa2 \xc0\xf1\xd0\
\xd3\x06\x83\xc0\x08\x0c\x9d\x01u\x04\xa4\x22j\x1b14\
4\x94SL\xcf\xdc)\xf0\xee\xcbR|CE\xcb\xa2\
\xd0\x9f\xab\xe0\xa9\x04Ya\xdb\xa3\x9f\xe3\xcdY\x0f(\
\x88C\xdc\x91\x0a\xcc\xae\xaf\xe3\x97\xc2\xfc\x1a\x95\x19\x13\
\x1d[_\xc0\x0e\x80\x99P]\x07uU\xda\xff\xe5\xbb\
7d\x9e\x1ah\xe4\xf4\xe9\xd3l\xde|\x09?\xfb\xd9\
\xcfM\xb3\xcf.h\xb5\xcfG\x1b\x03\x09\x0f@q\xe2\
p\xf9b+\xfe\xc4@\xc0P\xd0\x9c1\x82\x01P#\
\xda\xc3UFw\xe5o~\x08\x1c\xc9\xbd\xb34\x22h\
[\x02\xd1\xcf[rhE\xd1T\xf8\x075{\xe7\xa3\
\xc0@\x19\xfd\xa9Y\xcf\x13\xb7S\x17\x18\xe6\x0f\xa4(\
\xf8\x93\x88$AMM\x01\x8c\xca\x06\x09\xe6\xcd\x05T\
p)\xf0\xe9+2O\x0d4\x12\x08\x04\xb8\xf1\xc6\x9b\
\xf8\xfa\xd7\xbfa\x9a\x89v\xc1\x17\x0d\xe2\x90eYx\
\x00\x8a\x14\x97\xaf:6\xf1\x1b\x85\x00*\x8c\x98%\x00\
\x86!\x12\xd1\xae?\xd6|Xj\xbcu#\x5c\xb6j\
\x82\x83\xc2h\xdb%Q\xa2YQ\x8b\x1f\xfd\x1c[\xf2\
fX\x19!\xeeH\x05b\xfbW\x99\xe3Px\x02X\
\x9b\xce\xf1U^p\xd9(\x000\x11_5\xb4M\xd2\
n\x84\xd3\x1a\xe0\xa6\xb4~\xaa\xb1QU\x95\xcf}\xee\
\xf3\xbc\xe3\x1d7\x94T7A]\x008\xc6\x5c\xe6\x08\
\xec\x8e\xd3S\x1d\x97\xfa\xa7\x1a\xb6\x01\xcc\xf8S\x8d\x84\
\xb4\x07*D\x82 \x97~\x96,\x93j\xe1_>\x9c\
\xe6\xc1!\xb4\xed\x80 xG\xb7D?\x9e\x0f\xbb\xca\
\x0d!\x00\xf2\x8cz;\xf2\x8e/\xf3Q)\xcc\xf3\xc0\
\xdct\xce\x91\x80\x9a\x0ap\xda,\x000\x91\x193F\
\xddwo^\x06\xe7\xa4,e\x94\x19?\xff\xf9/\xd8\
\xbc\xf9\x92X\x8b\xd0b\xc7\xe1p\xe0\xf5z\xc6,\x0f\
,\xb0?.oe\xd2\xfe?Qo\xc0P.1\x00\
Q\xc2\xa1Q\xefB`\x08*K<\xdb]\x96\xe1\x9e\
\xdb\xa0)\x93-\xceh\xbc\x84\x8f\x98\x00\xdb\xf0\xbf\x9f\
\x17\xdd\x02sE\x08\x80<\xb1\xe7v\x5c\xdb\xbf\xccM\
\xcf(\xbc\x88\xca\xb7\x99 \xe0\xcfH\x95\x0f|U\xda\
6\x80\x9dqW\xc2\xdc\xe9Q\xb7\xa8\x04\x1f\xdb\x92Y\
\xd7\xc0\xb1x\xea\xa9\xa7X\xb9r\x15\xcf=\xf7\x5c\xee\
\x17\xb3\x01\x15\x15\x15B\x00\x141.oU\x5c\xe0\x9f\
\xd1\x1b02\xa2\xed\xdb\xe7\x82\x1a]\xfd\x87\x02\x9a\x18\
h\xb1\xeb\xd6\x9fI|\xf1F\xd8\x94e\xf0\xb0\x02\xb8\
\x1d\x80\x8a\x22E\xb8\xcaL\xbb\xca\x11!\x00L\xe4\xa9\
\xdbi{\xfa\xcb\x5c\xbd\xe3\x0e\xee\x1aT8!\xa9\xdc\
\xa5\xc2\xfcL\xae\xa1\xc8P[\x01\x9e\xaa|Yi.\
MmP]\x09\xa8\xd0T\x05\xef\xc9\xa2J`*\x8e\
\x1c9\xca\x86\x0d\x1by\xf0\xc1\x87\xcc\xb9\xa0\x85\xb8\xdd\
\xee\x92.zT\xea(N\x0f\xb2\xecL\x0a\x04TU\
\x18\x89\x90s8Z8\xa2\xed\xff\x87\x02\xda\xc5\x1b\xab\
\xc0Y\xa2;F\x9b\xcf\xd3\x04@\xb6\x84\x83P\xe1\x8c\
yb.2\xcd\xb02\xa5l\x97%\xcf\xddNKX\
\xa1\x03\x98\xa9B\x13*\x0d\xc8)JMF\x18\x94$\
\x02\x00*\x0cHZ\xc3J\x22\x12~\x09\x5c\xaaJ\xa5\
\x04S\x81\x99\xc0\xa4\xb8 \xa1\x0cQ\x81\x86*\xf0\xf8\
\xc1Q$n@\x97\x0b\x16\x9c\x03\x7f\xfb\x9bvC\xdc\
\xb4\x10\x9e|\x05v\xbc\x9a\xfb\xb5\x07\x06\x06\xb8\xf6\xda\
\xeb\xb8\xf5\xd6O\xf1\x95\xaf|\xb9\xa8\xa3\xe8\x9dN\x8b\
[:\x0ar\xc2\xe9\xad\x22\xd0\x7f&\xa9\x10PX\xef\
\xe0\x97\xcb\x9f\xa6\xaa\x09\x80HX\xfb\xaaH\xd0Z\x07\
\xaf\x15a?\x80\xf1X8\x1d\xee\xfb\x7f\x099\xff\x19\
\x10\x09j\xde\x16\xbf\x13:\x07A\x86\xf5\xaa\xa18\xa3\
 s\xcaF\x00\xec\xb9\x1d\xd7\xa0\x83+T\x95+\x80\
\x8d!\x12zL'V\xe52\xbc\x9f\xaaq\x97\xa4\xc6\
\xbe\x9d3\xfa\x9eb\x8d\x1f\xfc\x1e\xf0\xd6\x99p\xd1\x02\
\xe2\xf5\xc1\xac\xe9\xb0\xffU\xedg\xf9\xf0f\xf8\xc81\
\xe81!@JUU\xfe\xf9\x9f\xbf\xce\xa1C\x87\xf8\
\xd1\x8f~\x18\x0b\xaa\x13\x08\x0a\x89\xc3\xedg\xb8\xef\x0c\
H\xa3\x15\x01%\x09\x82&\xe5\xecGF \xa2\x8ez\
\x17\x96N+-\x01\xd0Z\x0f\xbf\xb9\x03\xaa\xfd\xd9_\
C/7\xe0R\xc0!AH\xa5\xf1\x7f?\xc3\x14\xfe\
\x89\xc3\xe6XY~\x94\xfc\x16\xc0\x9e\xdb\xa9\xd8~\x07\
\xb7\x0f(\x1cVU~\x09\xdcD\xe2\xe4o!\xfa\x9e\
b\x85\x17\xea+\xc1W\x07\x0e\x1b\xd5\xffO\x07\x97\x02\
S\xe6\x80\xc7\xa5\xfd<\xd5>\xf8\xc0&s\xc7\xb8\xef\
\xbe_\xb2v\xed\x85\x1c>\xfc\x86\xb9\x17\x16\x08\xd2\xc0\
\xe9\xa9J]\x08\xc8$\x01\x10\x0a2za`\xf9\x84\
UB\x8a\x87\xfa*\xf8\xfd\x97aJ\x0e\xf5B\x00T\
\xc3g\xedtD\x1d/\x11\xce\xc9\xed\xaa\xe5MI\x0b\
\x80\xa7\xef\xe0\x9a\x01\x85}\x12\xfc\x03\xd8+b\xd4X\
Z\xb4\xd2\x07M\xd5\xe0\xf2\x83\xb7H\x03\x80\x1c\xc0\xb9\
K\xb5\xe7\xaa\x0a\xabf\xc1\x86\x8eqO\xc9\x98]\xbb\
v\xb1f\xcd\x1a\x9e~\xfais/,\x10L\x80\xd3\
S\x09\xa4(\x04d\x82\xf3Y\x92F\xaf\xa7\xdf\x17V\
\xcc\xcc\xfd\xbav`r-\xfc\xe9k0\x7fj\xeeA\
\xcd\x92\xc1_\xed\x92\x01\x15\xc20;\xb7\xab\x967%\
)\x00\xee\xbd\x17\xe5\xe9;\xf8\x9a\x0a\xf7\x02-V\xdb\
c$\xf6O\x8e\xf6\x0f\xd1T\xa5=\xdc\x15Pi+\
\x89\x92\x19NI\xb3\xbf\xb5y\xf4g|\xd7\x85\xd0P\
i\xee8\xc7\x8e\x1dg\xc3\x86\x8d\xfc\xf7\x7f\xdfe\xee\
\x85\x05e\x8f\xaa\xaa\x8c\x8c\x8c\xd0\xdf\xdfOoo/\
g\xcf\x9e\xa5\xbb\xbb\x9b3g\xce 9<I\x85\x80\
T5\x9a\x01\x90\xe3\xc4\xa6F4\xf7\xbf\xb11`k\
\x1d\xcc\xb7\xd5\x9d+s\xda\xea\xe1\xff\xfb\x0a\xcco'\
\xf78\x09\xb4\xb2\xe8\xba\x88P\xf4\xadY\x19\x13\x92\x8f\
\xcb\x97\x92\x8c\x01\x98\xba\x9f\x7fQ!\xdd2\x13\x05\xc3\
\xd8\x15\xb3\xda\x07u\x15Z\x1e\xbd\xb7\xaexW\xfeF\
\x940\xcc;\x07\x8e\x1c\xd7nh>7\xbc\xef\x22\xf8\
\x8a\xc9\x81\xfc\xc3\xc3\xc3\xbc\xe7=\xefe\xc7\x8e\x1d|\
\xfb\xdb\xff\x82\xcbe\xb3\x86\x09\x82\xa2@UUzz\
z8{\xb6\x87\xc1\xc1\x01\x02\x81\xc0\x98\xadkGB\
r\xca\x8e\x80H&\xa4\xeb\x1a\x5c\xff\x12\xa3\xcf\xb7-\
7\xff\x7f\xa7P\xcco\x83_~\x0ef\xb6\xa1y7\
$\xad\x9bh\xae\xb8*!\xd0\x0b\xb2\x14\x8d\xc3\xb0\xd9\
\x02\xaf\xd8(9\x0f\xc0\xd3_\xe6c\x92\x9a\xdd\xe4\xaf\
(PY\x09\x0d\xf50\xb9\x09\x9a'\xc1\xa4\x06\xa8\xaf\
\x83J\xbfV\xee\xd6\xa9h\x7f|\x99\xa0\xaa\xda9>\
\xb7\x96\xe23}\x92\xe6\xf2\xf7UCM{iL\xfe\
\x00\x0e\x15\x1c~X8\x7f\xd4\x95\xb9t\x1a\x5c8/\
?\xe3\xfd\xe0\x07?d\xf3\xe6K8q\xe2D~\x06\
\x10\x94,]]]\xec\xd9\xb3\x87\x83\x07\x0f\xd2\xd5u\
\x86\xe1\xe1\xe1q\xfb\xd6\xcbN\x7f\xac\xf8\x8f\xb1\x22\xa0\
bB\xba\x9eQX\xa8\x10\x0b4\xdc\xb6\x1cjs\x08\
\x9a\xb3\x8a\xcd\xe7\xc0\xc3\xff\x00\xd3[F\xef\x03\x12\x98\
\x121]\xd1\xa0}\x0d\xeb\x9e\x18\x95\xea\xdc\xafZ\xbe\
\x94\x94\x07\xe0\xd9\xdb\x99\x15V\xf9Z\xba\xc7\xcb\x8a6\
\xd9\xd75\x80\xcf\x0f\xcaD\x99Z\xaa\x96\xaa\x13\x0ej\
))\xa1 \x04G\xb4F\x1e\x81 \x84\x86\xe3=]\
\x92\x0c\x0eY[\xe5;\x14\x90\x9d\xe0t\x83\xc3\xab\xb9\
\xfc\xcdP\xc4vBR\xb52\xa6\xad\xb3\xe0\x95W\xa1\
?\xda\xc8\xe3\x96\x0ba\xf7\x11\xe8\xea7\x7f\xcc\xbf\xfd\
\xedo\xacX\xb1\x92_\xfc\xe2\xe7\x9c\x7f\xfe\xf9\xe6\x0f\
 ()TU\xe5\xb5\xd7^\xa7\xbb\xbb+\xa3\xf3\x14\
\x97/.\x03H\xd5]\xd1f\xe4\xeb\xcb\xc4<\x09Q\
\xa7\x02\x00\x1e'\xbco#|\xed\xd7&\x8cQ\x00d\
\x09>~\x19|f\x9b\xb6\xb8\x89\xf3\xfa\x9b\xe4\x01\xf0\
\xd5C\xcf1P\x07c\x05\xc8Jd\xf9d\x0d%%\
\x00B\x0a\xdf\x96`\xc2\x18z\xc5\x01mmZo{\
9\x93\x7f`\x09d\x87\xf6\xc0\x9b<\x90\xbe'\xa8\x86\
\xe3\xdd\xfd\x92\xa2\x8dS\xc4i\xeci\xa3\x84!\xe2\x84\
\xc5K\xe0/\x7f\xd3\xde\xf3\xbb\xe0\xdd\xeb\xe1\x9f\x7f\x9b\
\x9f1\xf5\xb8\x80/}\xe9\xff\xf1\xe9O\xdf\x9a\x9fA\
\x04%\xc1\xc1\x83\x87\xe8\xe99\x9b\xf1y\x8a\xdb\x1fK\
\xfd\xd3\xb3\x01$\xb2\xcfi7\xa2\xaf\x8ec_\xf5\xad\
\x05\x19\xde\xb2\x0a~\xfb<\xbch\xf3\xe4\x97\xb6:\xb8\
\xf3FX\xb7@\x0bf\xd6Q\xd1\x84AF\xf7\xd9q\
\x90d\xa8\x9b\x06otF\xaf-<\x009Q2k\
\xd0\x1d_b\xb9\x04[':\xae\xa6\x16\x16/\x83\xa6\
\x16\xf3\xfe(u\xa4\xe8\x1f\xba\xe2\xd2R\xf9\xf4\x87\xe2\
(\x8f\xc9\x1f4\x0f\x80\xa4Bu\x0b\xb44\x8e\xba5\
\x97M\xd72\x03\xf2E(\x14\xe2\xf3\x9f\xff\x027\xdd\
tsI5\x13\x12\x98GgggV\x93?\x80\xec\
\xd0*9&\x06\x02\x9a\xd1\xe3IU\xb5{\x04\xf2\xa8\
\x17@V\xb5\xff#E\x81o\xbc\x0djl\x5c\xfe\xe2\
\x9a\x15\xf0\xf0ga\xcd<\xad\x81\x994\xba?\x1f+\
\xaf\x22\x99\xb8\xd4\xf4Tk\x15HQ!\x82\xf0\x00\xe4\
B\xc9\x08\x00I\xe2}\x13\x1d\xd3\xda\x06\xb3\xe7\x9b?\
\xf1\x0b\xe2Q\xc2\xdaM`\xc1\x12\xed\xb5\x9e6\xf5\xae\
\xf5Z\x97\xc3|\xf2\x93\x9f\xfc\x94\xb5k/\xe4\xb5\xd7\
^\xcf\xef@\x82\xa2\x22\x12\x89p\xfc\xf8\xf1\xac\xcf\x97\
d%i\xff_\x05\x1c&\x14x\x94\xa2\x9eEI_\
\xfd\xcb\xc4\x89\x81\xe6\x1a\xf8\x8fwC}E\xeec\x99\
\xc9\xacIp\xf7\xfb\xe1\xebo\x8f\xc6H\xf9\xb5\x15z\
\xe2ZG2\xd1\x03\xa03m\x0e\xd4\xd6\x83\xaa\xd2\xa0\
&\x0f)H\x93\x92\x10\x00{n\xc7\x15\x81\xeb\xc7;\
\xa6i\x12\xb4\xb4\x17\xca\xa2\xf2F\x8e\x16\xec\xf0\xd4\xc0\
\xbc\x99\xa3A\xce\x15n\xb8au\xfe\xc7\xdf\xb9s'\
\xe7\x9f\x7f\x01\x8f=\xf6X\xfe\x07\x13\x14\x05]]]\
\x84B\xa1\xac\xcf\x97dG\xca\x8e\x80N\x93V\xb6\x8a\
st\x0b@\x965\xb7\xb9.\x08d\x19\xe6L\xd6D\
@k&\x1d\xf4\xf2D\x95\x17>\xf7&\xf8\xf5'a\
\xf5\x5c\xcdvO\xe5\xd8{\xfc\x13\xc6Ve\x81$\xc3\
\x92e\xe0\xf1\xe0|\xe0s\x14Y\xedT\xfbP\x12\x02\
`\xc8\xc1\x0a\x09\xc6\xd4\xc7>/\xb4\x97Pe-\xbb\
#\xa1y\x01\x00f.\xd42't\xb7\xe9\xea9\xda\
v@\xbe\xe9\xec\xec\xe4\xd2K\xb7\xf2\xcdo\xde9n\
t\xb7\xa0<\xe8\xe9\xe9\xcd\xed\x02\x92\x9c\xb2#\xa0\x19\
\x02@\x92\xa3\x0fC\x9cPl\xf27|\x9d\xde\x08?\
\xfd\x08\xbccM\xe6\x99HfP\xed\x83\xf7o\x84\xdf\
\x7f\x06n\x5c\xab\xfd_;\xdd\xe0\xaa\x18\xb5G\x8f\x91\
0\x16\xe8\x97\xf3\xd4\x06\xc3\xed\x86\xc5K\xc1\x0bs\xf2\
3B\xe9S\x12\x02 \xacr\xe1x\xdf\x9f1\xa7|\
\xf6\xe0\xed\x82\x12\xad\xdb\xadx`\xf19\xf1\x05\x90n\
Z\xabE8\xe7\x9bP(\xc4g>\xf3Y\xb6m\xbb\
\x9a\x9e\x9e\x9e\xfc\x0f(\xb0-\x83\x83\x039\x9d/I\
J,\x0d\x10F\xff\x9eM\xe9\xf1\x14u\xf5+.M\
\x08\xc8\x86\x95\xbf,E\x93\x04\xa2\xaf}N\xf8\xc8\xc5\
\xf0\x9d\x9ba\xf14\x13\xc6N\x83\xe6\x1a\xad\xd5\xf7\xef\
>\x0d\x1f\xda\xac\xd5/\x91\x15-\x93\xc9\xe53d=\
\xa5\xb8\xc7\xca\x8e\xfcf;\xd5\xd5\xc3\x92s\xf8X\xfe\
F(mJB\x00H\xb0p\xac\xefU\xd7\x82\xb7\x08\
si\x8b\x1d)\xa2\x052\x01\xb4\xcc\x84*\xdf\xa8\xdb\
\xb4\xce\x0fW//\x9c-\xbf\xf9\xcdo9\xff\xfc\x0b\
\xd8\xb3gO\xe1\x06\x15\xd8\x86H$B0\x18\xcc\xe9\
\x1a\x92,\xc7\xef\xffG_\x98!\x00b\xd5\xed\x9cZ\
\xd0_\xcc\x1b k\x93\xbe.\x0adIK+\x96%\
X6\x0d\xbes\x93&\x04.Z`\xbe\xa0v9`\
\xf3\x22m\x8c\x07?\x097\xae\x81Jw4\xb5\xd9\xa1\
\xb5+\x97\x0d\xf5\xb7\xf4\x9fA5<\x97(L_\x93\
\xa6I\x5c\xad\xfe\x1f\x0b\xf2?R\xe9Q\x12i\x80\x12\
\xcc\x1e\xcb\xc9\xdb\xd2\x5cPS\x04\x06\xe40D\x1cZ\
\x04\xf0yK\xe1\x7f\x1f\xd7\xdeW\x81\x8b\x17\xc1_\xf7\
\xc3\xeb\xa7\x0bc\xcb\xfe\xfd\x07X\xb3f\x1d?\xfa\xd1\
\x0f\xd9\xb6\xed\xaa\xc2\x0c*\xb0\x05\xe1\xb0\x09\x1d{$\
e4\xb5\xd7\xd0\x11\xd0\x8c\x22\x94\xb2<\x9a3\xef\xf0\
@8\xac\xad\xcct\xa1\xa1\xaf\xd2\xd4h\xebaY\x85\
H\xb4#\xde\xe2ipN;\x0c\x04\xb4\xff\xa7g\x0f\
\xc2\xae\xd7\xe1D\x16\xc9\x0e-\xb5p\xeeT-[g\
\xe5,\xcd\xe5\xafHZ\xaa\xa3\x22k\x99\x0aN/\xb8\
\xbc\xf1[\x10\xc6\x85\xbf\x1e\xb8\x08\x86\x94\xe9<#\xc9\
(H\xfc\x87\xaa\xb2V\x92Dk\xe0L(\x09\x01\xa0\
Bk\xaa\xf7e\x09\xfcU\x85\xb6F\xa0\xa3D\xb4\x8a\
]\xaa\x04\xd5m\xd0\xda\x08GNi\xdf\x93$\xb8y\
-|\xe9\xc1\xf8\x9a\x09\xf9\xa4\xaf\xaf\x8f\xeb\xaf\x7f\x0b\
_\xfc\xe2m|\xf1\x8b\xb7!\x89}!A\x9aH\x92\
\x16\xc6\xae\x12_\x08\xc8\xb4\x18\x00\x88\xd5\x00P\xdc\x10\
\x19\x8e\x0a\x03Cu@Y\x05U\x8e\xde\xb4#\x10\x8e\
\xe6\xd9\x85e-\xc0v\xf3\x02\xcd\x1b\x10\x0ek\xad\xb8\
\x0f\x9d\x82#]Z\x01\xae\xee\x01\x08G\xa0\x7fX\xf3\
\x16x]Z0\xdf\xa4jh\xae\x859\xcdP\xe5\x19\
\x9d\xec\x1d\xd1-\x07%\xfa\xd5\xe1\xd6\xa2\xfc\x8di\x8f\
\xfaVE\xec\xe7\x88~\xd5s\xff\x1dy\xce\xf8\x89C\
e5\x8fs\x1d\xf0\x8b\x02\x8eZ\xf4\x94\x84\x00\x00R\
N\xf355\xa5Wm\xaf\xa8P5\x11\x10\x8a\x067\
-Y\x06G\x1f\xd6\xfaz\xab\xc0\x8c&X?\x1f\x1e\
}\xa9\x80&\xa9*_\xfa\xd2\x1d\xec\xdb\xb7\x8f\x1f\xfd\
\xe8\x87x<\x9e\xc2\x0d.\xb0\x04Y6\xa3Z\x8f\x9c\
\xb2\x10\x90\xc3,\x01 A\x04@\xd2V\xda\xaa\x1bB\
\x81ha1\x05\x88D\x8b\x89\xc9\x10\x0a\x81>\x0fK\
\x92\xf6=)\xfa\x5c\x8a\x1eW\xe7\x87\x9a\xe9\xb0x*\
c.\x89\x15C\xac\x81\x22\x8dn3(\xf2\xe8W\xc5\
\xa9\xad\xf8\x1dN\xed8c\xc5\xc2\xd8\xf8\xc6\xe2E\x8c\
\xc63(\x85\x9e]T\xfeY}\x94\x87\xa4\x0d\x0c\x17\
x\xe4\xa2\xa5\xe8\xa7G\xf5vd \xa5\xd6\xac4\xb9\
\x13\x9d s\xe4\x10\xb1;\x90\xa7\x1e\xe6M\x8b\xcf\xa5\
\xbevE\xfek\x03\xa4\xe2\x17\xbf\xb8\x97-[.\xe3\
\xcc\x993\x85\x1f\x5cPP\x14E\xc9Y\x04H\xb2\x12\
\xd7\xae\x17\xb4\xbfc\xb3\xb6\x00b\x13\xab>);\xb4\
U\xb7\xec\x1c\x9d\x5c\x95\xa8PPdm\x92\x97\x95\xe8\
\xea<Zj\x5c\x91\xb5\xc8|\x87^\x82\x5c\xd2\xde\x8f\
{/zL\xe2{\xb1\x95\x7f\xf4:\x0e\x8f\x16\xdd\xef\
\xf2k\x13y,\xca\x9f\xe8\xa4a\x14\x01\x18j\x18D\
+\x18\xba\xac)\x5c\xd4\x8e\xc4\x07-\x19\xb9H)z\
\x01 \xddN\x84\xa8xND,\xee\xacGb4#\
\x00\xa0c\x99\xe66\xd5]\x9b^\xa7V\xee\xd4\x0a\xfe\
\xf2\x97\xbf\xb0f\xcdZ\x0e\x1e<d\x8d\x01\x82\x82\x91\
k\xc7HIVb\xa9\x7f0*\x04L\xc9\x02\x88\xde\
\x85\x13\xdd\xe9\x92\xa2M\xc4\x0e\xb761K\x8a\x16$\
\xa8O\xfc\xb1\xbd\xf9\xe8{\x8e\xe8\xf7\x1d\x8e\xd1\x89\xdf\
\xa9\xc4?\x8f{\xed\xd0\x8eu:\xa2B\xc0\xa9\x8d\xe7\
\xae\x06\xa7/:\xf1\xcb\x06Qb(\xf2#\x1bW\xfc\
\x86\x14@Y\x8af\x06X7\xb3|N}*\xb5G\
X\x90L\xd1\x0b\x80()]>fT\xe9\x12\xe4\x8e\
\x12&v\xe7\x94=p\xfe\xd2Q7\xaa\x8a\x16t\xd4\
\x912\x8a#\xff\x1c8\xf0\x0a\xeb\xd6]\xc8K/\x15\
p\x1fBPp\x9c\xce\x1c\x97\xea\xd1:\x00\x89\x1d\x01\
]fl\x01\x18*\xe5\xc5\xad\xa4\xa3\x13\xac\xac\x80\xe2\
\x05\xa7G\xf3\x0c(\xd1\x89^q\xc4{\x01\xe4\xe8{\
\xba\x08\x88=7x\x09\x1c\xd1\xd7\xfa5\x9cz\xe9r\
?8+\xb4}\xfbX\xd6At\xc2\xd7\x9d'\xb1\x95\
~\xf4\xb9l\xb43*\x02\xe4\xa8\x88\xb0\x90\x06\x86\xf9\
;K-(\x22JE\x00\xa4,\xfen\xc6\xd6\x9f \
w$5\xde\x0b\xd0<\x07\xea\xaa\x88s\xa9\xbe\xe3\x02\
\xedfd\x05'N\x9c`\xf3\xe6Kx\xe9\xa5\x97\xad\
1@\x90w\xdc\xee\x5c\xf3\xd1\xa4\xd8\xc4o\x14\xaff\
\xc4\x00@\xf26\x80\xac\xbb\xd8\x0d\x13\xb1$ku5\
do\xf4\xabS\x9b\xe4\x1d\xf2\xa8\x08P\xa4\xe8\xa4o\
\xf0\x08(\x8e\xd1\x87\xc3\x09\x0e\x976I+^\x90\xa3\
\x93\xbe\xe2\x8a\x8a\x09}lit\xf27~\x95\x8c\xb6\
\x12_\xb1P\x92\xc0S\x91\xba\x1e@\x81\xf9\xa4\xfa\x84\
\xa8\x0e\x98\x0e\xa52E\xa6\x0e\xfa\x10\x09!\xb6A1\
fbIp\xe1\xfa\xf8\xbd\xd4\xa6*-5\xd0*N\
\x9e<\xc9\x96-[8t\xe85\xeb\x8c\x10\xe4\x0d\x97\
+7w\xa0\x1a\x1e\xd1\xbe&\x14\x022k\x91\xa1\xef\
\xf5\xc7\xb5\x046\x08\x81\xd8dK4\x06\xc0\x11\x0d\xb4\
\xf3j\x82\xc0\xe1\xd5\x9e+>\x90\xdd\xd1\xad\x03\x8f\xe6\
\xcawD\xdfw\xf8\xb4\xaf\x8a/\xfa}W\xd4s\xa0\
\xc7\x150:\xa1\xc7\x02\x04\x8d\x9e\x00\xa30H\xf0R\
H\xb2V\x0e\xb8\x10i\x7fiPM\x80O[mD\
1P\x1a\x02@e0\xf1-IB\x08\x00\x1b!\xa9\
\xf1\x22\xc0S\x03\x1dsF=\x00*\xb0\xe5\x1c\xa8\xb5\
\xb0h\xd3\xd1\xa3\xc7\xd8\xbau+\x9d\x9d\x9d\xd6\x19!\
\xc8\x0b\xb9\xc6\x00\x84C\x81\x94\x85\x80\xcc\x12\x00z\xc7\
P)\x1aD\x17\xab\x08\x081/\x00\x18\xaa\x042Z\
)P\x89\xc6\x07\xe8\x81\x81\x0e\x97V\xa4GvF\x85\
B\xd4S G\xb7\x0c\xf4(\xffX\xa4\xbf<:\xd9\
+r|v\x80,\xc5\x8b\x8fD\x11\xa0\xdb\xebtk\
5\x02l\xc4\xdf\xa9\x7fEt\x7f\x99\x80\xd2\x10\x00\x12\
I\xe5dT5Z8C`\x1b\x1c\xa1\xd1 \x22\x80\
%+\xb4\x9b\x17D\x8b\xaa8\x0a[!0\x15\x07\x0e\
\xbc\xc2\xf5\xd7\xbf5\xe7\xcaq\x02{\x91\xb3\x00\x08\x8e\
\xc4\x89U\x88\xb6\xf15i\xdb\xca\xd8\x0dp,/@\
\xa2\x1b>\xf6U2\x14\xec\xd1W\xef\x18\x82\x04\x0d\xd1\
\xfe\xc6\x88\xff\xb8\x89?z\xbc~M\xdd# \xa5\x1a\
?\xc1\xed\xaf8\xb5\xca\x80\xb6B\xc2C\x90/Ym\
\x86\xdd)\x0d\x01\xa0r2\xd5\xdbf\x14\x00\x13\x98\x8b\
bl\xc8\xe6\x80-\x9bGo\xaa\xaa\x0a\xcb\xa7k\x9d\
\xcf\xac\xe4\xf1\xc7\x1f\xe7S\x9f\xba\xd5Z#\x04\xa6\x92\
\xab\x00\x88\x845A\x98\xd8\x11\xd0\xac\xa6<z\xc9_\
}\x86O\xf4\x02\xc8)&d}\x92V\xe4xA\xa0\
\x0b\x01Y\x1a\xfd\x1a\x13\x15\x86\xf7\x15\xc3\xc4\x1f\x13\x03\
\x06\xef\x80,'O\xfe\xb2A4\xe8\xc1\x8b\xbeZ[\
\xec\xfb\xa7\xe2F\xf5Q\x16[m\x84\x9d)\x09\x01\xa0\
J\x9cJ\xf5~8PhK\x04\x13\xa1\x84\xb5\xed\x00\
\x9d\xdaf\x985\x83\xb8\x9b\xea\xf5+\xad\x0f\xe0\xfc\xde\
\xf7\xbe\xcf\xfd\xf7?`\xad\x11\x02\xd3p:\x9d9U\
~\x8c\x84\x86\x93\xf6\xffQ1\xaf\xcf}t%\x9d\xb8\
\xba6\xa6\xdf%v\x07\x8c\x09\x03}RW\xe2\xc5\x81\
\xfe\x88\xad\xf0\xa3_c{\xfe\x09\x13\x7flk@N\
1\x06\xc9\xb1\x00\xb2\x03\xfcu\xd6\xff\xaf\x8e\x89\x844\
4\xcc\x83\xaaZ\x1a\xf3\x5c>(\x89\x0fF\x22Y\x00\
\xa8*\x08/\xae=q\x18\xbc\x00*p\xc1\x1a\xf0z\
G\xf7V[ja\xf5l\xcb\xcc\x8b\xf1\xa1\x0f}\x98\
S\xa7RjKA\x91!I\x12\xce\x1c\x92\xf6\xc3\xa1\
`\xcaB@\x11\x13\xb7\x19\x9dn\xc3\x84/\x1bV\xe0\
\xc6\x80\xbc\x04\x11\x10\xd79\x10C]\x00\xc3\xb9q\xf5\
\xfc\x8d{\xfc\x09\x13\xbf~\x5c,\x18\x90\x14\x93\xbfn\
\x97\x03*j-\xa8\xf6\x97!^/S\x8f\xfc\x8c\x1f\
Xm\x87])\x0d\x01\xa0\x8e\x0a\x00c\xdbY\xbd\x94\
\xa6\xc0^\xc8\x11\xed\x11\xc3\x01[7\x03\xd2\xe8\xef\xef\
\x8a%\xe0/@'\xb1\xf1\xe8\xec\xec\xe4\x93\x9f\xfc\x94\
\xb5F\x08L#\x97Z\x00\xe1\xd0H\xcaB@!\x13\
\xb7\x19e'\xb1\xb2\xc0\xc6\xaaz\x89+\xff\x98k?\
:)+\x92!(\xd00\x81\x1b\x0b\x05\xc5=WF\
c\x01\x8c\x13\x7f\x9c\xc8\xc0 \x06\x12'\x7f\x05*\xea\
4\x8fE10\xa9\x91w>\xf95>a\xb5\x1dv\
\xa4$\x04\x00\x12'\x8cn9}\x9f.\x14\x81h\xf6\
\x8e\xc0f8\x12n\x9c\x95\x8d\xb0t\xd1\xa8x\xf3\xbb\
`\xeb\xb9\x96\x98\x16\xc7\xcf\x7f\xfe\x0bv\xec\xd8a\xb5\
\x19\x02\x13\xc8%\x0e \x96\x05\x90\x10\x08hv\x9c\x91\
\xd3K,\xbd.\xe6\x8a7\xc6\x03\x18\xf7\xe71\x04\xee\
\x19&\xee\xd8\xaa>!\x1e\xc0\xb8\xf7o\xac$h\x8c\
\x0b\x88m5\x18\xc7ft\xf2W\x1cPQ_<\x93\
?h\xd5\x1a;:\xf8\xc6o>\xc3{\xac\xb6\xc5n\
\x94\x84\x00\x08K\x1c\x89\xed!\x1b\xfeA\xc3\x11\x08\x8a\
\xb6\x10\xb6D\x8a\xc4\xa7\x05\xaa\xc0\xe2e0\xb9a\xf4\
\xf7\xb7f.\xb4\xd6Zea\xd4.U\xe5\xb3\x9f\xfd\
\xbc\xb5F\x08L!\x97b@\x91\xd0H\xcaB@\xa1\
\xd0\xf8\xe7e\x8aC/\xc8\xa3{\x02\x12E\x80\xfe>\
\x86\x0c\x009\xdeu\xaf\x18\xc5\x00\x86-\x02\xe3*\x9f\
\x04o\x02\x86k\x19\x05\x81\xe1\x5c\x87+:\xf9\xdb\xdc\
\xed\x9f\x8a\xaa*\xa4E\x1d\xfc\xc7\xfd\x1f\xe3CV\xdb\
b'JB\x00\x10\xe2\x88\xd1\xf5O\xf4y8\x02!\
!\x00l\x8b\x92p\xf3T\x15\xb8d3\xb8\x9c\xa3}\
\xd0\xaf]\x11\x9f:h\x05\x8f?\xfe8O?\xfd\xb4\
\xc5V\x08r\xc5\x99C\xef\xdePP\x8b(N\x0c\x04\
\x0c\x9b\xbd\xc5(\xa5\xf0\x02$F\xe8\x1b&\xf3\xb8\xad\
\x00\xe3\x8a\x9e\xe4U\xbf\x22\xc5{\x03b\xc7\xe8\xab{\
\xa3w!!~\xc0\xed\xd5&\x7f\xd3\x82\x1e-`\xea\
T\xa4E\x0b\xf9\xee/?\xc2\xb7o\xbf\xbdD\xe6\xbe\
\x1c)\x89\x0f\xe1p\x07\xc7U\x95\x10\xc4{\x00Ba\
\xe1\x01\xb03\x12\xf1\x01\x81\xa0\xd5#\xdf\xb8\xee\xffo\
\xef\xbc\xe3\xe3(\xcf\xc4\xff\x9d\xad\xea\xd5r\xc5\x1dl\
\xb0\xb1\xc1\xa6\x18\xb7`\x9bb\xaa\xc1\x07N\xc8\x05H\
\x08\x1d\x82\x93\x90\xe4\x92\xc0\xdd\xc5w\xf9%\xb9@*\
\xe5\x92#\xe5\xe8!\x10B8Z\x80\x18\x19\xd3\xb1\xc1\
\xd8\xb8\x0aW\xd9\x92l\xcb\xea}\xb53\xef\xef\x8fw\
V;\xbb\xda\x95V\xda\xbe\xfb~?\x9f\xd5\xce\xd6y\
V;;\xef\xd3\x1f\xbf\xa55\xb9\x02N\x99\x98\x04\xe1\
\x82x\xe0\x81\x07\x93-\x82\x22J\x1cQ\xf4\xed5\xbc\
\x9e\x90\x8d\x80\xf4\x18{\x00@\xba\xd7\x9d9a\xac\x7f\
\xbb\x7f\x91\xf6Y\xe8\xbe\xc5\xbf_O\x00k%\x80\xe5\
b\xbd/@!\xb0\x05m\x9b.\xff\xdc\xa2\x94.\xf5\
\x1b\x12\xc7\x1f\x0f\xb3g\xb1zv\x13\xcf<\xfd\xcd\xd0\
Sd\xb3\x89\x8cP\x00>\xffyt\x01G\x82]t\
\x1e\x1d\x84\xae\xf2\x00R\x19\xbb\x11X\x16(\x80\xf1\x93\
\xe1\xe4i\xfe\x93\xec\xe5sc3t%\x1a\x9e{\xee\
otv\xf6k8\xa9H#\xa2Q\x00\xf4\xde\xee\x90\
\x8d\x80z\xe2Tj\xec\xc8\x91\xad~\x83\x95\x00M3\
\x95\x00\xf3v_\xc6\x7f\x90G\xc0\xba\x98\x87\xab \x08\
\xab\x04\x98\x17\xa7\x0b\x0aF\x80\xbb >\x9f1Y\x9c\
0\x0d\xce:\x8b\x7f\xca\xb5\xb1\xee\x85o1\x22\xd9\xf2\
$\x93\x8cP\x00\x00\x102\x0c`M\xd2\xf1\x9ae\x80\
\xbd!G\x05)R\x02\xd1\xdf\x0b`\xd8`\xd1|(\
+\x91\xdfeq\x1e,\x9b\x91\x1c\xf1|tvv\xf2\
\xc6\x1b\x95\xc9\x15B\x11\x15\xd1(\x00=\x9d\xad@\xff\
F@\x9e8\x1a\x17\xae\x5c9\x0a\x98\xe00\x80o\xdb\
\x1ex\x9f\xddb\xc5\x07W\x0c\x84\x0a\x03\xf4+\x05\xb4\
d\xf9\xe7\x16\xc9\xc5?\x1d\xe3\xfd\x910f\x0c,;\
\x873\xcb\xcb\xf9\xe4/\xabI\x81\xa2\xe3\xe4\x90I\x0a\
@\x8d\xd5\x03 \x04\xf4\x9a\xf19\xa5\x00\xa46\xfd\xca\
\x02\x01\xe1\x86\x8b\xce1O@\x02\x96\x9e\x04eI\xb6\
D\xdex\xe3\x8d\xe4\x0a\xa0\x88\x8ah\x14\x80\x8e\xd6\x86\
\x90\x8d\x80\xbc\xf1\xf4.\x9a\xf9\x00\xee<\xcb\xc2oY\
\xa4m\xa1\xb6\x83\xca\xfela.\xd6\xb2@\xeb\xfd\xae\
\x5c(\xaaH\x99\xa9~q%/\x0f\xe6/`\xdc\x82\
\xb3\xd8\xb6\xe9\x97\xdc\x90ly\x92A\xc6(\x00\x06\xd4\
B`)\xa0\xc7\xb4,U\x1e@\xea\x13\xec\x05\x10\x1a\
\x14\x95\xc1\xfc\xb9\xe6\xd8U\x1b\xac\x98\x93\x14\xd1\xfa\xd8\
\xbcyKr\x05PD\xc5p\x15\x80\xc3\x87\x8f\xd2x\
\xac&d#\xa0\xb8*\x00&v\x17\xb8\x0ben@\
\xbf\xc5\xdc\x1a\x02\xb0\x87P\x06\xc2,\xfe\xc1\xef\xe14\
\x93\xfc\xf2K\xd3;\xd1o8\x8c\x19\x8b\xf3\x94S\xf9\
]\xe3s|$\xdebJ\xb2\xe5I$\x19\xa3\x00`\
X<\x00\xc2\x9f\xa1\xab\x1b2\x0f\xc0\xab\xda\x02\xa74\
\xc1\xd3\x02\x01t;\xcc\x99\x05\x93\x8e\x93\xb7O>\x0e\
f\x8cK\xbcl>v\xec\xd8\x91\xbc\x9d+\xa2F\xd3\
4\xecC\x9c\xdeS_\x7f\x8c\xdbo\xbf\x0d\x87f\x84\
l\x04$\xe2\x90\x04\x18\x0a\xcd\x06\xae\x02\x19\x8f\xb7;\
\xc3\x84\x04\x82\xbc\x04>\x85\xc0n\x99\x14\xe8\xdb\xf6\xe5\
\x118sdS\x9f\xfcRY\xe6\x97\xadh\x1a\x94\x96\
2\x17\x9d\xdd\xc6:^\x12opZ\xb2eJ\x04\x19\
\xa3\x00\x08\xa8\xb5\xc6\xe7\xc0\x0c\x03\x98\x8b\x8a\x0a\x03\xa4\
>\x0eo`B \x80\xd7\x05\xe7/\x06\xb7K~\x9f\
+OK^B`[[[rv\xac\x88\x19Ci\
\x07\xdc\xdc\xdc\xcc\x1dw\xac\xe6p\xed!\x1c6K\xfc\
\xdfr\x8e1\x12\xa4\x00\xf8\xb09\xa4\x22\x90S\x04\xae\
|\xe9\x1d\xf0\xb5\xe6\x0d\xe5\x19\xd0BY\xfbn\xc8-\
\x941\xfe\xbc\x92\xf4j\xea\x93\x004\x0d.\xc2\xc6\x06\
\xb1\x8e\xe7\xc5z\xceL\xb6@\xf1$s\x14\x00\xad\xbf\
\x07\x00\xa0\xd7\xfc\x81\xaa~\x00\xe9A\xbfP\x00\xe0.\
\x92J\x00@q.\x9c\x93\xa4\x84\xc0\xee\xeen\x84\x10\
\x83?Q\x91\xb2\xd8#\xccjkoog\xf5\xeao\
\xb0w\xef^r\x9d\x81\xe5\xc5\x01\x86F\x82\x15\x00\x1f\
\x9aM&\x08\xba\x0b \xb7\x04r\x0a\xe5\xb63O\xc6\
\xf1\x9d9\xf2\xe2\xce\x03w\xbe\x5c\xf0\xf3J \xbf\x5c\
>\xdf\x95\x97}\xae\xfe!\xa2\x01+0\xf8@\xac\xe3\
u\xf1&\xb3\x92-P<\xc8\x18\x05\xc0&8\x0c\xfd\
\x1bu\xf4\xe5\x01t\xe1W\xdb\x15)\x8b\xcd\x00[\xd0\
\xf7\xa4\xdba\xeaT8q\xaa\xfc\x0a\x17O\x83Q\xc5\
\x89\x97\xad\xb0\xb00\xaa\x89r\x8a\xe4\x13I\x1e@G\
G'\xabW\x7f\x83\x9d;w\x02r&\x85\xd5\xab\x08\
\xfe\xf3K\x8e#\x05\xca\x8c5\xe9\x01p\xb8\xe5\xe2\xef\
\xca\x97\xca@N\xa1\xdcv\xe6\x99e\x85\xce\xccO\xec\
\x8b\x13\xe7\x22\xf8XT\xf2[QII\xb2\x85\x89%\
\x19\xa3\x00\xf4\xdai\x08\xf6\x00\x08\xfc!\x00a\xa8<\
\x80t\xc1\x11b\x8a\xa3\xd7\x01\xe7,\x84\xbc\x1c\xe9\xca\
\x5cyZ\xe2;\x04N\x980!\xc1{T\xc4\x9a\xc1\
r\x00\xa4\xe5\xffu\xb6n\xdd\xdaw_\xbe\x9b\x90\xf1\
\x7f\x80\x5cWb\x12\x01\x15I\xc7\x81\xc6\xcdhl\x11\
\x95,I\xb60\xb1\x22c\x14\x80\xc2Z\x1a\x84@\x04\
\xffP=\x16\x17\x9dR\x00\xd2\x83P\x09\x81B\x93n\
\xcbe\x0b\xe4\xf7:\xb1\x1c\xe6NJ\xac\x5c\xd3\xa7O\
K\xec\x0e\x151\xc76\xc0\xf0\xfa\xb6\xb66\xee\xb8\xe3\
\xeb|\xfa\xe9\xa7\x01\xf7\xfb<\x00\xa1\x1a\x01\x15\xe6\x80\
\xae\xce+\xd9\xc4x4^\x17orm\xb2\x05\x89\x05\
\x19\xa3\x00\x9c\xfe\x10\xbd\x02Z\x83\x7f\xa8^\xa5\x00\xa4\
%\x0e\xbd\xbf\x85\xefu\xc0I'\xc0\x09\x93\xe5w{\
\xc1,(\xc8I\x9cL\x17^xa\xe2v\xa6\x88\x0b\
\xe1\x14\x80\xb6\xb66V\xaf\xfe\x06\xdb\xb6m\xeb\xf7X\
\x9e+\xd0\xf5\xefK\x04t\xd8e\x08@y\x00\xb2\x0e\
\x07\x82?d\x82' c\x14\x00\x00\x84\x0c\x03\xc8M\
\xfa\xda\x01\xfbP\x0a@\x1a!,\xc3\x82\xcc\xefT\x03\
t\x07\x9c\xb7H\x9e|\xf3\xdc\xb2Mp\x22p8\x1c\
\x5cp\xc1\xf2\xc4\xecL\x117B\xe5p\xf8,\xffP\
\x8b?\xc8\xe3\x0c\x02{\x8c\x08\xa0\xd0\xbc?\xe99\x00\
\x8ad\xe0@\xe3\x01\xf14i\x9dJ\x99Q\x0a\x80\x01\
\x8d\xfdr\x00,\x1e\x00\xdd\xe3\xd7\xe4\x15\xa9\x8f]\xef\
\xdf!\xd0\xd0\xa0\xa0\x08\x16\x9e&\xbf\xcb\x13\xc7$&\
\x14p\xcd5W3z\xf4\xe8\xf8\xefH\x11Wl\xb6\
@\x05\xa0\xb9\xb9\x99[o\xbd\x9d\xed\xdb\xb7\x87}M\
\x81+\xb0\x02\xc0w\x0e\xf1y\x9f\x94\x02\x90\xb5\xccd\
\x14W$[\x88h\xc8(\x05\x00\xe8\xee\xcb\x010\x95\
\x00\xaf\x1e\x98\xfco\x84H0S\xa4.\x0e/ \x02\
\xfb\x03\xe8\x0e8s\x8e\x7fV\xc0E\xb3\xa0$/~\
2\xb8\xddn\xee\xbe\xfb\xee\xf8\xed@\x910\xac!\x80\
c\xc7\x1a\xb8\xf5\xd6\xdb\xa9\xaa\xaa\x1a\xf05\x85\xb9A\
\xa5\x7f\x98\xf1\x7f\xe5\x01\xc8z\xeaj\xf8\xf5\x93_g\
T\xb2\xe5\x18.\x19\xa5\x00\x08\x81\xb7\xcf\x03\x80\xbc\x18\
\x02\x0cK\x18 \xd1\x8d;\x14\xd1\xa1\x09p\x04\xcf\x09\
\x10 \x9c\xb0|\xb1\xfc\x8e]N\xb8\xe2\xf4\xf8\x958\
\xfd\xecg\xf72i\xd2\xc4\xf8\xbc\xb9\x22\xa1\xf8\x14\x80\
\x9a\x9aZn\xbc\xf1F\xf6\xec\xd93\xe8k\x8aLK\
?\xb8\x11P\xb19LVWFE\xd6R\x5c\xc4h\
\x87\xce{\xe9:P(\xa3\x14\x00C\xe0\xed\xcb\x01\xb0\
\xc4\xeb\xac\xeb\x87\xa1\x87x\xa1\x22\xa5\x09\x15\x0a\x106\
\x984\x09N\x98(\xbf\xeb\x09\xe50/\x0e]\xbco\
\xbe\xf9&n\xbd\xf5\x96\xd8\xbf\xb1\x22)h\x9a\xc6\xfe\
\xfd\x07\xb8\xe5\x96[\xa8\xa9\xa9\x1d\xf4\xf9.\x07\xe4\x84\
i\x04T\xe2S\x00\x94\x07 kq9A\x83\xc9\x86\
\xc1\xfa\xbf\xdc\xca\xecd\xcb3T2J\x01\x80\xfe\x1e\
\x00!\xc0\xb0,\x1e\xca\x03\x90\x9e\xd8\x83\xdb\x04\x0b\xd9\
 \xe8\xbc\xc5\xd2\xf2\x17\x02\xce\x9d\x09#\x8bb\xb7\xcf\
;\xef\xfc&\x0f<p\x7f\xec\xdeP\x91t\xb6o\xdf\
\xce\xcd7\xdf\xc2\x91#G#z~aN\xff\xd2?\
0=\x00\xf9\xfe\xfb\xd4y%;\x11F_\x8e\xc8h\
\xc3\xce\xdf\x9f\xbd\x83\xe3\x92-\xd3P\xc8,\x05@\xd0\
\xdb\xf7c\xb54\xeb0,\x0b\x87\xf2\x00\xa4'\x1a\xfe\
|\x00\xf0\xbb\xfb\x8b\xca\xe1\xd4\x93\xe4\xddv\x0d.\x9b\
+'\x07F\xc3\x88\x11#x\xe6\x99\xa7\xb9\xe7\x9e\x9f\
\xaa\xce\x7f\x19\xc4\xc6\x8d\x1b\xb9\xf2\xca\xcf\xd3\xd4\xd4\x14\
\xf1k\x8arB\xc7\xff5\x0d\x8a\xdd\xfe\xe7)\x05 \
;\xf1t@\x81\xbfJd\x8cn\xf0\x98H|\x8f\xb2\
a\x93Q\x0a\x80\x00\x1bb`\x0f\x80\x22}\xd1\x0c\xb0\
[\xbfK!C\x01\xe7,\x96e\x81\x02\x18]\x04\xcb\
O\x1e\xde\xfb\x17\x17\x17s\xd7]\xdfg\xe7\xce\xed\xac\
\x5cyy,DV\xa4\x08\xeb\xd7\xaf\xe7\xbc\xf3\x96\xd3\
\xd8\xd88\xa4\xd7\x15\x99n\xfe\xe0\xea\xa2b\xb3#\xa5\
\x0feXd'\xdd-`\xd3\x02<CK\xfe|\x1b\
\xff\x9c\x5c\xa9\x22'Is\xd5\xe2\x83\x10\x94\x82_c\
\xef\xbbJ\x1b}L1\x18v].\xfa\xc2\xf2\x9d:\
\xf2`\xe1\xe9P\xf9\x9e\xbc=g\x12,\xba\xe0*>\
\xa8\xea\xe2\xc3\x0f?\xa4\xb6\xb6.\xec\xfbM\x9e<\x89\
\x85\x0b\x17r\xd1E\x17\xb1b\xc5\xa5\xe4\xe4$\xb0\xb3\
\x90\x22!\xbc\xf8\xe2K\x5cu\xd5\x17\xe9\xee\x1e\xfaD\
\xb0\xe2\x5c\xff\xc9]\xd3\xe4\xf9D\x13\xfe\x04@\x1fB\
)\x00YGo\x17t4H\x0f\xb3u\xcd\xd14\xbe\
\x0b<\x91D\xd1\x22&\xa3\x14\x004J\x84i!Z\
\xddv\xd6\xd2_-\xa3|\x1e\xd9\x89\xc3\x0b\xbdA#\
L\xcf<\x1d\xde\xda\x00\xbd\xbd\xf2;\xef\xd9\xf3<\x0f\
\xdc\xbb\x9e\xd1\x93O\xa1\xbd\xbd\x9d\xea\xea\x83\xb4\xb6\xb6\
\xd0\xd1\xd1A~~>EEEL\x9a4\x89\xbc\xbc\
8\xd6\x0f*\x92\xce\x9f\xfe\xf4\x14_\xfd\xea\xf5\xf4\xf6\
\x0e/U\xbf\xc4,\x01\xd4\xb0\xf4\x10\xd1\xa0,?\xf0\
y\xca\xcb\x98}4\x1f\x04\x04\xb4\xf5\xc8k\xa1\xf5\x1d\
'\xb3\x9e\xba\x9d\xb9W=\xc8\xc7I\x16qP2J\
\x01\x10\x06%\xc1\xc9:\x10\xa8\x00\xa8\x11\x98\x19\x80\xd9\
%P\xb7KkL\x00.7\x9c\xb3\x08^\xa9\x94O\
\xf1\xf4t\xf1\xcc\xcf\xaf\xe6\xa6{\xdf\xa5\xa0\xa0\x90\x19\
3NJ\xaa\xc8\x8a\xc4s\xff\xfd\x0f\xf0\xado}\x1b\
#\x8a\xd5\xb98\x0f\x7f\xfc\xdf\x7f\x82\xa7<H\x01P\
\x1e\x80\xec\xc2\xd3\x0e]M\xa0\x1b\xd0\xd6m\xf1\x00\x98\
k\x8d\xdc\xbc\xa8\xb8\x00\x00 \x00IDATf\xb0\
\x10R_\x01\xc8({X@\x995\xf9\xcf\x17\xb3\xb3\
\x0e\x00\xb3;C\xbfV\x91^\xd8\x8c\xfe\xa5\x81sO\
1s\x01\xcc\x13\xf6\xd1\x83\xbbx\xe6\x17_F\x08e\
\x9ee\x13B\x08\xee\xba\xebn\xbe\xf9\xcd;\xa3Z\xfc\
m\x9a?\x0908\x11pDA\xe0s\x95\x07 \xbb\
h< \xaf\xeb\xda\xc0k\x04U\x89Ho\xc0)\xc9\
\x92m(d\x8c\x02\xf0\xf2\x1d\xb8\x85 '\xb8]g\
p\x08\xc0\xeeJ\x82p\x8a\xb8`7\xa4\x07\xc0\xf7\xf5\
:\x9cp\xf1\xb2\xc0\x93\xf5\xce\x0f_\xa4\xf2\xa9\x1f%\
OHEB\xf1x<\x5cs\xcd\xb5\xdcs\xcf\xbdQ\
\xbfWa\x8e\xbf\xc4\x14\xfc\xe7\x15\x8d\xfe!\x80\x80v\
\xa3\x8a\x8c\xa6\xb5Vz\x00t\x03jZ\xfaW\x9d\x99\
\xc7\x89{\x80\xb7H\x192F\x01\x10N&B`\x03\
 !\xe4\xe2\xefS\x00lv\xb0eT\xd0#\xcb\x11\
2)\xd0\x9a\xe39k\xa6\x1c\xdeb\xcd\xda~\xe3\xa9\
\xff\xc7\xa7o?\x9b,)\x15\x09\xa2\xb9\xb9\x99\x8b/\
\xbe\x94\xa7\x9e\xfasL\xde\xaf$/\xd0\xb2\xf3\x9d\xe0\
\x8bs\xa5\xa7\xc9\x8a\xca-\xca\x0e<\xed\xd0rHn\
\xd7\xb4@\x8fY\x9al5<M\x0fdZ\xa8\x84\x19\
s\xd8\x1ap\xbc\x10\xfd\xbe\x04r,.\x7f\xa7\xca\xf7\
\xca84\x016\xcbO\xcd\xee\x80k.\xf5+\x05\x02\
0\x0c\xc1\xb3\xf7\xdd\xc4\x91\xea\x1d\xc9\x10Q\x91\x00\xf6\
\xee\xdd\xc7\xe2\xc5\x9f\xa3\xb2\xb22f\xefY\xe2\x8b\xff\
\x07\xf5\x00(+\xe8\xff\x5c\xd5.\x22\xf31\xbcpl\
\xb7<\x06\xba{\xa1\xdal'\xd1\xe7q\xb6\x1c'\x9a\
 \xfct\xa9\x14\x22c\x14\x00acZ\xa8\x86\x1dn\
\x8b\x02\xe0.L\x82`\x8a\xb8c\xf3\x12\xd0\xefy\xd4\
q\xb0dV\xa0\x22\xd8\xd3\xd9\xc6c?\xba\x82\xae\xf6\
\xc8\x9b\xc0(\xd2\x83\x0f>\xf8\x80E\x8b\x16\xb3c\xc7\
\xce\x98\xbeoi^P\xfc\xdf<\x96\xcaC)\x00\x19\
s&U\x84B\xe8P\xbf\xcb\x1c)/`g=\xe8\
\x82\x00\xcf\x90u\xfd\xd1\x05\x1f%O\xda\xc8\xc9\x9c\xc3\
Vgn(\x0f@\xbe\x19\x89\xb19\xc0\x99;\xd0\x1b\
(\xd2\x19\x87\xc5\x0b\xe0p\xc2\x99\xb3a\xd6Dy\xdb\
w,\xd4\xd7\xec\xe6\x89\xff\xfa\x12\x86\xea\xda\x921\xfc\
\xe9OO\xb1l\xd9\xb9\x1c=\x1aYk\xdf\xa1P\x96\
\x1f\x14RD\xfe\xa9\x08\xa5\x00\xa8\xea\xa2\x8cE\x08i\
\xf9\xf7\xb4\xcb\xdb\x07\x9a\xa0\xa9\xb3\xbfg\xc8\x12\x06h\
(w\xb1>I\xe2\x0e\x89\xccQ\x004N\x87\xfe\xda\
X\x9e\xa9\x00\xe4\xc4\xb0G\xbc\x22\xf5\xd0t\xd9)\xd0\
\x87\xbb\x18\xce?\x05\xc6\x94\x04\xba\xe8\xaa6\xfd\x83W\
\x1f\xf9\xf7d\x89\xa9\x88\x11\xba\xaes\xd7]ws\xed\
\xb5_\xa6\xa7\xa7'.\xfb\xf0\x8d\x98\x0eN*\x0e\xae\
\x00\x00\x95[\x94\xa9\xf8,\xff\xaefy\xbb\xa1\x03\xf6\
\x9a\xcd$\xad\x16\x7f@\x22\xa0\xe0\xd1\x8b\xee'>\x07\
e\x8c\xc9\x08\x05\xe0\xc5\xefQj\x08\xa6\x87\xf2\x00\x14\
\xe6I\xf7\x5cNq\xb2\xa5T\xc4\x15\xcd\xac\x0a0c\
\xb1\xf6\x1cp\xb8\xe1\x8a\x05\xe6@\x17\xfc\xc7F\xe5_\
~\xc6'o>\x9dLi\x15Q\xd0\xd0\xd0\xc0%\x97\
\xac\xe0\x9e{\xeeEX\x1b~\xc4\x90\x0278\xed\xfd\
\xad<M\x83\xd2\xe0\x0a\x00T\x7f\x91LD\xef\x85\xa3\
;e\xbb_\x80\xd6n\xd8Z\xd7\xdf\xed\x1f\x14\xff\xef\
\x15\x06i3A,#\x14\x00\xdd\xc3\xb9\x02l\xc1\x89\
\x18\xb9.p; \xb7D\xc5\xe8\xb2\x01M\xf8'\x06\
\xda\x1c\xe0(\x90!\xa0+\x17\x80\xdd\xe6\xff\xd1\x1a\x86\
\xe0\xe9_\xdd\xcc\xe1\x03\xdb\x92'\xacbXl\xde\xbc\
\x99\xb3\xce\x9a\xcf\xeb\xaf\xbf\x1e\xd7\xfd\xf8\x16\xf9~\xf1\
\xff|9t*\x18\xbb\xf2\x00d\x14\x9eN8\xb2\xcd\
\xef\xf6o\xe9\x82\x8fk\xfc5\xffVC\x13\xebm\x8d\
\xdf]\xfb{\xf6%I\xec!\x93\x11\xcb\xa2\x0e\xe7\x87\
*\xc5(\xcd\x97\xb19e\xfdg\x0f6Kx\xdfU\
\x08h0\xba\x04.\x9a\x1b\x94\x14\xd8\xdd\xc1\xc3?\xfc\
<\xdd\x9d\xad\xc9\x12U1D\x1e~\xf8\x11\x16-\xfa\
\x1c\xfb\xf6\xed\x8f\xfb\xbeJ\xf3\x02\x8f\x17\x9f\x22\x10\xd2\
\xfdoW9\x00\x99D\xc718\xb2\xddL\xf8\x03\x8e\
\xb5\xc3G\x07\xc1\xab\x87\xce\xf8\xb7L\xa0m\xd04\xfe\
#)B\x0f\x93\xb4W\x00*\xd7\xe0\xc0\xe0\xd2P\x1a\
YE\x11\xe4\x16+\xeb?\x9b\xd0\x84\xbfC\xa0\xcd\x05\
\x9a\x99\x032k\x22\xcc\x9b\x16h\xd1\x1d=\xf4\x19O\
\xdcs]\xdc\xdc\xc8\x8a\xd8\xd0\xd6\xd6\xc6\x97\xbf\xfc\x15\
n\xb8\xe1F\xba\xba\xba\x12\xb2\xcf\xd2\xa0\x1e\x00`\x9e\
SBT\x12\xa9\xe6b\x99\x81\xb7[\xba\xfc\x1b\xf6\xd0\
\xd7\xda\xf9P3l\xaa\x05o\x88\x8c\xff`\xe5\xd0\x80\
o\x5c\xfb[b\x9f\x8d\x1aG\xd2~ilj\xe1\x5c\
`T\xf0\x17\xe3v@I\x11\xe4\x94$S:E2\
\xf0\xf5\x05\xb0\xd9\xc1a\x19\xeew\xcel\x98<2\xd0\
S\xf4\xe9{/\xb0\xee\xd9_%CLE\x04l\xdc\
\xb8\x913\xce8\x93'\x9ex2\xa1\xfb-\xb1\xce\x00\
\xc0\x7f\xf2\x1f\x19J\x01P\xed\xc5\xd3\x1a\xa1CK\x0d\
\xd4}\xea\x8f\xf7\xf7\xea\xf0I\x0dl;l\xb6y\x0e\
e\xf1\xe3\xf7\x06\x18\x82\xa7\xbe\xfa{\x1eO\xbc\xf4\xd1\
\x91\xf6\x0a\x80\xd0\xb9:T\xf2\xdf\xd8R\xd3\xfaW\x0d\
:\xb2\x0f\xe1\xaf\x08p\xe6\xf9\x8f\x01\x9b\x06+\xcf2\
KC\xfdn;^\xf8\xe3\xbf\xb2\x7f\xc7\xfbI\x12V\
\x11\x0a\xc30\xb8\xe7\x9e{Y\xbc\xf8lv\xef\xde\x93\
\xf0\xfd\xfb\xba\x00Z\xcf)\x10F\x01P\x1e\x80\xb4D\
\x08h?\x0a\xb5[dw?\xdf\xc8\x90c\x1d\xf0\xf6\
^8\xdc\xda\xbf\xaa\xac_\xc6\xbfd[\xb7\x9b\x1b\x13\
+}lHk\x05\xe0\xf9\xaf1\x16\x8dU\xfd\xba0\
\x01c+T\xec?\x9b\xb1\x9b\x07\x83\xdd\x0d\x9a\xe5\x04\
\x9d\xef\x86\xcb\xe6\xc9m\xdf\x89\xdd\xeb\xed\xe5\x91\x9f\x5c\
Kwg[\xc2\xe5T\xf4g\xd7\xae*\x96.=\x87\
\xbb\xee\xba{\xd8c|\xa3\xa1 \x07\x1c\xb6\xfe'\x7f\
\xb7CV\x94\x04\xa3<\x00\xe9\x85\xde+\xfb\xf9\xd7n\
\x82\xc6}\xa0{\xe4\xfd=^\xd8\x5c\x03\x1fV\xcbN\
\x7f\xc1\x16\x7fp\xfc_\x00\x86\xa0F\xd3\xb9\xe4\xf6\xff\
\xa6=\x19\x9f%Z\xd2Z\x01\xe8\xb5s\x87\x10\xb8\x82\
\x93\xffF\x97B\xa1\xca\xfc\xcfn\x04\xd8\x91\xd5\x00\xb6\
 \x0b\xed\xf8\xd1p\xd64\xf3i\xe6\xc1s\xacn?\
\x7f\xfd\xcd\xb7\x13,\xa4\xc2\x8a\xd7\xeb\xe5\xfe\xfb\x1f\xe0\
\x8c3\xce\xe4\x9dw\xdeI\x9a\x1c\xa5\xb9\xfd]\xbc\x02\
\x18Y\x14\xda\xa3hS\x0a@Z\xd0\xd3\x0e\x0d{\xe5\
\xc2\xdf|P*\x02 \xbf\xe3}\x8d\xb0n\xb7\x8c\xf9\
[\xbd\x83\xa1,~\x8b\x22P\x8f\x8d\xf3\xae{\x98\xfd\
\x09\xff01\x22m\x8bW\x9e\xbe\x8d\x02!\xb8\x09\x08\
\xb4\xfe5\x98X\xa1\xda\xfe*d\x18@\xb3I/\x80\
\xde\xe1w\xf1\x01\x9c{\x0a\xec>\x0c\x87-?\xf8w\
_\xf9_N\x9e\x7f\x09\xb3\x17\x5c\x9a,\x91\xb3\x96\xad\
[\xb7r\xc3\x0d7\xb1q\xe3\xc6d\x8b\x12\x18\xff\xb7\
\x0c\x95\x08\xd5\x01\x10\xc0\xa1B\x00\xa9\x89\x80\x9e\x0e\xe8\
l\x84\xce\x06\xbf\xa5o}\xbc\xae\x15v\x1e\x81\x0e\x0f\
\xa0\xc9\xaf[\x08\x02\xbew\x0d\x10\xd6\xc7\x004\x0e\x0a\
\xc1\xf97\xff\x9e\xd8\xf6\x9fN0ik#kvn\
\x07\xca\x82\xdd3\xa3K\xa0\xa0@6\x81Qd9f\
.\x80\xcd\x09Z\x90\xaak\xb7\xc1\xe5\xf3\xe4\x0f\xc0j\
\xed=\xf9\xf3[hm:\x92hI\xb3\x96\xa6\xa6&\
\xee\xbc\xf3[\x9cq\xc6\xbc\x94X\xfc!\xc4\x0c\x00\xf3\
\xfeP\x15\x00\xa0r\x00R\x09\xbdW\x96\xf1\x1d\xdb\x0d\
\x876\xc9Z\xfe\xb6\xba\xfe\x8b\xff\xd1vX\xbf\x076\
TC\xbb'2\x8b\xdfR\xee\xb7\x15\x9dE7?\x9c\
\xde\x8b?H/i\xda\xf1\xe8\xb7\xc9w\xe8\xfc\x19\xc8\
\xf7}Y \xad\xffY\x13\xa1\xa0T\xf5\xfdWH4\
\xc0\x10\xb2\xa6W\x04\x85\x93\x8br\xa1\xbd\x1b\x0e5\xc8\
\xdb\x02\xe8\xe9\xea\xe4\xd8\x91\x83\x9c\xb6\xe4\x8aD\x8b\x9a\
U\x18\x86\xc1\x13O<\xc9\xca\x95\xff\xc4\x1boTb\
\x18\xc6\xe0/J\x10\xa7\x8c\x87\x5c\xa7\xdf\xdd\xef3\x06\
\x17\x1c\xefo\x0fl\xa5x\xacj\x05\x9c,z\xbbd\
\xe6~\xfb\x11\xe9\xd6o>\x08]M\xf2~\x11\xe2\x90\
:\xd6\x0e\x1f\x1f\x84\xaa\xa3\xd0\xed\xb5\x8c\x12\xb7\x84v\
4\xf3\x8f5\xdac9\x16^\xf0x\xb9\xe4\xf6\xc7\xd3\
\xab\xdc/\x1ciy\xd8\xe6ts\x07\x1a\x15\x01I:\
\xc0\x98R\xd9\xfdOY\xff\x0a+v\xbb\xe9\x01\xd0\xf0\
\x1f,&\xe7\x9f\x0a\xdb\x0f\xcaN_>\x0b`\xd3\x9b\
\x7f\xe1\x87\xdf/\xe5\xdb\xff\xfe3rs\x95&\x19k\
\xd6\xae]\xcb\x9dw~\x9bm\xdbR\xaf\x13\xa3\xa6I\
\xc5\x10\x02\xdc\xbd@\xf8\x10\x80J\x02L\x0c\x86\x0e\x9e\
v\xe8i\x93\x17O\x87\xbc/\x12\x1a:`\xc7a\xa8\
o\xb7,\xe6B\xba\xf6\xfb\xb6\x91\x8fY\x8dJKX\
\xa0Gh|\xff\xb6G\xf8\x95\xd6\xef,\x92\xbe\xa4]\
\x08\xe0\xd1o\x93/4\xee\x0cv\xfdk\xc8\x1aoP\
.9E \x0e\xbb\xfca\x07\x87\x01@\x8e\x8b\xbep\
n\x80{\x0f!`\xeb\x1b\xbf\xe3\xa4\x13O\xe4\xa1\x87\
~\x87\xc7\x13\x1c<T\x0c\x87\xca\xcaJ\xce9\xe7<\
\x96/\xbf0%\x17\x7f\x80\xa2\x1c\xd9\xea7\xb8\xd6;\
\xc7\xe9\x9f,jEu\x01\x8c\x1f\x86\x0e\xdd\xad\xd2\xaa\
?\xb2\x1dj>\x96\x8dzZj\xe4\xfd\x83.\xfef\
\x8c\xbf\xb2\x0a\xde\xfcL\xba\xfd!|V\x7f\xdfc\xfd\
K\xff>\xf5\x1a\xcc\xbb\xfd\x11~\x99I\x8b?\xa4\xa1\
\x02\x90\xd3\xc3m\x08*\x82\xe34\xa3\xcb\xa4\xf5\x0f*\
\xfb_\xd1\x1fM\x0f\xef\xa6\x9d5\x11\xc6\x96\x05\x9e\x18\
Jr\xa1\x98:n\xbb\xedv&O\x9e\xca\x7f\xfe\xe7\
\x0fillL\xa4\xc8\x19\xc3\xbb\xef\xbe\xcby\xe7-\
\xe7\xbc\xf3\x96\xf3\xe6\x9bo&[\x9c\x01\x09\x17\xff\x0f\
\xd5\x02\x18\x94\xb1\x11K\x84.\x13\xf6\x1a\xf7C\xdd\x16\
8\xb4\x11\x8e\xee\x90%{=m\xa1]\xfa!\xdf\x07\
\xa8k\x81\xb5\xbb\xe0\x9d=\xd0\xd89\xc4\x18?}\x8f\
u\x1a\x1a\xffQ\xdf\xc5\xe9\xab\x1fgs\xec>i\xea\
\x90Vmr\x9e\xfe&\xb9F/\xfb\x08\xea\xfc\x07\xb0\
p:\xe4\x9b5\xba\xa5\x93\xd4t.E \xedGd\
;O\xbd#\xf4\xe3\xdb\xaa\xe1\xd17\xe9;\xa0\x04\xd0\
\xeb\x85g>\x925\xc1\x00\x05\x05\x05\x5c\x7f\xfdWY\
\xbdz5\x13'NH\x84\xd8iKOO\x0f\x7f\xfd\
\xebs\xdcw\xdf\xfdl\xd8\xb0!\xd9\xe2D\xcc\x9c\xf1\
p\xf2\xb8\xc0r?\x0d\x98;\x11.\x9f\xd3\xff\xf9\xee\
B\x185#a\xe2e\x1c\x86Wf\xe8w5\xcbX\
~4]\xb9\x05p\xa8\x09\xb6\xd6B{\x0f\x81q|\
\xcb\xf6 1~\xd0@h\xbch\xd7\xf9\xda\xd7\x9e\xe4\
\xc0\xf0%J}\xd2*\x07@x\xf9\xa2\x10\x8c\xea\xbb\
m\x1e,\xe5\x85\xfe\xc5\x1f\xe4A\xa5\x14\x00\x85\x15\x9b\
\x03\x8c\x0ed\xdak\x08\xd7\xe1\x8c\xf10\xa6\x04j\x9b\
\xe4m!d\xe8`\xe6X\xf8\xc8<\x05\xb4\xb7\xb7\xf3\
\xeb_\xdf\xc7\xfd\xf7?\xc0\xd2\xa5K\xb9\xf1\xc6\x1bX\
\xb1\xe2R\x5c.e\x06\xfa\xa8\xad\xad\xe3\xf1\xc7\x1f\xe7\
\xc1\x07\x1f\xa4\xa6\xa66\xd9\xe2\x0c\x99\x223\xc9\xcfw\
n\xf1\xc5\x84\xc3U\x00\xa8\xf3\xcc00\xcb\xf3:\xea\
\xa1\xa3\x81\xbe\xbe\xfb\xc3\xc5\x10P\xdd\x08\xdb\x0fC[\
\xf7\xb0c\xfc\xbe\xc7\xb6\x02\xdf\xf9\xfac\xfc=:\xa9\
\xd2\x83\xb4R\x00\x0c\x83[\xa1\xbf{n\xc2\x88\xc0\xe7\
\xe9\x1e\x95\x08\xa8\x08\xc4\xe6\x90U\x00\x9a3\xf4\x09G\
\xd3do\x80G*\xfd\xf7\x09\x01'\x8e\x86Ok\xc0\
\xe3\xf5\xdfo\x18\x06k\xd7\xaee\xed\xda\xb5TTT\
\xf0\xa5/\xfd3\xd7]\xf7\x15f\xce\x9c\x19\xff\x0f\x92\
\x82tuu\xf1\xf2\xcb\xaf\xf0\xd8c\x8f\xf1\xca+\x7f\
G\xd7\xa3<\xa3'\x91\x92\x5c\x7f\x1dx\xdf\xc2\x00\x94\
\x85\x09\x01\xa8\xf8\x7f\xe4\x08!K\xf4Zk\xe5\xe0\x9d\
h\xd1\x0d\xd8S\x0f;\x8e@\xd7\x10\xeb\xf8}\x8a\x80\
EI8\xa0\xc1\x0f\x9aN\xe0\xb15kH\x9d\x92\x94\
8\x936!\x80'\xee\xe0L\xcd\xe0\x03\xeb\xc2\x8f\x90\
\xf5\xdc\xcbf\xcb>\xef>\x5c\x05P8*\xd4\xbb(\
\xb2\x95\x9ev\x19\x06\x08U\x09\xe0C\x08\xf8\xe9sp\
\xac\x8d\x00\x05sS5l94\xf8>\xa6L\x99\xcc\
%\x97\x5c\xc2\x95W^\xc1\xfc\xf9\xf3\xd12x\x10\x85\
\xae\xeb\xac[\xb7\x8e\xc7\x1f\x7f\x82\xe7\x9f\xff?Z[\
\xd3\x7f\xac\xb2\xdd\x06_8C\x1e\x22\xc1\xae\xe3\xdb\x96\
\xc2\xd8\x10\x83\xc5\x0a*\xa0lJ\xe2dLG\x84\x90\
n\xfe\x96\x9a\xd8,\xfc^\x03>;\x0a;\xea\xccR\
\xbe \xf7\xbd\xe5\xaa_(' \x14 7\xea\x05\xfc\
\xd8\xd9\xccoV\xbfBO\xf4\xd2\xa5\x17i\xe3\x01\xd0\
\x0c\xbe\x10\xdc\xa2\x11`Dq\xe0\xe2\x0f\xb2<D\xf7\
\x82=m>\x9d\x22\xde\xf4%\x86\x0e\x10c\xd448\
\xe3xx\xf9c\xffs\x05p\xd2\x18y\xb2\xe9\x1d\xc4\
\xb0\xdd\xbbw\x1f\xf7\xddw?\xf7\xddw?\x13'N\
\xe0\xb2\xcb.\xe3\xa2\x8b.d\xc1\x82\x05\xe4\xe5\x85(\
 O3\xea\xea\xeax\xed\xb5\xd7y\xfd\xf5\xd7y\xf5\
\xd5\xd7hjjJ\xb6H1\xa5(\x07\x7f\x0eH\x90\
\x1b\xb98L5\xa8\xf2\x00\x0cLg#4W\xcb>\
\x1c\xd1b\x08i\xf1o\xa9\x85\xee \x8b\xdf\xea\xda\x8f\
\xd0\xe2?\x86\xe0\xc1^\x9d_~\xef\x19Z\xa2\x97.\
=I\x9b%R\x08.2\xaf\xad\xf71\xb2(\xd4\x93\
\xa1\xe3\x08\x14\x8dK\x90p\x8a\x94'R[\xfc\xf4\xe3\
\xe1\x95\x8f\xe5\xc9\x06\xe4I\xc3e\x87\xa9#ag]\
\xe4\xfb;p\xa0\xbaO\x19p\xb9\x5c\x9cy\xe6\x99,\
[\xb6\x94%K\xcef\xde\xbcy\xb8\xdd\xa9\x1f\xa3j\
hh`\xc3\x86\x0d\xac[\xf7&\xaf\xbe\xfa\x1a[\xb7\
nED\x93\xa5\x95\xe2\x14\xe6\x04z\x17}\x8b\x86S\
\x83\xbc0i\x1e*\x07 4\xden\x99\xcd\xdf\x1d\x83\
\xa5U\x00\xd5\x0d\xb2\x81O{O\xe8\x18?A\x0b\xfd\
\x001\xfez\xe0\xbf\xddv~\xb1\xfa\x09\xd2\xdfm\x15\
%i\xe1\xa3|\xf4kL\xb6\xeb\xec\x0d*\xd1@\x00\
KfB^\x98sin\x09\xe4\x95'BBE\xaa\
\xe3\xed\x96.\xc8H\xb8\xff%\xd8{\x94\x80\x8a\x80\xe6\
NxqKldq\xb9\x5c\xcc\x9c9\x93\xb9s\xe7\
p\xea\xa9\xa72g\xce\xa9\xcc\x9e=;\xa9^\x82\xc6\
\xc6Fv\xee\xdc\xc9\xc6\x8d\x1f\xb1a\xc3\x066l\xd8\
\x90\x941\xbc\xc9d\xe6X\x98=\x8e~\x19\xe2\x15\x85\
p\xe7\xf9\xa1_S2\x01\x8a\xc6$B\xba\xf4@\xe8\
\xd0R\x0bm\x87#/\xdb\x0b\xfb^\xc0\x81\x06\xf8\xe4\
 \xb4v\x13\xca}/\xb7\xa1\xdfw\x16\x22,p\x14\
\xf8EW\x17\xf7\xafy\x81\xce\xe8$\xcb\x1c\xd2\xc2\x03\
`78;Tm\xaeM\x83\xdc\x01\x0c\xa9\xaefy\
\x10\xe6\x8f MT\x1dE\xbc\x18\x8a\xddz\xf2\x04\xd8\
{$\xf0x+\xce\x85\xf2\x02h\x88\xc1\xd0O\x8f\xc7\
\xc3\xa6M\x9b\xd8\xb4iS\xdf}v\xbb\x9d\xe3\x8e\x1b\
\xc7\x94)S\x99:u\x0a\x93'Of\xea\xd4\xa9L\
\x980\x9e\xf2\xf2\x11TT\x8c\xa0\xa8(\x94\xbb+2\
ZZZ\xa8\xab;L}\xfdQ\xea\xea\x0eS]]\
MUU\x15\xbbvUQUUE}}}\xf4\x1f\
,\xcd)\xca\xb1\xb8\x89\xa1oQ\x095\x02X\xd1\x9f\
\x9evh\xdc\x03\xbd1\x88\xf3\x1fj\x82\x8d\xd5R\xf1\
\x8e\xc4\xe2\x0f\xfe\xce,\x16\xff\x11\x01\xbft\x0b\xee\xbb\
\xf3\x19\xba\xa2\x97,\xb3H\x0b\x05\xc0\x10\xcc\xb0Zc\
\xbe\x93\xb2\xd31\xf8\xba\xde\xdd*\x0f\xc8\x82\x0ap\xa8\
\x1fr\xf62\x04kd\xcah\x7fs\x10\x1fB\xc0\xc4\
\xb2\xd8(\x00\xa1\xd0u\x9d\x03\x07\xaa9p\xa0\x9a\xca\
\xca\xca\x90\xcfq:\x9d\x8c\x181\x82\xb2\xb22\xdcn\
7.\x97\x8b\xfc\xfc|\x00\xdcn7\x9a\xa6\xd1\xdd\xdd\
M{{;\xbd\xbd\xbd\xb4\xb6\xb6\xe0\xf1x8z\xb4\
\x9e\xee\xee\x18\x9c\x953\x9c\xc2\x9c\xc0\x0cr\xdf\xa2\x12\
\xaa\xff\x7f\x1f\x99\x1b\x11\x89\x18!\xa0\xb5&r\x0f\xdb\
@\xb4t\xc1\x87\xfb\xa5\x020\x94\x18?\xfd\x95\x84j\
\x0d~\xd1\x9d\xcf\xff\xacy\x18u\xf0\x87!-\x14\x00\
\x04c\x83\xad\x7fk\xa5\xc7`\xe8\x1eyp\xba\xf2 \
\xa7\x18\x9c\xe9\x9f\x8f\xa5\x18\x22CqG\x1eW.{\
\x00\xf4z\x03\xc3M\xc7\x95\xc0\xc7\xd5q\x11/\x22z\
{{\xa9\xab\xab\xa3\xaen\x08\xc9\x08\x8a\x88)0\x0d\
\x04aYd\x00\x0a\x06\xf02fpJDDx:\
\xa0a\x8f\x1c\xbe\x13\xd5\xfb\xe8\xb2\xdf\xc6\xce\xc3\x96\xf0\
\xfd\xf0,\xfe\x03\x08~\xd9[\xa8\x16\xfeHH\x0b\x05\
@@Ap\xbff\x80\xde!\xc6\x98<\x9d\xf2bs\
\x80+_N\x0ct\xe4\xa8D\x9el\xc0\xf0\x0e\xfe\x1c\
\x1fv\x1b\x1c7\x02\xf6\x9a\xeb\xacO\xf9\xccs\xcbP\
@\x8br$f\x1c\xb9Nph!\xacM\xcd\xdfb\
<\x14\xfdf\xccg\x0b\x02Z\xeb\xa4a\x15m\xac\xbf\
\xbaQ\xb6\xec\xed\xf0\x04\xc6\xf8\x87h\xf1\xef\x11\x06?\
\x1aY\xc1\xe37?D\xd0\xdcOE8\xd2C\x01\x10\
\xb2>3xHC\x8fW\xd6\x84:\x86\xd8\xfb\xdf\xf0\
\xca\xecT_\x86\xaa\xdd){z;rd\x03!\x87\
[\xcd\x13\xc84\x22\x9d\x1a\xe6cT1\xec\xa9\x83`\
\xc5sD\x81R\x002\x91<W`\x05\x80\xd5\xb2\xcc\
\x19\xe0,\xa9g\xe1R\xd3\xdb%\xad~O\x98\xb6\xda\
\x91\xd2\xd6\x03oUA\x8dy\x1e\xb6z]\x86`\xf1\
W!\xf8\x91\xd1\xc4\x93k\xd61\x045_\x01\xe9\xa2\
\x00@}\xa8\x1c\x00\x044\xb7\xc3\x88\xe1\xe7F\x01\xf2\
G\xac\xf7Z\x0eh\xcd\xaf\x08(/Af\xa0\x0f\xf1\
\xd4P^\xd0?\x07\xc0w\xff\x1e\x95/\x97q\xe4\xba\
\x02\xad\x7f\xeb\x82\x933\x80\x07 Z\xd7wZ\x11#\
\xab_\x08\xd8y\x04\xde\xdb\x0b^S1\x1f\xaa\xc5\xaf\
\xc1!\x04?4\x9a\xf9\xa3Z\xf8\x87OZ(\x00\x08\
\xb6\xf5\xcb\x0107\x0e7G\xaf\x00\x84\xd8\x1f\xden\
y\xe9\xf3\x12\xb8d\x0e\x813O*\x05\x8a\xf4b\xa8\
\x1d\xc8\xca\xcd\xde\xef\xc1^\xa7\xf2\xfcXJ\xa5H\x15\
r\x9d\xf2:8\xfe\xaf\x89\x81=\x8c\xdens\xf6H\
z\x9cI\x87Mo'4\xec\x03O\x94I\xb0\x9d\x1e\
X\xff\x19\xeco\x08\xec\xdc\x17\xa9\xc5\x0f4\x18\x82{\
m-\xfc\xfa\x07\xebT\x8c?Z\xd2\xe2\xb0\x15P\x19\
\xca\x1a\x13@u=\x9c8N&m\xc5\x13\xdd#\xfb\
Mw5\xcb\xf0\x803\x0f\x5c\xb9\xf2:\xd3\x7f\xfc\xe9\
\x8e\xa1\x0f-\x07\x00\xfc\x16\xa1o\xe1\xf7]\x15\xb8e\
\x8e\x80\x9e5\xdd\xc2\xb3\x83\x5cg`\x05\x80\xb5\x11\x90\
}\x90p`w+\xe4\x95\xc5Y\xc0$!\x0ci\xf1\
\xb7\xd5E\x9f\xf0\xb8\xfb\xa8\x5c\xfc{\xbc\xc3\xb2\xf8\xdb\
\x05<\xd8\xed\xe2'?\xcd\xe2\xce}\xb1&-\x96\xae\
\xeb\x1eb\xe7\x1fob\xab08\x19\x02\xc3\x00=^\
\xd8U\x033\x138\x9dU\x18R\x13\xf6i\xc3\x0e\xb7\
\xa9\x10\xe4\xa9R\xc3Td8\xfd\xc7\xdd\x8e\xa0p\x13\
\xfe\x93S\x9eKN\x1dSd\x0e9N\x8b\xe5\x19\xb4\
\x18\x05\xb7\x1a\x0f\xa6\xe3Xf*\x00=m\xd0\xb8/\
\xfa0\x87nHw\xff\x96C\x0c\xd9\xe2\x17\xe0\x11\x82\
\x87\x9d\x0e\xfem\xcds\x1c\x8dN\x12E0i\xa1\x00\
\x00\x18:\xf7\xa0\xf1h@.\x00\xf2@\xa9\xaa\x85\x8a\
\x920m\x81\x13\x80\xb7G^\xba\x9adop\x97\x19\
&p\xe5\xa9^\xe1\xa9\xc0p\x92\x95\x1c\x0e\x8b\xa7\xc9\
\xea}B)\x00\x99H_\x08\x80\xfe\x8b\xd1`3\x9d\
\xba\x9a\xa5\x87\xd0\x9e!S\xa1\x0d\x1dZ\x0eA\xdb\x11\
\xa2\xees\xd0\xda\x05\x7f\xdf\x06\xf5\xbe\xd0A\xe4\x16\xbf\
\x10\x82'\x9d:\xdf[\xf3\x0a\x11\x8c\xe2R\x0c\x87\xb4\
Q\x00\x8aZy\xb2\xa5\x98\xeb\x81\xb3!0\x0c \x04\
\xbc\xbf\x0b\x16L\x8fC>\xc0\x10\x11\xba\xd4\x9c{\xda\
\xe4m\xbbCz\x07\x1c9f\xb8@)\x04\x89E\x0c\
O\x010\x82\x16\x7f\xab7 \x5c_xE\xfa\xe2\x0b\
\xf9\x00\xfd\x1a\x01\xf5\x0e\x16>\x12\xd0T\x0d#\x8e\x8f\
\xa3\x80\x89@@{\xbd\x5c\xfccQ\xdd\xb0\xf7\x18\xfc\
cG\xe0(\xed\x08,~\x10|\xa4\xd9\xf8\xc6\x8f^\
\xe0\xed\xe8\xa5P\x0cD\xda(\x00\x9f\x7f\x06\xfdw7\
p\xb5\x10|\x0cT@\xe0\xc9\xd9\xe3\x85\xf5;\xe44\
\xb7\xf1)\xd4\xff_\xf7\x82\xde\x0a\xbe\xb1\x13v'8\
r\xfdU\x06\x0e\x17\xaaMq\x1c\xf1t\x0e/c\xb9\
\xdb\x13\x98\x03`-\x11\x1bj\xd9\xa9\x22\xf5q\xd9\xfb\
\xaa\xff\xfa%\x02z\x22(!\xedl\x80\xae\x11r\xfe\
H:\xd2\xd5\x04\xcd\x07cS\xd5 \x84l\x98\xf5\xee\
\x1e\xff\xff\x94\xc1-~\x84\xe0\x18\xf0\x9d\xffz\x99G\
\x88\xda\xf7\xa0\x88\x84\xb4:\x95\xdd\xf8{\x0ei6\xce\
\x16P\xe3;9\xfb<\x00B\x80\xae\xc3{;\xe1\xfd\
*\x99\xb0\x97\x8a\xe8\xbd\xd0\xd3\x0a\x1d\xa6\xa6\xdd\xb8O\
&\xd9t4\xc8^\xdaY\xdbX$Nt7\x0f\xef\
u]=\xa1s\x00\x04\x83\xc7\x84\x15\xe9\x85\xddf\xba\
\xf9E\x7f\xcf\x22D\xa6\x00\x004\xec\x96\x0ag\xda \
d\xf8\xe2\xf06\xa8\xaf\x8a\xcd\xe2\xaf\x1b\xf0\xdavx\
{w\xe0DM\xdf\xff68\x9f\xa6\xef\xfc\x0d\xcfh\
\x82\x19\xff\xf52\x0f\xa3\x16\xff\x84\x916\x1e\x00\x1f7\
\xfe\x9e\x1d\xff\xfdU>g\x83'\x11\xcc\xeb;\xa0\xcc\
?\x028P\x0f\xd5\xc7`\xea(\x986.\xb5\x87y\
\x08K\xc9a\x1f\x9a\xe9)0=\x04\x8e\x1c\xb0\xbb\x07\
\x8fE*\x02\xf1v\x0f\x7f0IkW\xff\x1c\x00\xdf\
16XV\xb8\x22\xbdp\xda\x91\xe7\x0ek\x82\x9a\xc5\
b\xed\x8ap\x96\xbd\xa1C\xfdN\x18ybj\xb7\x1b\
7\xbc\xd2c\xd1v$\xb6}\x0c:{\xe0\xff\xb6\xc0\
\xe1\x16\x02]\xfb\x04\x96UZ\xe3\xff\x02v\xdb\xec\xdc\
\xf4\xd3\x97\xa8\x8c\x9d$\x8aHI\xcb\x88\xf4K\x9bh\
:\xfdr\x1e\xcek\xa6\x07\xc1<\xc0eu\xd1\xfa\xb4\
\xca\x866\x99 x\xb8Y6\x9cp;\xe5%\x1d\x10\
\xba\xf4\x06\xf4v\xc9|\x82\xaefYu\xe0\xed\xf1\x97\
\xb4iv\xa5\x14\x0cD\xc7\xb1\xe1\xc72?\xa8\x82}\
G,\x16\x8b\xf9G \x07\x02\x1d\x8b\xd3P E\xe2\
\xc9u\xc1$3l\x180F\xd6\xdc\x18Y\x043\xc6\
F\xf6^\xc2\x90\x8b\xab37\xc5\xfa\x85\x08\xe8n\xf3\
{\x1d\xbb\x9a\x86^\x1a;\x10\xc7\xda\xe1\xe9\x8f\xa0\xd1\
\xcc\xb7\xb1\xfe\xff\xfa6\x83\xcfU\x1a\x8f\x15t\xb3\xe2\
G\xafS\x15;I\x14C!\xed\x97\x8f\xfb\xae\xa3\xc2\
n\xf0/\x08\xae\x17P\x0a\xe1\xcb\xb7\x00\xf2s`t\
\x09\x8c,\x96\xed^\xf3S\xd8;\x10\x09v\x97%\x9f\
\xc0\xad\xca\x10}x:e\xed\xf2p\xf9\xd5\x8b\xb0\xad\
:t\x0e\xc0\xb6:\xd8\xad\xba\x01f\x0c%\xb9\xb0\xf8\
\x04K\x1f\xfa\xbe?\xf2\xea\xa4\xb1p\xcb\x92\xa1\xbfo\
~\x05\x94NH^\x9f\x10\xa1CW\x8b\x0c\x83u5\
\xc7\xafmq]3<\xb7Y\xe6\xcd@\xff\xff\x9f\xcf\
\x1b\xe0C\xd3\xa8Cp\xfd\xcf_\xe3\x95\xf8H\xa4\x88\
\x94\xb4W\x00|\xfc\xefW\xc8i7\xb8R\x13|^\
\xc0y\x02rB)\x01\xc1\xb7\x0bsaL\x09\x8c-\
\x871\xa5\xa6;0\x9d\xd1\xfca\x03g\x8eL8\xcc\
\xb6\xca\x03a\xc8\x84\xa6h,\x9c\xef<\x02M\xa6\x95\
\x1f\xac\x04l\xae\x81\x03\x0dQ\x0a\xa9H\x19J\xf3`\
\xd1T\xf3\x86\xd6_\x11\x18U\x08w_:\xbc\xf7\xb6\
\xd9\xa1`\x14\x14\x8d\x06[\x9c\xbd\x8f\x86.\xbd\x84=\
\xed2\xcf\xa8\xa7-\xd0\xf8\x89\x07{\xea\xe1\xc5\xcdr\
&\x0b\x10\xf8\xff\xb3Z\xff}\x7f\xf8\x8b\xcd\xc3\xad?\
_\xc7\xb1\xf8J\xa6\x88\x84\x8cQ\x00\xac\xfc\xf4\xab\x14\
\xe6xY\x86\xc1\xf9\x02\x96#\x98\x0a\xe1=\x03\xbe\xfb\
5\x0d*\x8aa\x5c\x19L\xa8\x80\xd2\x0ci\xfbjw\
\xf9;\x17:r3?l\xd0v$\xba\x96\xa5\xf5\xad\
\xf0\xfd\xc7\xc2\x1f'\x1fUC\xad\xeaE\x961\x94\xe7\
\xc3\xfc)r;\xd4\xe2e\xb7\xc3\xbd\xab\xa23\x0e4\
\x9b\xac\x10\xc8+\x83\xdc\xd2\xe8\x87\x8d\x19^\xe9\xe5\xea\
\xed0\xaf;\x13\x9f\x80\xb8\xf5\x10\xbc\xba\x9d\x80\x0e\x8a\
a,~\x04t\xdb4\xbe\xf6\xcb\xd7\xf8Cb\xa5T\
\x0cD\x86/\x05\x92\xfb\xbe\xc0T\xc3\xce\xc5\x06\xac\x00\
>'\x04N\x08t\xeb\x86:\xd9\x17\xe6\xc0\xc4\x0a\x98\
8R\x86\x0b2e\xe1t\x9a-\x8c]\xf92\xd90\
\x93\xe8j\x82\xce\xc6\xe8\xde\xe3\xad\x1d\xf0\xf0\x1b\x81\xd6\
\x93\xf5\xb8x{74g\xd3\x10\x98\x0cgD\x01\xcc\
\x9b\x14b\xf1\xb2l\x7f\xfd\x5c8~T\x8cv\xa8I\
e\xdc\x95/\x7f\x87v\x97\xbch\x9a\x99\xd7\x83\xb4\xe6\
\x85!\xaf\xbd=\xa0\xf7\xf8\x1b\x8eY\xf3\x80\x92\xc5\x86\
}\xb0\xae\xcaR\xe6G\xe8\xfc\x09s\xbb\xdafg\xd5\
/_\xe5\xc3\xc4J\xa9\x18\x8c\x0cY\xd2\x22\xe7\xdek\
\xc8\xb7{Yfh\xacB\xe7R\xa1Q\x02\xfd\xad<\
\xeb\xb6@\xb6\x0a=n\x84T\x08\xc6\x97\x833\xed\xea\
'B\xe3p\xcb\x13\x91\xab \xfd\x95\x81\x9e6h\x8f\
A\xb3\xd0\xffyM&\x01Bh\xaf\xd1k;\xa0w\
\x88\xe3\x85\x15\xa9Ky>\x9c5\xd9\x7f;x!\xd3\
4\xb8`\x16\x5c<;\xe1\xa2\xa5$\xef\xec\x96J0\
\x84\xb7\xf8}\x8fi\x1a/y\xdc\x5c\xf3\x9b\x97hJ\
\xac\x94\x8aH\xc8:\x05\xc0\xca\xd3\xab\xb0\xef\x85\xf9v\
\x8dK\x0c\x8d\x95\xc0\xb4\x81B\x04\xd6\x1e\x16\xa3\x8a\xa5\
g`\xf2H(\xce\xa0P\x81\xbbP^\xd2-o \
V\x8b\xbf\xc7\x0b_\xff\x03t\xf7\x12R\x11\xf4x\xe1\
\xf5\x9d\xd1\xefG\x91:\x94\xe6\xc1\xfc\xc9\x84\x8c\xff\xfb\
\xae\xc6\x94\xc0\xdd\x97$E\xbc\x94b\xfdg\xf0\xaeo\
\xf1\x0fo\xf1\xa3i\x18\xc0\xbf\xdd\xbf\x96\x9f\xa0\xea\xfa\
S\x96\xacV\x00\x82\xb9g\x15\xa7\x1a6V\x0a\x83\x95\
\xc0,\x08\x9f<h]\x14\xca\x0baR\x05L\x1a)\
\xab\x0b2!T\xe0*\x80\x9c\xa2\x14+e\x0aCW\
\xb3,\xbd\x8a\x05\x1fT\xc1o_\x95\xdb\xfd\xac\x7f\xe0\
X\x1b|x 6\xfb\x02\x1a\x81#@=p\xd4\xbc\
\xdd\x0at\x9a\x97&\xcbv+\xd0\x0et\x98\x97H)\
\x01\xdc@>P\x08\xb8\x80b \x17\xc81\x1fw\x01\
\xe5\xe6e\x84y=\xd2|^\xc6S\x94\x03\x0b\xa7\x86\
I^\xb3,r\xdf\xbd\x08\xc6g\xe0\xd0\x9fH\x10B\
6\xf8\xf9\xf8\x00\x03Z\xfc\xe6c\x1dB\xf0\xa5\x07+\
y>\xf1\x92*\x86B\x06,U\xf1\xe1'W1\xc9\
\xd0\xb9\x0cX\x85`\xbe\x10\xb2kb\xb8\x10\x01\xc8\x1f\
\x89\xd3\x01c\xca\xe0\xb82\x18[&\x15\x82t\xee\x1c\
gw\x80\xbb\xc8\xf4\x0a\xa4X\xd8C\x08\xe88*\xb3\
\x9ec\xc5\xcf\x9e\x87\xad\xd5\xfe\xf7\xb7\xee\x0b`\xd7Q\
\x99\xf9\x1c\x01:P\x0dT\x01{\x81\x83\xe6\xed\x03\xe6\
u\x1d\x10\xa7\xc2\xac\x98\xe1$P1\x18\x01\x8c\x05\xc6\
\x99\x97\xf1\xe6\xed\xe3\x90\x0aEZ\x92\xef\x82\xcf\x1d\xcf\
\xa0\x89lgM\x85k\xe6'^\xbedc\x08xy\
\x0bl\xa9\x91\xb7\xc3X\xfc>j\x05\xac\xf8M%\x1f\
%RF\xc5\xf0H\xe3\xa5)q\xfcx\x15\x15Bp\
\xa1!X\x85`\xb9\xc0L\x22\x1c$o\x00d\xdf\xf8\
qe0\xa6\x5c\x86\x0dF\x95\xc8|\x82\xb4C\x93\xd3\
\x0ds\x8aR\xa3\xcb\x99\xb7[\xba\xfccY\xdb\x5c]\
\x0f?\xf8\xb3L\xbe\x0a\xe7\xf1y\x7f?4\x05f[\
\x1b\xc8\x05~\x13\xf0\x09\xb0\x03\xb9\xe8\xef\x06\x22\xec!\
\x97\x11\x94!\x95\x81\x09H\xe5`20\x15\x98b^\
R\xd6vv;`\xe94\xb9=\x90[\xdba\x83\x7f\
]\x01#\x0b\x13,`\x121\x04\xbc\xb0\x19\xb6\xd6\xf8\
\xef\x0ba\xf1\xfb\xf8\xc8\xeed\xc5\x03\xafS\x9bH\x19\
\x15\xc3G)\x00C\xe4\xc7+)\xef\x15\x9c\x8f\xc6r\
`\xb9\x10\x8c\x86\xd0\xee\xe2\xe0\x062\xbe\xed\xe2<\xa9\
\x08\x8c*\x91\xb1\xc5\x8abp\xa5\x98u=\x106'\
\xe4\x14J\xcf@\xa2s\x05\x0c/t6\xc9:\xe7X\
\xf3\xdb\xbf\xc3{a\x92\xff\x10\xb2\xd6y\xed.\xf6\x1b\
\x82\xf7\x80\xf7\x81\x8f\x80-@[\xec\xa5\xc98J\xf0\
+\x03>\xc5\xe0Dd\xa8\xad4\x89r\xa1\x01\xe7\x9e\
\x04\xf6\xa0\x85\xcdr\xd5\xb7\xe8\x9d2\x1en^\x92P\
\xf1\x92\x86W\x87g?\x86\xcf\x8e\x98w\x0cP\xe3/\
4\xfe&\x0a\xf9\xd2C/\x90N\xd3\x10\xb2\x1e\xa5\x00\
D\xc9\x9a+\x98b\xe8\x5c*\x04\x97h\xb0\x18p\x87\
K\x1e\x0c\xe71\xd04\xd9\x90hd\x11T\x14\xc9\x91\
\xc6\x15\xc5P\x92\x9f\xe2\xe1\x03M\xe6\x08\xb8\x0bd%\
A\xb4\xb5\xcd\x03\xa1{d+\xd3\x9eV\x865\xddo\
0j\x1b\xe1_\x9f\x00]\x84O\xfe\xec5xn\xed\
N\xfe)\xf6{\xcfz\xc6\x01'\x03\xb3\x81\x99H\xa5\
`\x062G!!,\x9a*C\x01\x03%\x02\xfa\x1e\
\xbbn1\x9c1)Q\x92%\x87.\x0f\xfcy\x03T\
7\x0eh\xf1\xfb\x1e{t\x8c\xc6\xf5k\xd6\x91\xe4\xe2\
D\xc5PI\xe5\xe5%\xedX\xb3\x8a\x02\xc3\xc3R!\
X\x22\x04\x9f\x130\x07s\xdeB\xa4J\x81\xd5\xe2\xb4\
\xd9\xa0\xb4@\xb6.\x1eQ(\x15\x831e\x90\xefN\
\xd4'\x8a\x1cM\x93\xa1\x01g\x9e\x0c\x15\xc4\x22_@\
\x18r\x16BwKl\x87\x96\x84\xe2\xe7\xcf\xc3\xe6\xfd\
\xe6~\xcd?\xc1\xde\x1c4.\x7fu\xbbJlJ\x10\
v\xa4\xa7`\x16R98\x19\xf9{\x9a:\xd0\x8b\x86\
\xcb\xdc\xf1\xb2\x1f\xc0`\x89\x80 g\x07|\xe7\x02\xe9\
\xbd\xcbD\x9a;\xe1\x89\xf7\xe1X\xc7\xc0]\xfd\xcc\xbb\
\xee{h=\xdf@e\xfa\xa7%J\x01\x88#k.\
\xa4\xa8\xc7\xce\x22M\xe3s\x86\xe0lMp\xba0'\
0\x86k2\xd3\xefv\x880B\x81\xe9-\x18U\x22\
\xf3\x0aF\x96\xc8J\x84T\xf2\x16\xd8\x9d\xb2\xeb\xa03\
\xc7lt\xe2\x90MN\x06\xc2\xf0\x9a\x03\x90\xba\xe5\x82\
\xef\xed!!\xa7\x95\x0f?\x83\x07^\x1e\xb41T\x93\
\xbd\x971\xaf\xec\xce\xaa\xb8~*R\x01\x9ce^\xe6\
\x03\xa7#\xab\x1b\xa2\xe2\xc4Q0\xa1\x94\xb0\x8d\x80\x82\
\xbd\x01e\x85\xf0/\xcbe8/\x93\xa8m\x81'\xdf\
\x87\xf6\x9eAk\xfc\x85\x80\xef\xfe\xfe-\xeeM\x82\x98\
\x8a\x18\x91BKF\xe6\xf3\xed\xf3\xc9\xb79X\x00,\
\xd0\x04\xf3\xd1\x98/\x04E\xc1\x8b\x8du{\xb0\xdc\x02\
\xdf\xf3\x1cv\xa8(\x84\xd1\xa5R1\x18[*\xbd\x05\
\xa94\xbaV\xb3I\xcf\x80\x16pV\x95\x0b\x7f\xb2:\
\x9b\xb5u\xc9\xb6\xbf-]\x0c\x16\xae\xf9\xd9k;\xf9\
N\x12DT\x0c\x8c\x1d\x99Kp\x9ayY\x88\xf4\x14\
\x0c\xe9\xc8\x1fW\x023F\xcb\xedA\xea\xdb\xfb\x1e+\
/\x80\xaf\x9f'\x7fw\x99\xc0\xe6\x832\xe1\xafW\x1f\
\xd0\xe2G\x93\x91\xb2\x9b\xfe\xf06\x7fL\x82\x98\x8a\x18\
\xa2\x14\x80$\xf3\xbd\x8b\x99\xa2\x1b,B\xb0P\xc0\x22\
\x01'!\xd0\x06\xcb\x1b\x88d\xd0\x91\xdd&\xc3\x07\xe3\
\xca`\xdc\x08Y\x9aX^\x98\x19}\x0ab\x81\x10\xf0\
\x8b\xff\x83O\xf6\x85p\xf7\x13\xf0\x7f\xee\xd5\x1cL}\
m+\x07\x93\x22\xa8b\xa8\x94\xe2\xf7\x12,\x01\xe6!\
{!\x84%\xcf\x05\x0b\xa6\x0c\x1e\xff\xf7\xe1\xfb\x0d\x95\
\xe4\xc1\xcdg\xc3\xe4\x8aX\x89\x9extC\x0e\xf4\xf9\
h\xb0\x1a\x7f\xb9\xa1kp\xdd\x1f\xde\xe6\xb1\xc4J\xa9\
\x88\x07j)H1\xbe{.\xc5\x1e;gh\x82E\
BZ3\x0b\x85\x905\xd6ac\xd3\xa1\x1e\x0bs\x7f\
\xae\x13&\x8f\x86)#a\xcah\xd9\xa7 [y\xee\
\x03\xf8\xeb{\x83\xff\xcf\x04<\xfa\x8f\x9d|9\xf1\x12\
*bD.2\x5c\xb0\x04X\x0a\x9c\x89l~\x14\xc0\
\xa2)\xb2Dw\xa0\xf8\x7f\xa8\xb0\x80\xc3\x0e+\xe7\xc0\
\xd2\x93R+\x0c\x17\x09\xc7\xda\xe1/\x1b\xa0\xc62\xdc\
*\x84\xc5\xef\xbb\xe1\xb1\xc3\x17\x7f\xff\x0e\x7fM\xac\x94\
\x8ax\x91f\x87k\xf6q\xd3i8\xdd\xa5\x9cf\xb3\
1_\x08\x16 X\x00\x8c\x8d(\xa9p\xa0\xc7\xcc\xfb\
\x0bsa\xca(\x98:\x1a\xa6\x8f\x85\xa2\x0c\x8bi\x86\
\xe3\xfd]\xf0\xe0\xdf\xe5\xff$l\xce\x05 \x04\xbd:\
\xcc\xaa\xdc\xc5\xae$\x88\xa9\x88\x0fy\xc0\x02\xa4B\xb0\
\x04\xa9\x108\xa7\x8d\x84\xf1\xa5\x83\xc6\xbe\x03n[\xb7\
\xc7\x97\xc1\x97\xe6\xc3\xa4\xf28J\x1e#\x0cC\xf6\xf3\
_\xbbCz\x00|\x0c\xa0\xf0x\xb0\xf3\x85\x87\xdf\xe2\
o\x89\x94S\x11_\x94\x02\x90\x86|\xed<\xc6\xa2\xb3\
Ph,\xd2d\xe8`.\xa0\x0d\xb5\xfc0\xf81\x0d\
9\xf0h\xf6\x048y\x82Lt\xcaD\xb6V\xcb\x8e\
\x7f\xbd:\x91xP~\xbdv\x17\xdfH\xbc\x94\x8a\x04\
\x92\x07\xcc\x1dU\xc4\x17N\x1e\xc3\xd7 \xb2D\xc0P\
\x8f\xd95X6\x03\x96\xcf\x84\x82\x84\x151\x0e\x8d\xfd\
\x0d\xf0\xb7Mp\xd4\xec\xa51\x80\xc5\xef\xdb\xee\xb2\x09\
V\xfe\xef{\xbc\x9a`Q\x15qF)\x00\x19\xc0\x1d\
\x8b\xa90\x1c,\x10\x1a\x8b18\xdb\x10\xccE\xc3\x16\
\x90Th\xfe\x89\xb4\xd2\x00d+\xe3Y\x13a\xf6\xc4\
\xcc\x09\x15l\xde\x0f\xbfz\x11<f\x07\xc1A\xfe/\
\x87{\xdc\xccx\xfbS5\xc9,[X6\x8d\xe9\xed\
\xa6}\x00\x00\x06\x94IDAT\xf7\x81y\x91X\xfc\
\x03)\x099\x0eXx\x02\x9c7S\xe6\x09\xa4\x02\x87\
[`}\x15|r\xd0\x7f\x9cG\x90\xf0\xd8\x89\xe0\xb2\
G\xdf\xe7\x1f\x89\x94U\x91\x18\x94\x02\x90\x81\xdc\xb6\x84\
\x82^8\xcb\x06\xe7\x228W\x08\xe6\x0a\xf3\xbb\x1en\
\xf9\xe1\x84\x0a\x987\x0d\xe6L\x06w:\xb62\x06\xde\
\xd9\x01\x0f\xbd.;\x9c\x85q\xf7c\xde\x0d\x02\x0c\xc1\
\x15\x95\x9f\xa9xg6\xb1l\x1a+A~\xe7\x91X\
\xfc\x96\xab\x90J\x82\xcb\x0e\xf3\xa6\xc2\xa2\x13`b\x92\
B\x03\x87\x9a\xe0\x1f\xdba\xe7a\xfc\x07|d\x9e\x8d\
VMp\xf1\xa3\x1f\xf0v\x02\xc5U$\x10\xa5\x00d\
\x017,\xe18\x9b\xc19Bp\x8e\x80\x0b\x04TD\
\x14\x22\x08\x91p\xe8r\xc0\x9c)R\x19\x98<2q\
\x9f!\x1a\x0c\x03\x9e}\x1f\x9e\xff\xd0\x8c\xf9\xc3\xa0\xde\
\x10!x\xa2\xf23\xaeN\x86\xbc\x8a\xe4\xb2t\x1ao\
i\xb0\xc8w;\x12\x8b?\x92\x90\xc1q\xe5p\xd6d\
8u\x22\x94\xc7y\x84x\x87\x07\xb6\x1c\x84M\x07a\
\xbfexU\xa4%\x8e@\xb3\xa6q\xc1c\xef\xf3A\
|%U$\x13\xa5\x00d\x19k\xc0vh\x11s\x0c\
\xb8\x14\xc1%B\xd6N\x0f\xea\x0d\xb0n\xfb\x9e3\xba\
\x04\xe6O\x873NH\xcd\xee\x84\x00M\xed2\xd9o\
\xc7\xc1!\xe4F\x08>s\x0bN\x7fe7q\x988\
\xa0Hu\x96N\xe3\x14\x0d>\xc0R:\x18\xa9\xc5\x1f\
i\xc8`R9\xcc\x18\x0b\xd3G\xcb\x12Bg\x0cf\
j\xb4\xf5\xc0g\x87aS5\xec:\x22\x15\xdf\xa1\xe6\
2\x98\xf2\xd6\x1ap\xe1\x9f>`K\xf4R)R\x19\
\xa5\x00d9\xd7\xcf\xe7x]c\x85\x10\x5c\x8a\xc6\x22\
!\xe8k\xe2\x1bi3\x22\x87\x0dfM\x80\x05'\xc9\
J\x82T\xe83 \x04\xbc\xb3\x13\x1e_\x07\xad\xdd\x0c\
\xea\xee\xb7(\x05-6\xc1\x82\xb5\xbb\xd9\x9eHy\x15\
\xa9\xc5\xd2\x13\xf8\x8e\xa6qO\xf0\xfdC\xb1\xf8#\xad\
$\xb0\xdb`\x5c\xa9\xac\x22\x18gv\xf5,\xcb\x93]\
\x06s\x1c\xb2\xcc\xd0J{\x0f\xb4vAK'\x1ci\
\x95\xdd\xfb\xaa\x1b\xe1hK\xe4\xfb\x0c\xf5\x98\xf9\xda*\
\xc3\xc6\xf2\xa7\xdeg\x7f\x98\x7f\x8d\x22\x83H\x81S\xb5\
\x22U\xb8\xf6L\xca\x85\x9d\xab4\xc1\xd5\x02\xce\x0a\xb6\
\x94\xad\xdb\xe1\xac\xe9\x11\xc5\xb0p:\x9c5\x1d\x8a\x92\
4!~W\x0d\xfc\xe9-\xa8\xaa\xf3\x09\x17A\xad\xbf\
\xdc\xe8E\xe3\xc2\xca*\xd6&NZE\x8a\xa2-\x9b\
\xc6\xa3\x10:\x0c\x14m\x92\xa0u{\xb0\xbc\x02\xbb\x06\
\x0e\x07x\xbc\x03\xbc\xef0\xf7\x19\xf4\xda\x8d\x0e'\x17\
?\xf6.GC}fE\xe6\xa1\x14\x00EH\xfey\
\x1e'\xd8\xe1jC\x9e\x00\xa7\x0cR+\xdf\xef1\xbb\
\x0df\x8c\x873\xa6\xc2)\x93\xc0\x15\xe7\xc4A!`\
\xebAxy#l90\xacRH]h\x5c\xbd\xae\
\x8a\xa7\xe2+\xa9\x22]X2\x89\x1c\xcd\xc9+\x9a\xc6\
\x92P\x8f\x0f\xd7\xe2\x0f\xf5\xd8p\xf3\x0ab\xb8\xcf\xe7\
\xf5.\xae~f\x1b\xed!>\xaa\x22CQ\x0a\x80b\
0\xb4/\xcec!\x82\xab\x81\xab\x10\x14GhM\xf7\
=\xe6\xb2\xcbr\xc2Y\x13a\xe6\x84\xd8z\x06\x8e\xb5\
\xc1\xbb;\xe1\xed\xedP\xd3\x18\xb9\x82\x12t\xbf\x17\x83\
k\xd6\xedQ\x8b\xbf\x22\x90K\xc7\x92\xd7\x99\xcf_\x85\
\xc6\xf2p\xcf\x89\xb5\xc5\x1f\xd1\xfb\xc6\xc6\xe2\x07\x10\xd8\
\xb8g\xc6\x06\xeeZ\x03q\x18\xb4\xadHe\x94\x02\xa0\
\x88\x98\xaf,!\xa7\xab\x93\xcfc\xf0-`\xf6\x00\xd6\
t\xd8\xc5V\xd3d6\xf4\x89ca\xc2H\x988B\
\x0e0\x8a4o\xa0\xa5\x13\xf6\x1e\x86]\xb5\xb0e?\
\x1c\xa8\x0f\xdc\xff\x10\xdc\xfd\xbe\xed\x0e4\xaeZ\xf7\x19\
/F&\x81\x22\xdbX5\x13WC/\x0f\x027\x84\
{NT\x8by\xd0\xed\x04Y\xfc\xa0\xd1\xa4i\x5c\xfd\
\xf4F^\x0e\xf7\xb9\x14\x99\x8dR\x00\x14\xc3b\xd5\x19\
\x9c\xad\x19\xdc.\xe0r\xc0\x19Ic\xa1p\x0b\xb1\xd3\
\x01#\x0ae\xd2SI\x81\xf4\x10\xd840\x04t\xf6\
@G74\xb4\xc3\xd1f\x99\xfcD\xd0\xeb\x87\xe1\xee\
\xf7=v\x08\x83\x95\xeb\xf6\xb21\xaa\x7f\x86\x22+8\
\xe7\x04n\x166~\x81 lk\x9fXZ\xfc\xf1\xcc\
+\x006j\xf0\xc5g>fw\xb8\xcf\xa2\xc8|\x94\
\x02\xa0\x88\x8aU\xa70N\xd8\xb8\x19\x8d\x1b\x85`4\
\x0cn\x81\x87]\xacC\xbc&\xd4\xeb\x07\xabN\x88\xf0\
5\x7f\xd7l\x5c\xb3\xae\x8acC\xff\xd4\x8ale\xe9\
t\xa6\xdb\x04\x0f\x0b9i0,)j\xf1\x03t\xda\
\x04?8V\xc2\xaf\xd6\xad#IC\xb8\x15\xa9\x82R\
\x00\x141\xe1\xa6\xd3p\xd6\xeb\x5c\xae\xd9\xb8U\x18,\
\x01s\xa4\xf1 \x8b\xf5p*\x0d\xa2p\xf7\x03\xb4\x0b\
\xc1]o\xee\xe1AT\xccS1\x0c\xd6\x80m\xfd4\
\xae\x07~\x0c\x8c\x08\xf7\xbc\x14\xb3\xf8A\xe3\x0da\xe3\
\xa6\xbf}\xc4\x9e\xb0\x1fN\x91U(\x05@\x11s\xae\
8\x8d\x13u\x9d\x9b\x11|Y\xc8\xd9\xecC\xb7\xec\x19\
\x86R0x>\xc2\xdf\x84\x9d;\xd7\xefb_t\x9f\
P\xa1\x80\x85\xd3)t\x0bn\x07\xbeE\x04\x8a@2\
,~\xf3\xf6AM\xe3\xdf\x9e\xfb\x84G\x09\xcc\x8fU\
d9J\x01P\xc4\x8dU\xf3\xc9\xf5\xb4s\x95\xa1q\
\x8b\x06gF\xdaXh\xc8\x96\xfd`\xaf\x11\xbc\x85\x9d\
\xbb\xdf\xac\xe2\xad\xd8}:\x85Br\xfel\xf2{\xbb\
\xb8M\xd3\xf8\x160*\xdc\xf3\x12n\xf1\xc3\x11\x9b\xc6\
\xbd\xcd-<\xb8n?\xddC\xf9L\x8a\xec@)\x00\
\x8a\x84\xb0b6\xd3\x0d\x83\xab\xd0\xb8J\x08N\xf4\xdd\
\x1f/w\xbf!\xf0h\xf0\x82!\xf8\xc5\xfa=\xbc\x1b\
\xe3\x8f\xa3P\xf4c\xd5L\x5c\x0d^.\x13\x82\x9b4\
8\x87\x10\xe7\xd7X&\x09\x0e`\xf1\xef\x126~\xd5\
\xde\xc2\xc3j\xe1W\x0c\x84R\x00\x14\x09g\xc5\xc9\xcc\
\xd6\x05\x17\x1ap\x01\xb0\x10K\x15\x01D\xee\xee\xb7\xfa\
2\xfb\x9a\xf9\xc0\xbb\xc0\xb3\xba\xe0\xc9\xb7vc\x19\x83\
\xa2P$\x8es\xa70A8\xb8\x12X%`\x1eA\
\xe7\xda8X\xfc-h\xfc\x0d\x8d?\xbc\xb4Ey\xba\
\x14\x91\xa1\x14\x00ERY1\x9dB\x8f\x8d\xc5\xc0\x5c\
\x03\xe6j0G\xc0\xa4\x08\xdd\xfd\xcd\x86`\x87\x0d>\
44\xde\x03\xd6\xaa\xac~E\xaa\xb1\xf8$\xc6\xb8\xfc\
\xd38\xcf\xd6`2Do\xf1k\x1a;5\xa8D\xe3\
%\xa3\x9b\x7f\xbc\xb2\x9b\x9e\xb8~\x10E\xc6\xa1\x14\x00\
E\xca\xb1d\x129\xb6\x5cFi\x82\xb1\x9a`\xa4\x06\
.\xdd|L\x836\x1d\x8e\xb9\xbcT\xbf\xb6G\xf5,\
W\xa4\x1f\xcbgR\xa6\xf72W\xc0)\x02&i0\
\x09\x8d\x89@\xa1\x06\xc5h\x14i\xa0\x03\x1d\x1a\x18B\
\xe3\x88\x06\xb5\x1a\xd4j\x82\x9dhl\xb6\xd9\xf8\xf8\xe5\
m\x1cN\xf6gQ\xa47\xff\x1f\x01\xdbM\xb9QD\
\xe6t\x00\x00\x00\x00IEND\xaeB`\x82\
\x00\x00H\x12\
\x89\
PNG\x0d\x0a\x1a\x0a\x00\x00\x00\x0dIHDR\x00\
\x00\x02\x00\x00\x00\x02\x00\x08\x06\x00\x00\x00\xf4x\xd4\xfa\
\x00\x00\x00\x09pHYs\x00\x00\x0e\xc3\x00\x00\x0e\xc3\
\x01\xc7o\xa8d\x00\x00\x00\x19tEXtSof\
tware\x00www.inksca\
pe.org\x9b\xee<\x1a\x00\x00 \x00ID\
ATx\x9c\xed\xddy\xbc\x1fU}\xff\xf1\xd7'\x84\
\xb0\x8b\xa8\xec\xca\x92\xb0X\x14,$,\x0a\x82\x02\x8a\
T\xc1\xa5$\x80\x82\x16\xf7\xb6\xbfZ\xb7\x8ah\xa9\x16\
\x14AZ+u\xa9;*\xc8\xaa\x82\xa0`\xd9\x17e\
M\x00\x15(\x10 a\x11!\xa0l\x22\x09\x90|~\
\x7f\x9c\x09\x84\x90\xe4\xde;\xe7\xcc\x9c33\xef\xe7\xe3\
q\x1f\xd1\x903\xf3\x99;\xf7\xce|\xbeg\xf9\x1c\xa3\
p\xee>\x0e\xd8\x0f\xd8\x1f\x98\x0c\xac\x05,\x975(\
\x11\x11\x11\x98\x0f\xcc\x01\xa6\x03'\x02'\x9b\xd9\x82\xbc\
!\x8d\x9e\xe5\x0e`Y\xdc}\x22\xf0c`\xeb\xdc\xb1\
\x88\x88\x88\x8c\xe0\x1a`\xaa\x99\xdd\x9e;\x90\xd1(6\
\x01\xa8^\xfeW\x00k\xe6\x8eEDDd\x94\xe6\x00\
;\x98\xd9\xac\xdc\x81\x8c\xa4\xc8\x04\xa0\xea\xf6\x9f\x8e>\
\xf9\x8b\x88H\xf7\xcc\x00\xb6+}8`\x5c\xee\x00\x96\
b?\xf4\xf2\x17\x11\x91n\x9a\x0cL\xcb\x1d\xc4HJ\
M\x00\xde\x9e;\x00\x11\x11\x91\x08\xfb\xe7\x0e`$\xa5\
&\x00\x93s\x07 \x22\x22\x12aJ\xee\x00FR\xea\
\x1c\x80\xa7\xd0R?\x11\x11\xe9\xae\xf9f6>w\x10\
\xcbRj\x0f\x80^\xfe\x22\x22\xd2e\xc5\xbf\xc7JM\
\x00DDD\xa4AJ\x00DDD\x06H\x09\x80\x88\
\x88\xc8\x00)\x01\x10\x11\x11\x19 %\x00\x22\x22\x22\x03\
\xa4\x04@DDd\x80\x94\x00\x88\x88\x88\x0c\x90\x12\x00\
\x11\x11\x91\x01R\x02 \x22\x222@J\x00DDD\
\x06H\x09\x80\x88\x88\xc8\x00)\x01\x10\x11\x11\x19 %\
\x00\x22\x22\x22\x03\xa4\x04@DDd\x80\x94\x00\x88\x88\
\x88\x0c\x90\x12\x00\x11\x11\x91\x01R\x02 \x22\x222@\
J\x00DDD\x06H\x09\x80\x88\x88\xc8\x00)\x01\x10\
\x11\x11\x19 %\x00\x22\x22\x22\x03\xa4\x04@DDd\
\x80\x94\x00\x88\x88\x88\x0c\x90\x12\x00\x11\x11\x91\x01R\x02\
 \x22\x222@J\x00DDD\x06H\x09\x80\x88\x88\
\xc8\x00)\x01\x10\x11\x11\x19 %\x00\x22\x22\x22\x03\xa4\
\x04@DDd\x80\x94\x00\x88\x88\x88\x0c\xd0\xf8\xdc\x01\
\x0c\x90\x037\x02\x17\x003\x80\x9b\x80;\x81\xc7\xcc\xec\
\x91\x9c\x81\x89\x884\xc1\xdd\x9f\x07\xac\x02l\x08\xbc\x14\
\xd8\x06\xd8\x15xY\xce\xb8\x86\xcer\x07\xb0$\xee\xee\
\xb9ch\xc0l\xe0{\xc0qf6;o(\x22\x22\
\xf9\xb9\xfb\xc6\xc0\x81\xc0A\xc0Fy\xa3I\xcf\xcc\x8a\
|\xc7.Tdp=K\x00f\x02\x87\x03'\x9a\xd9\
S\xb9\x83\x11\x11)\x8d\xbb/\x0f\xbc\x1d8\x14\x98\x94\
9\x9cd\x94\x00\xd4\xd0\x93\x04`.p\x04\xf0E3\
\x9b\x97;\x18\x11\x91\xd2\xb9\xfb\x8a\xc0\xc1\xc0!\xc0\x0a\
\x99\xc3\x89\xa6\x04\xa0\x86\x1e$\x00\xb7\x00\xfb\x9a\xd9u\
\xb9\x03\x11\x11\xe9\x1aw\xdf\x1a8\x05\xd8$w,1\
\x94\x00\xd4\xd0\xf1\x04\xe0|\xe0m\x9a\xd0'\x22R\x9f\
\xbb\xaf\x0e\x9c\x06\xbc6w,u\x95\x9e\x00h\x19`\
Z\xa7\x03o\xd4\xcb_D$\x8e\x99=\x0c\xec\x09\xfc\
,w,}Udv\xd2\xd1\x1e\x80\x0b\x81=5\xde\
/\x22\x92\x8e\xbbO\x00~\x0e\xbc.w,cUz\
\x0f@\x91\xc1u0\x01\xb8\x05\xd8V\x9f\xfcED\xd2\
\xab\x86\x03f\xd0\xb1\x15\x02\xa5'\x00\x1a\x02\x887\x97\
0\xe1O/\x7f\x11\x91\x06T\xc3\x01\xd3\x00\xf5\xb0&\
\xa4\x04 \xde\x11\x9a\xed/\x22\xd2,3\xbb\x0682\
w\x1c}Rd\xf7D\x87\x86\x00f\x02[j\xdc_\
D\xa4yU\x9d\x80\x1b\x80\x89\xb9c\x19\x0d\x0d\x01\xf4\
\xdb\xe1z\xf9\x8b\x88\xb4\xc3\xcc\xe6\x02\x9f\xcb\x1dG_\
\x14\x99\x9dt\xa4\x07`6\xb0\xa9\xca\xfb\x8a\x88\xb4\xa7\
*\x1b<\x93\xb0\xb1P\xd1\xd4\x03\xd0_\xdf\xd3\xcb_\
D\xa4]f\xf6$\xf0\xfd\xdcq\xf4A\x91\xd9I\x07\
z\x00\x1c\x98\x18\xbb\xab\x9f\xbb\x8f\x03\xf6\x03\xf6\x07&\
\x03k\x01\xcbEG'\x22R\x8e\xf9\xc0\x1c`:p\
\x22p\xb2\x99-\x889\xa0\xbbO\x02nM\x10[\xa3\
J\xef\x01(2\xb8\x0e$\x00\xd7\x9b\xd9\x961\x07p\
\xf7\x89\xc0\x8f\x81\xad\xd3\x84$\x22\xd2\x09\xd7\x00S\xcd\
\xec\xf6\x98\x83\xb8\xfbM\xc0\xe6iBjF\xe9\x09\x80\
\x86\x00\xea\xb90\xa6q\xf5\xf2\xbf\x02\xbd\xfcEdx\
\xb6\x01.w\xf7\x8d#\x8fs~\x8a`\x86L\x09@\
=\xd3\xeb6\xac\xba\xfd\x7f\x0c\xac\x99.\x1c\x11\x91N\
Y\x0b8\xb5z\x1e\xd65#U0C\xa5\x04\xa0\x9e\
\x9b#\xda\xee\x87>\xf9\x8b\x88L&T\xf7\xab+\xe6\
9,(\x01\xa8\xeb\xae\x88\xb6oO\x16\x85\x88H\xb7\
\xed\x1f\xd1\xf6\x8edQ\x0c\x94\x12\x80zb\xea\xfeO\
N\x16\x85\x88H\xb7M\x89h\xab\xfdW\x22\x159C\
\xb1\x03\xab\x00\x96\xab\xbb\x8c\xc5\xdd\x9fBK\xfdDD\
\x00\xe6\x9b\xd9\xf8:\x0d\xab\xf9\x03\xf3\x13\xc7\x93\x94V\
\x01\xf4P\xe4\x1aV\xbd\xfcED\x82\xda\xcf\xc3\xd8Z\
\x02\xa5s\xf7-\x9a>\x87\x12\x00\x11\x11\x91\xf2Lw\
\xf7\xf77y\x82g%\x00\xee>\xce\xdd\xdf\xee\xeeg\
\xba\xfb=\xee\xfe\x94\xd7\xd4d\xd0\x22\x22\x22=\xb7\x12\
\xf0Mw?\xd6\xddWi\xe2\x04O\x8fO\xa4\xaeL\
\x173\xf6Qz\x02\xd1\xe7k\x13\x11iS\x9f\x9f\xa7\
\x09\xaf\xedFB\xf5\xc4\x1b\xe3\xa3z\xc6\xb8\xeaD\xaa\
L'\x22\x22R\xa6-\x80\xab\xdc\xfd\xefR\x1et\x9c\
*\xd3\x89\x88\x88\x14o\x15\xe0\xd8\x94C\x02\x0bw\xa3\
\xd3'\x7f\x11\x11\x91\xf2\xfd\x1d\xa17 z\x95\xc08\
T\x99NDD\xa4K\xb6 \xc1*\x81q\xa82\x9d\
\x88\x88H\xd7,\x5c%\xf0\xc3\xbaC\x02\xe3\xd0\xd8\xbf\
\x88\x88HW\x1dH\xcd!\x81q\xa82\x9d\x88\x88H\
\x97\xd5\x1a\x12P%@\x11\x11\x91\xee\x1b\xf3\x90\x805\
UHA\xc5\x1d\x96\xac\xf4k\xeb\xb1\xb9\x84\xedCg\
\x01\xb3\xab\xff}\x1f\xf0\xc7\xea\xeb\x01\xe0Q\xe0\xf1\xea\
\xdf?bf\xf3\xdd}e`\x05`5`<\xf0\xfc\
\xea\xcf5\x81\x17W_\x1b\x00/\x01\xd6\xaf\xfe\xf7\x8a\
\xad\x5c\x91H\x0f\xf4\xf9y\x9a\xf1\xdan\x02\xa6\x99\xd9\
\xef\x96\xf5\x8f\x94\x00\xd4\xd0\xe7k\xeb\x89;\x80\xe9\xc0\
o\x81\xdfU\x7f\xdenf\x8d\x7f\xef\xab\xba\x1a\x9b\x02\
\x7f]}m]\xfd\xb9v\xd3\xe7\x16\xe9\xa2>?O\
3_\xdb\xe3\xc0\x87\xcd\xec[K\xfb\x07J\x00j\xe8\
\xf3\xb5u\x90\x03\xd7\x01\x97\x00\x97\x01\xbf2\xb3{\xf2\
\x86\xf4\x5c\xee\xbe.\xb0#\xb0{\xf55)oD\x22\
e\xe8\xf3\xf3\xb4\x90k;\x0e\xf8{3{l\xf1\xff\
\xa0\x04\xa0\x86>_[G<\x08\x9c\x03\xfc\x12\xf8\xa5\
\x99\xdd\x9b9\x9e1\xab\xcao\xef\xbe\xc8\xd7\x1ay#\
\x12\xc9\xa3\xcf\xcf\xd3\x82\xaem\x89C\x02J\x00j\xe8\
\xf3\xb5\x15\xec!\xe0L\xe0T\xe0\x7f\xcd\xec\x89\xcc\xf1\
$\xe3\xee\xcb\x01\xaf\x05\xde\x09\xbc\x850\xdf@d\x10\
\xfa\xfc<-\xec\xda\x9e3$\xa0\x04\xa0\x86>_[\
a\x9e\x02\xce\x02\xbeK\xf8\xa4\xdf\x9b\x97\xfe\xd2T\xb3\
w\xf7\x02\xf6\x07\xde\x00L\xc8\x1bQo=\x05\x5c\x0c\
\x9cO\x98/r\x0b\xf0\xa0\x99=\x925\xaa\x84\xdc\xfd\
y\x84\x9e\xa5\xcd\x81)\xc0n\xc0.\x14\xb6\xf4\xbb\xcf\
\xcf\xd3B\xaf\xed(3\xfb$(\x01\xa8\xa5\xcf\xd7V\
\x88\xd9\xc0w\x80cK\x1c\xcfo\x8b\xbb\xaf\x0d|\xb0\
\xfaZ's8}1\x07\xf82\xe1g\xabsCG\
\xb1\xaa\xb9(\x07\x01\x1f\xa6\x90\x22p}~\x9e\x16|\
m\x1f3\xb3/)\x01\xa8\xa1\xcf\xd7\x96\xd9\xe5\xc0\x97\
\x80\xd3\xccl~\xee`J\xe1\xee\x13\x80i\xc0\x87\x80\
m3\x87\xd3U\xf3\x80\xa3\x81/\x98\xd9_r\x07\x93\
[\xd5\xd3\xf4)\xe0\xe3d\xeee\xea\xf3\xf3\xb4\xe0k\
{\x1c\xd8B\x09@\x0d}\xbe\xb6\x0c\x1c8\x03\xf8\xa2\
\x99]\x96;\x98\xd2\xb9\xfb+\x81C\x08\xc3\x042:\
7\x03\xfb\x9a\xd9or\x07R\x1aw\xdf\x1a8\x99\xb0\
t5\x8b>?O\x0b\xbf\xb6\xcf)\x01\xa8\xa1\xcf\xd7\
\xd6\xb2\xf3\x80C\xcclz\xee@\xba\xc6\xdd\xb7\x07\xfe\
\x15xS\xeeX\x0aw\x09\xb0\xb7\x99=\x9c;\x90R\
\xb9\xfb\xf3\x09I\xf8\xabs\x9c\xbf\xcf\xcf\xd3\xc2\xaf\xed\
:%\x005\xf4\xf9\xdaZr1\xe1\xc5\x7fy\xee@\
\xba\xce\xddw\x05>\x07\xbc2w,\x05\xba\x04x\x83\
\x99=>\xe2\xbf\x1c8w_\x89\xb0\xb4v\xa7\xb6\xcf\
\xdd\xe7\xe7i\xe1\xd7\xf6\xb0\x12\x80\x1a\xfa|m\x0d\x9b\
\x0d\xfc\x8b\x99\xfd8w }\xe3\xee{\x01\xff\x85\x0a\
\x0c-t3\xb0\xbd>\xf9\x8f\x9e\xbb\xaf\x01\x5c\x05l\
\xd2\xe6y\xfb\xfc<-\xfd\xda\xb4\x19\x90\xb4\xe1/\xc0\
\xa7\x81\xbf\xd2\xcb\xbf\x19fv&\xb0%\xa17\xa0\xf7\
\xcb%G0\x8f0\xe6\xaf\x97\xff\x18\x98\xd9\x83\x84\xc9\
\xa6C\xff\xf9\x19\x0c%\x00\xd2\xb4K\x81m\xcc\xec\x08\
3\x9b\x9b;\x98>3\xb3\xc7\xcd\xecP\xe0e\xc0\xb9\
\xb9\xe3\xc9\xe8\x8b\x9a\xf0W\x8f\x99]KX\x89#\x03\
\xa0!\x80\x1a\xfa|m\x09=HXbtl\x1b\x9b\
\xf0\xc8\xb3\xb9\xbb\x01\x07\x12\x1e\xe6/\xcc\x1cN\x9b\xee\
\x03&j\xa9_}\xd5\x12\xc1Y\xb4T'\xa0\xcf\xcf\
\xd3\xd2\xafm|\xd3'\x90A:\x1fx\x97\x99\xfd>\
w \x8b\xaaJ\xee\xbe\x840\xc6\xb9i\xf5\xe7Z\x84\
\x17\xe4\x8b\x08\x0f\xbc\xd5\xab\x7fn\x84\xad\x7f!l%\
\xfc\x08a\xbb\xe0\x87\x80\x87\x81{\x09\xbb\x0e.\xfc\xba\
\xde\xcc\xeen\xe5BF\xa1J\xba~\xe8\xee\xe7\x03?\
\x04v\xcd\x1cR[\x8e\xd1\xcb?\x8e\x99=\xe6\xee\xc7\
\x10\x86\x93\xa4\xc7\xd4\x03PC\x9f\xaf-\xd2\x93\xc0\x11\
\xc0af\xb6 g \xd5\xcb\xfee\x84\xc29\xdbU\
\x7fn\x01\xac\xd0\xd0)\xa7\x99\xd9\xa9\x0d\x1d;J\xd5\
\x1b\xf0!\xe0\x8b\xf4\xbb\xb4\xf0S\xc0K\x86X\xe1/\
5w_\x0f\xb8\x93\x16\xca\x06\xf7\xf9yZ\xfa\xb5)\
\x01\xa8\xa1\xcf\xd7\x16\xe1V`\xaa\x99]\x97+\x00w\
\xdf\x14\xd8\xa3\xfaz\x0d\xb0jK\xa7\xbe\x19\xd8\x22w\
\xd23\x12w\xdf\x0e\xf8\x11-\xcf\xf2n\xd1\xf9f\xb6\
{\xee \xfa\xc2\xdd/$\xfc\x1e5\xaa\xcf\xcf\xd3\xd2\
\xafMC\x00\x92\xc2\xcf\x81\x03\xcd\xec\xa1\xb6O\x5c\x15\
\xc4\xd9\x9fP\x19ob\xdb\xe7\xaf\x1cY\xfa\xcb\x1f\xc0\
\xcc\xaer\xf7m\x08\xfb,L\xcb\x1dO\x03\xce\xcf\x1d\
@\xcf\x9cO\x0b\x09\x80\xe4\xa3\x04@b8\xa1[\xf9\
Sm\xbe\x00\xabO\xfa\x07\x00o'\xff\xa7\xd9;\x08\
\x9f\xaaks\xf7\x95\xdb\x1a\xb76\xb3G\xdd}?\xe0\
\x1a\xc2pM\x9fV\x02\xa9\xa2dZ\xfa~\xf6\x9c\x12\
\x00\xa9\xeb/\xc0\x01fvZ\x86s\x1f\x05\xbc5\xc3\
y\x97\xe4h3{\xb2n\xe3j\xae\xc25\xee~\x17\
\xf0U\xe0\xcc\xa6\x93\xa9j\x82\xe0Q\xee>\x1b8\x16\
X\xa9\xc9\xf3\xb5\xe8\x96\xba\x0d\xdd}#B\xcf\xc8\xab\
\xe9\xc7<\x89'\x08\x95\x10\xdfkfw\xd4<F\xed\
\xef\xa7tC\x9f\xb2\x7fi\xcf\x1f\x81\xd7gz\xf9C\
\xd8\xd2\xb5\x04\x0f\x01\xdf\x8f<\xc6\x01\x84\xfd\xdaw\x07\
N\x07nu\xf7\x8fU\xf5\xd9\x1bef'\x03;\x02\
\xc5\xac^\x88\xf4\xc7\x88\xb6\xdf\x05v\xa3\x1f/\x7f\x08\
\xd7\xb1;!\xa9\xa9\xeb\x81D\xb1H\xa1\x94\x00\xc8X\
\xdd\x04lkf\xbf\xce\x18\xc3}\x19\xcf\xbd\xa8\xef\x99\
\xd9cu\x1b\xbb\xfb\xf2\xc0\xbf-\xf6\xd7\x1b\x03\xff\x01\
\xdc\xe5\xeeG\xba\xfb\xea\xcfm\x99NU\xf8\xe5U\xc0\
\xf5M\x9e\xa7%1\xc3(\xad\xd7\xc0o\xc9\xce\x11m\
\xff\x9c,\x0a)\x92\x12\x00\x19\x8b\x1b\x81]\xcdlV\
\xe68\xee\xcf|~\x08\xf3\x1f\xbe\x19y\x8c\xbfc\xe9\
\x13\x17W\x05\x0e\x06ns\xf7\x83\xdd}\xe5\xc8s-\
\x95\x99\xddExQ\x5c\xdd\xd49\xda\x109t\xd2\x97\
O\xfe\x8b\xab}]]\x98\xd8*q\x94\x00\xc8h\xcd\
\x00v6\xb3?\xe4\x0e\x842z\x00~if1c\
\xce\xcb\x13\xb6\xf3\x1d\xc9\x0b\x81#\x09C\x03\xef\xaa\xd6\
\xf4'W\xd5\x81\x7f=pE\x13\xc7\x17\x91\xf2(\x01\
\x90\xd1\xf8\x15\xe1\x93\x7f\xcc\x18kJ%$\x00_\x8b\
l\xbf/\xb0\xc1\x18\xfe\xfd\xba\x84\xf9\x06\x17\xb9\xfb\xcb\
\x22\xcf\xbdD\xd52\xce=\x80\x9c\xc3;\x22\xd2\x12%\
\x002\x92k\x81\xbd\xcc\xec\x91\xdc\x81,bf\xe6\xf3\
\xff\x1e\xf8e\xe41>Z\xb3\xdd\xce\xc0u\xee~\x8c\
\xbb\xaf\x16\x19\xc3sT\xf7y\x0f\xb4\xa6^\xa4\xf7\x94\
\x00\xc8\xb2\xfc\x16\xd8\xbd\x89\x02?\xee\xbem\xdd\xb6\xd5\
0\xc4\x9f\x12\x863V\xc7\x9b\xd9\xfc\xba\x8d\xdd\xfd5\
\xc0\xd6\x11\xe7\x1fO(\xed{\xad\xbb\xef\x10q\x9c%\
\xaa&6\xee\x0d\x5c\x9e\xfa\xd8\x22R\x0e%\x00\xb24\
7\x01\xaf3\xb3\xa4/Zw_\xce\xdd?\x0b\x5c\xe6\
\xee1\xa5z\xff/QHu\x1c\x1f\xd9\xfecI\xa2\
\x80I\xc0\xa5\xee\xfe\xd9\xaa\x9e@2Ua\xa2\xb7\x00\
\xb7\xa5<\xae\x88\x94C\x09\x80,\xc9\x03\x84n\xff\xa4\
\xeb\xed\xdd}\x03\xe0\x22\xe03\x84O\xb1/\x8d8\xdc\
\x8d)b\xaa\xe1j3\xab\xbdd\xae\xaab\xf87\x09\
\xe3\x19O\xf8~^\xe8\xee\x1b&<.\xd5\xfd\x7f=\
e\xcc\xb9\x10\x91\xc4\x94\x00\xc8\xe2\x1e\x07\xf66\xb3[\
S\x1e\xd4\xdd\xf7&\xcc'Xt\xbd\xf5_E\x1c2\
W\x0f\xc0\x0f\x22\xdb\xbf\x87f~\xef^M\xa8(\xb8\
[\xca\x83\x9a\xd9\xed\xc0\x9b\xd0\x9ap\x91\xdeQ\x02 \
\x8bZ@(\xef\x9bt\xec\xd7\xdd?\x0e\x9c\x06\xbc`\
\xb1\xff\x14\x93\x00\xfc&\xa2m]\xf3\x81\xda[\xfe\xba\
\xfbx\xe0]\xe9\xc2y\x8e\x17\x00\xbft\xf7\x7fHy\
P3\x9b\x0e\xecG\xb8~\x11\xe9\x09%\x00\xb2\xa8\xc3\
\xcc\xec\xa7\xa9\x0e\xe6\xee\xe3\xdd\xfd\xab\xc0\xd1,\xf9g\
-f\x08\xe0J\xa0v\x0d\xfe\x9a~\x1d9,\xf2&\
`\x9dT\xc1,\xc5x\xe0k\xee\xfe\xcd\xaa\xd6@\x12\
f\xf6\x0b\x9e[\xb5\xb0(\xee\x1e\xf3<{\x22Y \
e\x99W\xb7a\xe4\xf7S:@7X\x16\xfa9p\
x\xaa\x83U%l\xcf\x02\xfeq\x19\xffl\x8b\xba\xc7\
\xaff\xaa_W\xb7}M\xa7G\xb6\x7fw\x92(F\
\xe7\xfd\xc0Y\x91\x13-\x17\xf7\x05\xe0g\x09\x8f\x97Z\
L\xb5\xc4K\x93EQ\x96K\x22\xda&_f*e\
Q\x02 \x00\xb7\x02\x07\xa6*\xfd\xe9\xeek\x02\x17\x03\
\xaf\x1b\xe1\x9fn\x1a\xb9\xe9\xcd\xaf\x22\xda\xd6Q{\xf3\
#w_\x07\xd83a,\xa3\xb1;pN\xaa\x8d\x85\
\xaa]\x04\xdfM\xd8\x02\xb9D/\x8ah\xfb\x1e\xe0\x5c\
\xfa\xd3\x13\xf0\x04p\x0e\xf0\xde\x88c\xbc0Q,R\
(%\x002\x0f\x98\x9aj\xad\xbf\xbb\xafE(\x22\xf3\
\x8aQ\xfc\xf3q\xc0+#N\xd7f\xc5\xbak\xccl\
vD\xfb}\xc8\xb3\xfd\xf6+\x81\x0b\xaa\xa4,Z\xb5\
,t*\x11]\xcb\x0d\xda\xacnC3\xbb\xc3\xcc^\
of+X?\xac`f{\x98\xd9\x9d9\xbe\x9f\xd2\
\x0dJ\x00\xe4\xd3f\x96\xa4+\xbd\xfa\x94{!\xb0\xe5\
\x18\x9a\xbd*\xe2\x94\xbf&l\xca\xd3\x86\x9fG\xb6\x7f\
[\x92(\xea\xd9\x9a\x90\x04$\x99\x7f`fW\x93\xae\
\x96AJSr\x07\xd03\xfa~\xf6\x9c\x12\x80a;\
\x1f\xf8\xaf\x14\x07Z\xe4\xe5?\xd6q\xfd\xda\x09\x80\x99\
\xddKXZ\xd8\x86s\xeb6\xaczEb\xb6eM\
\xe1\xe5\xc0y\xee\xbeF\x8a\x83\x99\xd9\xd7\x88/\x87\x9c\
Z\xd2%\x90\xc2\xee\xb9\x03\x90f)\x01\x18\xae\x07\x81\
wY\x82q\xff\xaa&\xfdY\xd4\x9b\xd5\xbf}\xb5<\
\xae\xae\xd8O\xe6\xa3\xf1(a\xd5A]o\x03\x92V\
\xea\xab\xe9e\xc0\xd9\xee\xbeJ\xa2\xe3}\x80\xf0\xbd)\
\xc5\xce\xee\xben\xee \xfa\xc0\xdd\xd7\xe7\xd95;\xa4\
\x87\x94\x00\x0c\xd7\xbf\x98\xd9\xefc\x0fR\xbd\xbcO\xa6\
~m\xfbU\x18\xdd|\x81\xa593\xa2\xedh]h\
f1K\x0e\xdf\x9a,\x92x\xdb\x03'\xa4(\x1d\x5c\
\x8d/\x1f\x1c\x1fR2\xe3\x81\x83r\x07\xd1\x13\xef\xa6\
\x8c\xa4U\x1a\xa4\x04`\x98.\x00\xbe\x97\xe8X_'\
~v\xfbH\xab\x05\x96e\x06\xf0\x87\xc8\xf3\x8f$\xa6\
\xfb\x7fe`\x97\x84\xb1\xa4\xb07\xf0\x8dD\xc7\xfa\x06\
\xa1\xbcs)\xfe9a\x0f\xc7 UKG?\x94;\
\x0ei\x9e\x12\x80\xe1\xf9\x0b\xf0\x01\x0bK\xba\xa2\xb8\xfb\
!\xc0\xfb\xe2C\xaa\x9f@T\xd7\xd1\xf40@\xcc\xd6\
\xb8\xbb\x00+\xa4\x0a$\xa1\xf7\xba\xfb\x87c\x0fb\xcf\
,\x0d,\xa5T\xf0Z\xc0!\xb9\x83\xe8\xb8C\x89[\
R)\x1d\xa1\x04`x>o\x09\xea\xfc\xbb\xfb\xae\xa4\
+\x1c\xb4\xa3\xbb/^&x,~\x92(\x8e%\xf9\
\x13ag\xc4\xba^\x9f*\x90\x06\x1c\xed\xee\xd1\xbd\x13\
f6\x0b\xf8|\x82xR\xf9\x17w\x8f\xd9ny\xb0\
\xdc}\x0a\xf0\x91\xdcqH;\x94\x00\x0c\xcb,\xe0K\
\xb1\x07\xa9f\xfc\xff\x88tc\x84\xcb\x117\xe3\xf8\x5c\
 z>\xc3R\x5c\x11\xd9[\xb2G\xb2H\xd2\x1b\x0f\
\x9c\x5cM\xf8\x8a\xf5e\xca)\x104\x81p]IV\
<\x0cE\x95\x84\x9f\x0c$+!-eS\x020,\
\x9f0\xb3\xb91\x07\xa8&\xfd\x9dJ\xfa\x9a\xf6o\xac\
\xdb\xb0Z\xc9pr\xc2X\x16U{\xf6\xbf\xbb\xbf\x98\
\xb8\x0d\x8f\xda\xb06\xe1e\x19\xf5\xd0\xaf~\xae\xfe5\
MHIl\x0a\x9c\xe1\xee+\xe5\x0e\xa4\x0b\xaa\xb9*\
g\x02\x13s\xc7\x22\xedQ\x020\x1c\x17\x9b\xd9\x8f\x13\
\x1c\xe7\xf34\xb3<\xe8\x0d\x913\xd3\x8fO\x16\xc9\xb3\
\xc5\xec\x8c\xf8\xeadQ\xa4\xf3$a+\xe5\x1f\x03\x87\
\x01\xfb\x02\x1f$MA\xa5\x13\x08\x932K\xb1\x13\xa1\
\x14\xb2z\x02\x96\xa1\xfa\xe4\x7f.qE\xb9\xa4\x83\xcc\
\xdd\x1b\xa9\xa4ffV\xb7mS1\xa5\xd2\xd1k\xdb\
\xd9\xcc\xa26<q\xf7\x9d\x093\xbek_\xff\x08v\
3\xb3\x0b\xea6v\xf7\x1b\x88\xd8`h\x09\x16\x00/\
0\xb3\x87k\xc6\xf3\xdf\xc0?%\x8c\xa7\x8e{\x08{\
&,\xfc\xba>rI\xe32Us\x0a.j\xea\xf8\
5\xdd\x01\xeckf1\xb5\x1cz\xc9\xdd\xb7!\xf4\x9e\
m\x92+\x86\x8e>OG\xa5\xf4kS\x0f\xc00\x9c\
\x95\xe0\xe5\xbf\x12\xf0m\x9a{\xf9\x03\xec\x1f\xd9\xfe\xbb\
I\xa2x\xc6\xac\xba/\xff\xca\x0e\xc9\x22\x19\xbd{\x09\
K<\xdf\x05L2\xb3\xf5\xcdl_3\xfb\x8a\x99]\
\xdb\xe4\xcb\x1f\xc0\xcc.\xa6\x9d\xe2Lc\xb1!p\x89\
\xbb\x1f\xa1%\x82\x81\xbb\xaf\xea\xeeG\x01W\x90\xf1\xe5\
/y\xa9\x07\xa0\x86\x8e]\x9b\x03\xdb\x9aYT\xd7\xac\
\xbb\x1fI\xf3E_\x1e\x02\xd61\xb3Z\x1b\xcdT\xbb\
\xde\xddM(.\x94\xc2\xe9fV\xab\x88O\x950=\
D\x98\x90\xd6\xb4\x1b\x09\xe3\xb7?\x07.KQ\xdd1\
F\xf5\xa9\xb2\xa4\xa1\x80E\xdd\x0f\x1c\x03\x1ckf\xf7\
\xe4\x0e\xa6m\xd5\x84\xcfw\x13\xd6\xf9\x17\xb1\xd4\xafc\
\xcf\xd31)\xfd\xda\x94\x00\xd4\xd0\xb1k\xfb\x99\x99\xbd\
%\xe6\x00\xd5\x92\xaa\xabhg7\xbb\xb7\x98Y\xed=\
\xe7\xdd\xfd;\x84\xad]S\xf8\x9c\x99\x1dZ3\x8e\x1d\
in\xbbb'\xccM8\x81p\x7f\xefn\xe8<\xb5\
\xb9\xfby\x94]\x9b\x7f>p)\xa1\xc6\xc3\xd5\xc0-\
\xc0\x9f\x22{|\x8a\xe2\xee\xab\x03/\x006\x07\xb6%\
\xdc\x8f\x9d(\xac\xc2_\xc7\x9e\xa7cR\xfa\xb5\xe5\xd8\
\x9eT\xdauTLcw\x1fG\xe8\xfao\xebge\
\x7f\xa0v\x02@\xa8L\x98*\x01\xb8>\xa2\xed\xe4D\
1,\xea\x16\xc2\xf2\xcb\x1f\x99\xd9m\x0d\x1c?\xa5\xa3\
);\x01X\x0exM\xf5\xf5\xb4\xc2\xdf'\x22Ii\
\x0e@\xbf]ef1\xb3\xd8\x01\x0e\xa0\x99\x97\xd9\xd2\
\xecU}r\xa9\xc5\xcc\xae!n\xe6\xfe\xa2~\x17\xd1\
6\xd5d\xc4?\x03\xdf\x04\xb67\xb3\xcd\xcd\xec\xb0\x0e\
\xbc\xfc1\xb3\xff\xa5\xbd\x9d\x1aE\xa4\x06%\x00\xfd\x16\
\xfb\xe9\x7fE\xd2U\xfb\x1b\xad\x95\x81\x03#\x8f\x11]\
\xec\x88\xd0E<3\xa2\xfd\xcb\x22\xcf\x7f#a\x05\xc1\
\xfaf\xf6A3\xbb*\xf2x9\xfcg\xee\x00Dd\
\xe94\x07\xa0\x86\x8e\x5c\xdbl`\x133\x9b_\xf7\x00\
\xee\xfe\x09\x22\x93\x88\x9a\xae7\xb3-\xeb6\xae\x86-\
n$\x8c}\xd6u\xa7\x99m\x18\x11\xc3\x1f\x09\xe3\xaf\
c1\x1f8\x0d\xf8\x9a\x99]T\xf7\xdc\xa5\xa8\x8a\x0b\
\xcd$\xcc\xc2\x17Y\xa2\x8e<Ok)\xfd\xda\xd4\x03\
\xd0_\xdf\x89|\xf9\xafA\xbe\xad^_^M\xa2\xab\
\xa5\x9a\x05\x7ftd\x0c\xb3\xea6\xac\xf6\xa4\x1f\xcb\xcb\
\xff\x09\xe08\xe0\xe5f6\xb5\x0f/\x7f\x80j\xc9\xe1\
\xb7s\xc7!\x22K\xa6\x04\xa0\x9f\x9e\x02\xbe\x1fy\x8c\
\x7fa\xec\x9f`S\xfa@d\xfb\xe3\x08K\x02\xeb\x9a\
\x1d\xd1v\xb4\xe5\x7f\x1f\x01\xbe\x08ldf\xef4\xb3\
\x98M\x87J\xf5\x03B\xcf\x86\x88\x14F\x09@?\xfd\
\xc2\xccjo\x8eS\xed\x07\xfe\xc1\x84\xf1\xd41\xd5\xdd\
_X\xb7\xb1\x99=A\xdc\x18\xf4\xec\x88\xb6\x1b\x8c\xf0\
\xdf\x1f\x05>\x07lhf\x07\x9b\xd9\x1f\x22\xceU\xb4\
j\x89\xe2\xc5\xb9\xe3\x10\x91\xe7\x1a\x87\xb2\xf3>\xfa^\
d\xfb\xf7\x00\xb9\xeb\xa7\xaf\x08\xfc}\xe41\xbe\xc1\xe8\
w\x09|\x98P\xeb\xe0L\xc2\xf7\xef\xec\x88\xf3\xbed\
)\x7f\xff8a\x82\xe2$3;\xd4\xcc\x1e\x8a8G\
\x97\xfc w\x00\x22\xf2\x5c\xe6\xee\xf7\x00\xeb&?p\
\xe1\x93\x1fb\x14~m\x0f\x01kW\x9f\x80\xc7\xac\xda\
\xedo&\xb0Q\xca\xa0j\xba\x8f\xd0=^{\x07C\
w\xff\x00!\x11X\xdc\xfd\x84z\x03\x17\x01\xd3\x81[\
\x22\xb7\xfd]\xf4\x9c\xdf\x02\xde\xb7\xc8_=\x05|\x87\
PX\xa8\xa9m\x8b\x8bU\x95\xdf\xbd\x17X5w,\
R\x9e\xc2\x9f\xa7QJ\xbf\xb6\xf1\x84\x87\xdf^M\x9f\
HZsZ\xdd\x97\x7f\xe5o)\xe3\xe5\x0fa\xab\xda\
w\x02\xdf\x8a8\xc6\xf7\x80O\x10\xb69\x9dK(\xa4\
s<pi\xcc$\xc9\x11,\xda\x03p\x0e\xf0Q3\
\xbb\xa1\xa1s%\xe3\xeeF\x18\xbeX\x0fX\x13X\x8b\
\xb0\xed\xf3\x9a\xc09f\xf6\x8b:\xc75\xb3\xc7\xdc\xfd\
\xa7\x84{)\x22\x850w\xdf\x9fPR4\xed\x81\x0b\
\xcf|b\x14~m{\x9a\xd9/\xeb6v\xf7\xb5\x80\
C\x08\xdd\xef+$\x8b\xaa\xbe\x9b\x81-b\xea\xdb\xbb\
\xfb>\xc0\x96\xc0\xd7\xcd\xec\xbed\x91-\xfd|3\x08\
\xfb\x11|\xac\xeeK\xb3iUM\xf8\xc9\x84\x82E\x0b\
\xbf^\xca\xd2\xf7Q\xb8\xca\xcc\xb6\x8f8\xdf\x1b\x88\x1b\
V\x91\x9e*\xfcy\x1a\xa5\xf4k\xb3j\xcd\xf4\xd5\xc0\
6I\x0f\x5c\xf8\x85\xc7(\xf8\xda\x1e$t\xffG\xef\
\xf8\xe6\xee\x1b\x00\xffF\xd8U.w\xc9\xe8\xb7\x9a\xd9\
\xe9\x99c\x18\xb5j\x09\xe5\x9f\x9b\xdeyo\xb4\xaa\xdf\
\xf1-\x08u\xe0w\xac\xfe\xdc\xa8\xc6\xa1^^\xb7'\
\xa3\xda\x1c\xe9\x01B\xa1'\x91\xa7\x15\xfc<\x8dV\xfa\
\xb5\x8d\xab>YM\x05\xe64}2i\xdc9\xa9^\
:fv\xa7\x99\xbd\x17x9\xa1\xdb\xfc\xa9\x14\xc7\xad\
\xe9\xd3U\xf7t'\x98\xd9\x83\xb9_\xfe\xee\xbe\xba\xbb\
Os\xf7\xe3\x08\xbf\xdb\xbf\x03\xfe\x87P\xday\xa3\x9a\
\x87=\xa8n<f\xf68a\xbe\x85\x88\x14b\x1c\x80\
\x99\xddN\xd8\xbb\xbc\xd4-<et\x92w\xb1\x9a\xd9\
\xcdfv\x00\xb0)\xf0\xdf\xc0c\xa9\xcf1\x0aS\xd0\
<\x95\x11\xb9\xfbz\xee\xfe!w?\x970\xc9\xf1d\
\xc2\x0b\xbf\xf6r\xca\xc5\x1cXU\xf7\xabKC\x00\x22\
\x05y\xd6\xa7\xaa\xaa\xabp\x1aaG\xb6)\x84IX\
\xb5\xb6\x8e,\xbd\xeb#F\xa1\xd7\xe6\x84\xba\xf1\x8d\xae\
)\xaf\xd6\xe6\xff#\xf0\x0f\x84\x9f\x8f\xb6\x5c\x0bLN\
5S\xbf/\xdc}5\xe0\xad\x84\x17\xfd\xae4\xbf\xd5\
\xeb\xeb\xcc\xec\xbc:\x0d\xdd}c\xe0\xf6\xc4\xf1H\xc7\
\x15\xfa<M\xa2\xf4k+\xb2[U7\xb5\x96k\xcd\
,\xe9<\x8eeq\xf7\x09\xc0\x9b\x09\x15\xfbv\xa5\x9d\
\x9f\xa5\xb7\x99\xd9i-\x9c\xa7x\xee\xfeZ\xe0\xbd\xc0\
[hw\x5c\xfd\xabf\xf6Ou\x1b\xbb\xfb\xff\x11&\
\x1b\xe6\xf6\x14\xa1@\xd1\xf9T\xcb@\x81\x07\xcd\xec\x91\
\xacQ%\xe4\xee\xcf#\xd4\xf3\xd8\x9c\xf0\x81n7`\
\x17\x9aO\x12\xc7\xa4\xd0\xe7i\x12\xa5_\x9b\x12\x80\x1a\
\x0a\xbd\xa9\xc7\x98\xd9\x87\x1b:\xf62\xb9\xfb&\x84u\
\xef\xef$,\x1bk\xcao\x81\xadcV\x04tY\xf5\
i\xff@B\xefK\xecn\x83u\xddI\xa8\xcdP\xeb\
\xe7\xd8\xdd\x8f\x01>\x946\xa41\x99\x03|\x198\xd6\
\xcc\xee\xcd\x18G\x16\xd5>\x15\x07\x01\x1f&,\xef\xcc\
\xae\xd0\xe7i\x12\xa5_\x9bJ\x01\xf7\xc7\xafs\x9d\xd8\
\xccn5\xb3\x83\x81\x17\x03\xbb\x13\x8a\xde\xfc\xa9\x81S\
mE\xe8\xea\x1e\x14w\x9f\xe8\xee_!\xecm\xf05\
\xf2\xbd\xfc!\xd4\x09\xd8:\xa2\xfd\x95\xa9\x02\x19\xa3y\
\x84\xf2\xcb\x1b\x9b\xd9\x17\x86\xf8\xf2\x070\xb3?\x98\xd9\
\x11\xc0\xc6\xc0\x11\x84\x8d\xa8d\xa0\xd4\x03PC\xa1Y\
\xdd\x8bK\xaa2W\x0d\x11\xbc\x9ePXhO\xd2\xcd\
\x17\xb8\x0b\xd8\xbc\x9aU\xdek\xee\xbe\x15aG\xc6i\
\xe4_\x8a\xb9\xa8\xcf\x98\xd9au\x1aV\xbdE3\x13\
\xc73\x92[\x80}\xcd\xec\xba\x96\xcf[<w\xdf\x9a\
0Yt\xd3\x5c1\x14\xfa<M\xa2\xf4kS\x02P\
C\x817u\xb6\x99m\xdc\xc0q\x93\xa8\x96\xf0mC\
H\x04\xfe\x06\xd8\x8e\xb8q\xc8OW\x9fbz\xc9\xdd\
_\x05|\x8a\xf0\xbd*\xf1w\xf4|3\xdb\xbdN\xc3\
\xeag\xe1\x01\xda\xdbi\xf2\x12`o3{\xb8\xa5\xf3\
uNU\xb7\xe2\x0cB}\x88\xd6\x15\xf8<M\xa6\xf4\
k+\xf1\xe1\xa2\x9b:v?1\xb3}\x1a8n#\
\xaa\xb1\xec\xedy\xa60\xcd\x8e\xc0Jc8\xc4\xa3\xc0\
f}\xeb\xc6u\xf7\x97\x01\x9f!\xd4\xe5(\xd9c\xc0\
\x1auk\x1d\xb8\xfb\xff\x12z\x87\x9av\x09\xf0\x86!\
\xf4\x16\xc5\xaa\x0a5\x9dC\x86$\xa0\xc0\xe7i2\xa5\
_[I\xdd\x8aR\xdfos\x070\x16f\xf6(p\
^\xf5\xb5p\xb8`\x0a\xf0\x8a\xeak+B\x01\xa2\xd5\
\x96r\x88\x15\x09\x9f {\x91\x00\xb8\xfbf\xc0a\x84\
\xae\xfe\x22\x93\xf2\xc5\xacB\x98\x07pU\xcd\xf6W\xd3\
|\x02p3\xe1\x93\xbf^\xfe\xa3`f\x8f\xbb\xfb\xde\
\x84{\xbaI\xeex\xa4\x1dJ\x00\xfa\xe1w\xb9\x03\x88\
Qm^tY\xf5\x05<\xddU<\x91\xb0\x84i\xe3\
\xc5\xbe\xce2\xb3\x1bS\xc7Q\x9ds+\xc2$\xbb\xf5\
\x09\x93d\x17\x10\xb6\x14\xbe\x01\xf8mCu\x08\xde\x05\
\xec\xdb\xc0q\x9b\xb4\x13q\x09@\x93\xe6\x11\xc6\xfc\xd5\
\xed?\x06f\xf6\xa0\xbbO\x03\xae\x00&\xe4\x8eG\x9a\
\xa7\x04\xa0\x1f~\x93;\x80\xd4\xaa\x17\xedm\xd5W\xa3\
\xaa1\xf7\x03\x80\xbd\x09/\xfe\xa5\xb9\xdb\xdd\xcf\x00\x8e\
7\xb3\xcb\x13\x86p4a\xf3\xa55\x12\x1e\xb3i\xdb\
E\xb4\xbd9Y\x14K\xf6E3\xeb\xdd\xefD\x1b\xcc\
\xecZw\xff\x12\xf0\xc9\xdc\xb1H\xf3\x8a\xecn\xd4\xb8\
\xce\x98\xcc\x05V\xa9\xbb6\xde\xdd_df\x0f$\x8e\
\xa9\x13\xdc\xfd\xaf\x80\x7f\xa7\xde\x98\xfby\x84\xdd\xfe\x92\
\x0c\xbf\xb8\xfb\xc1\xc0\x91)\x8e\xd5\x92\xeb\xcdl\xcb:\
\x0d\xdd}\x05\xe0/4\xb3\x0c\xf9>`\xa2\x99\xfd\xa5\
\x81c\x0f\x82\xbb\xaf\x02\xcc\xa2\xa5:\x01\x85=O\x93\
*\xfd\xdaT\x07\xa0\xfb\xee\x88x\xf9\x1b0\xd3\xdd\x7f\
X-\xcf\x1a\x0cw\xff\x08a\xe8\xa4\xee\x84\xbb\xdd\x81\
\x19\xee\x9e\xaa\xa8\xcd\xd7\x81?':V\x1b6s\xf7\
Z=\x88f6\x8f0\xac\xd2\x84c\xf4\xf2\x8fcf\
\x8f\x01\xc7\xe4\x8eC\x9a\xa7\x04\xa0\xfbfE\xb4}1\
\xf0|Bu\xb9\x1b\xabD`\xb34a\x95\xc9\xdd'\
\xb8\xfbw\x81/\x11_\x12u<p\x8c\xbb\x7f;r\
\x93\x9c\x85\x13#O\x8d\x8c\xa7M\x13\x88\x9b,\xd6\xc4\
\x9e\x00O\x01\xc76p\xdc!:\x16\x98\x9f;\x08i\
\x96\x12\x80\xee\x9b\x1d\xd1v\xd1\xe2\x1f\xcb\x13\x12\x81\x1b\
\xdc\xfd\x04w\xdf6*\xaar}\x05xw\xe2c\xbe\
\x17\xf8V\x82\xe3|;\xc11\xda\x14S\x91\xb0\x89\x04\
\xe0\xe2\xbe-\x0d\xcd\xc5\xcc\xee\x01.\xcd\x1d\x874K\
\x09@\xf7\xdd\x11\xd1vI\x9f\xf6\xc7\x13v\x83\xbc\xca\
\xdd\x7f\xe5\xee\xfb\xb8{Q\x9b\x87\xd4\xe5\xee\x1f\x05\xde\
\xdf\xd0\xe1\xff.v8\xa0\x9aXxw\xa2x\xda\x10\
S|\xaa\x89\x04\xe0\xfc\x06\x8e9d\xfa~\xf6\x9c\x12\
\x80\xee\x9b\x13\xd1v\xa4.\xdc\x1d\x09\xdd\xd2\xb7\xb9\xfb\
!\xee\xbe^\xc4\xb9\xb2\xaa\x8a\xec|\xb1\xe1\xd3\xfcg\
5\xb10\xc6\xb9I\x22i\xc7\xba\x11m\x9bHtf\
4p\xcc!\x9b\x9e;\x00i\x96\x12\x80\xee\x8b\x99\xc1\
?\xda\xfa\xfc\x1b\x126\x0e\xb9\xcb\xdd\xcfu\xf7\xa9\xb1\
c\xde\x19\x1cI\xf3\xdb\xa0\x8e\x07\xbe\x10y\x8c.}\
\xea\x8aI\x00\x9aX\xa3_{y\xa1\xbbo\xe4\xee\xe7\
\xb9\xfb<\xef\x87y\x1e~W7\x8c\xf8~\xde\x12\xd1\
V:@\x09@\xf7\xc5$\x00/\x1c\xe3\xbf\x1fG\x98\
\xfd~\x0ap\xa7\xbb\x7f\xc9\xdd_\xe9a5A\xb1<\
\xac\xf3\x7fSK\xa7{\xb3\xbb\xef\x10\xd1\xbeK\xe3\xae\
1\x09\xc0#\xc9\xa2x\xc6\x1f#\xda~\x17\xd8\x8d\xfe\
\x14\xc0\x99\xc03;s\xd65\xc8\xe5\xc1C\xa2\x04\xa0\
\xfbb\x1ez/\x8ah\xbb\x0e\xf0\x11B\xf5\xbe\xd9\xee\
\xfe\x1f\xee\xbe]\xa1\xc9@\xdb[\x08\xbf#\xa2\xed]\
\x84Z\xfb]\xb0ND\xdb&z\x00b\x96\xffe\xd9\
\x08\xa7\x05;G\xb4\xed\xd2\xb2T\xa9A\x09@\xf7\xc5\
|\x92\x1ak\x0f\xc0\xd2l\x00|\x8c\xb0\xd7\xfb\x9d\xee\
\xfe-w\x7f\x9b\xbb?/\xd1\xf1k\xab\x12\x92\xbdZ\
>\xed[\xeb&BU\x05\xc4\xaet\xbd.m\xaf\x86\
\xd1H\x9e\x00\xd4\xad\x87Q\xe9\xcb'\xff\xc5\xd5\xbe\xae\
\xc8\xef\xa7t\x80\x12\x80\xee{\x22\xa2m\x13\xa5g_\
\x0c\xbc\x0f\xf8\x09\xf0\x80\xbb_\xe8\xee\x9ft\xf7Wy\
\xd8\xf4\xa7m[U1\xb5i}\xc2fFu}\x0b\
\xf8\x05\xf0\x7f\x84J\x8f\xa5Z1\xa2\xad\xea\xf4\x8bd\
\xa6\xbd\x00\xba/&\x01h\xfa\xfe/\x0f\xbc\xa6\xfa\x02\
x\xdc\xdd\xaf\x22l\xd3\xfa+\xe0j3{\xb0\xe1\x18\
b^\xc4\xb1\xe7\xad\xb5I\x93\x99}\x03\xf8\x06<\xdd\
\x83\xb1\x1eac\xa4-\x08\x09\xcdV\xc0\x96\xc0\xeaI\
\x22\xad/&\x01x4Y\x14\x22R\x8b\x12\x80\xee\x9b\
\x17\xd1\xb6\xed\xf5\xfd+\x01\xbbT_\x00\xb8\xfb\x1d\xc0\
\xb5\xd5\xd7u\xc0\xf5\x84\xf2\xc6\xa9\xaa\x90\xc5LT\xcb\
~\xdejH\xe0\xf7\xd5\xd7\xb3&\x08\xba\xfb\xc6\xc0_\
\x13\x96k\xbe\x12\x98\x0c\xac\x90\xe2\xbc\xa3\x14\x93\x00\x94\
8WDdP\x94\x00t\xdfS\x11mK\x18\x02\xda\
\xb0\xfaz\xcb\x22\x7f\xf7\x84\xbb\xcf\x22\x8c\x85\xcf\x04~\
bf\x97-\xa9\xf1(\xc4\xbc\xa4b\xac\xdc\xf4\x09\xcc\
l\x16\xa1\x14\xf4i\x00\xee\xbe\x22!\x09\xd8\x11x\x1d\
ab[\x93\xd7\xbf\x9c\xbb\x8f7\xb3:?\x83\xbd(\
.%\xd2eJ\x00\xbao\x05\xe0\xf1\x9amK}\x08\
O\x006\xaf\xbe |Z\xac\x9b\x00\xe4\x1aCo}\
C\x1a3\x9b\x0b\xfc\xba\xfa\xfa\xa2\xbb\xafL\x18~\xd9\
\xa3\xfa\xda|\xe9\xadk\x99_\xf3\xe5\x0fz\xf6\x88d\
\xa7_\xc2\xee[\x89\xfa\x09@Wf\xf9\xc6\x8cu\xff\
!Y\x14csO\xa6\xf3>\xad\xda\x15\xef\xac\xea\x0b\
\x0f\x1b=\xed\x03\xfc-\xb0M\x82S\xd4\xfd\xb9\x03=\
{D\xb2+\xa1\x0bX\xe2\xac\x14\xd1\xb6\x89b,M\
x~D\xdb\xeb\x93E167d:\xefR\x99\xd9\
-fv\x84\x99M&L*\xfc\x04q\xe5s\x95\x00\
\x88t\x98\x12\x80\xee[%\xa2mW\x96b\xc5\xecA\
\xf0[Bq\x9d6\xddI\xbe\xc4cT\xccl\x96\x99\
\x1dmfS\x08\xab\x0a\xbe\x0c\xdc?\xc6\xc3\xc4$\x00\
\xa5\x0e?\x89\x0c\x86\x12\x80\xee\x8b\xe9\x01\xe8J\x02\xb0\
\xa5\xbb\xd7\xfaY\xadf\xd1\x9f\x998\x9e\x91\xfc\xac:\
o'\x98\xd9\xef\xcc\xec#\x84\xfa\x05o%\xd4 \x18\
\xcd\xf0P\xccR\xbe\xe4E\xa2\xea\xfe\x8cTb\x96\xd3\
\x96\xac\xf6*\xa1\xc8\xef\xa7t\x80np\xf7\x0da\x08\
`\x15`\xd3\x88\xf6\xc7\xa7\x0ad\x94~\xd4\xf2\xf9\x92\
0\xb3'\xcd\xect3{\x13a\xab\xe8\xa3\x80e\xd5\
i\x88\x99\xe7\x10SFxibV^ti\x0f\x86\
\xb1\xb8$\xa2mL\xa5G\xe9\x00%\x00\xdd\xf7\x82\x88\
\xb61[\x09\xb7m\xeb\xba\x0d\xcd\xecr\xe0\x8c\x84\xb1\
,\xcbO\xcd\xec\xca\x96\xce\xd5\x183\xbb\xcd\xcc>I\
X\xa2\xf9!\xc2r\xcc\xc5\xc5L\xb0\x5c3\xa2\xed\xd2\
\xc4\xecm\xf1\x1e\xc2V\xcc}\xe9\x09x\x028\x07x\
o\xc41R\x95\x0a\x97B)\x01\xe8\xbe\x982\xb7\xb3\
S\x05\xd1\x82=\x22\xdb\x1fB\x5c\xcd\x84\xd1x\x12\xf8\
t\xc3\xe7h\x95\x99=jf_\x01^\x0a\xecM(\
\xd8\xb4\xd0\xef#\x0e\xddD\x0f\xc0fu\x1b\x9a\xd9\x1d\
f\xf6z3[\xc1\xfaa\x053\xdb\xc3\xcc\xee\x8c\xf8\
~\xa6^6*\x85Q\x02\xd0}/\x89h{G\xb2\
(\x9a\xb7\x97\xbb\xd7\x9e9nf7\x02\x1fO\x18\xcf\
\x92|\xd4\xccnj\xf8\x1cY\x98\xd9\x023;\x93P\
hho`:qC\x00k%\x09\xec\xd9\xa64p\
\xcc!\xd3\xf7\xb3\xe7\x94\x00t_L\x020;U\x10\
-x!\xa1\xc2]mfv\x0ca\xa3\x9d&|\xdf\
\xcc\xbe\xda\xd0\xb1\x8baf^%\x02\xdb\x01?\x888\
T\x13\x09\xc0n\x0d\x1cs\xc8\xf4\xfd\xec9%\x00\xdd\
7\x94-\xeea\x82\x00\x00 \x00IDAT\x04\x00\
\xe0\x9d\x09\x8e\xf1\xff\x80\xef$8\xce\xa2\xbe\x0d\xbc?\
\xf11\x8bV%\x021\xab\x00\xd6O\x16\xcc3vv\
\xf7\x5c{?\xf4\x8a\xbb\xafO(%-=\xa6\x04\xa0\
\xfbb\x12\x80\xdb\x88\xdbL\xa8m\xefp\xf7\xa8\xb1c\
\x0b3\xdd\xdf\x07|\x98\xf89\x01O\x02\xffdf\xef\
7\xb3'c\x0e\xe4\xeek\xba\xfbQ\xee\xfeAw\xdf\
\xc3\xdd7s\xf767\xf6i\xdbK\x1b8\xe6x\xe0\
\xa0\x06\x8e;D\xefF\xb5\x1az\xaf\xc8\x1d\xb9\xdc\xbd\
\xe85\xd4fV\xfb\xfb\xd6\xc0\xb5=\x0e\xacjf\xb5\
\xca\xfa\xba\xfbt\xc2\xb8nW|\xde\xcc\xfe5\xc5\x81\
\xdc}s\xe0pBy\xdc\xb1\xde\xd3\xf3\x08c\xfe\xb5\
\xb6\xfc]B,\x9f\x05>\xb3\xf8_\x13\x8a\x0a\xfd\x8e\
P\xd0\xe8\xba\xea\xcf[-\xddn\x89\xad\xab\xf6(x\
\x94f>\x80\xcc\x01&\x9a\xd9c\x0d\x1c{\x10\xdc}\
U\xc2&S1\xab*F\xad\xb0\xe7iR\xa5_\x9b\
\xcaqv\xdfJ\x845\xf27\xd7l\x7f\x0d\xddI\x00\
\xe6\x12^\x8aI\x98\xd9\xcd\xc04w\xdf\x018\x800\
\xb9mY=*w\x12\x96\x13\x1eo\xe9\x97\xfa\xbdk\
I!\xf2\xccn\x89oZ\xe4\xef\x1fs\xf7+\x81_\
U_WDv\xc7\xb7ms\x9a\xeb}\x5c\x8b\xb0\xe2\
#I\x928P\x87\xd2\xd2\xcb_\xf2R\x0f@\x0d\x05\
fu\xfb\x99\xd9\xc9u\x1a\xba\xfb\x07\x81\xffI\x1cO\
js\x09\x93\xf7\x8e2\xb3\xc66\xd9qw\x03^\x0e\
\xbc\x8c0F=\x9e0L\xf0{\xe0\x86T\x9f\xf6\x97\
r\xee\x7f\x07\xfe\xadf\xf3\xf9\x84\xde\x81s\x81\xb3\x81\
\xcb\xac\xfe.}\x8ds\xf7\xb7\xd3l\xb1\xa4'\x80\x1d\
\xcc\xec\xda\x11\xff\xa5<\x8b\xbbO!\xec\xbc\xb9|[\
\xe7,\xf0y\x9aL\xe9\xd7\xa6\x04\xa0\x86\x02o\xea\x91\
fvH\x9d\x86\xee\xbe-pU\xe2xRy\x14\xf8\
.pt\x93/\xfe\x12\xb8\xfbj\x84b;k'8\
\xdcC\x84\x220g\x03g\x9a\xd9\x1f\x13\x1c3\x19w\
?\x9c\xe6?\xa1\xcf\x04\xb67\xb3eU2\x94E\xb8\
\xfb\x0b\x80\xab\x09\x1bE\xb5\xa6\xc0\xe7i2\xa5_\x9b\
&\x01\xf6\xc3_G\xb4\xbd\x96\xf2\xf6\x04\xb8\x17\xf8w\
`#3\xfbH\xdf_\xfe\x10\x0a\xee\x00\x87%:\xdc\
\xf3\x81i\xc0\xb1\xc0}\xee\xfe+w\x7f\xbf\xbb\xc7l\
\xab\x9c\xd2\x16-\x9ccS\xe0\x0cw\x8f)\x95=\x18\
\xd5\xbc\x8c3i\xf9\xe5/y\xa9\x07\xa0\x86\x02\xb3\xba\
9fV\xfb\x93\xa3\xbb\xff\x8c0\xfe\x9d\xdbU\xc0W\
\x80\x93cg\xd5w\x91\xbb/O\x98\xf0\xd7T\x05\xb6\
\xb9\x84^\x81\x1f\x00\xbf\xc85L\xe0\xee\xf7\x00m-\
\xd7\xbb\x12xci\xbd %q\xf75\x08s[\xb2\
,\xfb+\xf0y\x9aL\xe9\xd7\xa6\x1e\x80~X+r\
\xfd\xf3y\xc9\x22\x19\xbb\x87\x80\xaf\x02\xaf0\xb3\xed\xcd\
\xec\xf8!\xbe\xfc!,Q$L\xc0j\xca\x8a\x84\xdd\
\xfeN\x07f\xbb\xfb\xbf\xbb{\xcc2\xd21s\xf7M\
h\xef\xe5\x0f\xb0=p\x85\xbb\xd7\xdeK\xa2\xcf\xaa1\
\xff\xe9h\xcd\xff )\x01\xe8\x8f\x98*y\xe7'\x8b\
bt\xe6\x13&\xac\xbd\x13X\xcf\xcc\xfe\xc9\xcc~\xdb\
r\x0c\xa5\xfa\x09p}\x0b\xe7Y\x9f0\xe9p\x96\xbb\
\x9f\xe9\xee\xafk\xe1\x9c\x00\xafn\xe9<\x8b\xda\x84\x90\
\x04\x1c\xe1\xee\xabd8\x7fq\xdc}Uw?\x8a0\
\xe1O\xdd\xfe\x03\xa5\x04\xa0?v\xaf\xdb\xb0\xaa\x93\x1f\
\xb3i\xc8h\xcc\x07.\x04\xfe\x1eX\xd7\xc2\xc6+\xc7\
\x99\xd9\xe3\x0d\x9f\xb7S\xaaz\x0e\xa9\xe6\x02\x8c\xc6r\
\x84%\x86\xe7\xb8\xfb5\xee\xbe\x7f\xcc\x9e\x0b\xa3\x90#\
\x01\x00\x98@X\x1e8\xcb\xdd?\xed\xee\xebe\x8a#\
+w_\xdf\xdd\x0f%\xac\xf3\xff\x04-\xce\xf6\x97\xf2\
h\x0e@\x0d\x85\x8e\xeb\xdcnf\x93\xea6v\xf7\xff\
\x00>\x960\x1e\x08\xdd\xfb\xe7\x13f\xa4\x9faf\xf7\
&>~/\xb9\xfb8\xe07\x84%\x899\xcc\x02\xbe\
\x04|\xc7\xcc\xe6\xa6<\xb0\xbb\xdfB\x98\xa0\x97\xdb|\
\xe0R\xc2\xcf\xe7\xd5\xc0-\xc0\x9f\xcc\xac\xb4\x09\xb1\xb5\
U\x93>_@\x98S\xb2-\xa1\xb6\xffN\x14V\xe1\
\xaf\xd0\xe7i\x12\xa5_\xdb\xb3\x82\xab\x1e<\xfb\x01\xfb\
\x13\x8a\xc3\xacE\xcd\x1f\x96\xd2/<F\xc1\xd76\xc9\
\xccn\xaf\xd30\xd1r\xc0\xc7\x81\x19\x849\x05\xe7\x00\
Wu\xb9b]N\xee>\x158%s\x18w\x13*\
%~/\xc5\x84\xc1j\x9eJ\xefWt\xc8\xd8\x14\xfc\
<\x8dV\xfa\xb5=\x1d\x9c\xbbO\x04~\x0c$\x99,\
S\xfa\x85\xc7(\xf8\xda\xdeof\xdf\xae\xd3\xb0*\x82\
s+\xa3\x1f\x0f|\x02\xf8?\xc2\xa7\xa7\xab\xaa?\xaf\
/\xb9\x00M\x97T\xc9\xf8\x8d\x94\xb1'\xfbL\xc2|\
\x81S\xea\x96\x9c\x06p\xf7\xf7\x126N\x12yZ\xc1\
\xcf\xd3h\xa5_\xdb\xf8\xeaD\x13\x81+\x805\x9b>\
\xa14jwj>`\xcd\xcc\xdd\xfdd\xe0\x9f\x81G\
\x08\xb5\x01\x16\xfey?p\x07a\xf3\xa0\xdb\x80\xdb\x81\
\xbbb^\x06M\xab^\xa0\x1b\x9b\xd9m\xb9c\xa9\xc3\
\xcc\x16\xb8\xfb\x7f\x01\xdf\xc8\x1d\x0b\xa1\xcb\xfeD`3\
\xe2\xe6'\xbc%M8\x22\x92\x82U\x0f\xca\xe9$\xfa\
\xe4\xff\xf4\x81\x0b\xcf|b\x14|m\x0f\x01\xeb\x98Y\
\x97v\xf8K\xce\xdd\xf7\x04\xbe\x00lE(9\xfb)\
3\xbb\xab\xc5\xf3\xafE\xa8tw\x85\x99\x9d\x10q\x9c\
\x95\x08\x89W)\x89\xf9\xcb\xcd\xec\x86:\x0d\xab\x0df\
\xee',E\x14yZ\xc1\xcf\xd3h\xa5_\xdb\xc21\
\x7f\xad\x91\xed\x87\xe7\x03{\xe4\x0e\x22\x17w\xdf\xde\xdd\
/\x02\xce\x02^A\x18\xe2:\x00\xb8\xb9\xea~n\xfa\
\xfc/t\xf7\xc3\x08\xbd$\xff\x04|6fF}\xb5\
B\xa2\x94}\x1a.\xae\xfb\xf2\xaf\xfc\x0dz\xf9\x8b\x14\
e\x1ca\xc2\x9f\xf4\xc7\xe0\xee\xa7\xbbO\xa9\xaa\x19^\
\x0e\xec\xb2\x84\x7f\xb2\x12\xb0qC\xe7\x1e\xe7\xee\xafs\
\xf7\x93\x08\x9b\x06\x1d\x0a\xacZ\xfd\xe7M\x81wD\x9e\
\xe2\xeb\x84\x0a~\xb9\xc5\x0eE\xa8\xfb_\xa40\xd6T\
Y\xce\xd2\xbb>b\x14~m\x8f\x01k\x0fa?t\
\x0f\xdb\xf8\x1eJ\xf8t9\x92\x83\xcc\xec\xfb\x89\xce\xbb\
)!\xd1\xd8\x05\xd8\x15X\xd6\x9a\xf2\x99\xc0\x161\x93\
#\xdd\xfd\xbb\xc0\xbb\xeb\xb6O\xe0>`\x033{\xa2\
Ncw\x9f\x00\xcc\x01J\xd9\x8b@\x0aR\xf8\xf34\
J\xe9\xd76\x8e\xb0\xd4O\xfac\x15`\xaf\xdcA4\
\xc9\xddwu\xf7s\x08\x9f\xf8G\xf3\xf2\x87\xf0\x22\xae\
{\xbew\xb9\xfb\xcf\xdd\xfdzw\x7f\x8c\xb0f\xfc\xdb\
\x84\xe1\x85\x91\x0a\xcalJ|\xaf\xcc\xb7\x22\xdb\xc7\xfa\
F\xdd\x97\x7f\xe5-\xe8\xe5/R\x1ck*\xcb(=\
\xf3\x89\xd1\x81k;\xc3\xcc\xde\xdc\xc2yZS}\x8a\
\xdc\x8fP\xach\xab\x1a\x87X\xd3\xcc\x1e\xa8y\xee\xf3\
\x08ET\xea\xba\x1e\xd8\xca\xccj\xdf{w\xbf\x96\xb8\
]\x1f\xebz\x98\xb0\x9a\xa2\xf6\xb6\xba\xee~.\x11\x95\
*\xa5\xdf:\xf0<\xad\xad\xf4kS)\xe0~z\x83\
\xbb\xa7\xd8W>;w_\xc7\xdd?K(U\xfc\x03\
\xea\xbd\xfc\x1f\xac\xfb\xf2\xafl\x16\xd1\x16BE\xbf\xd8\
\x17\xe0w#\xdb\xd7uL\xe4\xcb\x7f\x12a\x98DD\
\x0a\xa3\x04\xa0\x9f&\x00\x1f\xcc\x1dD]\xd5\xc4\xba\xdd\
\xdd\xfd\x14\xc2\x8b\xff3@LBS{\xa3\xa1j\xf3\
\x98\x17G\x9c{\xa1\xd82\xcb\xc7\x03\x7fI\x10\xc7X\
<\x0c|9\xf2\x18\xefA\xcf\x19\x91\x22\xe9\x17\xb3\xbf\
\xfe\xc1\xddW\xc8\x1d\xc4X\xb8\xfb&\xee\xfey\xe0.\
\xc2n\x81SI\xb3Y\xc95\x11m7%\xcd\x9e\x19\
\xafw\xf7-\xeb66\xb3\x87\x08;\x05\xb6)\xf6\xd3\
\xffx\xe0]\x09\xe3\x11\x91\x84\x94\x00\xf4\xd7Z\x84\x17\
h\xd1\xdc}\xa2\xbb\x7f\xc2\xdd\xaf\x22L\xae\xfb\x14#\
O\xac\x1b\xab\x98\x04 U)^#\xd4\x06\x88\xf1\xc3\
\x14\x81\x8c\xd2\x1c\xe0\xbf\x22\x8f\xf1f\xd2\xdfK\x11I\
D\x09@\xbf}$w\x00K\xe2\xee\x9b\xbb\xfb!\xee\
>\x83P4\xe7(\xc2neM\xedN9#\xa2m\
\x9d9\x07K\xb3\xbf\xbb\xaf\x16\xd1\xfe\x22B5\xbd6\
|\xb2\xeau\x88\xf1\xd1$\x91\x88H#\x94\x00\xf4\xdb\
6\xee\xfe\xca\xdcAT\x15\xf2\xa6\xba\xfb7\xdd}\x16\
p\x13p\x04\xb0M\x0b\xa7\xff3psD\xfb)\xa9\
\x02!\x14\x08\xda\xafn\xe3\xaa\x96@\x1b\xc3\x00W\x13\
&\x5c\xd6\xe6\xee\xaf\x03^\x95&\x1c\x11i\x82\x96\x01\
\xd6\xd0\xb1k;\xd3\xcc\xf6n\xf3\x84\xee\xbe\x11\xe1\xc5\
\xb9\x1da\x06\xf8\xd6\xe4K6/4\xb3\xda\xb3\xd0\xdd\
}\x0eik\xf1O7\xb3m#\xe2y-pA\xc2\
x\x167\x1f\xd8\xce\xccb\x86M\xa8J2/\xa9*\
c)\x9e\x02.\x06\xce'\xec\x85r\x0ba\xb5\xc8#\
Y\xa3J\xc8\xdd\x9f\x07\xacA\x18\xc6\x9aBX\xca\xba\
\x0b5\xb7xoJ\xc7\x9e\xa7cR\xfa\xb5)\x01\xa8\
\xa1\x83\xd7\xf6J3\xbb\x22\xf5A\xdd}EB\x89\xdd\
\xcd\x09\x9f\xe6\xa7T_\xa5l^\x03\xf0\x193\xab\xb5\
\x83\x9d\xbbo@\xd8\x8c'\xb5m\xcc\xec\xda:\x0d\xdd\
}9\xe0n`\x9d\xb4!=\xed\xebf\xf6\x8f1\x07\
p\xf7\x9d\x80K\x13\xc5\x93\xda\x1c\xc2\xca\x86c\xcd\xec\
\xde\xdc\xc1\xb4\xcd\xdd\xd7\x05\x0e\x02>L!\xbf\xa7\x1d\
|\x9e\x8eZ\xe9\xd7\xa6\x04\xa0\x86\x0e^\xdb\xf9f\x16\
]\x88\xc5\xdd\x0f\x00^\x03L\xaa\xbe^Ls\xe3\xf6\
\xa9\xecbf\x97\xd4i\xe8\xeeo\x05~\x9a8\x1e\x08\
\xb3\xeb?\x5c\xb7\xb1\xbb\x7f\x15\x88zI/\xc5l\xe0\
\x15\xb1\x9f\x82\xdd\xfdl\xe0\x0dI\x22Jg\x1ep4\
\xf0\x053k{9eq\xaa\xe5\xad\x9f\x02>NX\
6\x9cM\x07\x9f\xa7\xa3V\xfa\xb5i\x0e\xc00\xec\xe6\
\xee)\x8a\xb1\xdcNX\xd6\xf5\x1a\xe0%\x94\xff\xf2\x7f\
\x1c\xb82\xa2\xfdv\xa9\x02Y\xccT\x0f\xdbp\xd7\xf5\
\x8bd\x91<c>p`\x82\x97\xff\xf6\x94\xf7\xf2\xbf\
\x19\xd8\xde\xcc\x0e\xd5\xcb?0\xb3\xc7\xcc\xec\xd3\xc0\x0e\
D\x94\xc9\x96nS\x020\x1c_p\xf7\xa8\x17\xb6\x99\
]\x06\xd4\xeaN\xcf\xe423\x9b\x17\xd1\xbe\xa91\xec\
\xf5\x80\x9d\x22\xda_DHnR:\xd2\xcc~\x15s\
\x80\xea\xe7\xeb?\x12\xc5\x93\xca%\x84\x97\xffor\x07\
R\xa2j(j;\xca\x1d\xb2\x91\x06)\x01\x18\x8e\xed\
\x807%8\xce\x11\x84\xc9S]P{\xb2\x5c\xd5E\
\x9ar\x05\xc0\xe2\xa6\xd5mhf\x8f\x03Q/\xeb\xc5\
\x5c\x0d\xfc{\x82\xe3\xbc\x83\xb8\xc4&\xb5K\x807\x98\
\xd9\xc3\xb9\x03)Y\xb5\xdcs\x0f\xd2\xfeLI\x07(\
\x01\x18\x96\xffr\xf7\x95b\x0e`f\xf3\x09\xbb\xe0\xfd\
)MH\x8d:3\xa2\xed+IS\x85pi\xf6\xa9\
&\xf4\xd5\xf5\xbf\x89\xe2x\x188\xc0\xcc\x9e\x8c9\x88\
\xbb\xafJ\xa8\xe7P\x8a\x9b\x81\xbd\xabdIFP}\
\x9f\xf6\x06n\xcd\x1d\x8b\xb4G\x09\xc0\xb0L\x22L\xfc\
\x89bfw\x03o',\xa5*\xd5,3\xfb]D\
\xfb\xa6\x97\xb0\xad\x0d\xec\x18\xd1\xfe\x9c\x041\xcc\x07\xf6\
7\xb3[\x12\x1c\xeb\x10\xca\xa9\xfa7\x0f\xd8W\x9f\xfc\
\xc7\xa6*\xfb<\x0d\x88\xd9\xfaY:D\x09\xc0\xf0|\
\xc2\xdd\xff*\xf6 f\xf6\xbf\xc0?'\x88\xa7)1\
\x9f\xfe!Ltl\xda\x1e\x11m\xaf\x07~\x1fy\xfe\
O\x98\xd9\xd9\x91\xc7\xc0\xdd'RV\xd5\xbf/j\xcc\
\xbf\x9ejN\xc0\x97r\xc7!\xedP\x020<\x13\x80\
\xaf\xc7N\x08\x040\xb3\xaf\x03_\x89\x0f\xa9\x11g\xd4\
m\xe8\xeek\x10fG7\xeduu\x1b\x9a\x99\x03\xbf\
\x8e8\xf7\x0f\xcd,\xfaA_\xfd\x1c}\x1dX1\xf6\
X\x89\xdc\x07\x1c\x99;\x88\x8e\xfb\x1c\xed\x95\x9c\x96\x8c\
\x94\x00\x0c\xd3k\x80\x03\x13\x1d\xeb#\xc0Y\x89\x8e\x95\
\xca\x83\x84\x09`u\xed\x01\x8cO\x14\xcb\xb2Lv\xf7\
\x17E\xb4\xbf\xaaf\xbbK\x81\xf7G\x9cwQ\x1f \
\xae'#\xb5c\xb4\xd4/\x8e\x99=\x06\x1c\x93;\x0e\
i\x9e\x12\x80\xe1\xfa\x92\xbb\xaf\x1f{\x90jR\xe0~\
\xd4\x7f\x195\xe1\x94\xc8Im\x7f\x93,\x92e\x1b\x07\
\xc4\x14h\xaaS\xe3`:\xb0W\xe4\xf2H\xe0\xe9\xae\
\xff\xa3c\x8f\x93\xd0S\xc0\xb1\xb9\x83\xe8\x89c\x09s\
D\xa4\xc7\x94\x00\x0c\xd7\x0b\x81\x1fF\x16\xa4\x01\xc0\xcc\
\x1e%|\x0a\x8c\xd9u/\xa5\xe3\xeb6\xacf\xe6\xef\
\x990\x96\x91\xd4\x1e\x06 ls<\x96\x89\x98\xbf#\
\xd1\xb2\xb8\xea\xe7\xe6\xfb\x84\x0d\x8eJq\xf1\x10\xcb\xfb\
6\xc1\xcc\xeeA\xb5\x01zO\x09\xc0\xb0\xed\x0a\xfcK\
\x8a\x03Uk\x89_\x0f\xd4\xaaq\x9f\xd0,\xe2\xc6\xc6\
\xb7\x03b\xba\xe5\xc7\xaa\xf6\x5c\x83\xaa\xab\xfb\xfaQ\xfe\
\xf3\x9b\x81\xd7\x99\xd9\x1f\xeb\x9eo1\x1f\x05^\x9d\xe8\
X\xa9\x9c\x9f;\x80\x9e\xd1\xf7\xb3\xe7\x94\x00\xc8\xe1\xee\
\x9e\xa4\xe4\xad\x99\xfd\x89\xf0\x896\xe7\x0c\xec\x1fU\x13\
\xe4\xea\xfa\xdbd\x91\x8c\xceK\xab]\xdb\xea\x1a\xcd\xd0\
\xcbL`w3\xbb/\xe2<Os\xf7\xad\x80\xc3S\
\x1c+\xb1Rz\xa0\xfabz\xee\x00\xa4YJ\x00d\
y\xe0G\xee\xbeZ\x8a\x83U\x9f0w\x07\x92\xef>\
8\x0a\x0e\x1cW\xbbq\xe8\xd6\xde7]8\xa32\x0e\
\x98\x1c\xd1\xfe\xba\x11\xfe\xfb\xd5\xc0NU\xed\x86h\xee\
\xfe\x02\xe04\xca\x99\xf5\xbf\xa8\x9b\xeb6t\xf7\x8d\xdc\
\xfd<w\x9f\xe7\xfd0\xcf\xdd\xcfu\xf7\x0d#\xbe\x9f\
)\xeaCH\xc1\x94\x00\x08\xc0&\xc0w<\xc1\xd2@\
\x003{\x80\xb0\xd2\xe0\xa4\x14\xc7\x1b\x83\xf3\x22\x8b\xda\
\xecD\xd8\xe1\xb0m\xdbF\xb4]V\xe5\xb6\xf3\x80\xdd\
\xcclN\xc4\xf1\x9f\xe6a~\xc4\x09\xc0\xc4\x14\xc7k\
@\xcc\xf0\xc6w\x81\xdd\xc8\xbc3^B\x13\x08\x89\xf8\
w\x22\x8e\xf1@\xa2X\xa4PJ\x00d\xa1i\xc0g\
R\x1d\xac\x9ae\xfev\xd2\xd4\x98\x1f\xad\xafE\xb6\xdf\
/I\x14c\xd7D\x02p\x1c\xf07\xd5\x04\xcdT>\
GYK\xfe\x16\x17\xb3\xfc\xaf\xa4=\x0cR\xda9\xa2\
\xed\x9f\x93E!E2\xf7f\xf6\x1c.}\x1f\xe4\x18\
=\xbe6'\xd4\x85?!\xe9A\xdd\xff\x1f\xf0e \
\xa6\xf6\xfdH\xee\x04&V\xcb\x12\xc7\xcc\xdd\xc7\x03\xf7\
\x00k&\x8djtf\x9a\xd9fu\x1aV\x9f\xca\x1f\
\x03V\xa8\xfej>\xf0Y\xe0\xf3\x91s!\x16?\xcf\
[\x81\x9fP\xf0\x16\xd0=\xfe\xbd\x8cR\xfa\xf7\xa5\xf4\
\xf8b\x94~m\xea\x01\x90E\x19a( \xc9\xa4\xc0\
\xa7\x0fj\xf6UBw\xe4=)\x8f\xbb\x98o\xd6}\
\xf9W\xf6$\xcf\xcb\x1f`#\xaf\xb91Pu\xcd\xb7\
W\xff\xf7~`O3\xfb\x5c\xe2\x97\xff+\x80\x1fR\
\xf0\xcb_D\xc6N\x09\x80,n%\xe0g\xee\xfe\x92\
\x94\x075\xb3\x8b\x80\xbf\x06~\x99\xf2\xb8\x95\xc7\x89\x1b\
\xeb\x04x_\x8a@jZ\x1e\x88\xf9~\xdfJ\x98t\
9\xd9\xcc\xceM\x13R\xe0\xee\x93\x80\xb3)k\xbd\xbf\
\x88$\xa0\x04@\x96d\x1d\xe0,\x8f+S\xfb\x1cf\
v?\xa1\xca\xde!\xa4\xddI\xf0\xbb1\x13\xdd<T\
Dl\xb3\xf8\xcf\x92L\x8ah{4\xb0\x8b\x99\xdd\x95\
*\x18\x00w_\x0f8\x17X7\xe5qE\xa4\x0cJ\
\x00di^\x0e\x9c\xe7a\xd9W2f\xe6fv$\
a\xd2U\xccv\xbd\x0b=I|9\xdaw\xd3N\xed\
\xffe\xa9=\xb3\xde\xcc.5\xb3\xa4[\xb8\xba\xfb\xea\
\xc0/\x80\x8dS\x1eWD\xca\xa1\x04@\x96\xe5\x15\x84\
$`\x8d\xd4\x076\xb3+\x09\xeb\xdf?E\xe8\xc2\xaf\
\xebx3\xbb\xb3nc\x0fk\xff\xdf\x13q\xfeTb\
z\x00\x92r\xf7\x95\x81\x9f\x13\x86lD\xa4\xa7\x94\x00\
\xc8H\xb6\x06\xcet\xf7\xe4c\xc0f\xf6\xa4\x99}\x01\
\xd8\x8azeG\xe7\x13\xbf\xf5\xeb\x1b\x81\x98b)\xa9\
\xe4\x9a\x80\xf8,\xee\xbe\x0a\xf03\xfa\xbb,ND*\
J\x00d4v$$\x01\xab4qp3\xbb\x95P\
Bx_\xc6V}\xec\xa4\xc8\xc2?\x00\x1f\x8bl\x9f\
\xca\xea\xb9\x03\xa8\x86{\xce#n\x87B\x11\xe9\x08%\
\x002Z\xaf\x01.r\xf7\xb5\x9b8x57\xe0\x14\
\xe0\xaf\x08E\x89f\x8d\xd0\xe4\x09\x22\x0b\x17\xb9\xfb\x14\
`\x97\x98c$\x14\xb3\x1f@4w_\x07\xb8\x80\x88\
\xcd\x89D\xa4[\x94\x00\xc8XL\x01~\xed\xee\x9b4\
u\x023[`f\xa7\x02/#\xecT\xb8\xb4\xd9\xfd\
\xffcf\xb7E\x9e\xae\x94O\xff\x90\xb1\x07\xa0Z\xea\
w\x19a\xceGgy\xdc\xd6\xd6I'Q\x16d^\
\xdd\x86\x91\xdfO\xe9\x00\xdd`\x19\xabI\xc0e\xa9\x8b\
\x05-\xce\xcc\x1e7\xb3\xff \xac\x8f\x9f\x06\x5c\xb9\xc8\
\x7f~\x148\x22\xe6\xf8\xd5&)\xfb\xc4\x1c#\xb1,\
\x09@U\xe4\xe7W\xf4c\xb6\xff\xca\x11m/M\x16\
EY.\x89h\xab\xda\x0f=\xa7\x04@\xeaX\x13\xb8\
\xc0\xdd\xdf\xd8\xf4\x89\xcc\xec\x093;\xd5\xccv\x00v\
%LP\xfbB\x82\x0dn>N\xfe\xa5\x7f\x0b9p\
S\xeb'u\xdf\x87\xf0\xf2_\xa7\xeds7$\xa6n\
\xc5{\x085\x0f\xfa\xd2\x13\xf0\x04p\x0e\xf0\xde\x88c\
$\xad\x03\x22\xe5\xd1^\x005\xf4\xf9\xda\xc6h>a\
\x83\x98\xc3\xcclA\xee`F\xcb\xdd\xd7\x05n#T\
=\xcc\xe9N\xe0D\xe0\xdb\x09\x863F\xad\xda\xf5\xf1\
\x13\xc0\x17\xe8Wy\xdf=\xcc\xec\x9c\xdcA\xf4\x85\xbb\
\xef\x09\x9c\xd5\xf4y\xfa\xfc<-\xfd\xdaJ\xf9\x04$\
\xdd\xb4\x1ca\x22\xde\xb6\xee~\xa0\x99\xfd)w@\xa3\
\xf4\xaf\xe4{\xf9\xdfH(\xb0s\xba\x99]\xd6\xf6\xc9\
\xab\x99\xfe'P\xf6\xae~uM!|\xea\x954\xa6\
\xe4\x0e@\x9a\xa5\x1e\x80\x1a\xfa|m\x11\xee\x00\xa6\x9a\
\xd9\xd5\xb9\x03Y\x16w\xdf\x80\xb0\xd4p\x85\x91\xfem\
\x22\x0f\x12&\xd8\x9d\x0d\x9cef#\xadnh\x8c\xbb\
o\x05\x9cFD\xd5\xc1\xc2]`f\xbb\xe5\x0e\xa2/\
\xdc\xfd\x22ZX%\xd3\xe7\xe7i\xe9\xd7\xa6\x04\xa0\x86\
>_[\xa4y\xc0\xc7\xcc\xeck\xb9\x03Y\x1aw\xff\
\x06\xf0\x81\x86\x0e\xffgBrq5as\x9e+\x80\
\x9bS\xee\xccWG5\x9b\xfb\xc3\xc0\xe7\x81\x15s\xc6\
\xd2\xb0\xa7\x80\x0d\xcc\xec\x0f\xb9\x03\xe9\xbaj\x7f\x8c;\
hv\x0bo\xa0\xdf\xcf\xd3\xd2\xafM\x09@\x0d}\xbe\
\xb6D~\x09| \xa6DoS\xaa%\x8c\x13\x09\xd5\
\xff\x16~\xadC\x98\x85\xff<`\xb5\xea\xcfU\x09\x9f\
\xde\x17\xf5'\xc2\x96\xbb\x0fT_\xf7\x13\xb6\xe2\xbd\x05\
\xb8\xc5\xcc\xeen\xe1\x12\xc6\xc4\xdd'\x02\xdf\x07^\x9d\
9\x94\xb6|\xda\xcc\xa2V\x88\x08\xb8\xfb\xa1\xc0am\
\x9c\xab\xcf\xcf\xd3\xd2\xafM\x09@\x0d}\xbe\xb6\x84\x1e\
\x05\x0e\x06\xbe\x91\xfb\x13\xf0\x10U\x13\xfd>@\xd8(\
iH\xcb\xb9\xe6\x00\x13\xcd\xec\xb1\xdc\x81tUU\xf6\
{\x16-\xad\x02\xe8\xf3\xf3\xb4\xf4k\xd32@i\xca\
j\xc0\xd7\x09\xcb\x05\x8b\xd9\xe8f\x08\xaaO\xfdg\x03\
\xff\xc3\xb0^\xfe\x00k\x116\x98\x92\xfa\x0eEK\x00\
\x07A=\x005\xf4\xf9\xda\x1a\xf2\x17Bw\xe21f\
67w0}U}r;\x04\xf8(\xfd\x1e\xeb\x1f\
\xc9\x13\xc0\x0efvm\xee@\xba\xa6*\x8f}\x19\xb0\
|[\xe7\xec\xf3\xf3\xb4\xf4kS\x02PC\x9f\xaf\xad\
aw\x02\x9f\x06N\xe8R\xdd\x80\xd2U\xdd\xfd\xef\x00\
\x8e\x02\xd6\xcb\x1cN)f\x02\xdb\x9b\xd9\xe2\xf38d\
)\xaa%\xa2W\xd3\xf2*\x91>?OK\xbf6\x0d\
\x01H\x9b6\x00\x8e\x03\xaer\xf7\xd7\xe6\x0e\xa6\x0f\xdc\
}{\xc2'\xb6\xe3\xd0\xcb\x7fQ\x9b\x02g\xb8{\xee\
bO\x9d\xe0\xee+\x03g\xd2\xdf%\xa2\xb2\x04J\x00\
$\x87\xc9\x84\xb9\x01g\xba\xfb6\xb9\x83\xe9\x22w\xdf\
\xc9\xdd\xcf&,5\xd4\x0e~K\xb6\x13p\x8e\xbb\xaf\
\x91;\x90\x92U\x9f\xfc\xcf\x05^\x95;\x16i\x97\x12\
\x00\xc9\xe9M\xc0\x0cw\xff\x95\xbb\xefUue\xcb2\
T/\xfe3\x09\x9b\xd7\xbc!w<\x1d\xb0\x13pm\
\xd5S\x22\x8b\xa9\x12\xf0+\xd1\xcb\x7f\x90\x94\x00H\x09\
v\x04\xce <\xa8\xdf\xe1\xee*Q\xbd\x08w_\xde\
\xdd\xff\xd6\xdd\xaf \xbc\xf8\xdf\x94;\xa6\x8e\xd9\x10\xb8\
\xc4\xdd\x8fp\xf7Ur\x07S\x02w_\xd5\xdd\x8f\x22\
\xf4 5\xb6\xbd\xb7\x94M\x93\x00k\xe8\xf3\xb5\x15\xe2\
\x0e\xe0\xdb\xc0q%\x16\x13jK\xb5|\xf2=\xc0A\
\xf4g\xc7\xbe\xdc\xee\x07\x8e\x01\x8e5\xb3{r\x07\xd3\
\xb6\xaa\xc2\xdf\xbb\x81\x0fQ\xc8R\xbf>?OK\xbf\
6%\x005\xf4\xf9\xda\x0a\xb3\x00\xb8\x08\xf8\x01\xf0S\
3\xfbs\xdep\x9a\xe7\xee\x13\x807\x03\xef'l\x7f\
\xac^\xbaf\xcc'\xf4\xa6\x9cO\x98\xf9~\x0b\xf0'\
3{8kT\x09\xb9\xfb\xea\xc0\x0b\x80\xcd\x81m\x81\
\xdd\x08C\x22\x8d\x97\xf7\x1d\x8b>?OK\xbf6%\
\x005\xf4\xf9\xda\x0a\xf6g\xe0'\xc0I\xc0\xc5f\xf6\
x\xe6x\x92\xa9\xd6\xef\xef\x09\xbc\x05x#\xa1,\xb1\
\xc8 \xf4\xf9yZ\xfa\xb5)\x01\xa8\xa1\xcf\xd7\xd6\x11\
\x7f!\xf4\x0c\x9c\x05\x9cmf\xb7\xe7\x0dg\xec\xdc}\
\x1d\xc2\xcb\xfe-\xc0\xee\x0c\xbbp\x8f\x0cX\x9f\x9f\xa7\
\xa5_\x9b\x12\x80\x1a\xfa|m\x1du3a\x03\xa2\xab\
\x80\xab\xcdlf\xe6x\x9e\xc3\xdd7%Lv\xdc\x99\
\xd0\x0d\xbbi\xde\x88D\xca\xd0\xe7\xe7i\xe9\xd7\xa6\x04\
\xa0\x86>_[O<H\x18\xd7]\xf8u\x130\xdb\
\xcc\xe65}\xe2\xaa\xf0\xccK\xab\xaf-\xaa\xafW\xa1\
I|\x22K\xd4\xe7\xe7i\xe9\xd7\xa6\x04\xa0\x86>_\
[\x8f-\x00~O\xd8\xbew\xe1\xd7\xdd\xc0#\xc0\xc3\
\xc0C\xd5\x9f\x0fW\x7f7\x01Xt9\xe2x\xc2\x06\
G+\x02k\x02\xeb\x126\x9eY\x93\xf0r_\x9f\xf0\
\xd2\xdf\x10M\xdc\x13\x19\xb5>?OK\xbf6%\x00\
5\xf4\xf9\xdaDD\xda\xd4\xe7\xe7i\xe9\xd7\xa6O*\
\x22\x22\x22\x034\x8e\xb0\x1eVDDD\x06d\x1c0\
'w\x10\x22\x22\x22\xd2\xaeq\xc0\xf4\xdcA\x88\x88\x88\
H\xbb\xc6\x01'\xe6\x0eBDDD\xda5\x0e8\x19\
\xb8&w \x22\x22\x22\xd2\x9eqf\xb6\x00\x98\x8a\xe6\
\x02\x88\x88\x88\x0c\xc68\x80\xaa\x96\xfa\x0e\xc0\x8c\xbc\xe1\
\x88\x88\x88H\x1b\x9e\xae\x03`f\xb3\x80\xed\x80\xfd\x81\
3\x80{\xd0\x12A\x11\x11\x91^\xaa]\xa5\xa8I\xaa\
\xee$\x222\x0c}~\x9e\x96~m\xaa\x04(\x22\x22\
2@J\x00DDD\x06H\x09\x80\x88\x88\xc8\x00)\
\x01\x10\x11\x11\x19 %\x00\x22\x22\x22\x03\xa4\x04@D\
Dd\x80\x94\x00\x88\x88\x88\x0c\x90\x12\x00\x11\x11\x91\x01\
R\x02 \x22\x222@\xe3s\x07 \xc5q\xe0F\xe0\
\x02\xc2\xde\x107\x01w\x02\x8f\x99\xd9#9\x03\x13\x91\
%s\xf7\xe7\x01\xab\x00\x1b\x02/\x05\xb6\x01v\x05^\
\x963.)\x9bJ\x01\xd7Pzy\xc7\x9af\x03\xdf\
\x03\x8e3\xb3\xd9yC\x11\x91\x14\xdc}c\xe0@\xe0\
 `\xa3\xbc\xd1,YO\x9f\xa7@\xf9\xd7\xa6\x04\xa0\
\x86\xd2o\xea\x18\xcd\x04\x0e\x07N4\xb3\xa7r\x07#\
\x22\xe9\xb9\xfb\xf2\xc0\xdb\x81C\x81I\x99\xc3y\x96\x9e\
=O\x9f\xa5\xf4kS\x02PC\xe97u\x94\xe6\x02\
G\x00_4\xb3y\xb9\x83\x11\x91\xe6\xb9\xfb\x8a\xc0\xc1\
\xc0!\xc0\x0a\x99\xc3\x01z\xf3<]\xa2\xd2\xafM\x09\
@\x0d\xa5\xdf\xd4Q\xb8\x05\xd8\xd7\xcc\xae\xcb\x1d\x88\x88\
\xb4\xcf\xdd\xb7\x06N\x016\xc9\x1dK\x0f\x9e\xa7KU\
\xfa\xb5i\x15\xc0\xf0\x9c\x0fl\xab\x97\xbf\xc8p\x99\xd9\
\xb5\xc0\x14\xe0\xc2\xdc\xb1H>J\x00\x86\xe5t\xe0\x8d\
\x9a\xcd/\x22f\xf60\xb0'\xf0\xb3\xdc\xb1H\x1eJ\
\x00\x86\xe3B`?\x8d\xf7\x8b\xc8B\xd5\xf3`\x1ap\
n\xeeX\xa4}\x9a\x03PC\xe9\xe3:Kp\x0b\xa1\
\xdb_\x9f\xfcE\xe49\xdc}uB\xdd\x8f\xd6W\x08\
t\xf0y:j\xa5_\x9bz\x00\xfao.a\xc2\x9f\
^\xfe\x22\xb2D\xd5p\xc04@=\x84\x03\xa2\x04\xa0\
\xff\x8e\xd0\x84?\x11\x19\x89\x99]\x03\x1c\x99;\x0ei\
\x8f\x86\x00j(\xbd[g\x113\x81-5\xee/\x22\
\xa3Q\xd5\x09\xb8\x01\x98\xd8\xd69;\xf4<\x1d\xb3\xd2\
\xafM=\x00\xfdv\xb8^\xfe\x222Zf6\x17\xf8\
\x5c\xee8\xa4\x1d\xea\x01\xa8\xa1\xf4\xac\xae2\x1b\xd8T\
\xe5}Ed,\xaa\xb2\xc13\x09\x1b\x0b5\xae#\xcf\
\xd3ZJ\xbf6\xf5\x00\xf4\xd7\xf7\xf4\xf2\x17\x91\xb12\
\xb3'\x81\xef\xe7\x8eC\x9a\xa7\x1e\x80\x1aJ\xcf\xea\x08\
[\xfaN\x8c\xdd\xd5\xcf\xdd\xc7\x01\xfb\x01\xfb\x03\x93\x81\
\xb5\x80\xe5\xa2\xa3{\xc6\xaefV\xab\x12Y\x15\xdb\xdd\
\xc0\xba\x09\xe3i\xdb}\xc0\xfaf6\xbfNcw\x7f\
-a\xdb\xe6\xb6\xe9\xbe\x95u\xdf\xe6\x03s\x80\xe9\xc0\
\x89\xc0\xc9f\xb6 \xe6\x80\xee>\x09\xb85Al#\
\xea\xc0\xf3\xb4\xb6\xd2\xafM=\x00\xfdtC\x82\x97\xff\
D\xc2\x03\xe5G\xc0\x9b\x08\x0f\xec\x94/\x7f\x80\xa9u\
\x1bV\x0f\xb8\xd3\x13\xc6\x92\xc3O\xea\xbeD*\xb5\xbf\
\x7f\x91b\xef[\xd7+\xcf\xfd\xb4\xb0\xfb\xb6\x1c\xe1\xf7\
s/\xe0\x04\xe0\xea\xea\xf7\xb763\xbb\x0d\xb89A\
lR0%\x00\xfd\x14U\xdf\xbbzx\x5c\x01l\x9d\
&\x9c\xa5z\x9b\xbb\xc7$\x15\xa7&\x8b$\x8f\xda\xf1\
W\xdf\xb7\xb7%\x8ce,t\xdfjj\xe9\xbem\x03\
\x5c\xee\xee\x1bG\x1e\xe7\xfc\x14\xc1H\xb9\x94\x00\xf4\xd3\
\xf4\xba\x0d\xab.\xda\x1f\x03k\xa6\x0bg\xa9\xd6\x06v\
\x8eh\x7f1\xf0\x87D\xb1\xb4\xed>\xe0\xd2\x88\xf6;\
\x13\xbe\x7f9\xa4\xb8o\xf7%\x8a\xa5m\xf7\xd3\x8d\xfb\
\xb6\x16pj\xf5\xfb\x5c\xd7\x8cT\xc1H\x99\x94\x00\xf4\
SL\xd7\xdd~4\xff\xc9\x7fQC\x1d\x06\xe8j\xf7\
\x7f\xf4\xf9\xab\xeb>-a,m\xfaq\xe4\xe4\xda6\
\xef\xdbdBu\xbf\xba4\x04\xd0sJ\x00\xfa\xe9\xae\
\x88\xb6oO\x16\xc5\xe8\xec\xe3\xee\xe3#\xdaw\xb5;\
9\xb6\x1b\xf9o\x13\xc6R\x87\xee\xdb\x18e\xbao\xfb\
G\xb4\xbd#Y\x14R$%\x00\xfd\x14S\xf7\x7fr\
\xb2(FgM\xe0\xd5\x11\xed\xbb8\x0c\x10\xdb\xfd\xbf\
\x0b\xa1\x8b7\xa7\x14\xf7mN\xa2X\xda\x12\xdb\xfd\x9f\
\xe3\xbeM\x89h\xab\xfdCzN\x09@?\xfd%\xa2\
m\x1bc\xff\x8b\x1b\xda0@l\xf7\xff>\xc9\x22\x89\
3\xb4a\x80\x9fDv\xff\xe7\xb8o1\xf3\x0d\xfe\x9c\
,\x0a)\x92\x12\x80\x1e\x8a\x5c\x03\x9cz\xa9\xdfh\x0c\
\xad;\xb9k\xdd\xc8K\xa3\xfb6J\x19\xef[\xed\xdf\
\xe7\xd8Z\x02R>%\x00R\x82!\x0d\x03\xf4\xa1\xfb\
\x7f\xa1\xd8\xfbv\x11\xdd\x19\x06x\x00\xb8$\xa2}I\
\xf7M\x04P\x02 \xe5\x18\xca0@\xd7g\xff/.\
v\x18\xa0K\xf7\xad+\xb3\xffEFE\x09\x80\x94b\
(\xdd\xc9\xa5\x17\x91\x19+\xdd\xb7\x11\x14z\xdfD\x94\
\x00H1\x860\x0c\xd0\xa7\xee\xff\x85b\xef\xdb\x85\x94\
?\x0c\xf0\x00\xe1\xe7\xab\xae\x12\xef\x9b\x88\x12\x00)J\
\xdf\x87\x01\xfa\xd6\xfd\xbfP\xdf\x87\x01\xd4\xfd/\xbd\xa4\
\x04@J\xd2\xf7\xee\xe4\xd8n\xe4\xb7&\x8c%%\xdd\
\xb7\xa5(\xfc\xbe\xc9\xc0i;\xe0\x1aJ\xdf\xe2\xb1\xf4\
\xf8FP{\xab\xd9>s\xf7]){s\x16\xdd\xb7\
%(\xe1\xbe\x95\xfe<(=\xbe\x18\xa5_\x9bz\x00\
\xa44\xea.]\xb2\xd2\xbf/\xa5\xc7\x97\x8b\xbe/R\
,\xf5\x00\xd4PzVWz|#\xb8\x1fX/r\
\xcc\xb5W\xaan\xe4\xdf\x93o\xf7\xbf\xd1\xd0}[L\
)\xf7\xad\xf4\xe7A\xe9\xf1\xc5(\xfd\xda\xd4\x03 \xa5\
\x89\x9dU\xdeG\xbbP\xf6\xcb\x1ft\xdf\x96\xa4\x0b\xf7\
M\x06L\x09\x80\x94H\xdd\xa6\xcf\xd6\x95\xefGW\xe2\
l\x8b\xbe\x1fR4\x0d\x01\xd4Pz\xb7N\xe9\xf1\x8d\
\x82\xba\x93+\xa5t#\x8f\x92\xee[\xa5\xa4\xfbV\xfa\
\xf3\xa0\xf4\xf8b\x94~m\xea\x01\x90\x12\xa9;\xf9\x19\
]\xeaF\xd6}{F\x97\xee\x9b\x0c\x94\x12\x00)\x95\
\xbaO\x83\xae}\x1f\xba\x16oS\xf4}\x90\xe2i\x08\
\xa0\x86\xd2\xbbuJ\x8fo\x94\x06\xdf\x9d\x5cR7\xf2\
\x18\xe8\xbe\x15v\xdfJ\x7f\x1e\x94\x1e_\x8c\xd2\xafM\
=\x00R*u'\xc3\xce\x14\xf2\x12\x19\x03\xdd\xb7n\
\xde7\x19 %\x00R\xb2\xf7\xe4\x0e \xb3\xf7\xe5\x0e\
\xa0&\xdd7\x91\x0e\xd0\x10@\x0d\xa5w\xeb\x94\x1e\xdf\
\x18<\x05lgf\xd7\xe6\x0e\xa4m\xee>\x19\xb8\x12\
X.w,5\xe8\xbe\x15t\xdfJ\x7f\x1e\x94\x1e_\
\x8c\xd2\xafM=\x00R\xb2\xf1\xc0)\xee\xbef\xee@\
\xda\xe4\xeek\x03'S\xd0Kd\x8ct\xdfD:@\
\x09\x80\x94n\x13\xe0\xf2\xea\x93U\xef\xb9\xfb\x14\xe02\
`R\xeeX\x22\xe9\xbe\x89\x14NC\x005\x94\xde\xad\
Sz|5\xcd'l\xcbz\x02p\x15p\xbf\x99-\
\xc8\x1bR<w\x1f\x07\xac\x05l\x0b\xbc\x03\xd8\x87~\
}\x82\xd4}\xcb\xac\xf4\xe7A\xe9\xf1\xc5(\xfd\xda\x94\
\x00\xd4P\xfcM-<>\x11iO\xe9\xcf\x83\xd2\xe3\
\x8bQ\xfa\xb5i\x08@DDd\x80\x94\x00\x88\x88\x88\
\x0c\x90\x12\x00\x11\x11\x91\x01R\x02 \x22\x222@J\
\x00DDD\x06H\x09\x80\x88\x88\xc8\x00)\x01\x10\x11\
\x11\x19 %\x00\x22\x22\x22\x03\xa4\x04@DDd\x80\
\x94\x00\x88\x88\x88\x0c\x90\x12\x00\x11\x11\x91\x01R\x02 \
\x22\x222@J\x00DDD\x06H\x09\x80\x88\x88\xc8\
\x00)\x01\x10\x11\x11\x19 %\x00\x22\x22\x22\x03\xa4\x04\
@DDd\x80\x94\x00\x88\x88\x88\x0c\x90\x12\x00\x11\x11\
\x91\x01R\x02 \x22\x222@J\x00DDD\x06H\
\x09\x80t\xc5\x02\xe0\x04`/`=`B\xf5\xe7\xde\
\xc0\x89\xd5\x7f\xcfI\xf1\xc5Q|\x22-\xb3\xdc\x01,\
\x89\xbb{\xee\x18\x96\xc5\xccj\x7f\xdf\xda\xb8\xb6\xd2\xe3\
\xab\xe1v`\x1f3\xbbvi\xff\xc0\xdd\xb7\x01N\x05\
&\xb6\x16\xd53\x14_\x1c\xc5\xd7\xa0\xd2\x9f\x07\xa5\xc7\
\x17\xa3\xf4kS\x02PC\xf17\xb5\xf0\xf8\xc6\xe8v\
`\x073\xbb\x7f\xa4\x7f\xe8\xeek\x01W\x00\x1b7\x1e\
\xd53\x14_\x1c\xc5\xd7\xb0\xd2\x9f\x07\xa5\xc7\x17\xa3\xf4\
k\xd3\x10\x80\x94l\x01\xe1\x93\xd7\x88\x0f_\x003\x9b\
\x03L\xa5\xbd\xeeX\xc5\x17G\xf1\x89d\xa4\x04@J\
v\xd2\xb2\xba]\x97\xc4\xccf\x00\xa74\x14\xcf\xe2\x14\
_\x1c\xc5'\x92\x91\x12\x00)\xd9\x095\xdb\x9d\x984\
\x8a\xa5S|q\x14\x9fHFJ\x00\xa4d3j\xb6\
\x9b\x9e4\x8a\xa5S|q\x14\x9fHF\x9a\x04XC\
\xe9\x13;J\x8fo\x0c\xc6\x9b\xd9\xfc\xb16r\xf7\xe5\
\x80\xa7\x1a\x88gq\x8a/\x8e\xe2kA\xe9\xcf\x83\xd2\
\xe3\x8bQ\xfa\xb5\xa9\x07@\x8aU\xe7\xe1\x1b\xd3\xae\xad\
\xf3(\xbe\xb8\xf3(>\x914\x94\x00\x88\x88\x88\x0c\x90\
\x12\x00\x11\x11\x91\x01R\x02 \x22\x222@J\x00D\
DD\x06H\x09\x80\x88\x88\xc8\x00)\x01\x10\x11\x11\x19\
 %\x00\x22\x22\x22\x03\xa4\x04@DDd\x80\x94\x00\
H\xb1\xaa\x8aj\xad\xb5k\xeb<\x8a/\xee<\x8aO\
$\x0d%\x00R\xb2\xb5j\xb6['i\x14K\xa7\xf8\
\xe2(>\x91\x8c\x94\x00H\xc9\xa6\xd4l\xb7m\xd2(\
\x96N\xf1\xc5Q|\x22\x19)\x01\x90\x92\xed_\xb3\xdd\
~I\xa3X:\xc5\x17G\xf1\x89d\xa4\xdd\x00k(\
}\x87\xa7\xd2\xe3\x1b\x83\x05\xc0\xb6fv\xcdh\x1b\xb8\
\xfb\x14\xe0J\xdaIn\x15_\x1c\xc5\xd7\x82\xd2\x9f\x07\
\xa5\xc7\x17\xa3\xf4k+\xe6\x87Td\x09\xc6\x01\xa7\xba\
\xfb\xa8\xc6b\xab\x7fw*\xed\xfd\x5c+\xbe8\x8aO\
$#\xfd\xa0J\xe9&\x02W\xb8\xfb\xe4e\xfd\xa3\xea\
\x93\xd7\x15\xc0Fm\x04\xb5\x08\xc5\x17G\xf1\x89d\xa2\
!\x80\x1aJ\xef\xd6)=\xbe\x9a\x16\x00\xa7\x00'\x02\
\xd3\x81\x07\x80\x17\x11&\x5c\xed\x0fL%oB\xab\xf8\
\xe2(\xbe\x86\x94\xfe<(=\xbe\x18\xa5_\x9b\x12\x80\
\x1a\x8a\xbf\xa9\x85\xc7'\x22\xed)\xfdyPz|1\
J\xbf\xb6\x223V\x11\x11\x11i\x96\x12\x00\x11\x11\x91\
\x01R\x02 \x22\x222@J\x00DDD\x06H\x09\
\x80\x88\x88\xc8\x00)\x01\x10\x11\x11\x19 %\x00=\xe4\
\xee1\xf7u~\xb2@D$\xb7\xda\xbf\xcf\x91\xcf\x11\
\xe9\x00\xdd\xe0~Z9\xa2\xed\x9cdQ\x88Hn\xf7\
F\xb4]5Y\x14R$%\x00\xfd\xf4\xbc\x88\xb6\xd3\
\x93E!\x22\xb9]\x1d\xd16\xe69\x22\x1d\xa0\x04\xa0\
\x9f6\x88h{b\xb2(D$\xb7\x93\x22\xdan\x94\
*\x08)\x93\x12\x80~\xda,\xa2\xed\xc9\xc0\xa8\xb7?\
\x15\x91bM'\xecNXW\xccsD:@\x09@\
?M\xa9\xdb\xd0\xcc\x16\x1066\xd1\x5c\x00\x91\xee\x9a\
\x03L\xad~\x9f\xeb\xaa\xfd\x1c\x91nP\x02\xd0O\xbb\
\xc646\xb3\xdb\x81\x1d\x80\x19i\xc2\x11\x91\x16M\x07\
v0\xb3\xd9\x91\xc7\xd9-A,R0\xed\x06XC\
\xe9;<\x01\x0eL2\xb3YQ\x07\x09\xcb\x80\xa6\x11\
\xb6;\x9d\x02\xac\x0d,\x17\x1f\x9e\x88$4\x1f\xb8\x8f\
0\xe1\xefD\xe0\xd4\xc8O\xfe\xb8\xfb&\xc0\xcc\x04\xb1\
\x8d\xa8\x03\xcf\xd3\xdaJ\xbf\xb6\xf1M\x9f@\xb20\xe0\
@\xe0\xb0\xa8\x83\x84\x87\xc8I\xc4M$\x12\x91\xee9\
0w\x00\xd2<\xf5\x00\xd4PzVW\x99\x0dlf\
fO\xb6t>\x11\xe9\x01w_\x1e\xb8\x95\xb8\xd5D\
\xa3\xd6\x91\xe7i-\xa5_\x9b\xe6\x00\xf4\xd7F\x84\xae\
{\x11\x91\xb1x'-\xbd\xfc%/\xf5\x00\xd4\xe9\xdf\
_\xe6\x00\x00\x07\x87IDATPzV\xb7\x88\xdb\
\x80\x97\x9b\xd9\xdc\x16\xcf)\x22\x1d\xe5\xee+\x017\x00\
\x1b\xb7u\xce\x0e=O\xc7\xac\xf4kS\x0f@\xbfM\
\x02\x0e\xce\x1d\x84\x88t\xc6\xa7h\xf1\xe5/y\xa9\x07\
\xa0\x86\xd2\xb3\xba\xc5\xcc\x03^ef*\xee#\x22K\
\xe5\xeeS\x80_\x03\x13\xda<o\xc7\x9e\xa7cR\xfa\
\xb5\xa9\x07\xa0\xffV\x00Nv\xf7\xd5s\x07\x22\x22e\
r\xf75\x08U@[}\xf9K^J\x00\x86a\x13\
\xe0tw_1w \x22R\x16w\x9f@(\x19<\
1w,\xd2.%\x00\xc3\xf1\x1a\xe0$w_!w\
 \x22R\x86\xeaC\xc1\xa9\xa8\xea\xdf )\x01\x18\x96\
7\x03gk8@D\xaan\xff_\x02{\xe7\x8eE\
\xf2P\x020<\xaf\x05~\xe3\xee\xdb\xe7\x0eDD\xf2\
p\xf7m\x08\xa5\x83w\xc9\x1d\x8b\xe4\xa3\x04`\x986\
\x04.v\xf7\xcfj^\x80\xc8p\xb8\xfbJ\xee~8\
p9a\x99\xb0\x0c\x98\x96\x01\xd6P\xfa\xd2\x8e1\xba\
\x1d8\x1c\xf8\x91\xca\x06\x8b\xf4SU\xde\xf7@\xe0P\
B\x95\xd0b\xf4\xecy\xfa,\xa5_\x9b\x12\x80\x1aJ\
\xbf\xa95\xdd\x01|\x1f8\xce\xccn\xcb\x1c\x8b\x88$\
P\xed\xeaw\x00p\x10\x85\x96\xf7\xed\xe9\xf3\x14(\xff\
\xda\x94\x00\xd4P\xfaMM\xe0&\xe0\x02`\x06p3\
!9x\xd4\xcc\x1e\xce\x1a\x95\x88,Q5\xb1w5\
\xc2\xf0\xdeK\x81\xc9\xc0\xae\xc0\xe69\xe3\x1a\x8d>?\
OK\xbf6%\x005\x94~SED\xba\xa2\xcf\xcf\
\xd3\xd2\xafM\x93\x00EDD\x06H\x09\x80\x88\x88\xc8\
\x00)\x01\x10\x11\x11\x19 %\x00\x22\x22\x22\x03\xa4\x04\
@DDd\x80\x94\x00\x88\x88\x88\x0c\x90\x12\x00\x11\x11\
\x91\x01R\x02 \x22\x222@J\x00DDD\x06H\
\x09\x80\x88\x88\xc8\x00)\x01\x10\x11\x11\x19 %\x00\x22\
\x22\x22\x03\xa4\x04@DDd\x80\x94\x00\x88\x88\x88\x0c\
\x90\x12\x00\x11\x11\x91\x01R\x02 \x22\x222@J\x00\
jp\xf7\x98\xef\xdb\xfcd\x81\x88\x88t[\xed\xe7a\
\xe4sXP\x02P\xd7\xca\x11m\xe7$\x8bBD\xa4\
\xdb\xee\x8dh\xbbj\xb2(\x06J\x09@=\xcf\x8bh\
;=Y\x14\x22\x22\xddvuD\xdb\x98\xe7\xb0\xa0\x04\
\xa0\xae\x0d\x22\xda\x9e\x98,\x0a\x11\x91n;)\xa2\xed\
F\xa9\x82\x18*%\x00\xf5l\x16\xd1\xf6d\xe0\x9aT\
\x81\x88\x88t\xd4t\xe0\xd4\x88\xf61\xcfaA\x09@\
]S\xea64\xb3\x05\xc0T4\x17@D\x86k\x0e\
0\xb5z\x1e\xd6U\xfb9,\x81\x12\x80zv\x8di\
lf\xb7\x03;\x003\xd2\x84#\x22\xd2\x19\xd3\x81\x1d\
\xcclv\xe4qvK\x10\xcb\xa0Y\xee\x00\x96\xc4\xdd\
=w\x0c#p`\x92\x99\xcd\x8a:HX\xc62\x0d\
\xd8\x9f\x90\xcd\xae\x0d,\x17\x1f\x9e\x88H1\xe6\x03\xf7\
\x11&\xfc\x9d\x08\x9c\x1a\xf9\xc9\x1fw\xdf\x04\x98\x99 \
\xb6F\x99Y\xedwl\x0b\xef\xc1G\xc67|\x82\xbe\
2\xe0@\xe0\xb0\xa8\x83\x84_\x82\x93\x88\x9b\x08#\x22\
24\x07\xe6\x0e\xa0\x07fk\x08\xa0\xbe\x83\xdc}\xf9\
\xdcA\x88\x88\x0cI\xf5\xdc\xfd\xbb\xdcq\xf4\xc0\xd9J\
\x00\xea\xdb\x88\xd0u/\x22\x22\xedy'qK\xb1\x05\
\xe6\x02_\xd7\x1c\x808\xb7\x01/7\xb3\xb9\xb9\x03\x11\
\x11\xe9;w_\x09\xb8\x01\xd88w,\xa3Q\xf0\x1c\
\x80\x8f\x9b\xd9\x7f\xaa\x07 \xce$\xe0\xe0\xdcA\x88\x88\
\x0c\xc4\xa7\xe8\xc8\xcb\xbf`G\x9b\xd9\x7f\x82V\x01\xa4\
0\x0fx\x95\x99\xa9\xb8\x8f\x88HC\xdc}\x0a\xf0k\
`B\xeeXF\xab\xb0\x1e\x80\xff\x03>ifg,\
\xfc\x0b%\x00i\xdc\x0aL1\xb3\x87s\x07\x22\x22\xd2\
7\xee\xbe\x06\xa1~\xc0\xc4\xdc\xb1\x8cEd\x02pd\
\x82\x10\xe6\x02\xbf\x07\xa6\x9b\xd9\xb5\x8b\xffG%\x00\xe9\
\x5c\x04\xec\xa9\xf9\x00\x22\x22\xe9\xb8\xfb\x04\xe0,:X\
\xf8'&\x01h\x83\xe6\x00\xa4\xf3\x1a\xe0$w_!\
w \x22\x22}\xe0\xee+\x12\xf6\x0b\xe8\xdc\xcb\xbf\x0b\
\x8a\xccN:\xda\x03\xb0\xd0\x85\xc0[5\x1c \x22R\
_\xd5\xed\x7f\x1a\xb0K\xeeX\xeaR\x0f\xc0\xf0\xbc\x16\
\xf8\x8d\xbbo\x9f;\x10\x11\x91.r\xf7m\x08\xa5\x83\
;\xfb\xf2\xef\x02%\x00\xcd\xd8\x10\xb8\xd8\xdd?[u\
a\x89\x88\xc8\x08\xdc}%w?\x1c\xb8\x9c\xb0\xccZ\
\x1aTd\xf7D\xc7\x87\x00\x16w;p8\xf0#3\
{2w0\x22\x22\xa5\xa9\xca\xfb\x1e\x08\x1cJ\xa8\xb2\
\xda\x0b\xa5\x0f\x01\x14\x19\x5c\xcf\x12\x80\x85\xee\x00\xbe\x0f\
\x1cgf\xb7e\x8eED$\xbbjW\xbf\x03\x80\x83\
\xe8ay_%\x005\xf44\x01X\xd4M\xc0\x05\xc0\
\x0c\xe0fBr\xf0\xa8&\x0e\x8aH\x1f\xb9\xfb\xea\xc0\
j\x84\xe1\xd1\x97\x02\x93\x81]\x81\xcds\xc6\xd54%\
\x005\x0c \x01\x10\x11\x91\x9e+=\x01\xd0$@\x11\
\x11\x91\x01R\x02 \x22\x222@J\x00DDD\x06\
H\x09\x80\x88\x88\xc8\x00)\x01\x10\x11\x11\x19 %\x00\
\x22\x22\x22\x03\xa4\x04@DDd\x80\x94\x00\x88\x88\x88\
\x0c\x90\x12\x00\x11\x11\x91\x01R\x02 \x22\x222@J\
\x00DDD\x06H\x09\x80\x88\x88\xc8\x00)\x01\x10\x11\
\x11\x19 %\x00\x22\x22\x22\x03\xa4\x04@DDd\x80\
\x94\x00\x88\x88\x88\x0c\x90\x12\x00\x11\x11\x91\x01R\x02 \
\x22\x222@J\x00DDD\x06H\x09\x80\x88\x88\xc8\
\x00)\x01\x10\x11\x11\x19 %\x00\x22\x22\x22\x03\xa4\x04\
@DDd\x80\x94\x00\x88\x88\x88\x0c\x90\x12\x00\x11\x11\
\x91\x01R\x02 \x22\x222@J\x00DDD\x06H\
\x09\x80\x88\x88\xc8\x00)\x01\x10\x11\x11\x19 %\x00\x22\
\x22\x22\x03\xa4\x04@DDd\x80JM\x00\xe6\xe7\x0e\
@DD$B\xf1\xef\xb1R\x13\x809\xb9\x03\x10\x11\
\x11\x89po\xee\x00FRj\x020=w\x00\x22\x22\
\x22\x11\xae\xce\x1d\xc0HJM\x00N\xcc\x1d\x80\x88\x88\
H\x84\x93r\x070\x12\xcb\x1d\xc0\x92\xb8\xfb8B\xf6\
\xb4M\xeeXDDD\xc6h:\xb0\xbd\x99-\xc8\x1d\
\xc8\xb2\x14\xd9\x03P}\xd3\xa6\xa2\xb9\x00\x22\x22\xd2-\
s\x80\xa9\xa5\xbf\xfc\xa1\xd0\x04\x00\xc0\xccn\x07v\x00\
f\xe4\x8eEDDd\x14\xa6\x03;\x98\xd9\xec\xdc\x81\
\x8cF\x91C\x00\x8b\xaa\x86\x03\xa6\x01\xfb\x03S\x80\xb5\
\x81\xe5\xb2\x06%\x22\x22\x12\x96\xfa\xddG\x18\xb2>\x11\
8\xb5\x0b\x9f\xfcEDDDDDDDDDD\
DDDDDDDDDDDDDDDD\
DDDDDDDDDDDDDDDD\
DDDDDDDDDDDDDDDD\
d\xd4,w\x00mpw\xcf\x1d\x83\x88\x88\x94\xcd\xcc\
\x06\xf1N\x5ch\x5c\xee\x00DDD\xa4}J\x00D\
DD\x06H\x09\x80\x88\x88\xc8\x00)\x01\x10\x11\x11\x19\
 %\x00\x22\x22\x22\x03\xa4\x04@DDd\x80\x94\x00\
\x88\x88\x88\x0c\x90\x12\x00\x11\x11\x91\x01R\x02 \x22\x22\
2@J\x00DDD\x06H\x09\x80\x88\x88\xc8\x00)\
\x01\x10\x11\x11\x19 %\x00\x22\x22\x22\x03\xa4\x04@D\
Dd\x80\x94\x00\x88\x88\x88\x0c\x90\x12\x00\x11\x11\x91\x01\
\x1aJ\x020?w\x00\x22\x22R\xb4\xc1\xbd'\x86\x92\
\x00\xcc\xc9\x1d\x80\x88\x88\x14\xed\xde\xdc\x01\xb4m(\x09\
\xc0\xf4\xdc\x01\x88\x88H\xd1\xae\xce\x1d@\xdb\x86\x92\x00\
\x9c\x98;\x00\x11\x11)\xdaI\xb9\x03h\x9b\xe5\x0e\xa0\
\x0d\xee>\x8e\x90\xddm\x93;\x16\x11\x11)\xcet`\
{3[\x90;\x906\x0d\xa2\x07\xa0\xba\xa9S\xd1\x5c\
\x00\x11\x11y\xb69\xc0\xd4\xa1\xbd\xfca \x09\x00\x80\
\x99\xdd\x0e\xec\x00\xcc\xc8\x1d\x8b\x88\x88\x14a:\xb0\x83\
\x99\xcd\xce\x1dH\x0e\x83\x18\x02XT5\x1c0\x0d\xd8\
\x1f\x98\x02\xac\x0d,\x975(\x11\x11i\xc3|\xe0>\
\xc2\x90\xf0\x89\xc0\xa9C\xfc\xe4\xbf\xd0\xff\x07W\x01\xc2\
I\x9e(\xb8\xf1\x00\x00\x00\x00IEND\xaeB`\
\x82\
\x00\x00V\x83\
\x89\
PNG\x0d\x0a\x1a\x0a\x00\x00\x00\x0dIHDR\x00\
\x00\x02\x00\x00\x00\x02\x00\x08\x06\x00\x00\x00\xf4x\xd4\xfa\
\x00\x00\x00\x09pHYs\x00\x00\x0e\xc3\x00\x00\x0e\xc3\
\x01\xc7o\xa8d\x00\x00\x00\x19tEXtSof\
tware\x00www.inksca\
pe.org\x9b\xee<\x1a\x00\x00 \x00ID\
ATx\x9c\xec\xddw\xb8\x5cU\xd5\xc7\xf1\xef\x22\xf4\
\x12zo\xa1#]\x8atA:\x88 \x22\x08\xd2\xa4\
#JyQ\xc1WEA\x11\x0b\xa2\x80 \x02/M\
\xa47\xa5\x05D\xa4\xf7&Mz\xef\xbd\x86\xf4\xfc\xde\
?\xf6\x89\x84\x90\xe4\xce\xbdw\xf6^\xe7\xcc\xac\xcf\xf3\
\xcc\x134\xb9{\xads\xe6\xdc9k\xf6\xd9\x05B\x08\
!\x84\x10B\x08!\x84\x10B\x08!\x84\x10B\x08!\
\x84\x10B\x08!\x84\x10B\x08!\x84\x10B\x08!\x84\
\x10B\x08!\x84\x10B\x08!\x84\x10B\x08!\x84\x10\
B\x08!\x84\x10B\x08!\x84\x10B\x08!\x84\x10B\
\x08!\x84\x10B\x08!\x84\x10B\x08!\x84\x10B\x08\
!\x84\x10B\x08!\x84\x10B\x08!\x84\x10B\x08!\
\x84\x10B\x08!\x84\x10B\x08!\x84\x10B\x08!\x84\
\x10B\x08!\x84\x10B\x08!\x84\x10B\x08!\x84\x10\
B\x08!\x84\x10B\x08!\x84\x10B\x08!\x84\x10B\
\x08!\x84\x10B\x08!\x84\x10B\x08!\x84\x10B\x08\
!\x84\x10B\x08!\x84\x10B\x08!\x84\x10B\x08!\
\x84\x10B\x08!\x84\x10B\x08!\x84\x10B\x08!\x84\
\x10B\x08!\x84\x10B\x08!\x84\x10B\x08!\x84\x10\
B\x08!\x84\x10B\x08!\x84\x10B\x08!\x84\x10B\
\x08!\x84\x10B\x08!\x84\x10B\x08!\x84\x10B\x08\
!\x84\x10B\x08!\x84\x10B\x08!\x84\x10B\x08!\
\x84\x10B\x08!\x84\x10B\x08!\x84\x10B\x08!\x84\
\x10B\x08!\x84\x10B\x08!\x84\x10B\x08!\x84\x10\
B\x08!\x84\x10B\x08!\x84\x10B\x08!\x84\x10B\
\x08!\x84\x10B\x08!\x84\x10B\x08!\x84\x10B\x08\
!\x84\x10B\x08!\x84\x10B\x08!\x84\x10B\x08!\
\x84\x10B\x08]\xcd\xbc\x13\x08\xddC\xd24\xc0\xd4\xc0\
\x8c\xc0d\xd5kF\xe0\x03`40\x14\x18\x06\x8c0\
\xb3!^y\x86\xd0n\x92\x06\x02\x03\x80i\x81\xa9\xaa\
\xff\x1e\x08\xbc\x0f\x8c\xa9^\xef\x03\xc3\xccl\xa8W\x9e\
\xa1\xbbD\x01\x10\xdaB\xd2\xcc\xc0\x92\xc0\xa0q^\xf3\
\x03s\x01\xb3\x02\xb3\x91>\xfcZ\xf51\xf0:\xf0\x1a\
\xf0&\xf0*\xf0\x0c\xf0\xe4\xd8\x97\x99\x0doK\xf2!\
\xf4\x83\xa4\xd9\x80\xc5\xaa\xd7\xa2\xc0\x82\xc0\xec\xa4k\x7f\
\x0e\xd2\xb5?U/\x9a\x1c\x02\xbc]\xbd^\x03^\x04\
\x9e\xab^\xcf\x02\x8f\x99\xd9{\xed\xc9>t\xb3(\x00\
B\xafI\x9a\x17X\x1dX\x09X\xb6z-P8\x8d\
1\xc0\xf3\xc0\xbd\xc0=\xd5\xeb\xde\xf8`\x0c\xb9H2\
\xd2\x0d~\xe5q^\xcb\x0139\xa4\xf3<\xf0P\xf5\
\xba\x0f\xb8\xcd\xcc^q\xc8#4X\x14\x00\xa1G\x92\
\x16\x016\x02\xd6\x02\xd6$}\xc3\xa9#\x01\x8f\x01\xff\
\x02\xae\x03n0\xb3w}S\x0aM&ii`\x03\
`}`m|n\xf6\xadz\x0e\xb8\x15\xb8\x05\xf8\x87\
\x99=\xe3\x9bN\xa8\xbb(\x00\xc2gH\x9a\x12X\x0f\
\xd8\xb4z-\xe6\x9bQ\x9f\x8d\x06\xee\x07\xae\x02.1\
\xb3\x07\x9c\xf3\x095'iZ`3`K\xd2\x8d\x7f\
.\xdf\x8c\xfa\xe5\x09`p\xf5\xba\xde\xccF8\xe7\x13\
j&\x0a\x80\x00\x80\xa4)H\xdfr\xb6\x05\xbe\x0a\xcc\
\xec\x9bQ\x16O\x03\x97\x90\x8a\x81;\xbc\x93\x09\xf5 \
i\x06`s`kR\xc1\xdb\x9b\xb1*M\xf1.p\
)p\x01p\x9d\x99\x8dr\xce'\xd4@\x14\x00]N\
\xd22\xc0\x9e\xc0\x0e\xa4\xc1z\xdd\xe2q\xe0\x0c\xe0/\
\xf1\xec\xb4;IZ\x0b\xd8\x1d\xd8\x06\x98\xce9\x9d\x92\
\xde\x02\xce\x06N1\xb3G\xbc\x93\x09~\xa2\x00\xe8B\
\x92\xa6\x06\xb6'\xdd\xf8WwN\xc7\xdbh\xe0j\xe0\
\x14\xe0r3\x1b\xe3\x9cO\xc8H\xd2\xac\xa4\x9b\xfen\
\xc0\x12\xce\xe9\xd4\xc1m\xa4k\xff<3\x1b\xe6\x9dL\
(+\x0a\x80.\x22iv\xd2\x07\xdf\xfe\xc0<\xce\xe9\
\xd4\xd13\xc0\xc9\xc0I1\x9b\xa0\xb3HZ\x088\x90\
t\xf3\xef\xa6o\xfb\xadz\x138\x0d8\xd6\xcc^\xf5\
N&\x94\x11\x05@\x17\x904\x08\xf8!\xb030\x8d\
o6\x8d\xf0\x1e\xa9\x108\xda\xcc\xde\xf0N&\xf4\x9d\
\xa4\x15I\xd7\xfe\xd7H\x8b\xef\x84I\x1b\x0a\x9c\x09\xfc\
\xda\xcc\x9e\xf7N&\xe4\x15\x05@\x07\x934\x1f\xf0\x03\
`oz\xb7\x10IH\x86\x00\xa7\x02\xbf2\xb3\xd7\xbc\
\x93\x09\xad\x93\xf49\xe0p\xe0\xeb\xc4\xe7\x5c_\x8c\x04\
N\x07~nf/{'\x13\xf2\x88_\x8c\x0e$i\
\x16\xe0P`\x1f\xd2\xd2\xbb\xa1\x7f>\x04\xfe\x08\x1c\x15\
\x8f\x06\xeaM\xd2\xc2\xc0a\xc07\x89o\xfc\xed0\x0c\
\xf8\x13pD\xac\xa9\xd1y\xa2\x00\xe8 \x92&'=\
\xe3?\x82\xb4\x14ih\xafw\x80\x9f\x03\xc7\x9b\xd9h\
\xefd\xc2'\xaa\xf9\xfb\x07\x03\x87\x10Eo\x0ec\xaf\
\xfd\x13b\x0aa\xe7\x88\x02\xa0CHZ\x1f8\x0eX\
\xca;\x97.\xf0\x00p\xa0\x99\xdd\xe0\x9dH\x00I\xdb\
\x02G\x03\xf3y\xe7\xd2\x05\x1e\x06\xf67\xb3\xeb\xbd\x13\
\x09\xfd\x17\x05@\xc3U\xdd\xfdG\x03\xbb\x10\xefgi\
g\x93\x0a\x81\xb7\xbc\x13\xe9F\xd5\x12\xd5'\x93V\xad\
\x0c\xe5\x884>\xe0\xfb\xf1X\xa0\xd9\xe2\x86\xd1`\x92\
\xbe\x01\x1c\x0b\xcc\xe9\x9dK\x17{\x93\xf4\x8d\xe8<\xef\
D\xbaE\xb5)\xcfw\x80_\x13S\xfa<\xbd\x06\xec\
gf\x17y'\x12\xfa&\x0a\x80\x06\x924\x13p\x22\
\xb0\x9dw.\xe1\xbf.\x07\xf6\x8e9\xd4yU\x83\xfc\
N\x05\xd6uN%|\xe2\x1c`_3{\xdf;\x91\
\xd0;Q\x004\x8c\xa4u\x80\xbfP~\xfb\xdd\xd0\xb3\
7\x81o\x99\xd9U\xde\x89t\x22I\xdf\x04N\x02\xa6\
\xf7\xce%|\xc6\xf3\xc0Nfv\xb3w\x22\xa1u\x93\
y'\x10Z#i2I?'mu\x1b7\xffz\
\x9a\x1d\xb8B\xd2\xef\xab\x1d\x15C\x1bH\x9aF\xd2I\
\xa41\x17q\xf3\xaf\xa7\x05\x81\xeb%\x1d&)\xee+\
\x0d\x11=\x00\x0dP\x0d\xf4;\x1b\xd8\xc4;\x97\xd0\xb2\
{\x81\xaf\x9b\xd9s\xde\x894\x99\xa4\xc5I;\xd8-\
\xef\x9dKh\xd9U\xc0\x8e1@\xb0\xfe\xa2\x00\xa89\
I+\x00\x17\x03\x0b{\xe7\x12z\xedm`[3\xfb\
\x97w\x22M$i#\xe0|`&\xef\x5cB\xaf\xbd\
\x00lmf\xf7x'\x12&.\xbajjL\xd2W\
\x81[\x89\x9b\x7fS\xcd\x0a\x5c#\xe9\x10\xefD\x9aF\
\xd2^\xc0\x15\xc4\xcd\xbf\xa9\x16\x00n\x90\xb4\x85w\x22\
a\xe2\xa2\x00\xa8)I\x07\x00\x17\x01\xd3z\xe7\x12\xfa\
er\xe0\xd7\x92\x8e\x97\x14K\xd3\xf6@\xd2\xe4\x92N\
$\x0d\xf6\x9b\xc2;\x9f\xd0/\xd3\x01\x97H\xda\xcf;\
\x910a\xf1\x08\xa0f\xaa\x014\x7f m\xd9\x1b:\
\xcb\x85\xa4\x91\xd2\xc3\xbd\x13\xa9\xa3j9\xdf\x0b\x81\xcd\
\xbcs\x09m\xf7\x07\xd2\xc2Ac\xbc\x13\x09\x9f\x88\x02\
\xa0F\xaa\xb5\xfcO\x07v\xf4\xce\xa5\x9f\xc6\x00O\x01\
O\x00/\x01\xaf\x00/V\x7f\xbe\x0d\x8c\x06>\x18\xe7\
\xcfiH\xeb\xb7\xcf\x04L\x09\xcc\x08\xccM\x1aY<\
?i\x89\xd7EH\x8fB\x9a\xdeku\x1d\xb0\x95\x99\
}\xe8\x9dH\x9dH\x9a\x91\xb4\x96\xc2\xda\xde\xb9\x84l\
\xfe\x02\xec\x16\xfbh\xd4G\x14\x005QM\x1b;\x97\
\xb4oy\xd3<\x0a\xdc\x04\xfc\x9b\xb4N\xfeCf\xf6\
Q\xbb\x83H\x9a\x01X\x01\xf8|\xf5Z\x03X\xbc\xdd\
q\x0a\xb8\x07\xd8\xd8\xcc\xde\xf1N\xa4\x0e$\xcd\x01\x5c\
MzO\x9bn\x04\xa9\xe8}\x8947~l\xe1;\
\x1cx\x9f\xb4\xbb\xde\xd0q\xfe\xfdL\xa4\xcf\xe1\x19\xab\
\xd7\xfc\xc0\xbc\xc0<\xa4\xe7\xe8\xf3\xd2Y\x9f\xd3\x17\x01\
;\x98\xd9\x08\xefDBg]X\x8d%ij\xe0\x12\
`S\xef\x5cZ\xf4*p-\xe9\xdb\xec?\xcd\xec\x15\
\xafD$-\x00l\x08l\x00\xacOsvA\xbc\x07\
\xd8\xa0\xdbWO\x934\x17p=\xb0\xa4w.}\xf0\
!p\x1fp\xff8\xafG\xdb\xb9[\x9e\xa4\x81\xc0r\
\xa4i\x90\xcb\x03+\x92\x8a\xe0&\x8f'\xb9\x8a4C\
`\x98w\x22\xdd.\x0a\x00g\x92\xa6 M\xf3\xfb\x8a\
w.=x\x974*\xfbB\xe0\xaa:v\xe3U\xe3\
'\xd6\x00\xb6\x01\xb6\xa7\xfe\xc5\xc0\x1d\xc0F\xdd\xfa8\
@\xd2l\xa4\x9b\xff2\xde\xb9\xb4h4\xa9\x97\xeb\x9f\
\xd5\xeb&\x8fo\xb2\x92\xa6\x07V#\x15\xbd\x1b\x90\x8a\
\x82\xa6}\x96_\x03l\x19\xe3a|5\xed\xa2\xe9(\
\xd5\xa8\xf0sI7\xac:\x1a\x05\x5c\x0a\x9c\x09\xfc\xc3\
\xccF:\xe7\xd32IS\x91\x16N\xfa\x16\xa9\xb8\xaa\
\xeb7\xa6\x9b\x81M\xcdl\x88w\x22%I\x9a\x99\xd4\
\x83T\xf7n\xff\x91\xa4\xde\xaes\x81\xcb\xcc\xec\x03\xe7\
|>C\xd2 \xe0\x1b\xa4\xa2\xb7I\x0b&\x9dOz\
\x1cP\xbb/\x13\xdd\x22\x0a\x00'\xd5\x8ef\xa7\x93\xb6\
\xf1\xad\x9bw\x80S\x80\x13\xcc\xecE\xefd\xfa\xab\xda\
@\xe6\xbb\xc0n\xa4\xe7\xacus\x19\xf0\xb5n\xf9 \
\xac\xc6r\xfc\x13\xf8\x82w.\x93p;p\x16pa\
\x93\xb6{\x96\xb4\x14\xa9\x10\xd8\x99f,\x19~\x1a\xb0\
\x87\x99\xc9;\x91\x10\x8a\x91t\xa4\xea\xe79I{+\
M\xc7\xea8\x92f\x90t\x80\xa4W\x5c\xcf\xf2\x84\x1d\
\xeb}~JP\x9a\xe7?\xd8\xfbdO\xc4pI\x7f\
\x95\xb4\xb2\xf7y\xea/\xa5\xf3\xbc\x8d\xa4[]\xcfh\
k~\xe1}\xbeB(F\xd2\x1e\xde\xbfq\xe3y]\
\xd2\xfeJ\xdd\xe6\x1dO\xd2\xb4\x92~(\xe9\x1d\xd7\xb3\
\xfeY\x07x\x9f\x9b\xdc$\xfd\xd9\xfb$O\xc0{\x92\
\x8e\x904\xb7\xf7\xf9\xc9A\xd2*\x92\xce\x964\xca\xf5\
,O\xda\xae\xde\xe7)\x84\xec$m,i\xa4\xf7o\
[\xe5\x03I?U\x1aT\xd4u$\xcd\xa4\xd4\x13\xf3\
\xb1\xeb\xbb\xf0\x89Q\x92\xb6\xf4>/\xb9H:\xd8\xfb\
\x04\x8f\xe7cI\xbfU\xdal\xab\xe3IZZ\xd2\xdf\
|O\xf9D\x8d\x90\xb4\x81\xf79\x0a!\x1bI\x8b)\
}\xdb\xa8\x83K%\xcd\xeb}N\xea@\xd2\xa2\x92\xae\
u~?\xc6\x1a\xa2\x0e\xe8\x82\x1e\x9fRw\xf4h\xe7\
s;\xd6H\xa5\x9e\x88\xae\xbc\xfe%\xad&\xe9z\xd7\
w`\xc2\xde\x91\xb4\x88\xf7\xf9\x09\xa1\xed$M'\xe9\
!\xe7_0IzIi\x93\xa10\x1eI;Jz\
\xc3\xf9\xfd\x91\xa4'\xd5A\x8fc$\xad!i\xa8\xf3\
9\x1d\xebvI\xcby\x9f\x93:\x90\xb4\xb5\xa4\x97\x9d\
\xdf\x8f\xf1\xfd[\x1d:\x06)t1I\xe7y\xfff\
I:Iia\x910\x11\x92f\x95t\x81\xf3\xfb$\
I?\xf4>\x17\xed i\xa0\xa4W\xbdO\xa6R\xcf\
\xdb\xbeJkE\x84\x8a\xa4\x19%\xfdI\xf5\xe9\x9d\x91\
\xa4\xb3\xbc\xcfK\x08m#i?\xe7_\xa8\xf7%m\
\xeb}\x1e\x9aDi6\x84\xe7\xd8\x80\xe7\x95\xa6\x8a6\
\x9a\xa4\xa3\x1c\xcf\xe1X\x97I\x9a\xc7\xfb\x5c\xd4\x99R\
/\xcd\xa3\xce\xef\xd3\xb8\xf6\xf1>'!\xf4\x9b\xa4e\
\xe4\xdb\xfdy\x8f\xe2\xb9Z\x9fHZV\xd2\x7f\x1c\xdf\
\xbb\x15\xbd\xcfA\x7f(\xcd\xb6\x18\xe2x\xfe\x86)M\
\xfbl|!U\x82\xa4\xe9%\x9d\xe9\xf8~\x8dk\x88\
\xa4\xcfy\x9f\x93N\x17\xdda\x19)\xad\xf1\x7f6i\
\xa7;\x0f\xa7\x00k\x9a\xd9\xd3N\xf1\x1b\xcd\xcc\x1e\x02\
V!m`\xe2\xa1\xee\xab\xe4\xf5d#\xc0\xeby\xee\
S\xa4k\xff\xd8Xd\xa65f\xf6\x91\x99\xedBZ\
=\xd3{e\xcai\x81s\xd4Aca\xea(\x0a\x80\
\xbc~E\xda\xc8\xa34\x01?4\xb3\xbdb\xad\xed\xfe\
\xa9\x96\xe8\xfd\x06p\x94C\xf8\xb9\x1cb\xb6\xd3\x9aN\
q\xff\x06\xacdf\xf7:\xc5o43;\x93T\xf8\
>\xe6\x9c\xca\x0a\xc0\x11\xce9t\xb4(\x002\x91\xb4\
&\xb0\xbfC\xe8a\xc0vf\xf6\x1b\x87\xd8\x1d\xc9\xcc\
\xc6\x98\xd9\xc1\xc0>\xa4\xfd\x11Ji\xfa\x80\xcd9\x1d\
b\xfe\x9e\xb4\xd3\x5c\xed\xd6\xeco\x123{\x94\xb4\xb1\
\xd6\x8d\xce\xa9\x1c$i5\xe7\x1c:V\x14\x00\x19T\
\xddV'S\xfe\xfc\xbe\x0b\xacof\x17\x14\x8e\xdb\x15\
\xcc\xec$`\x0b>\xbd\x9f{No\x17\x8a\x93K\xc9\
\x05vF\x03\xdf1\xb3\xef\x99\xd9\x98\x82q;\x96\x99\
\xbd\x0bl\x0c\xfc\xd51\x8d\xc9\x80S$M\xe9\x98C\
\xc7\x8a\x02 \x8f\x1f\x01K\x15\x8e\xf9\x1eik\xd9\xdb\
\x0a\xc7\xed*f6\x18\xd8\x922E\xc0\x1b\x05b\xe4\
\xf4~\xa18\x1f\x93\xb6\x96\xfdS\xa1x]\xa3z\x84\
\xb83\xbe]\xf1\xcb\x00\x07;\xc6\x0f\xa15\x92\x96T\
\xdaT\xa4\xa4\xf7$\xad\xe2}\xec\xddD\xd2\x86\xca?\
Mp\x19\xef\xe3\xec\x0fI\x7f\xc8|~\xa4\xf4\x1e\xac\
\xef}\xac\xdd@\xd2\x8f\x0b\xbc\x9f\x133L\xd2\xa2\xde\
\xe7\xa0\xd3D\x0f@\xfb\xfd\x1e(\xd9]\xf5>\xb0\xb1\
\x99\xdd]0f\xd73\xb3k\x81\xaf\x92\xc6\x5c\xe4\xf0\
\x0a\xf0H\xa6\xb6Ky8s\xfbC\x81-\xcc\xec\xba\
\xccq\x02`f\xbf\x04\x0eu\x0a?\x15p\xb4S\xec\
\x10z&i\xd3\xc2U\xf1pI_\xf2>\xeen\xa6\
\xb4\xb9S\x8eu\x1e\x1a?\x88S\xd2\x02\x19\xce\xcbX\
C%m\xe4}\x8c\xddH\xd2\xa1\x19\xdf\xd7\x9e\xc4\x86\
A\xa1~$M\xa1\xf2\x8b\xc6|\xcb\xfb\xb8C\x96\x22\
\xe0CI\xb3{\x1fW;H\xba\xa3\x8d\xe7e\xac\xa1\
\x926\xf6>\xb6n&\xbf\x15\x1e\x1f\x924\xb9\xf7\xf1\
\x87\xf0)\x92\xf6)\xfc\x8b\xf0\x0b\xefc\x0e\x9fP{\
\x8b\x80o{\x1fO\xbbH\xfar\x9b\xce\xc9Xq\xf3\
\xaf\x01I\x93I\xba\xb8\xcd\xefm\xab\xf6\xf0>\xfe\x10\
\xfeK\xd2\xd4\x92^,\xf8\x0bp\xbeby\xd3\xda\x91\
\xb4\x91\xd2\xb7\xf7\xfe8\xd9\xfb8\xdaM\xd2\x95\xfd\xbe\
\xe2\x93\xb8\xf9\xd7\x88\xd2R\xcfw\xb5\xe9\xbd\xed\x8d\xe7\
\x14\xd3\x02C]H\xda\xbf\xe0\xc5\xff\x84\xa4\x19\xbc\x8f\
9L\x98\xa4\x15\xd5\xb7-V\xc7H:\x5c\x1d\xb8[\
\x9d\xa4\x99\xaa\xeb\xb6?\x86(n\xfe\xb5#i.\xa5\
\x8d\xabJ\xdb\xd7\xfb\xd8C\x18[\x05\x97\xda\xeet\x98\
\x1a\xbeAL7\x904\x87\xa4S\xd4\xfa\x16\xab\xb7H\
Z\xc7;\xef\x9c$\xcd\xa3\xbe\x8f\x07xM1\xcd\xb5\
\xb6$\xad&iD\x1f\xdf\xdb\xbezIi\xaf\x95\x10\
\xfcH\xfaN\xc1\x8b\xfe\x00\xef\xe3\x0d\xadSZ\x13\xe2\
\xc7\x92nVzD4\x5c\xa9\x1b\xfb\x05I7)}\
\xe3\xef\x9aeN%MU\x1d\xf3\xfb\xbd\xb8\xe6/\x92\
4\xbfw\xeea\xd2$\x1d\xdc\xbe\x8f\xb9\x96\xed\xed}\
\xdc\xa1\x8b)\x0d\x84y\xb2\xd0\xc5~\x95\xe2\xb9\x7f\xe8\
\x00\x92f\x95t\xa0\xa4\xc1\x9a\xf0v\xc1/K\xfa\xb3\
\xa4\xb5\xbcs\x0d\xad\xa9>\x0b\xaf.\xf4Y8\xd6\xe3\
\xea\xc0Gf\xa1!$mU\xe8B\xffP\xd2\x02\xde\
\xc7\x1bB\x0e\x92f\x94\xb4\x84\xa4A\x92\xa6\xf1\xce'\
\xf4\x8d\xd2\xa3\xaf\xd7\x0a}&\x8e\xb5\xa5\xf7q\x87.\
\xa5\xf4\xec\xb6\x84\x03\xbd\x8f5\x84\x10z\x22i\xbbB\
\x9f\x89c\xdd\xe4}\xcc\xa1\x0bIZ\xae\xd0\x05~\xb7\
\xa4\x01\xde\xc7\x1bB\x08\xad\x90ty\xa1\xcf\xc6\xb1\x96\
\xf7>\xe6\xa6\x8a\xe7'}\xb7g\x81\x18c\x80\xbd\xcd\
lt\x81X!\x84\xd0\x0e\xfb\x93vh,e\xb7\x82\
\xb1B\xb7\x934\x8d\xa4w\x0bT\xb6\x9e\xfbp\x87\x10\
B\x9fH:\xa4\xc0\xe7\xe3Xo+\xa6\x04\xf6I\xf4\
\x00\xf4\xcd6\xc0L\x99c\x8c\x04~\x969F\x08!\
\xe4p\x0c\xf0B\xa1X\xb3\x00_+\x14\xab\xa3\xc4\xa6\
\x0a}\xb3c\x81\x18\xa7\x98\xd9\xd3\x05\xe2\x84\x0e#i\
\x16`\xd08\xaf\x05\x80Y\xc7y\xcd\x06\x0c\x04\x06\x00\
\xc6'\xc5\xecH\xe0\xa3\xea\xbf\x87\x02\x1f\x00o\x01o\
W\xaf\xd7H\x1f\xea\xcf\x8d}\x99\xd9\xf0\xac\x07\x13\x1a\
\xc9\xcc\x86K:\x0c8\xadP\xc8\x1d\x80s\x0a\xc5\xea\
\x181\xaf\xbc\x97\x94vi{\x85\xbc\xc5\xd3\xc7\xc0\xa2\
f\xf6j\xc6\x18\xa1\xe1$M\x01,\x07\xacP\xfd\xb9\
,\xb0<\xe9\x1bQ\x91\x14\x80g\x80\x07\xab\xd7C\xc0\
\xbdf\xf6\x5c\xa1\xf8\xa1\xc6\x94\x06/?\x04|\xae@\
\xb8\x91\xc0\x5cf\xf6N\x81X\x1d#z\x00zok\
\xf2\x9f\xb73\xe2\xe6\x1f\xc6'iz`\x1d`\x0d`\
M`\x15`Z\xc7\x94\x0cX\xa4zm5\xf6\xff\x94\
\xf4\x0ap\x1bp+p3p\xbf\x99\x8dq\xc90\xb8\
1\xb3\xd1\x92~\x02\x5c\x5c \xdc\x14\xa4k\xf0\xd4\x02\
\xb1:F\xf4\x00\xf4\x92\xa4\xeb\x80\xf5r\x86\x00\x962\
\xb3\xc72\xc6\x08\x0d!i\x19`S`\x13`-\xa0\
\x89\xbb\xa0\xbd\x09\x5c\x03\x0c\x06\xfeafo9\xe7\x13\
\x0aQZ\xbd\xf4a`\xa9\x02\xe1\xfeaf\xb1aT\
/D\x01\xd0\x0b\x92f\x22}\x98\xe5\xec\x01\xb8\xd2\xcc\
6\xcf\xd8~\xa89IK\x93\x06\x9an\x07,\xe1\x9c\
N\xbb\x8d\x01n\x07.\x04\xce3\xb3\xd7\x9d\xf3\x09\x99\
I\xda\x0b8\xa9@\xa8\x91\xc0\xecf\xf6~\x81X\x1d\
!\x0a\x80^\x90\xb4\x0dpA\xe60\x1b\x99\xd9\xb5\x99\
c\x84\x9a\x914\x0fi>\xf3\x8et\xdeM\x7fbF\
\x01\xd7\x01g\x00\x97\xc6\x80\xc2\xce\xa4\xb4\xbc\xf3\x0b\xa4\
\xc1\xa7\xb9mef\x7f+\x10\xa7#\xc44\xc0\xde\xd9\
$s\xfbO\x02\xff\xcc\x1c#\xd4\x84\xa4\x01\x926\x97\
\xf4w\xe0y\xe0\x17t\xcf\xcd\x1fRO\xda\xc6\xc0\xb9\
\xc0K\x92\x8e\x96Tb\xc0X(\xc8\xcc\x86\x02\xa7\x14\
\x0a\xb7i\xa18\x1d!z\x00ZT=\xcbz\x09\x98\
'c\x98\xc3\xcd\xec\xb0\x8c\xed\x87\x1a\xa8\x06\xf3}\x13\
8\x88\xee\xba\xe1\xb7\xeaV\xe07\xc0\x15f&\xefd\
B\xffI\x9a\x8fT\xe4\xe6\xfe\xd2\xf9\x82\x99-\x989\
F\xc7\x88\x02\xa0E\x92\x96\x02\x1e\xc9\x1c\xe6s1\xf8\
\xafsI\x9a\x138\x10\xd8\x1b\x98\xd99\x9d&x\x00\
8\x1a8\xd7\xccFy'\x13\xfa\xa7\xc0\x00\xea\xb1\x16\
7\xb3'\x0b\xc4i\xbcx\x04\xd0\xba\xdc{\x93\xdf\x1b\
7\xff\xce$i\xd6jQ\x94'\x80\x1f\x127\xffV\
-\x0f\xfc\x05xR\xd2^\x8aM\xb1\x9a\xee\xdcBq\
r\x7fVw\x8c(\x00Z\xb7z\xe6\xf6\xcf\xcb\xdc~\
(L\xd2@I\xbf\x00\x9e%-\xeb<\xd09\xa5\xa6\
\x1aD\x1aE\xfe\x80\xa4X\xf2\xb5\xb9.\x02J\x0c\xf4\
\x5c\xa3@\x8c\x8e\x10\x05@\xeb\xd6\xcc\xdc\xfe\xe5\x99\xdb\
\x0f\x85H\x9aL\xd2\xce\xc0\xe3\xc0O\x80\x19\x9cS\xea\
\x14K\x03\x17K\xbaC\xd2j\xde\xc9\x84\xde1\xb3\xf7\
\x80\xab\x0a\x84\x8a\x1e\x80\x16E\x01\xd0\x02I\xb3\x02\x8b\
f\x0c\xf1\x82\x99=\x9e\xb1\xfdP\x88\xa4\xb5\x81\xbb\x81\
3\x81\xb9\x9c\xd3\xe9T\xab\x02\xb7J:E\xd2\x1c\xde\
\xc9\x84^\xf9{\x81\x18KT\xfba\x84\x1eD\x01\xd0\
\x9a\x15\xc8;`2\xe6\xfd7\x9c\xa4\x19%\x1d\x0b\xdc\
\x00\xac\xe8\x9cN7\x98\x0c\xd8\x03x\xbc\x1a\x1f\x10\x03\
\x9a\x9b\xe1Z\xd2j\xa79\x19i_\x8c\xd0\x83(\x00\
Z\xb3\x5c\xe6\xf6\xa3\x00h0I_!-w\xba?\
\xf1;U\xdaL\xa4\xf1\x01\xd7KZ\xdc;\x990i\
f\xf6\x0a\xf0h\x81PQ\x00\xb4 >\xacZ\xb3L\
\xe6\xf6\xff\x95\xb9\xfd\x90\x81\xa4\x99$\x9d\x03\x5c\x06\xcc\
\xe7\x9dO\x97[\x07\xb8\xafZv6\xd4[\x89/<\
Q\x00\xb4 \x0a\x80\xd6\xe4\xbc\x98\x9e7\xb373\xb6\
\x1f2\x90\xb4:p/\xb0\xbdw.\xe1\xbf\xa6\x03N\
\x924XR\x8c\xbf\xa8\xaf\x12\xab\x9dF\x01\xd0\x82(\
\x00Z\xb3X\xc6\xb6\xef\xcb\xd8vh\xb3j\xf9\xde#\
H\xdb\xdc.\xec\x9dO\x98\xa0MH\xbd\x01%\x16\x9d\
\x09\xbdwW\x81\x189?\xb3;F\x14\x00=\x904\
#\xe99c.\xff\xce\xd8vh\xa3j6\xc8U\xc0\
\x8f\x81X\x94\xa6\xde\xe6\x06\xfe!\xe90I\xf19W\
#f\xf6\x06\xf0J\xe60\xb3I\x8a\xe9\xb7=\x88_\
\x8c\x9e-\x94\xb9\xfd(\x00\x1a@\xd2\xe7I\xd3\xfb6\
\xf2\xce%\xb4l\x00i\x01\xa6\xbfU\x85|\xa8\x8f\xfb\
\x0b\xc4\x88=\x01z\x10\x05@\xcf\x06en?\xf7\xfe\
\x02\xa1\x9f$m\x07\xdcF\xfeb0\xe4\xf1\x15\xd2\xba\
\x01\x83\xbc\x13\x09\xffU\xa2\x00\x88Gt=\x88\x02\xa0\
g9Gw\x8f\x01^\xcc\xd8~\xe8'I\x07\x00g\
\x03S{\xe7\x12\xfaei\xe0vI\xabx'\x12\x80\
\xb4\xd1Sn13\xa7\x07Q\x00\xf4l\xf6\x8cm\xbf\
nf#2\xb6\x1f\xfaH\xd2\xe4\x92N\x06\x8e!~\
O:\xc5\x5c\xa4\xf5\x02\xb6\xf0N$\xf0|\x81\x18\xb3\
\x15\x88\xd1h\x93{'\xd0\x00\xb3fl;\xbe\xfd\xd7\
\x90\xa4\xa9\x80\xf3\x81-\xbdsi\x83Q\xc0K\xc0s\
\xa4\x0f\xdd7\x81\xb7\xaa\xd7\x07\xd5\xbf\xf9\xb0\xfaw\xd3\
\x02S\x91\x9e\x9d\xcf:\xcekn\xd2\xa3\xb0A\xe4-\
\x88K\x98\x0e\xb8D\xd2\x1efv\x86w2]\xac\xc4\
g_\xce\xcf\xee\x8e\x10\x05@\xcfrV\x91Q\x00\xd4\
\x8c\xa4i\x81Ki\xe6`\xbf!\xc0\x9d\xa4iV\x0f\
\x02\x0f\x01\x8f\x9b\xd9\xc8v\x05\xa8\x06\xd3-[\xbdV\
 \xed\x92\xb94\xcd\xea%\x19\x00\x9c&i:3;\
\xc1;\x99.\xf5\x060\x02\x982c\x8c\xe8\x01\xe8A\
\x14\x00=\xcb\xb9\xa9\xc4\x1b\x19\xdb\x0e\xbdTM\x1b\xba\
\x02\xf8\xa2w.-\x1a\x01\xdc\x02\x0c\x06\xae\x07\x1e0\
\xb3Q9\x03\x9a\xd9\xfbU\xcc[\xc6\xfe\x7fUQ\xb0\
\x06\xb0!\xb0)\xb0d\xce\x1c\xda\xc4\x80\xe3\xab\x22\xe0\
\xb7\xde\xc9t\x1b3\x1b#\xe9\x15\xf2\x0e\xb2\x8e\x1e\x80\
\x1eD\x01\xd0\xb3i2\xb6\xfdq\xc6\xb6C/T\xdf\
\xfc\xaf\x04\xd6\xf6\xce\xa5\x07\x1f\x93\xf2\xbc\x00\xb8\xda\xcc\
>r\xceglQ0\xb8z\x1d$i!\xe0k\xc0\
\xb6\xc0*\xe4\xddH\xab\xbf~#i\xb4\x99\x1d\xed\x9d\
H\x17\xca]\x00L\x9b\xb1\xed\x8e\xd0\xa4n;/S\
el{h\xc6\xb6C\x8b\xaag\xfe\x7f\xa3\xbe7\x7f\
\x017\x01;\x01\xb3\x9b\xd9\xb6fvQ\x1dn\xfe\x13\
bf\xcf\x9a\xd9\xd1f\xb6*\xb0\x08p8\xf5~\xdc\
u\x94\xa4}\xbc\x93\xe8BC2\xb7\x9f\xf3\xf1BG\
\x88\x02\xa0g9/\xa2(\x00\x9cI\x9a\x82\xf4mz\
C\xef\x5c&\xe0#\xe08\xe0sf\xb6\x8e\x99\xfd\xd5\
\xcc\x1a\xd5kT\x15\x03\x87\x91\xd6P\xd8\x9cz\xee|\
i\xc0\x09\x92v\xf2N\xa4\xcb\xe4\xfe\xfc\x8b\x02\xa0\x07\
Q\x00\xf4,\x0a\x80\xcev\x12P\xb7ia\xaf\x01\x87\
\x00\xf3\x9b\xd9\x01f\xf6\xb8wB\xfdef\xa3\xcd\xec\
J3\xdb\x08X\x1e\xf8\x0bi\xe6A]LF\x1a\x18\
\xb8\x89w\x22]$w1\x9b\xb3\xf7\xb6#D\x01\xd0\
\xb3\x9c\xe7ht\xc6\xb6C\x0f$\x1d\x0a\xec\xea\x9d\xc7\
8\xde&u\x97/nf\xbf5\xb3\xf7\xbc\x13\xca\xc1\
\xcc\x1e4\xb3]H\x1b\xb6\x9cL}~\x0f&\x07.\
\x90\xb4\x82w\x22]\x22w\x01\x10\xfbu\xf4 \x0a\x80\
\x9e\x0d\xcb\xd8v\xce\x01\x86a\x12$\xed@\xba\xd9\xd6\
\xc10\xe0W\xc0Bfv\x98\x99}\xe8\x9dP\x09f\
\xf6\x9c\x99\xed\x0d|\x1e\xb8\xce;\x9f\xca\x0c\xc0\xe5\x92\
\xe6\xf5N\xa4\x0b\xe4^\x04-zX{\x10\x05@\xcf\
\xa2\x00\xe80\x92V\x03N\xa5\x1e\xa3\xd3/\x01\x962\
\xb3\x1fu\xcb\x8d\x7f|f\xf6\x90\x99m\x00|\x15x\
\xc6;\x1f\xd2\x12\xb2\x97I\x8a\xdf\xcf\xbcr\x8f\xd2\x8f\
\x02\xa0\x07Q\x00\xf4,\xe7E4]\xc6\xb6\xc3\x04H\
\x9a\x13\xb8\x10\xff\xe7\x83\xaf\x01\xdb\x98\xd9\xd6f\xf6\xac\
s.\xb5`f\x7f\x07\x96\x01~\x83\xffc\x81\x15I\
\x8f'B>\xb9?\xff\xa2\x00\xe8A\x14\x00=\xcb\xd9\
\x03\x10\xf3T\x0b\x9249i\x89_\xefMB\xce\x04\
\x964\xb3\x8b\x9c\xf3\xa8\x1d3\x1bjf?\x04V\x03\
\x1esNg\xc7\x98\x1e\x98U\xee\x02 \xe7gwG\
\x88\x02\xa0g\xd1\x03\xd09~\x05\xac\xe3\x18\xff]`\
[3\xfbV\xb5xN\x98\x083\xbb\x07X\x098\x91\
\xb4\x0e\x82\x97cb\x07\xc1l\xe2\x11\x80\xb3(\x00z\
\x96s\xb1\x95\xb92\xb6\x1d\xc6!iC\xe0{\x8e)\
\xdc\x05,of\x17:\xe6\xd0(f\xf6\xb1\x99\xed\x0b\
l\xcd'\x1b\x17\x956\x15p\x8e\xa4\xe9\x9d\xe2w\xb2\
\xdc_\x80j\xb9PV\x9dD\x01\xd0\xb3W2\xb6\xbd\
`\xc6\xb6CE\xd2\xcc\xf8\x0e\xfa;\x0bX\xd7\xcc\xea\
\xbc\x1a^m\x99\xd9\xa5\xc0\xca\xc0\xc3N),J\xda\
\x16:\xb4\xd7<\x99\xdb\x7f9s\xfb\x8d\x17\x05@\xcf\
^\xcd\xd8\xf6\x82\x92\xea0\x12\xbd\xd3\x9d\x0a\xcc\xef\x10\
w\x0c\xb0\xbf\x99\xedlf\xd1\x1d\xd9\x0ff\xf6$i\
\xc3\xa1\xab\x9cR\xd8]\xd2\xd7\x9dbw\x1cIS\x93\
\xbf\x074\xe7gwG\x88\x02\xa0g9{\x00\xa6\x01\
\xe6\xc8\xd8~\xd7\x93\xb4#\xb0\x95C\xe8\x11\xc0\x0ef\
\xf6G\x87\xd8\x1d\xa9\x9a&\xb9\x05p\xbcS\x0a\x7f\x96\
\x14\xbf\xaf\xed\xb1 \xf9{\xe4r~vw\x84(\x00\
z\x96\xbb\x8a\x1c\x94\xb9\xfd\xae%i6\xe0\x0f\x0e\xa1\
?\x0267\xb3\xf3\x1cbw\xb4jI\xe1\xfd\x80\x9f\
8\x84\x9f\x15\x88]\x03\xdbc\xa1\x021\xa2\x07\xa0\x07\
Q\x00\xf4,w\x15\xb9X\xe6\xf6\xbb\xd91\xc0l\x85\
c\xbe\x03ldfu\xdc\xf4\xa6c\x98\xd9/\x81\xef\
\x90\x1e\xb3\x94\xb4\xa3\xa4\xcd\x0b\xc7\xecD\x83\x0a\xc4\x88\
\x02\xa0\x07Q\x00\xf4\xece\xf2nZ\xb2r\xc6\xb6\xbb\
\x96\xa4\x8d\x81\x1d\x0a\x87}\x03X\xc3\xccn/\x1c\xb7\
+\x99\xd9\x9f\x80\xfd\x1cB\xffQR\xac\xe1\xd1?\x9f\
\xcb\xdc\xfeH\xe2\x11@\x8f\xa2\x00\xe8\x81\x99\x0d\x07\x9e\
\xce\x18\x22\xe6\x18\xb7Y\xb5\xe0O\xe9\xae\xda\x0f\x81\xcd\
:a\xe7\xbe&\xa9\x8a\x80\xc3\x0a\x87\x1d\x04\xfc\xa0p\
\xccN\xb3j\xe6\xf6\x9f4\xb3\xdc{\x0d4^\x14\x00\
\xady$c\xdb+V{\xd2\x87\xf6\xf9.\xb0t\xc1\
x#\x80\xaf\x9b\xd9\xbd\x05c\x86\x8a\x99\x1d\x0e\x1cW\
8\xec!\x92b\x1ao\x1fH\x9a\x12\xc8\xbd\xe3\xa2\xd7\
\x94\xd1F\x89\x02\xa059\x0b\x80\xa9){\xb3\xeah\
\x92f\xa1\xec\x00\xb11\xc0Nf\xf6\x8f\x821\xc3g\
\xfd\x0fi\x8f\x87R\xa6\x01\x8e,\x18\xaf\x93,O\xfe\
\xbd8r~fw\x8c(\x00Z\x93\xfbb\xca\xdd\x1d\
\xd6M~J\x1a\xad]\xca~fvA\xc1xa\x02\
\xccl\x0c\xb0\x13p}\xc1\xb0\xdb\xc72\xc1}R\xe2\
\x9cE\x01\xd0\x82(\x00Z\x93\xfbb\xda$s\xfb]\
A\xd2<\xc0^\x05C\xfe\xb1z\x06\x1dj\xa0\x1a\xaf\
\xb35y\xc7\xec|*$\xf0\xf3B\xb1:\xc9Z\x05\
bD\x01\xd0\x82X\x85\xae\x05\xd5\xa0\xb2w\x80\x192\
\x85\x18\x02\xccff\xb1{U?H:\x11(\xb5{\
\xdb\xed\xa4\xe5}c\xa0Q\xcdHZ\x8e\xf4\xfe\x94\x1a\
\xa9\xbf\x8e\x99\xddT(V\xa3I\x1a\x00\xbcN\xde^\
\xba\x0f\x80Y\xcc\xcc{K\xe9\xda\x8b\x1e\x80\x16\x98\xd9\
(\xe0\xce\x8c!\xa6\xc3w\x97\xba\xc6\x934\x08\xd8\xad\
P\xb87I\x83\xfe\xe2\xe6_Cf\xf6 i\x8d\x80\
R\x0e+\x18\xab\xe9\xd6\x22\xff#\xba[\xe3\xe6\xdf\x9a\
(\x00Zws\xe6\xf6\xbf\x9c\xb9\xfdNw00e\
\xa1X{\x98Y\xcc1\xae13;\x038\xbfP\xb8\
/IZ\xb3P\xac\xa6+\xf19wK\x81\x18\x1d!\
\x0a\x80\xd6\xe5\xee\xe2\xdb<6\x06\xea\x9bj\xc9\xdf]\
\x0a\x85\xfb\xb3\x99]V(V\xe8\x9fo\x03/\x14\x8a\
\xf5\xfdBq\x9a\xae\xc4*\x8aQ\x00\xb4(\x0a\x80\xd6\
\xddI\x9a\xef\x9d\xcbB\x94\x19\x1c\xd3\x89\xf6\xa5\xcc\xf3\
\xde\xe7\x89\x05`\x1a\xc3\xcc\xde\x05v\x05T \xdc\x16\
\x92\x96,\x10\xa7\xb1$-A\xfe\x15\x00\x87\x03we\
\x8e\xd11\xa2\x00hQ\xb5\x9d\xeb=\x99\xc3\xec\x9e\xb9\
\xfd\x8e#i*\xd27\xbd\x12\xf66\xb3\x8f\x0a\xc5\x0a\
m`f\xff\x02\xfeZ \xd4d\xc0\xfe\x05\xe24Y\
\x891:w\xc5`\xea\xd6E\x01\xd0;Wfn\xff\
\xeb\x92\x06f\x8e\xd1i\xb6!\xff\xbe\xe2\x00g\x99\xd9\
5\x05\xe2\x84\xf6;\x08x\xab@\x9c\x9d\xe3\xf7w\xc2\
\xaa\x99T;\x15\x08\x95\xfb3\xba\xa3D\x01\xd0;\x7f\
\xcf\xdc\xfet\xc072\xc7\xe84%\xe6\xfd\x7f\x04\x1c\
R N\xc8\xc0\xcc\xde\x02~V \xd4t\xc0\xf6\x05\
\xe24\xd1W\x80\xb9\x0b\xc4\xf9[\x81\x18\x1d#\x0a\x80\
^0\xb3G\xc8\xbf\xc8\xc8\x9e\x99\xdb\xef\x18\xd53\xc5\
\x12\xe3&\x8e4\xb3\xd8Z\xb4\xd9N\x02\x1e,\x10'\
~\x7f'\xac\xc4\xe3\xcd\xc7c3\xae\xde\x89\x02\xa0\xf7\
r\xf7\x02\xac\x22i\xbd\xcc1:\xc5^\xe4_\xcc\xea\
E\xe0\x0f\x99c\x84\xcc\xaay\xe1\x07\x17\x08\xb5\x92\xa4\
\xcf\x17\x88\xd3\x18\x92\x16\xa1\xccj\xa7\xb9?\x9b;N\
\x14\x00\xbdW\xe2\x22\xfbq\x81\x18\x8d&i2\xcat\
\xb7\x1e\x11\x83\x8a:C5\x86\xe3\xc6\x02\xa1v.\x10\
\xa3I\x0e\x01\x06\x14\x88\x13\xdd\xff\xbd\x14\xf3\xce{\xa9\
Z\xca\xf2\x05`\x9e\xcc\xa1\xd64\xb3\xdb2\xc7h,\
I\xeb\x03\xff\xcc\x1c\xe6y`\xf1X\xf1\xafsHZ\
\x8b\xfc\x8bz\xbd\x0a\xccWmP\xd4\xd5$\xcdGz\
l\x9a{\x91\xae\x17\x80\x85\xe2\x9c\xf7N\xf4\x00\xf4R\
\xd5\x95\xf8\x97\x02\xa1~T F\x93mS \xc6\xaf\
\xe2\xe6\xdfY\xcc\xec\x16\xf2/\x1437\xb0F\xe6\x18\
M\xf1\x03\xca\xac\xd0yF\xdc\xfcC\x11\x92\x16\x934\
Fy\x8d\x91\xb4\x9a\xf7\xb1\xd6\x91\xa4\xc9%\xbd\x9e\xf9\
\xfc\xbf!i\x1a\xefc\x0d\xed'i\xcb\xcc\xd7\x8e$\
\x1d\xe7}\x9c\xde$\xcd)iH\x81s=F\xd2\xc2\
\xde\xc7\xdbD\xd1\x03\xd0\x07f\xf6$\xf9\xbfE\x18p\
\x82\xd2\xb3\xee\xf0ik\x01sd\x8eqb\xb5\xf8S\
\xe8<\x97\x03Od\x8e\xb1U\xe6\xf6\x9b\xe0p\xca\xac\
\xd0y\xbd\x99=S N\xc7\x89\x9bK\xdf\x9dV \
\xc6\x8a\xa4\xa5L\xc3\xa7m\x9a\xb9\xfdQ\xa4ic\xa1\
\x03U]\xc5'f\x0e3\x9f\xa4e2\xc7\xa8-I\
+\x00{\x14\x0awz\xa18\x1d'\x0a\x80\xbe\xbb\x10\
x\xaf@\x9c#%\xcdT N\x93\xe4.\x00\xae\x88\
\xdd\xfe:\xdeY@\xee\xd9\x1d%\xa6\xbe\xd5\x8e\xd2\xa6\
f\xc7Rf\xe4\xff\xbb\xc0%\x05\xe2t\xa4(\x00\xfa\
\xc8\xcc\x86\x00\x7f.\x10j\x0eRWZ\x00$\xcd\x0d\
\xe4\xfefuJ\xe6\xf6\x8333{\x1b\xb84s\x98\
\xae,\x00H\xab\x99~\xb1P\xac?\x99\xd9\xc7\x85b\
u\x9c\x98\x06\xd8\x0f\xd5\xcd\xe8Y`\xaa\xcc\xa1\xc6\x00\
_2\xb3\xdc[\x12\xd7\x9e\xa4]\x8032\x86x\x03\
\x98\xd7\xccFe\x8c\x11j@\xd2\xa6\xc0U\x19C\x8c\
\x00f\xea\xa6\xb1$J{!<\x0c\xcc_ \xdc0\
`\x90\x99\xbd^ VG\x8a\x1e\x80~\xa8\x96\x87=\
\xab@\xa8\xc9\x80\xb3%\xcd\x5c V\xdd\xe5^\xfa\xf7\
\xe2\xb8\xf9w\x8d\x7f\x02ogl\x7fJ`\x95\x8c\xed\
\xd7\xd1q\x94\xb9\xf9\x03\x9c\x1e7\xff\xfe\x89\x02\xa0\xff\
~G\xfa\x86\x9e\xdb|\xc01\x05\xe2\xd4\xdd\x9a\x99\xdb\
\xbf0s\xfb\xa1&\xccl$\xf9W\x8f\xcb}\xbd\xd6\
\x86\xa4-\x81]\x0a\x85\x1bM,\xd1\xddoQ\x00\xf4\
S\xb5\xf9D\xa95\xa8w\x96\xf4\xf5B\xb1j\xa7\xea\
\x01Y\x22c\x88w\xc9\xbfJ\x5c\xa8\x97\xcb2\xb7\xdf\
\x15\x05\x80\xa49\x80\x93\x0b\x86\xbc\xa4\x9a\x8e\x1d\xfa!\
\x0a\x80\xf68\x94T\x91\x96\xf0\x7f\x92\x96,\x14\xabn\
V'\xef5{mt\xffw\x9d\x7f\x01\xc33\xb6\xbf\
z5*\xbecU\xc7w\x0a\xf9\xd7\xe6\x18k\x14\xf0\
\xd3B\xb1:Z\x14\x00mPm\x13|f\xa1p3\
\x02WI\x9a\xadP\xbc:\xc9\xbd\xcb\xda\xe0\xcc\xed\x87\
\x9a1\xb3\x8f\xc8\xbb\xa8\xd7,\xc0\x02\x19\xdb\xaf\x83\x1f\
\x03[\x14\x8cw\x9a\x99=V0^\xc7\x8a\x02\xa0}\
\x0e\x05JMGY\x088W\xd2\xe4\x85\xe2\xd5E\xee\
\xe9\x7f\xd7en?\xd4S\xee\xf7}\xd9\xcc\xed\xbb\x91\
\xb4\x09pX\xc1\x90C\x81_\x14\x8c\xd7\xd1\xa2\x00h\
\x93j\xe1\x98?\x16\x0c\xb9\x01pt\xc1xu\xb0|\
\xc6\xb6_0\xb3\x173\xb6\x1f\xea\xeb\xd6\xcc\xedwd\
\x01 i)\xe0|\xca,\xf83\xd6\x1f\xcc\xec\xa5\x82\
\xf1:Z\x14\x00\xed\xf5k\xe0\xad\x82\xf1\xf6\x97\xf4\xbf\
\x05\xe3\xb9\x9145\xb0X\xc6\x10\xb7gl;\xd4\xdb\
\xdd\xa49\xfb\xb9t\x5c\x01 iV\xd2\x0c\x8a\x81\x05\
\xc3\xbe\x09\xfc\xb6`\xbc\x8e\x17\x05@\x1b\x99\xd9{\xa4\
\xed/K:R\xd2\xc1\x85czX\x18\xc8\xf9\xc8\xe3\
\xce\x8cm\x87\x1a\xab\x16\xeay0c\x88\x9c3W\x8a\
\xab\x16\xfb\x19L\xde\x82|B\x0e2\xb3\xf7\x0b\xc7\xec\
hQ\x00\xb4\xdf\x99\x94\x7f\x96\xfckI\xfb\x16\x8eY\
\xdaB\x99\xdb\x7f s\xfb\xa1\xder\xbe\xff\x832\xb6\
]\x94\xd2\x16\xd9\x7f\xa7\xfc\x02G7\x00g\x17\x8e\xd9\
\xf1\xa2\x00h33\x13\xb0/\xf97\x1a\xf9TX\xe0\
\x8f\x92J\xed\xbe\xe5aP\xe6\xf6\x1f\xca\xdc~\xa8\xb7\
\x9c\xef\xff,\x92f\xcc\xd8~\x11\x92\xa6\x04.\x06\xd6\
-\x1cz(\xb0g\xf5\xd9\x1a\xda(\x0a\x80\x0c\xcc\xec\
\x09\xe0\xc8\xc2a'\x03N\x96th\xe1\xb8\xa5\x0c\xca\
\xd8\xf6\xebf\xf6f\xc6\xf6C\xfd=\x92\xb9\xfd\xdc=\
XYI\x9a\x0a8\x8f\xfc;qN\xc8/\xcc\xec)\
\x87\xb8\x1d/\x0a\x80|~C\xf9ne\x03~.\xe9\
\xa4\x0e\x9c\x22\x98s.\xf5\xb3\x19\xdb\x0e\xcd\xf0L\xe6\
\xf6\x1b\xbb\x16@\xf5\xcc\xff*`+\x87\xf0\xf7\x93\x96\
[\x0f\x19D\x01\x90\x89\x99\x8d\x00\xbeI\xb9\xb5\x01\xc6\
\xb5\x17p\xa5\xa4\x19\x1cb\xe72{\xc6\xb6\xa3\x00\x08\
/\x92w5\xcf\x9c\xd7o6\x92\xe6\x22=\x7f_\xcf\
!\xfcfm\xec\x17\x00\x00 \x00IDAT\x10\xe0\
\x9b\xd5\x9e\x0d!\x83(\x0022\xb3\xff\x00\x079\x85\
\xdf\x08\xb8E\xd2\xe2N\xf1\xdbm\xd6\x8cm?\x9f\xb1\
\xed\xd0\x00\xd5M\xe6\xe5\x8c!r^\xbfYHZ\x0c\
\xb8\x8d\xfc+pN\xcc\x01\xb1\xe2_^Q\x00df\
f'\x01\x178\x85_\x0e\xb8G\xd2\xf6N\xf1\xdb)\
\xe7\xd2\xc7\xafel;4G\xce\xade\x1bU\x00H\
\xda\x0c\xb8\x03\xbf\xb1\x0b\x17\x9b\xd9\xa9N\xb1\xbbF\x14\
\x00e|\x1b\xf0Z\xbdj\x06\xe0\x1cI\x7f\xaa\x16\xd3\
i\xaaY2\xb6\xfdN\xc6\xb6Cs\xbc\x9d\xb1\xedF\
\xec\xdd!i\x80\xa4_\x00W\x90\xf7wnR^\x00\
\xf6t\x8a\xddU\xa2\x00(\xc0\xcc\xde\x01\xb6\xa6\xec\xd4\
\xc0\xf1}\x1b\xb8[\xd2\xaa\x8e9\xf4I5\xa01g\
\xf1Rr\xf5\xc6P_9\xaf\x83\xe92\xb6\xdd\x16\xd5\
\x06c\x83\x81\x9f\x90\x06\x14{\xf8\x18\xf8\x9a\x99\xbd\xeb\
\x14\xbf\xabD\x01P\x88\x99\xdd\x05x\xcf\xd3_\x06\xb8\
M\xd2\xb1\x92\xa6w\xce\xa57\xa6\xcc\xdc\xfe\x87\x99\xdb\
\x0f\xcd\x90\xf3:\x98*c\xdb\xfd&\xe9+\xa4YK\
\x1bz\xa6\x01\xecff\xf7:\xe6\xd0U\xa2\x00(\xc8\
\xcc\xce&M\x0f\xf44\x19\xb0?\xf0\x88\xa4/;\xe7\
\xd2\xaa\xdc\x1f\x9e9\xf7\x83\x0f\xcd\x91\xf3:\xc8]\xc4\
\xf6\x89\xa4\xd9$\x9d\x03\x5c\x06\xcc\xe3\x9c\xce/\xcd\xec\
|\xe7\x1c\xbaJ\x14\x00\xe5\xfd\x88\xf4|\xcd\xdb\x02\xc0\
\x15\x92\xae\x95\xb4\x92w2=\xc8\xfd\xe1\x99s#\x98\
\xd0\x1c9\x0b\x80\xda\xf5\x00H\xda\x0e\xf8\x0fP\x87A\
\xc2\x97\x02?\xf3N\xa2\xdbD\x01P\x98\x99\x8d!\xad\
\x0fp\x8fw.\x95\x0dHc\x03\xce\xaf\xa6\xfd\xd4Q\
\xee\xedFGen?4C\xce\xf9\xe6\xb5Y\x98K\
\xd2\x17$\xdd\x00\x9cK=\xd6'\xb8\x13\xd8\xb9\xfal\
\x0c\x05E\x01\xe0\xc0\xcc>$-\xa9\xf9\xa8w.\x15\
\x03\xb6%=\x168UR\xdd\xb6/\xcd\xddE?E\
\xe6\xf6C3\xe4\xecir\x7f\xcc$i\x11I\xe7\x93\
\xa6\xf7\xad\xe3\x9dO\xe5a`33\xfb\xc8;\x91n\
\x14\x05\x80\x133{\x8b4\xe0\xe69\xe7T\xc65\x05\
\xb0\x1b\xf0`\xf5h`sIu\xb8Fr\xcf\x9e\xa8\
\xe5\xf3\xd9P\x5c\xcen\xfa\xa1\x19\xdb\x9e\xa4\xea\xc6\x7f\
\x02\xa9\xbb\x7f[\xfcF\xf8\x8f\xef\x19`\xe3j\x96T\
pP\x87\x0f\xf7\xaeef/\x93\x8a\x80:.D\xb3\
\x01p9\xf0\xa8\xa4\x83%y\xaee\x9e\xfb\xc3\xb3v\
\xcfg\x83\x8b\x8e*\x00$\xad-\xe9\x12\xe0\x09\xd2\x0e\
\xa5u*t_\x0164\xb3W\xbc\x13\xe9fQ\x00\
8\xabv\xb9\xaak\x11\x00\xb08i\xe6\xc2s\x92n\
\x91\xf4\x1dIs\x94L\xa0z6\x98s\xa0^\xe3\xb7\
j\x0dm1S\xc6\xb6\x8b\x14\x00\x92\x06J\xfa\x96\xa4\
\xbb\x80\x9bH\x1b\xf8\xd4\xeds\xfeU\xd2\xcd?\xf7\x06\
L\xa1\x07\xb5\x19\x98\xd2\xcd\xcc\xecaI_\x04\xae\x05\
\x16\xf4\xceg\x22\x0cX\xb3z\x1d+\xe9\x83q\xfe\xee\
#\xd2\xa0\xc6\xdb\x81\x1b\xcc\xec\xee\x0c\xf1\x87\x91\xef\x1b\
L#Vi\x0b\xd9\xe5\x5c\xae7\xdbc\xacj\xab\xde\
\xcdH\x83\x8b7'\xef\xa2Y\xfd\xf5,\xe9\xe6\xff\xb4\
w\x22!\x0a\x80\xda0\xb3'%\xadM*\x02\x96\xf0\
\xce\xa7\x07\x03\x80\x99\xc7\xf9\xdf3\x03\xf3Sm\x17*\
\xe9!\xe0\x14\xe0\xf46\x0e\xee\x19\x02\x0clS[\xe3\
k\xd4:\xed!\x9b\x9cK\xdf\x0e\xe9\xcf\x0fK\x9a\x17\
X\x03X\x0dX\x9aOf\xc6\x18\xb0\x12y{/\xda\
\xe5Q\xd2\xcd?\xe7\xa6K\xa1\x17\xa2\x00\xa8\x113{\
\xb1\xea\x09\xb8\x06X\xc1;\x9f~X\x168\x0e8D\
\xd2Af\xd6\x8e\xcd\x90^\x03\xe6nC;\x132W\
\xa6vC\xb3\xe4\xba\xbe\xa0\x0f\x8f\xf8$M\x09lI\
Z\x17\x7f}\xea\xd7\x95\xdf\x1b\xf7\x02\x9bT\x83\x9fC\
M4\xf9\x82\xeaHf\xf6\x06\xb0.p\xb5s*\xed\
0/p\xbe\xa4\xbfI\xea\xefZ\xe89\x07\x0b\xd5\xf5\
\xb1K(\xa4\xda(+g!\xd8\xab\xebW\xd2\xc6\xa4\
)r\x17\x90\xc6\x085\xf9\xb3\xfaJ\xe0Kq\xf3\xaf\
\x9f&_T\x1d\xcb\xcc\xde'=\xcb\xfb\x83w.m\
\xb2%p\xbd\xa49\xfb\xd1F\xce\x02\xc0k\xcb\xd3P\
\x1f\x0b\x92\xf7\xf3\xb0\xa5\xebW\xd2\xb4\x92\xce%}\x01\
\xa8\xeb\xc2\x5c\xbd\xf1;`\xcbj\xed\x93P3Q\x00\
\xd4\x94\x99\x8d6\xb3\x83H\x1b\x08u\xc2R\xb5\xab\x00\
\xd7H\x9a\xa6\x8f?\xffj;\x93\x19\xcf\x22\x19\xdb\x0e\
\xcd\x90\xfb\x1a\xe8\xf1\xfa\x954;\xf0/`\xbb\xcc\xb9\
\x940\x1c\xd8\xd5\xcc~`f\xa3\xbd\x93\x09\x13\x16\x05\
@\xcd\x99\xd9\xa9\xa49\xf9u\x9d&\xd8\x1b\xcb\x03\x7f\
\xee\xe3\xcf\xe6,\x00f\xae\x06Y\x85\xee\x95{\xf5\xcb\
I\xf6\x00H\x9a\x01\xb8\x01h\xdcv\xdd\x13\xf0*\xb0\
\xbe\x99\x9d\xe1\x9dH\x98\xb4(\x00\x1a\xc0\xccn&\xdd\
<;a\x5c\xc0\xce\x92\xbe\xda\x87\x9f{\xb1\xed\x99|\
\xdar\x99\xdb\x0f\xf5\xb6L\xc6\xb6\xdf\x9b\xd4l\x18I\
\x06\x9c\x0e,\x951\x87R\xae\x02\x967\xb3[\xbd\x13\
\x09=\x8b\x02\xa0!\xaa\xc1\x81\x9b\x01\xdf\xa7\xf9\x8f\x04\
\x0e\xef\xc3\x12\xc3\xff\xc9\x92\xc9'\x96\xcf\xdc~\xa8\xb7\
\x9c\x05`O\xd7\xee\x1e\xc0\xd6\x19\xe3\x970\x1c\xf8\x1f\
`s3{\xd3;\x99\xd0\x9a(\x00\x1a\xc4\xccdf\
G\x93\xe6\x03?\xe9\x9dO?,G\x1a\x18\xd8\x1b\xcf\
\xd3\xcf\xb9\xd4=X-c\xdb\xa1\xc6$\x0d$\xcd\xad\
\xcf\xe5\xe1I\xc4\x9e\x0a84c\xec\x12\x1e\x07\xd60\
\xb3c\xccL\xde\xc9\x84\xd6E\x01\xd0@fv/i\
\x9d\x80\xa3h\xeeV\xb6_\xeb\xcd?\xae\x96\x03\xce\xb9\
{\xe2\x9aUWl\xe8>\xab\x93w\xcb\xe9G&\xf1\
w\xbb\x93\x16\xd1j\xa2Q\xa4e\xc2?of\xf7y\
'\x13z/\x0a\x80\x862\xb3\x8f\xcd\xec`\xd2*`\
wy\xe7\xd3\x07\x9b\xf4\xe11\xc0D\xbfI\xb5\xc1l\
t\xc6\xb4\xab\xd0{kfn\x7fR\x05\xc0\xf6\x99c\
\xe7\xf2o`u3\xfb\xa1\x99\xb9\xedt\x18\xfa'\x0a\
\x80\x863\xb3\x07I\x8f\x04\xbe\x07\x8ctN\xa77f\
\xa3\xf7K\x1e\xe7\x1e\x07\xb0A\xe6\xf6C=\xe5~\xdf\
'X\xb8J\x9a\x99\xe6=z\x1aI\xfa\xacY\xd9\xcc\
\xee\xf1N&\xf4O\x14\x00\x0d'i1\xd23\xc4o\
\x03S8\xa7\xd3[\xbd]z\xf5\xfe,Y|b\xd3\
\xcc\xed\x87\x9a\x914\x0b\xf0\x85\x8c!^5\xb3\xd7'\
\xf2wk\xd3\xbc\xe5\xd8\xa7 m-|\x98\xa4N\x98\
\xb5\xd0\xd5\xa2\x00h I\xb3H\xdaK\xd2-\xa4\x01\
8?\x03\x16uN\xab/z\xbb\xf4\xea\x1d\xe4\x1d\xf3\
\xf0\xa5jI\xd8\xd0=6$\xef\xf3\xff[&\xf1w\
M}\xf6\xbf\x08\xf0\x13\xe0\x11I\x8fH:LR,\
\xa6\xd5@Q\x004\x84\xa4\xe9$\xed(\xe9*\xe0u\
\xe0$\xd2\xb3\xcb&\x0f\x5c\xeb\xd5\xaa\x80\xd5\x5c\xea\x9c\
\xbd\x00\xd3\x01\x1bel?\xd4O\xaf\x06\xa3\xf6\xc1\xcd\
\x93\xf8\xbb\xd93\xc7.a)\xd2\x17\x90'%\xdd,\
i\xdfjE\xc3\xd0\x00Q\x00\xd4\x9c\xa4\xc5%\x1dK\
ZI\xec,R7u\xd3\xba\x0d'\xe6\x8d>\xfc\xcc\
\xa4>P\xdba\x9b\xcc\xed\x87\x9a\x904-\xf0\xe5\xcc\
a&u\xbd\xce\x989vI\x06\xac\x05\x9c\x00\xbc$\
\xe9\x1cIk9\xe7\x14z\x10\x05@\x0dI\x9aL\xd2\
\x06\x92. \x0d|\xdb\x1f\x18\xe8\x9cV\x0e}Y\xde\
\xf7\xa6\xb6g\xf1i[\xc4c\x80\xae\xb19\xa9\xd7'\
\x97\xf7\x81\x87&\xf1\xf7\x9d\xba;\xde\x94\xa4\xd9\x0d7\
KzT\xd2\x01m\xd8\x0d4d\x10\x05@\x8dH\x9a\
Q\xd2\x81\xa4\xe7\xfa\xd7\x92\xbe\x8d\xe6|>\xe9i\x14\
\xf0T\x1f~\xeeV \xe7b#\x03\x81\xad2\xb6\x1f\
\xeac\x97\xcc\xed\xdf\xd6\xc3F8\x13\x1b\x1c\xd8I\x96\
\x04\x8e!\xf5\x0a\xfc\xbe\x1a\xb4\x1cj\x22\x0a\x80\x1a\x90\
4H\xd2\x09\xc0K\xa4-\x80\x9b8\xa0\xaf\xb7\xee0\
\xb3\xf7z\xfbC\xd5\x9e\xe2\xb9\xa7\x1f\xed\x99\xb9\xfd\xe0\
L\xd2|\xc0\xc6\x99\xc3\x0c\xee\xe1\xef\x9f\xc9\x1c\xbfN\
f\x22-\x15\xfc\x98\xa4\xab%\xc5\x94\xdb\x1a\x88\x02\xc0\
Qu\xe3?\x05x\x824\xb5fz\xe7\x94J\xba\xaa\
\x1f?\xfb\xf7\xb6e1a\xeb\xc67\x95\x8e\xb7+\xf9\
{\xd7.\xeb\xe1\xefo\x05&\xbaIP\x87\x9a\x8cT\
x]+\xe96I\x9bx'\xd4\xcd\xa2\x00p i\
\xc1j`\xdfc\xa4\x8d@\x9a6\x7f\xbf\xbf\x86\x00\xa7\
\xf5\xe3\xe7s\x17\x00\x06|7s\x8c\xe0D\xd2\x94\xc0\
>\x99\xc3\xdcof\xcfO\xea\x1f\x98\xd9p\xe0_\x99\
\xf3\xa8\xb3\xd5\x81\xc1\x92\xfe-i\x9bX\x8a\xbb\xbc(\
\x00\x0a\x1a\xe7\xc6\xff8i`\xdfT\xce)y9~\
\x12\x8b\xa3\xf4\xc8\xcc\x1e&\xfffH{H\x9a5s\
\x8c\xe0c\x07`\x9e\xcc1Z-R\xff/k\x16\xcd\
\xb0<p\x01\x10\x85@aQ\x00\x14 i^I\xff\
G\xbaiu\xf3\x8d\x1f\xe0E\xe0\xb7mh\xe7\x8a6\
\xb41)\xd3\x02{e\x8e\x11\x0a\xabn.\x07\x15\x08\
\xd5R\x01`f\x97\xd3\xcc\xbd<rX\x8eT\x08\xdc\
/\xe9+\xde\xc9t\x83(\x002\x924\xb5\xa4\x1f\x93\
\xbe\xf1\xefN\xf7u\xf5\x8fo8\xf0u3{\xa7\x0d\
m]\xdc\x866z\xf2?\x92\xbai\x5cF7\xd8\x1a\
X&s\x8c\xa7\xcd\xec\xdf\xbd\xf8\xf7\x07\x03\x93\x9a-\
\xd0m\x96\x07.\x93\xf4\x0fI\xb9\xdf\xab\xae\x16\x05@\
&\x92\xbeN\xda\xbe\xf6\x08\xf2\xce5n\x8aQ\xc0\x1e\
f\xd6\x96o;fv+i\x0cEN\xb3\x93zl\
B\x07\xa8v\x9f<\xb4@\xa83z\xf3\x8f\xcd\xecF\
\xd2jz\xe1\xd36$\xf5\x06\xfcI\xd2l\xde\xc9t\
\xa2(\x00\xdaL\xd2\xf2\x92\xae\x07.\x04\x069\xa7S\
\x17\x1f\x02\x9b\x9b\xd9_\xdb\xdc\xee\x19mnoB\xbe\
_\xed\xda\x16\x9ao{R7sN\xa3\x813\xfb\xf0\
sG\x92\xba\xbf\xc3\xa7MN\xda\xe8\xec\x09I\x07J\
\xea\xf6^\xd4\xb6\x8a\x02\xa0M$\xcd.\xe9$\xe0^\
`]\xe7t\xea\xe4&`53\xbb&C\xdbg\x92\
ws \x80\x99\x89og\x8d'i\x1a\xe0\x97\x05B\
]kf/\xf6\xf6\x87\xccL\xc07\x81\xe3\xdb\x9fR\
G\x98\x99\xb4F\xcaC\x926\xf7N\xa6SD\x01\xd0\
\x06\x92v$uG\xefE\xe7\xae\xdc\xd7[O\x90V\
Z[\xd7\xcc\xfe\x93#\x80\x99\xbd\x06\x5c\x9d\xa3\xed\xf1\
|G\xd2\xd2\x05\xe2\x84|~\x08,X \xce\xe9}\
\xfdA3\x1bmf\xfb\x01{\x03\xbd^$\xabK,\
\x01\x5c.\xe9bI\xbd\xddM4\x8c'\xa6[\xf4\x83\
\xa4yH\xbb\xf2EE\x9a\xbc\x08\x5cO\x9a\xe3\x7fS\
\xf5\xad&+I_\x05.\xcd\x1d\x07\xf8\x87\x99\xe5^\
9.d ia\xd2\x9a\xfc\xd3f\x0e\xf560o\
5\xbf\xbf_$\xcd\x09\xfc\x864e\xb1S6\xffj\
\xb7w\x80\x03\xcd\xec,\xefD\x9a*\x0a\x80>\x92\xb4\
+\xf0{\xd2\x12\x97\xddd\x14\xe9F\xff\xcc8\xaf'\
\x81;\xcd\xec\xa5\xd2\xc9H\x1a@\x1alYb\xe5\xbe\
]\xcc\xec/\x05\xe2\x846\x92t\x0de\xb6y\xfe\xb9\
\x99\xb5\xf5qQ\xf5%cW`'\xd2\xb7\xdf\xf0Y\
W\x02{\x9b\xd9\xcb\xde\x894M\x14\x00\xbd$i\x01\
\xe0d\xf2\xaf#^\x07/\x03\xf7\x01\x8f\x90\xbeA\xfd\
\x07x\xb4\x1d\xdfp\xdaI\xd2>\xc0\x89\x05B\xbd\x0d\
,ef}\xd9\xc688\x90\xb43}\x1b\x94\xd7[\
C\x81A9\xaf\x8d\xaaW`5`\x15`\x11`\xe1\
\xea\x15#\xe4\xd3\xce\x8b\xdf\x03N+\xd1\xf3\xd8)\xa2\
\x00hQ\xb5\x80\xc8\x9e\xc0Qt\xe6\xd6\xbcC\x80\xdb\
\x81;\x81\xbb\x81\xbb\xcd\xec\x15\xdf\x94ZSm\xdf\xfb\
,P\xe2\x99\xe0\xdf\xcd\xec\xab\x05\xe2\x84~\xaa6\xfc\
y\x00\x98\xa5@\xb8?\x99\xd9w\x0a\xc4\xf9\x0cI\x03\
I\xbd\x03\xcb\x00K\x01\xcbV\xff=\xafG>\xce\xae\
\x05\xf6\xeci\x19\xe6\x90D\x01\xd0\x02I3\x91\x9ek\
w\xd26\xb1C\x81\x9b\x81\x1b\xab\xd7]f6\xd27\
\xa5\xbe\x93t(\xf0\xf3B\xe1\xf66\xb3\x93\x0b\xc5\x0a\
}P\xcd\xf9\xbf\x16X\xaf@\xb8\xd1\xc0\x92f\xd6\x97\
\xed\xad\xb3\xa9\x06\xc9\xad2\xcekU\xd2h\xfaN\xf7\
.\xb0\xab\x99\xe5\xde3\xa4\xf1\xa2\x00\xe8\x81\xa4\x95I\
\xf3s\x17\xf2\xce\xa5\x0d\x9e$mQ:\x18\xb8\xd1\xcc\
\x86:\xe7\xd36\x92f\x01\x9e\xa7\xcc\x8e\x8aC\x80/\
\xe4\x9a\xdd\x10\xfa\xafZ\x81\xf3\x88B\xe1.4\xb3m\
\x0b\xc5\xea\xb3\xaa(Z\x0eX\x874Uym\xa0S\
\xf7\xbb\x10p\x0cpH\x93\xbf\xd8\xe4\x16\x05\xc0$H\
\xda\x8f\xd4\xe5\xdf\xe4\xb5\xfb\xef%-\x9b{\xb1\x99=\
\xe1\x9dLN\x92~N\x99\x95\xde Ms\xfc\x82\x99\
\xbd_(^h\x91\xa4\xf5\x81k(3%w4\xb0\
\xbc\x99=R V[U\x05\xc1\xca\xc0\xa6\xd5k\x15\
:oj\xf8\x1d\xc0v\xf1H`\xc2\xa2\x00\x98\x00I\
3\x02\xa7\x92\xd6\x0do\xa2\x07\x81\xbf\x02\x17\x99\xd9\xb3\
\xde\xc9\x94R=\x0b}\x8a\xb4\x84o\x09\x97\x02[\xc7\
\xa0\xa3\xfa\x90\xb4 p\x0f\xe5\x06\xc6\x9djf{\x14\
\x8a\x95U\xb5\xdc\xee\xe6\xc0\xd7H\xb3&\x9a\xfc\xc5g\
\x5c\xef\x00\xdf\xaa6^\x0aa\xe2$\xad(\xe9)5\
\xcf+\x92\x8e\x96\xb4\xbc\xf79\xf4$i\xbf\xc2\xe7\xbd\
T7s\xe8\x81\xa4\x19\x94\xf6\x96/\xe5cI\xf3{\
\x1fw\x0e\x92\x06J\xda^\xd2\xa5\x92\x86\x17<\xa7\xb9\
\x8c\x91t\x94b)\xe101\x92v\x904\xcc\xf7:\
\xed\x95\xd1\x92\xae\x91\xb4\x95\xa4X,\x04\x904\x85\xa4\
'\x0b\xbf\x0f\xfbx\x1fw\xb7\x934\xb9\xa4\xab\x0b\xbf\
\xefGz\x1fw\x09\x92f\x91\xb4\xaf\xa4\xdb\x0a\x9f\xdf\
\x1cnP\x1a/\x14B\x22\xc9$\xfdL\xa9Jl\x82\
w\x94\xaa\xd9E\xbd\xcf]\x1dI\xfaF\xe1\xf7c\x84\
\xa4\xcd\xbc\x8f\xbb[)\xfd\xfe\x9e^\xf8=\x7fKi\
vPW\x91\xb4\x84RO\xe3\xdb\x85\xcfw;=\xae\
\xf8\xec\x0c\x00\x92\xa6\x92t\x96\xf3\x05\xd9\xaa\xa7%\xed\
\xaf\xd8\xa3\xbeG\x92\xae-\xfc\xde|,\xe9K\xde\xc7\
\xdd\x8d$\xfd\xae\xf0{-I\xbb{\x1f\xb7'IS\
K\xdaY\xd2\xed\x0e\xe7\xbe\x1d\xde\x94\xb4\xa6\xf7y\x0c\
\x8e$\xcd*\xe9&\xe7\x0b\xb1\x15\xf7J\xfa\xba\xd2\xb2\
\xb7\xa1\x05\x92\x16\x934\xb4\xf0\xfb\xf4\xa1\xa4\xb5\xbc\x8f\
\xbd\x9bH\xfau\xe1\xf7X\x92nTZ\x18,\x00\x92\
V\x97t\x91\xa4Q\x0e\xefE\x7f\x0c\x93\xb4\xbd\xf7\xf9\
\x0b\x0e$-\xae\xf2\xcf\x8a{\xebnI_Q|\xd8\
\xf4\x89\xa4C\x1d\xde\xb3a\x92\x9a:{\xa41\x94\xba\
\xfd\x7f\xef\xf0\xfe\x0e\x97\xf49\xef\xe3\xaf#I\x0bK\
\xfa\xa3RoXS\x8c\x91\xf4\x13\xefs\x17\x0a\x92\xf4\
E\xd5\xfb\x19\xd6\xbf%m\xae\xb8\xf1\xf7\x8b\xa4)%\
=\xe2\xf0\xfe\x8d\x94\xb4\x9b\xf7\xf1w*\xa5\x01\x7f\xa7\
:\xbc\xaf\x92t\x98\xf7\xf1\xd7\x9d\xa4\xb9%\xfdA\xd2\
\x10\xa7\xf7\xa8/NW\xcc\x10\xe8|\x926Q}+\
\xd4\xe7\x94\x9e\xabu\xdab\x1cn$\xad)\x9f\xae\xc9\
1\x92~\xe8}\xfc\x9dFi\xaa\xdfU\x0e\xef\xa7\x94\
\x8a\xc9N\x99\x1b\x9f\x9d\xa49\x95\x06\x0c\x96~\x14\xd7\
W\x97J\x9a\xd2\xfb\xbc\x85L\x94\xba\xd3\xeb8\xcd\xef\
}I\xdfW\xda\xd4&\xb4\x99\xa4_8\xbe\xb7\xc7(\
\xc6n\xb4\x85\xa4\xf9$\xdd\xef\xf4>\x0eU\x97\xaf\xb1\
\xd1W\x92\x16\x90t\x86\xd2\xb4\xe5\xba\xbb\x5cQ\xe4u\
\x1eI[\xab~\x0bZ\x8c\x91t\xa6\xd2\xa6\x1d!\x13\
\xa5.\xe3[\x1d\xdf\xe7\xeb\x95\xb6r\x0d}\xa4\xf4\xd8\
\xeeU\xc7\xf7p\x7f\xefs\xd0t\x92\x96S\xf9\xb5\x1a\
\xfab\xb0\xa4i\xbc\xcfWh\x13I\xdb)=\x97\xad\
\x93\xfb$\xad\xe1}n\xba\x85\xa4\x85$\xbd\xe7\xf8~\
?'i\x15\xef\xf3\xd04J\x83\xfd\xbe/\xdf\xdf\xdf\
+\x14\xe3q\xdaF\xd2\x96JS\x9a\xeb\xecZI\xd3\
z\x9f\xab\xd0OJ\xcf\xd4\xeb4=\xe5cI\x07+\
V\xee+N\xd26\xce\xef\xfdHI\x87)\x1e\x09\xb4\
D\xd2\x1cJ7_O\xaf+z\xe8\xdaNi\x1d\x81\
\x9f\xaa\xbe\xe3\xb1\xa4\xd4s\x17k\xae4\x95\xa4=T\
\xaf\xe7N\xffR\xac@\xe5J\xd2\x09\xde\x17\x81\xd2r\
\xa4\x8bx\x9f\x8b:SZ\xf7\xe2\x0d\xe7\xf7i\x84\xa4\
/z\x9f\x8bN&i\x11I\xd79\xbf\xcf\x93r\xb3\
\xa4\x19\xbc\xcfS\xe8%\xa5\xe5`\xebr\xf3\x1f\xa2\xb4\
\x96vt#:S\x1a\x0fP\x87\x0f\x9c\x8f\x95z\x03\
b\xea\xd18\x94\xa6\x90]\xe8\xfb\xd6\xfc\xd7\xde\xde\xe7\
\xa3\x1b(=\xe6\xd9]i\x89\xf3:\xbaV1;\xa0\
9$\xad\xaf\xfa\x8c\xf6\xbf[\xd2\x12\xde\xe7$|B\
i\x05\xc8\xba\xec\xf8x\xbf\xe2[\xe6\xd85\x1b\xbe\xaf\
4#\xa6\x0e\xfe\xe8}N\xba\x8dR\xf1w\xa5\xf7\x1b\
?\x11\x7fU|\x81\xab?\xa5\xed|\xeb\xf0!2Z\
\xd2\x11\x8aox\xb5$ii\xd5\xe3:\x19\xeb\x02I\
\x0b{\x9f\x17\x0fJ\x83\xc2\x9ep>\xff\xe3\xbaV1\
F\xc7\x85Ro\xc0>\x92>\xf2\xbd\x04&\xe8(\xef\
\xf3\x13&A\xe9y\xd2k\xdeW\x89\xd2\xc0\xa1\x0d\xbd\
\xcfG\x984I\x9b)=\xe7\xad\x8b\x11\x92\xfe\xac\x0e\
\xddc~|\x926\x92t\x87\xef)\xff\x8cG\x14\xdb\
\xc5\xbaSZ\xaa\xfdN\xe7kaB\x0e\xf4>7a\
\x02$\xcd\xae\xb4\xcd\xa3\xb7\x1b%\xcd\xe3}>Bk\
$}S\xf5\x19+2\xd60I'KZ\xd2\xfb\xfc\
\xb4\x9b\xa4\xc9$m%\xdfu\x19&\xe6YI\xf3z\
\x9f\xa3\x90(\x8d\xd7\xf9\xb5\xea\xb5M\xfb\x18I;y\
\x9f\x9b0\x0eI\x03\x95v\xcc\xf3\xf6{E\xd7a\xe3\
(u9\xd6\xd1\x18\xa5\x95\xc96U\xc3\x97\x87\x964\
\xb3\xa4\xfdT\xaf\xae\xfeq\xbd\xaa\x98\xa1SKJ\x05\
\xe3\xbb\xce\xd7\xc7\xb8\x86)\xb6\xfe\xae\x07\xa5o\x14\x83\
kpA\xec\xea}.B\xdfI\xfa_\xe7k\xa8'\
\xcfK\xfa\x99\x1at\x93\x924@\xd2\x06J\x03\xa8\xea\
\xbc\x1e\xfc;\x92\x96\xf3>_a\xe2\x94v\x1a|\xc0\
\xf9:\x19\xd7{\x92\x16\xf7>/]O\xd2/\x9d/\
\x84\xd7\x14+\xfau\x84\x1a\x5cK\xad\xbaW\xd2!\xaa\
\xe1\xb6\xb4\x92\xa6R\x9a\x85\xf3'\xa5\xb10u\xf7\x9e\
\xa4\xd5\xbd\xcf[\xe8\x99\xa4\xe9%]\xec|\xbd\x8c\xeb\
!I\xd3y\x9f\x97\xfeh\xf4\xb4\x06I[\x02\x97\xe2\
w\x1cO\x01\x9b\x9a\xd9SN\xf1C\x9b)\xed\xe0\xf7\
+\xef<z\xe1y\xe0j\xe0z\xe0\x163{\xb9d\
p\xa5U\x0d\x97\x05\xd6\x066\x04\xd6\x03\x9a\xf2\xa1\xf8\
&\xb0\x89\x99\xdd\xe7\x9dHh\x8d\xd2T\xbc\x83\x81#\
\x81:<\x16;\xcf\xcc\xb6\xf7N\xa2\xaf\x1a[\x00(\
u\xbf\xdc\x05\xcc\xe8\x94\xc2\x1d\xc0W\xcc\xec-\xa7\xf8\
!\x13I\xfb\x02\x7f\xa4\x1e\x1f0\xbd\xf5<p'\xf0\
 \xf0p\xf5z\xc1\xccF\xf6\xb7aI\x03\x81EI\
7\xfce\x80\x15\x80U\x81&\xae\x94\xf6\x12\xb0\x91\x99\
=\xea\x9dH\xe8=I[\x03\x7f\x05\xea\xb0\x83\xea\x01\
fv\x9cw\x12}\xd1\xc8\x02@ii\xc6;\x01\xaf\
.\xd0\x8b\x81\x1d\xcdl\x98S\xfc\x90\x99\xd2H\xdf\xd3\
\x80N\x18\xd49\x1ax\x99T\x1c\xbcY\xbd\xde\x06>\
\xa8\xfe\xfe\xdd\xea\xcf)I\xdf\xde\x07\x00\xb3\x8e\xf3\x9a\
\x1bX\x08\xe8\x94\xe9qO\x01\x1b\x9a\xd9s\xde\x89\x84\
\xbeS\x1a\x88w\x090\x93s*#\x81/\x99\xd9\xad\
\xcey\xf4Z\xe3\x0a\x80\xaa\x0b\xe8\x22\xe0kN)\x9c\
\x01\xecaf\xa3\x9d\xe2\x87B$m\x0e\x9cC3\xbf\
\xe1\x86\x09\xbb\x0b\xd8\xd2\xcc^\xf3N$\xf4\x9f\xa4e\
\x80\xc1\xc0|\xce\xa9\xbc\x02\xachf\xaf;\xe7\xd1+\
M\xec\xe2<\x04\xbf\x9b\xff\x09\xc0nq\xf3\xef\x0ef\
v\x05\xb0\x06\xf0\xacw.\xa1-. }S\x8b\x9b\
\x7f\x870\xb3\x87I\xe3O\x9evNe\x1e\xe0|5\
l\x1ax\xa3\x0a\x00I\xab\x02\xbfp\x0a\xff;3\xfb\
\xae\x99\xc9)~pP}\xc0\xacB\x1ad\x17\x9aI\
\xc0o\x80\xed\xcc\xecc\xefdB{U\x8fr\xbe\x08\
\xfc\xc79\x95u\x80\xffu\xce\xa1W\x1a\xf3\x08@\xd2\
\xb4\xc0\xfd\x80\xc7\xdc\xcbc\xcc\xec\x7f\x1c\xe2\x86\x9aP\
\xda\x0d\xec\x04`\x0f\xef\x5cB\xaf|\x04\xecbf\x97\
x'\x12\xf2\x924\x1b\xf0\x0f\xe0\xf3\x8ei\x8c\x00V\
5\xb3\x7f;\xe6\xd0\xb2&\xf5\x00\xfc\x06\x9f\x9b\xff\xa9\
\xc0A\x0eqC\x8d\x98\xd9\x083\xdb\x13\xd8\x16x\xcf\
;\x9f\xd0\x92\xfb\x80\x95\xe2\xe6\xdf\x1d\xaa\x19Y\xeb\x91\
\xdew/S\x02gK\xaa\xc3\xec\x84\x1e5\xa2\x00\x90\
\xb4\x01\xf0\x1d\x87\xd0\xa7\x03{F\xb7\x7f\x18\xcb\xcc.\
$}\xc3\xb8\xdd;\x970Q\x02\x8e\x03\xd60\xb3'\
\xbc\x93\x09\xe5\x98\xd9{\xc0\xa6\x80\xe7\xf4\xce\xa5\x80\x9f\
8\xc6oY\xed\x1f\x01H\x9a\x894\xa7\xb9\xf4\x0ei\
W\x00[\x99\xd9\xa8\xc2qC\x03T\x83}~\x02\x1c\
JC\x0a\xe9.\xf1&i\xa0\xee\x15\xde\x89\x04?J\
\x1b\xb2\xddHZ\xb7\xc2\xc3(R\x01z\xb7S\xfc\x96\
4\xa1\x00\xf8\x0bPz\xf7\xa5\xbbI\xa3\x85\x87\x14\x8e\
\x1b\x1aF\xd2\xba\xc0I\xf8<\x9e\x0a\x9fv>iQ\
\x96FM\xc5\x0ayHZ\x08\xb8\x0d\x98\xcb)\x85\xc7\
HS\x03\x87:\xc5\xefQ\xad\xbf\xb9H\xda\x8a\xf27\
\xff'\x81\xcd\xe2\xe6\x1fZaf7\x00\xcb\x03\x87\x93\
\x06\x00\x85\xf2^\x01\xb66\xb3\xed\xe2\xe6\x1f\xc62\xb3\
g\x81/\x03\x1f:\xa5\xb0$\xe9s\xa1\xb6j\xdb\x03\
Pu\xfd?J\xd9\xea\xed]`\xb5xn\x18\xfa\xa2\
Z\x94\xe4\x14`5\xef\x5c\xba\x84H\xe7\xfb\xfbf\xe6\
\xf5!\x1fjN\xd2\x86\xc0\x95\xc0\x14\x0e\xe1G\x93\x06\
\xa2>\xe0\x10\xbbGu\xee\x01\xf8%eo\xfe\xa3I\
\xcb\xfb\xc6\xcd?\xf4\x9a\xa4YI\x0b\x92\x8c\xf1\xce\xa5\
\x8b\x0c\x07\xa6\x07\xd6\xa9\xa6i\x86\xf0\x19fv-\xb0\
\xb7S\xf8\x01\xc0\xf1\xd5\x0a\xb6\xb5S\xcb\xa4$\xadL\
\xdalg@\xc1\xb0\xfb\x99\xd9\xf1\x05\xe3\x85\x86\xab\xa6\
\xfalHzL\xb5%i\x0aP\xf0\xf1\x1ep9p\
!08\x06\xef\x86\xf1I:\x16\xd8\xdf)\xfc6f\
v\x91S\xec\x89\xaa]\x01 i2\xd2F?+\x17\
\x0c{\xa6\x99}\xab`\xbc\xd0P\xd5\xf5\xb9\x06\xe9\xa6\
\xbf\x1d0\xd07\xa30\x01/\x936\xec\xba\x10\xb85\
\xa6\xf1\x06\xf8\xef\xcc\x9d+\x81\x8d\x1c\xc2?\x07|\xae\
n\x1b\xc8\xd5\xb1\x00\xf8\x16i\xfe})\x0f\x93Vn\
\x8a%B\xc3DI\x9a\x93\xd4\x8d\xb8\x170\xafs:\
\xa1u\x8f\x01'\x92\x8a\xfc\xf7\xbd\x93\x09\xbe$\xcd\x0c\
\xdcK\xda\xdd\xb2\xb4C\xcd\xec\x08\x87\xb8\x13U\xab\x02\
@\xd24\xc0\xe3\x94\x9b\xf3\xff\x11\xf0\x85\xd8\x13<L\
\x8c\xa4\x95H7\xfd\x9d\x80i\x9c\xd3\x09}7\x8c\xd4\
#\xf0;3{\xd0;\x99\xe0G\xd2\xf2\xa4\x85\xbcJ\
\xff>\x7fL\xea\x05x\xa1p\xdc\x89\xaa\xdb \xc0C\
(\xbb\xe0\xcf\xb7\xe3\xe6\x1f\xc6'iJI\xdbH\xba\
\x05\xb8\x87T\x00\xc4\xcd\xbf\xd9\xa6&\x15q\x0fH\xba\
G\xd2\xce\x92<F\x85\x07g\xd5\x88\xfc\xef;\x84\x9e\
\x168\xd2!\xeeD\xd5\xa6\x07@\xd2\xdc\xa49\xf8\xd3\
\x15\x0ay\xbe\x99mW(Vh\x00Is\x00\xdf%\
\xdd\xf0\xe7tN'\xe4\xf7\x0ai\x11\xa7\x13\xcd\xecM\
\xefdBY\x92\xce'\xed\xedQ4,i\xaa\xf9]\
\x85\xe3NP\x9d\x0a\x80\xe3)\xb7\xde\xff\xcb\xc0rf\
\xf6N\xa1x\xa1\xc6\xaa]\xc4\xbe\x0b\xfc\x0f1\xa8\xaf\
\x1b\x0d!m\xfa\xf5\x1b3{\xc5;\x99PF\xb5\xd6\
\xcc\x03\xc0\x02\x85C_cf\x9b\x14\x8e9A\xb5(\
\x00$\x0d\x22=\xfb/1\x8dJ\xc0Ff\xf6\xcf\x02\
\xb1B\x8dI\x9a\x1d\xf8\x1e\xb0\x1f\xa9{.t\xb7\xe1\
\xc0\x99\xc0\xcf\xcd\xece\xefdB~\x92\xd6'm!\
\x5c\xfaq\xf8\xdafvK\xe1\x98\x9fQ\x971\x00?\
\xa3\xdc\x1c\xea\xd3\xe2\xe6\xdf\xdd$\xcd.\xe9\xd7\xa4\xa9\
9\x87\x107\xff\x90LEz\xfc\xf3\x8c\xa4\x93$\xcd\
\xe7\x9dP\xc8\xcb\xcc\xae\x03\x8eu\x08\xfds\x87\x98\x9f\
\xe1\xde\x03 iQ\xd2T\x9d\x12\x8b\xfe\xbc\x06,e\
f\xef\x16\x88\x15j\xa6\xfa\xc6\xff\xbf\xc0>\xc4\xa0\xbe\
\xd0\xb3\xe1\xa4G\x03\xbf\x8cG\x03\x9d\xab\x9a}\xf6 \
\xe5w\x0e\xfc\xa2\x99\xdd\x5c8\xe6\xa7\xd4\xa1\x07\xe0`\
\xca\xad\xf8\xb7\x7f\xdc\xfc\xbb\x8f\xa4)$\x1d\x00<A\
z\xce\x1f7\xff\xd0\x8a\xa9\x80}\x81'%\x1dV\xdd\
(B\x87\xa9v\xeb\xdb\x83\xf4x\xb8\xa4C\x0a\xc7\xfb\
\x0c\xd7\x1e\x80j\xcf\xe6gH\xbfh\xb9]ef_\
.\x10'\xd4\x88\xa4\x0d\x80c\x80\xa5\xbds\x09\x8d\xf7\
\x12\xf0c\xe0\xacX]\xb0\xf3H\xfa?`\xf7\x92!\
I\x83\xd1\x1f.\x18\xf3S\xbc{\x00\x0e\xa2\xcc\xcd\x7f\
\x04\xe9\x9b_\xe8\x12\x92\x16\x97t9p-q\xf3\x0f\
\xed1\x1fi\x90\xe0\x1d\x92b\xc7\xc7\xce\xf3\x03\xe0\x8d\
\x82\xf1\x8c\xd4\x03\xee\xc6\xad\x00\x904\x03\xb0g\xa1p\
\x7f\x88]\xfe\xba\x83\xa4\x99\xaa\x01~\x0f\x02\x9b{\xe7\
\x13:\xd2\x17\x80\xdb$\xfdER\xc9\x1dKCF\xd5\
\xe3\xe1\x1f\x17\x0e\xbb\x9d$\xb7\xa5\xc5={\x00v\xa5\
\xcc\x9c\xebWI[\x0b\x87\x0e'i;\xd2s\xfeC\
(\xd3\xb3\x14\xba\x97\x91V\x16|\x5c\xd2\xb7\xeb\xba\xdd\
k\xe8\xb5\xd3H{\x05\x942\x05i\xe6\x89\x0b\x97\x8b\
\xb6\xdaQ\xed1`\xb1\x02\xe1\xbemf\x7f.\x10'\
8\xa9\xbe\x85\x9d\x08|\xd5;\x97\x1ay\x13x\x9d\xd4\
\xa5\xf9~\xf5z\xaf\xfas(0\x92\xb4\x17\xc6X#\
\xf8d*\xae\x013U\xff=c\xf5\x9ai\x9c\xff\x9e\
\x93\xb4!RL\x9f\xfc\xc4\xf5\xc0\x1ef\xf6\x8cw\x22\
\xa1\x7f$\xad\x09\xdcL\xb9\xfb\xe3k\xc0\x82f6\xa2\
P\xbc\xff\xf2*\x00\xbe\x0c\x5cQ \xd4S\xa4i\x7f\
#\x0b\xc4\x0a\x0e$\xedD\x1a\xe47\x8bw.\x85\xbd\
JZ:\xfb\xa9q^/\x91V\xb9|\xad\xc4\x87\x89\
\xa4\x81\xa4B`.\xd2\xeej\x8b\x8e\xf7\x9a!w\x0e\
53\x844\xcd\xf4\x043\x1b\xe3\x9dL\xe8;I\x17\
\x01[\x17\x0c\xb9\x83\x99\x9dS0\x1e\xe0W\x00\x5cN\
\x99\xe7\xb3\xdb\x9b\xd9y\x05\xe2\x84\xc2\xaa\xe7f'\x01\
\x9d>\xb3\xe3#\xe0!\xd2\x98\x86\x07\xaa?\x1f2\xb3\
\x0f\x5c\xb3j\x81\xa4\x05\x80\xe5\x80e\x81\x15\xaa?\x97\
\xc0\x7f\xf0qn7\x01\xbb\x9b\xd9S\xde\x89\x84\xbe\x91\
\xb48\xf0\x080y\xa1\x907\x9a\xd9\xba\x85b\xfdW\
\xf1\x02\xa0\x9a\xfa\xf7<\xf9O\xec\x83\xc0\xe7\xa3\x12\xef\
<\x92\xb6\x01\xfeLg~\xeb\x7f\x15\xb8\x05\xb8\x95\xf4\
,\xf2.\x8f\xae\xc1\x5c$MO*\x06\xd6\x04\xd6\x02\
V\x07fuM*\x8f\xa1\xc0\xe1\xa4\xed\x87G{'\
\x13z\xaf\xf0\xb4@\x01\x8b\x97.\x1a=\x0a\x80\xff\xa5\
\xcc\x96\x88\xf1\xed\xbf\xc3T]\xce\xff\x07l\xe3\x9dK\
\x1b\xbdN\xfa\xc6\xf8O\xe0\xea:\xed\x15^\x8a\xa4\x85\
\x81\x0d\xaa\xd7\xc6t\xd6\x86L7\x92>\x8b^\xf5N\
$\xf4\x8e\xa4\xf9I\x8f\xd9J\x0d(\xfe\xa5\x99\xfd\xa4\
P,\xa0p\x01P\x8d\x94}\x9c\xfc\x83\xff\x9e\x04>\
\x17\x95w\xe7\x90\xf4\x05\xe0|`\x90s*\xfd5\x9a\
\xf4\xed\xfe\xef\xc0`3{\xd49\x9fZ\x914\x15\xa9\
w`s`K`a\xdf\x8c\xda\xe2U\xe0\x9bfv\
\x83w\x22\xa1w$\x9dD\xb9Q\xfa/\x02\x0b\x95\xbc\
o\x95.\x00\xd6 }\xf8\xe5\xb6\x87\x99\x9dZ N\
\xc8\xac*\x1a\xf7\x07~K\xb9\x0d\xa3\xdam\x18p5\
\xe9\xa6\x7f\x85\x99\xbd\xe5\x9cOcHZ\x16\xd8\x02\xd8\
\x0aX\xc99\x9d\xfe\x18\x0d\xfc\x14\xf8U\xac\x22\xd8\x1c\
U\xef\xd4\xe3\x94\x1b\x0b\xb0\x9e\x99]_(VY\x92\
\x8eS~\xafJj\xea\x8d\x22\x8cC\xd2@I\xe7\x17\
\xb8fr\x18-\xe9\x16I{)=\xba\x08\xfd$i\
\x90\xa4C$=\xe6\xf9\xc6\xf6\xd3?%\xcd\xe9}.\
C\xeb$\x9d]\xf0\xfa(:e\xbdX\x0f\x80\xa4\x01\
\xa4iJ\xb9W\xce:\xdc\xcc\x0e\xcb\x1c#d&i\
eR\x97\x7f\xd3\xba\x80\x1f\x22\x8dS8\xdf\xcc^\xf7\
N\xa6SIZ\x09\xd8\x05\xd8\x11\x98\xd99\x9d\xdez\
\x11\xf8\x86\x99\xdd\xee\x9dH\xe8\x99\xa4\xe5H3pJ\
x\x0b\x98\xa7\xe3\xa6\xaeK\xda\xa0@\xf54B\xd2\xdc\
\xde\xc7\x1a\xfaG\xd2\xee\x92\x86\x15\xb8^\xda\xe5#I\
\xa7)\xd6\x87/N\xd24\x92v\x92t\x93\xeb\x15\xd0\
{#$\xed\xe3}\xfeBk$]_\xf0\xda\xd8\xc4\
\xfbx\xdbN\xd2\x89\x05N\x5c\xf1\x85\x14B\xfbH\x9a\
L\xd2\xaf\x0b\x5c'\xed\xf2\xb4\xa4\x03$\xcd\xe8}\xee\
\x02HZJ\xd2\x9f%\x0dq\xbd*z\xe7\xb7J+\
\xa3\x86\x1a\x93\xf4\xb5\x82\xd7\xc4I\xa5\x8e\xab\xc8#\x00\
\xa5\x81\x5c/\x92V\x0d\xcb\xe9K1\xd2\xb6\x99$M\
MZ\x87{{\xef\x5cZp/p\x1cp\x8e\x99\x8d\
\xf2N&|\x9aRA\xf6-\xe0{\xc0\xfc\xbe\xd9\xb4\
\xe4\x12`\xc7j_\xfaPC\x92&\x07\x9e\x06\x16(\
\x10\xee\x15`\xbe\x8e\x19,*i\xa5\x02U\xd3\xd3\x8a\
\x0d9\x1aI\xd2\x5c\x92\xee,p\x8d\xf4\xc7\x18I\x97\
IZ\xc5\xfb|\x85\xd6H\x9aR\xd2n\x92\x9er\xbd\
rZs\xab\xa4\xd9\xbc\xcfY\x988I?)x=\
\xac\x5c\xe2\x98Ju=mY \xc6\x99\x1dS1u\
\x11I\xcb\x00\xb7\x93\xb6X\xad#\x91\xf6\xadX\xd5\xcc\
\xb60\xb3\xbb\xbd\x13\x0a\xad1\xb3\x11fv\x1a\xb08\
\xb0-i\x03\xb2\xbaZ\x03\xb8S\xd2\x92\xde\x89\x84\x89\
:\x834\x9d\xb3\x84\xaf\x14\x8a\x93\x9f\xa4\xbb2WK\
\xa3%\x0d\xf2>\xce\xd0;\x926\x92\xf4~\xe6k\xa3\
?.S\x1a\x01\x1c:\x80\xa4\x01\x92v\x90\xf4\x8c\xef\
e5IoIZ\xcb\xfb\x5c\x85\x09\x93tm\xa1\xeb\
\xe0.\xefcm\x0bI3K\x1a\x95\xf9d\xdd\xe4}\
\x9c\xa1w$m\xa34\x12\xba\x8e\xee\x94\xb4\xae\xf79\
\x0ayH\x9aBi}\x86\xd7|/\xb3\x89\x1a\xa6\xb4\
cj\xa8\x19\xa5\x19'%\x8c\x92\x94}zk\x89G\
\x00\xeb\x01\x032\xc7\xb8$s\xfb\xa1\x8d$\xed\x00\x9c\
\x0bL\xe1\x9d\xcbx\x9e$m\x01\xbaZ\x0c&\xed\x5c\
f6\xd2\xccN&=\x1a8\x92\xb4Rc\x9dL\x05\
\x5c(i#\xefD\xc2g\x5c\x02|\x5c \xce\x00`\
\xdd\xdcAJ\x14\x00\xebgn_D\x01\xd0\x18\xd5\xcd\
\xff\x0c\xf2\x17\x85\xbd\xf11i\xe7\xb6\xe5\xcc\xec\x92\x18\
K\xd2\x1d\xcc\xec\x033\xfb1\xa9\x108\xcb;\x9f\xf1\
L\x03\x5c&\xa9\xc4\xb6\xe9\xa1Ef6\x04\xb8\xaaP\
\xb8\xf5\x0a\xc5\xc9G\xd2\xa3\x99\xbbJ\xee\xf4>\xc6\xd0\
\x1aI{*\x8d\xd7\xa8\x93\xcb\x15\xe3G\x02\xff]\xac\
\xec?\xce\xd7\xe3\xf8\x86K\xea\x9c\x01a\x1d@\xd2v\
\x85\xde\xfb\x87\xbd\x8f\xb5_$\xcd\xa24}*\xa7\xa2\
\xdb'\x86\xbe\x91\xb4\x7f\x81k\xa17\x9e\x97\xb4\xa9\xf7\
y\x09\xf5\x22ijI\xbfT\xbd\xc6\xa7\x0cU\x5c\xab\
\xb5!izI\x1f\x17x\xdf\xc7H\x9a%\xe7\xb1\xe4\
~\x04\xb0*\xf9\x17\x1b\xba:s\xfb\xa1\x9f$}\x1f\
8\x96\xc2\xbbON\x84\x80\x93\x81e\xcdl\xb0w2\
\xa1^\xcclX\xf5X`e\xe0\x1e\xef|*S\x03\
\x7f\x93\xb4\x85w\x22\x01\xcc\xec#\xe0_%B\x91y\
zt\xee\x02`\x8d\xcc\xed\xbf\x05\xdc\x979F\xe8\x07\
I\xdf\x05\x8e\xf2\xce\xa3\xf2\x14\xb0\xae\x99\xedmf\x1f\
x'\x13\xea\xcb\xcc\x1e\x04V\x07~\x04\x0cwN\x07\
\xd2V\xd8\xe7KZ\xc7;\x91\x00\xc05\x85\xe2\xac\x9e\
\xb3\xf1\xdc\x05@\xeeU\xd3\xae1\xb31\x99c\x84>\
\x92\xf4U\xe0\x18\xef<*g\x01\x9f7\xb3\x982\x1a\
Zbf\xa3\xcc\xecW\xc0J\xc0\x83\xde\xf9\x90z\x02\
.\x93\xf4y\xefDB\xb1\x9e\xe7F\xf7\x00,\x9a\xb9\
\xfd\xeb2\xb7\x1f\xfaH\xd2\x97\x80\xf3\xf0\x1f\xed\xff>\
\xf0M3\xdb\xb9\xea\xba\x0b\xa1W\xcc\xec\x11\xd2\xe3\xcc\
\xe3H\x8f\x90<\x0d\x04\xae\x96\xb4\x98s\x1e]\xcd\xcc\
\x9e$\xed\x0d\x90[\xd6\xed\xd0\xb3\x15\x00\x92\x06\x90\x7f\
\xe3\x84\xd8O\xbb\x86\xaao(\x7f#\xcdg\xf6t3\
\xb0\x8c\x99\x9d\xeb\x9cGh\xb8jl\xc0\x01\xa4%Z\
\xdfvNg\x0e\xe0r\x15X(&LR\x89/\xa0\
\x0b*\xe3n\x919{\x00f'\xefB/o\x01\x8f\
gl?\xf4\x81\xa4\x85I\xf3d\x07:\xa7r2\xb0\
\xbe\x99\xbd\xe4\x9cG\xe8 fv%\xf0y\xc0{\xfa\
\xf1\x12\xa4\x81\x81S:\xe7\xd1\xcdn)\x10c* \
\xdbv\xe39\x0b\x80\xdc{\xa4\xdf\x1a\x0b\xb6\xd4\x8b\xa4\
\xd9\x81\xc1\xc0\x5c\x8ei|\x08l[\x0d\xf4\x1b\xe9\x98\
G\xe8Pf\xf6\x22\xb0\x0e\xe9\x91\x80\xa7/\x02':\
\xe7\xd0\xcdJ\x14\x00\x00\xd3\xe5j8g\x01\x90\xfb\x1b\
`]\xa6\xe8\x04@\xd24\xa4o\xfe\x8b;\xa6\xf18\
\xb0\xb2\x99]\xe8\x98C\xe8\x02f6\xbcz$\xb0;\
0\xc21\x95\xdd$\x1d\xe8\x18\xbfk\x99\xd9\xb3\xc0\xcb\
\x05B5\xb2\x00\xc8=\xe7\xfb\x91\xcc\xed\x87\xde9\x81\
4w\xda\xcb-\xc0Zf\xf6\x84c\x0e\xa1\xcbT\xdb\
\x0d\x7f\x09x\xc31\x8d\xa3bz\xa0\x9b\x12\xe3\xd0\xb2\
mA\x9c\xb3\x00\xc8\xbdo\xf2\x90\xcc\xed\x87\x16\xa1[\
\x12'\x00\x00\x15\xf8IDATI\xda\x0f\xd8\xd51\
\x85S\x81\xf5\xcc\xec-\xc7\x1cB\x972\xb3\xdbH\xf3\
\xb5\x1fuJar\xd2\x1a\x01\xf39\xc5\xeff\xf7\x17\
\x8814W\xc39\x0b\x80\xdc;l\xcd\x90\xb9\xfd\xd0\
\x02Ik\x02G{\x85\x07~`f{\xc4\xf3\xfe\xe0\
\xc9\xcc\x9e!-|v\xbdS\x0as\x02\x17H\xaa\xdb\
\x0e\x9b\x9d\xae\xc4\x22Q\x1f\xe6j8g\x01\xf0f\xc6\
\xb6\x01\x96\xcf\xdc~\xe8\x81\xa4\xb9\x80\xf3\xf1\xd9\xd6w\
4\xb0\xa7\x99\xfd\xce!v\x08\x9faf\xef\x01\x9b\x02\
^cPV\x07\x8ep\x8a\xdd\xad\xe6\xce\xdc\xfe\x879\
W-\xcdY\x00\xbcE\xde\xc7\x00_\xcb\xd8v\xe8A\
\xf5M\xe3\x02`^\x87\xf0\xc3I#\xfdOu\x88\x1d\
\xc2D\x99\xd9p`{\xe0\x14\xa7\x14~ \xe9\xcbN\
\xb1\xbbQ\xd6\xa5z\x81\xac\xd3\x98\xb3\x15\x00\xd5\x12\xbd\
\xcf\xe5j\x1fXZ\xd2f\x19\xdb\x0f\x93\xf6\x07`m\
\x87\xb8\xef\x03\x1b\x98\xd9%\x0e\xb1C\xe8\x91\x99\x8d\x06\
\xf6\x06~\xeb\x11\x1e8U\xd2\x9c\x0e\xb1\xbb\x8a\xa4\x85\
\xc8_\x00d\x1d\xd4\x9c{)\xe0\xc72\xb7\x7f\x9c\xa4\
\xdc\xeb\x0d\x84\xf1H\xda\x06\xf8\x8eC\xe8\x0f\x80M\xcc\
\xac\xd4\xfc\xdb\x10\xfa\xc4\xccdf\x87\x00\xbfr\x08?\
'i`l\xc8\xeb`\xf2\xcfv\xfbw\xce\xc6s\x17\
\x00\x0fen\x7f\x11\xe0\xdcX\x0d\xab\x1cIs\x00\xc7\
;\x84\x1e\x02|\xc5\xcc\xeep\x88\x1dB\x9f\x98\xd9\x8f\
\xf0y.\xffeI\xbb9\xc4\xed\x0a\x92V\x02\xf6(\
\x10\xaa\xb9\xbb\xddJ\xdaLe\x0c\x96\xe4\xbd\xf4lW\
\x90ty\xa1\xf7t\x5c\x1fH\xca\xdd\xd5\x16B6\x92\
~\xed\xf0{\xf3\x9e\xa4\xdc\xfb\xb1t\x1dI3Kz\
\xb2\xc0\xfb7JM\xde\xefA\xd2L\xd5A\x94\xf0\xa4\
\xa4\x0d\xbd\x8f\xb9\x93I\xda\xa3\xd0{9\xae\xa1\x92\xd6\
\xf5>\xf6\x10\xfaK\xd2\xf1\x0e\xbf?\xff\x90\x94\xbb\x9b\
\xbak(\xdd\xd3\xee,\xf4\xde\xdd\xe5}\xbc\xfd&\xe9\
\xc6B'k\xac\xfb$\xed\xa0\x98\x0f\xdbV\x92\x16R\
\xfa&^\xd2(I_\xf7>\xf6\x10\xdaA\xd2d\x92\
\xce+\xfc;$I;z\x1f{'\x90\xb4\x92\xa4'\
\x0a\xbeo\x87{\x1fs\xbfI:\xb0\xe0\x09\x1b\xd7\xf3\
\x92\xbe'iV\xefs\xd0tJ\x1f\x5c7\x14~\xff\
\xc6H*\xf1\x8c-\x84b$M\xa1\xf4\xc8\xb2\xa47\
%\xcd\xe6}\xecM%i]IWU\x9fI%-\
\xe5}\xec\xfd&i^I#\x0b\x9f\xb8q\x0d\x97t\
\x91\xa4\xcd%M\xee}>\x9aH\xa9\x90*\xed'\xde\
\xc7\x1dB\x0e\x92\xa6\x97to\xe1\xdf'\xafu\x09\x1a\
I\xd2\x00I[\xab\x5cw\xff\xf8\xb2\x8e\xfe/J\xd2\
%N'q|\xafH:J\xd2*\x8a\xe7b-\x91\
\xb4\xa8\xd2s\xf8\x92\xfe\x1a\xefO\xe8d\x92\xe6\xab>\
\x8fJ\x19#iU\xef\xe3\xae;\xa5/\xac?\x95\xf4\
B\xc1\xf7fB\x8aL\xb3.\xf2!+i\x03\xe0\xda\
\x12\xb1z\xe1E\xe0o\xc0\xa5\xc0M\xd5\xe2\x1da<\
\x92\xae\x04J.\xb8t\x0f\xf0E3\xcb\xb6\x01F\x08\
u iE\xe0f`\xdaB!\xef\x04V73\x15\
\x8a\xd7\x08\x92\x06\x00\x1b\x93\x16o\xfa20\xc07#\
>\x00\xe63\xb3l{\x00\x14'\xe9v\xd7zj\xd2\
\xdeT\xfa\xd6\xb9\x8b\xa4y\xbc\xcfU]H\xda\xb6\xf0\
\xfb\xf0\xbcb\x05\xb3\xd0E\xaa\xdf\xb1\x92\xcf\x96w\xf0\
>\xe6:\x90d\x92\xd6R\x9a\x99\xf1Z\xc1\xf3\xdf\x8a\
b\xfb\x9b\x14\xebf\x95\xb4\x090\xb8T\xbc~z\x84\
\xd4c\xf1O\xe0\xd6j\x93\x8f\xae\x22i\x06\xd2\xf6\xa6\
\xa5\xd6\xfa\x1f\x0e\xacef\xf7\x14\x8a\x17B-H\xfa\
\x0diU\xb9\x12^\x82\xffo\xef\xce\x83,\xab\xea\x03\
\x8e\x7f\x7f\xac#2\x02\x02\x22\xa3\x03\x08\x08\xc82*\
\xab\xcb(\xb2$H\x04\xb7\x02\x05c\xd4\x84\xb8Qe\
&\x89\x1a\x97T\x84$\x1a\x8dZI\xcaHYh\x91\
\xe0\x82\x85QbTH!\x81\xe0\x02(\xc8\xa2l\xc3\
\xb0\x04\xd1a`X\x87a`\x98\xf5\x97?\xcemf\
\xa6\x9da\x9a\xeew\xee}\xcb\xf7Su\xeb\xf54\xbc\
\xdf\xf9\xbd\xee~\xef\xfc\xee\xb9\xf7\x9c\xc3\xde\x11\xf1x\
K\xed\xf5\x8d\xcc\xdc\x048\x148\x01x\x0b0\xb3\xdb\
\x8c\xd6k\x09\xb0GD\xdc\xd7u\x22=\x97\x99\x17t\
ZWM\xce\xaa\xcc\xbc>3\xbf\x94\x99o\xcf\xb2\xfe\
\xf3\xd0\xcb\xccO\xb7\xfcs~_\xd7\xafY\xeaBf\
n\x96\xedN\x97\xfeh\xd7\xaf\xb9-\x99\xb9Mf\x9e\
\x98\x99gg\xe6\xc2\x16\x7f\xc6\x93\xf5\xa96\x7f>\xad\
\xdeh\x95\x99{R\x96\x07\x9e\xd6f\xbb\x15\xdcK\xb9\
V}\xcd\xd8\x11\x11\x0b\xbaM\xa9w2s&e\x1f\
\x87\xb6\xaeM~+\x22Nj\xa9-\xa9\xefd\xb9\xf4\
u\x1d\xf5\xb7\x97\x05X\x04\xec\x1e\x11\x0f\xb7\xd0V\xab\
2s\x1a\xe5,\xffp\xe0\x08`6\xddlW>\x19\
w\x03/j\xf3\xda\x7f\xebwZg\xe6_\x00\xff\xd4\
v\xbb-\xb8\x87\xb2q\xc3\x8d\x94\xce\xf3&\xe0\x96\x88\
x\xa4\xd3\xac&!3\xbfI\xd9\xd2\xb4\x0d\xb7\x00\x87\
D\xc4\x92\x96\xda\x93\xfaRf\x1e\x05\x5cD\xfd=Z\
\x00>\x15\x11\x03?\xd563\x9f\x0d\x1cL\xe9\xe8\x0f\
\xa7t\xfe\x83z\x82yrD\x9c\xdbf\x83]\x14\x00\
\x01\xfc7\xf0\xda\xb6\xdb\xee\xc8|\xca\xb5\xf4\x9b\x9bc\
.psD<\xd8iV\x1b\x90e\xaa\xd0\xcfh\xe7\
oc\x05\xf0\x0a\xaf\xfbKE\x96\x1b\xc0>\xd8BS\
K(\xa3\x00\xf7\xb7\xd0VO4\xa3$/\x01\x0e\x02\
\x0el\x8ea\xb9$\xfb\xfd\x88xC\xdb\x8dv2\xd7\
:\xcb\xaaT?\xa7\xec\xe67\xaa\xee\xa3\x14\x03w\x01\
\xf3\x80\xf3\x22b^\xb7)Af^\x02\x1c\xd9Rs\
\xa7E\xc4\xdf\xb5\xd4\x96\xd4\xf72sK\xe0*`V\
\x0b\xcd\xf5\xd5(@\x96\xe9x;\x013\x80=\x81\x17\
\x02{\x03{5_o\xdb]vU-\x04fuq\
\xe3_g\x8b\xadd\xe6>\xc0\x15\xc0\xe0\xeev\xd4{\
?\x06\xe6D\xc4\xaf\xbah<3_\xdd\xe4\xd0\x86k\
(s\x92W\xb4\xd4\x9e4\x102s?\xca=F\xb5\
\x87\xb2\x17\x03\xbb\xb69\xcb\xa9\x19\xb2?\x96r\xf27\
\x93r\xcf\xc3\x0c\xe0\xb9\x94\xce\xbf\x8d\xcb\x1f\xfdd\x15\
\xf0\xba\x88\xf8a\xd7\x89\xb4.3\x0f\xcb\xb2e\xa5\xd6\
X\x91\x99\x1f\xeb\xe8\xf7\xd1\xd6Z\x0dK3s\xef.\
^\xa34\x082\xf3\xaf[z/\xb6\xf2Y\x93\x99\xbb\
f\xd9\x08\xe9\x89\x96^\xd7\xa0hk\xfa\xe7zu\xbe\
\xdcj\x96k\xce\x172\xbc\xc3;\x93\xf5\xaf\x11\xf1g\
m5\x96\x99\x7f\x00\x5c\xd0Rs\x9f\x88\x88\xbfo\xa9\
-i\xe0d\xd9\xcd\xf4Z`\xff\xcaM\xdd\x07\xec\x12\
\x11\xcbj5\x90\x99\xa7\x00\xff\x02l]\xab\x8d\x01\xf5\
5\xe0]]\xae\xcc\xd8\xf9pKD\x5cI\xb9s\xf3\
\xd6\xaes\xe93\x1f\xc82c\xa2-\x1fo\xa9\x9dy\
\xc0g[jK\x1aH\xcd\xa5\xb1?\x05VWn\xea\
9@\xb5)\xb8\x99\xf9!\xe0+\xd8\xf9\x8f\xf7}\xe0\
\x94\xae\x97e\xee|\x04`Lf\xee\x08|\x138\xba\
\xeb\x5c\xfa\xc8J\xe0\xb0\x88\xb8\xb6f#\xd9\xde\xb5\xff\
\x04\x8e\x8a\x88K[hK\x1ax\x99y&\xf0\x9e\xca\
\xcd\x5c\x17\x11\x07\xf6:hf\xbe\x15huZ\xdb\x80\
\xf8!\xf0\xc6\x88x\xa2\xebD:\x1f\x01\x18\xd3LG\
9\x86\xb2$\xe6\xf2\x8e\xd3\xe9\x17\x9b\xd1\xce\xd9r[\
\xf7\x1c\x9cm\xe7/=-\x1f\x05\x1e\xa8\xdc\xc6K3\
sv/\x03f\xe6\xae\xc0\x99\xbd\x8c9$\xbe\x0d\xbc\
\xbe\x1f:\x7f\xe8\xa3\x02\x00 \x22VG\xc4\xe7\x80\x97\
\x02\xff\xdbu>}\xe2\xa8\xcc<\xa8V\xf0\xcc<\x80\
Rx\xd5\xb6\x04\xe8\x9b)G\xd2 hV\xeb;\xbd\
\x85\xa6N\xedq\xbc\xd3\x81mz\x1cs\xd0}\x81\xb2\
\xd8O\xdf\x9c\xe0\xf6U\x010&\x22n\x8e\x88\xa3(\
\x1b6t2%\xae\xcf\x9cX1\xf6\x1c\xda\xb9\x14\xf4\
\xd9aZ.Yj\xd1\x99\x94\x95EkzSf\xf6\
dJvf\xee\x06\xb8\xeb\xe0\x1aOPn\xf6\x9b\xd3\
o\xdb\xce\xf7e\x010&\x22\xbeM\x19\x0d8\x16\x18\
\xe5\xa1\xe3Ck\x04\xcd2'\xb7\x8d%\x7f\xeff8\
\x97\x7f\x96\xaa\x8b\x88\x95\xc0G*73\x0dx[\x8f\
b\x9d\xc0\xe0\xac\xbf_\xdb\x8d\x94\xf5N\xbe\xdau\x22\
\xeb\xd3\xd7\x05\x00@DdD\x5c\x18\x11G\x02\x87\x01\
\xe7Q\x16O\x18%\xcf\xaf\x14\xf7\xdd\xb4\xb3\xe1\xcf'\
\x22\xe2\xb1\x16\xda\x91\x86RD\x5c@\xfd\x93\xa0Sz\
\x14\xe7\xd8\x1e\xc5\x19d\xcb\x80\xcfS\xf69\xf9e\xd7\
\xc9lH\xdf\xcc\x02x:2s\x06\xf0G\xc0\xfb\x81\
];N\xa7\x0d\xd7G\xc4\x8b{\x190\xcb\xde\xd8w\
\x00\xbb\xf52\xeez\xdc\x01\xec\xd3\x9c\xc5H\x9a\xa4\xcc\
|\x15\xf0\x93\xca\xcd\xcc\x8a\x88\x1b\xa6\x12 3\x17R\
\xa6\x17\x8e\xa2G\x81\x7f\x07>\x17\x11\xf3\xbbNfc\
\xfa~\x04`}\x22bAD\xfc#\xb0;\xf0{\x94\
;+\x87\xb9\x83YX!\xe6Q\xd4\xef\xfc\x01>i\
\xe7/M]D\xfc\x94\xfa7G\xbfu*O\xce\xcc\
\xcd\x80\x1dz\x94\xcb Y\x08\xfc-ei\xe59\x83\
\xd0\xf9\xc3\x80\x16\x00c\x9aY\x03\x17G\xc4[(\x9b\
G|\x0c\xb8\xbe\xe3\xb4j\xb8\xbdB\xcc^\x0d\xf7=\
\x95;\x80o\xb4\xd0\x8e4*>Q9\xfeIYv\
l\x9d\xac`@G\x96'\xe92\xcah\xf4.\x11q\
z3kc`\x0c\xe5/*3\xf7\xa5\xcc 8\x99\
\xb2\x93\xd4\xa0{SD\xfcW\xaf\x8257\xff-\x00\
\xb6\xecU\xcc\x0d8%\x22\xfe\xadr\x1b\xd2H\xc9\xcc\
K\x81\xd7Tl\xe2\x90\xa9l\xd1\x9d\x99\x0f1\xdc\x9b\
\xbc=\x02|\x0b8#\x22\x06\xfa\x84s\xa0G\x006\
\xa4\x99FxzD\xec\x0d\x1c\x02|\x12\xb8\xae\xe3\xb4\
&k\x09\xbd\x1f\xf6;\x89\xfa\x9d\xffB\xe0\x9c\xcam\
H\xa3\xa8\xf6\x8c\x9a7O\xf1\xf9w\xf7$\x8b\xfe\xb2\
\x0a\xb8\x04x\x17\xb0sD\xbcw\xd0;\x7f\x18\xd2\x02\
`m\x11quD\xfcM\xb3\xd4\xe5N\xc0;)\xf7\
\x0c,\xe96\xb3\x09\xfbBD,\xeeq\xcc^M\xf7\
y*_\xaa\xb9\xc1\x884\xc2\xce\x07n\xa9\x18\xff\xf8\
)>\xbf\xad-\xc5\xdbp3e5\xc6\x99\x11qt\
D|5\x22\x96v\x9dT\xaf\x0c\xe5%\x80\x89\xc8\xcc\
\xad\x80\xd9\xc0\x11\x94\xe1\xb4\x83)K\xef\xf6\x93{\x80\
\x03\x22\xe2\xc1^\x05\xcc\xcc\x99\xc0]\xd4\xfd\xdd/\x03\
v\x8b\x88{+\xb6!\x8d\xac\xcc<\x158\xa3b\x13\
\xbbG\xc4\x9d\x93ybf\x1e\x07\xfc\xa0\xc7\xf9\xb4e\
5p5\xf0]\xe0[\x93\xfd\x19\x0c\x8a\x91-\x00\xc6\
\xcb\xcc\xe9\xc0\xab)\xc5\xc0\xab(\x0b\x10m\xd1aJ\
\xcb\x81#\x22\xe2\x8a^\x06\xcd\xcc\x0fS\x7f\x7f\x81\xb3\
#\xe2\x8f+\xb7!\x8d\xac\xcc|&0\x9fz\xdb\xa8\
\x7f \x22\xbe8\x99'63\x01nbp\xee\xbfz\
\x0c\xb8\x882\xb2rAD\xd4\x98u\xd5\x97,\x006\
 3\xb7\xa4\x14\x01\x876\xc7a\x94\x99\x06mx\x04\
\xf8\xc3f\xf1\x8f\x9e\xca\xcc\xb1\xed\x97kze\xaf\x0b\
\x17I\xeb\xca\xcc3\xe8\xfd\x1a\xfec.\x88\x88\xe3&\
\xfb\xe4\xcc|\x1b\xfd{\x0f\xd0j\xe0\x06\xca\xc2J?\
\x04~\xd4/\x9b\xf3\xb4\xcd\x02\xe0i\xc8\xcc\xed)E\
\xc1\x01\xc0\xfe\xc0,`_z\xbb\x9a\xde\x8f\x80\xf7E\
\xc4\xbc\x1e\xc6\x04\x9e\x5c@i>u\x7f\xef\xf3\x80\x17\
u\xbd\xcf\xb54\xec2\xf3`\xe0\x17\x95\xc2?\x0al\
\x1f\x11+&\x1b 3\xbfF\x99\x22\xd7\xb5\xa4\x8cH\
\x5cJ\xf9|\xfdq//\xab\x0e\xb2~\xbb\xe6\xdd\xd7\
\x9a?\x9a\x8b\x9b\x03\x80\xcc\xdc\x94\xb2 \xd1,\xca\x90\
\xd7\x9e\xcd\xf1B`\xe7\x09\x86\xbe\xaf\x89yVD\xd4\
\x5c\xe8\xe3x\xea\x17}g\xd9\xf9K\xf5E\xc4\xd5\x99\
\xf9+\xa0\xa7\xab\x846\xa6\x03\x07\x01?\x9fB\x8c\xf7\
\x023(\x8b\x8e\xb5\xe9a\xe0*\xe0\xca\xb1\xc7\x88\xa8\
\xbd\xa5\xf2@\xb2\x00\x98\xa2fw\xa7\xdb\x9ac\x1d\x99\
\xb95\xa5\x18\xd8\x8d\xdf\xdd\x1cc%p?p/p\
GK\x9d\xe6\xa4\x87\xf4&h%\xf0\xf5\xcamHZ\
\xe3l\xe0\x9f+\xc5>\x92)\x14\x00\x11\xb143_\
K\xb9\xe7h\x0euf\x9d\xddOY\xfc\xed\x06\xe0Z\
J\x87\x7f\xab'!\x13\xe3%\x80\x11\x91\x99\xd3\x80\x87\
\x80gTl\xe6\xa2\x888\xa6b|Ik\xc9\xcc\x9d\
)\x97\xf5jt\xae={?g\xe6\xfe\xc0i\xc0\xeb\
\x99\xdc\xcd\xd5\x0fPVD\x9dK\xd9a\xef\x06\xca\x1e\
)#s\xc3^\x0d\x8e\x00\x8c\x8e\xd9\xd4\xed\xfc\x01\xbe\
S9\xbe\xa4\xb5D\xc4=\x99y9e\xe6R\xaf\x1d\
\x9a\x99\x9bD\xc4\xea\xa9\x06\x8a\x88\x1b\x81\x13\x9b\xd9\x0b\
\xaf\xa1\x5c^\xd8\xb19\xc6\x17/K)\x9d\xfd\xed\x94\
\x91\xd5\xdb#b\xd1Ts\x90FVf~:\xebZ\
\x99\x99\xa3\xba\x03\x98\xd4\x99\xcc\x9cS\xf1}\xbdO\xd7\
\xafO\xf5\x0c\xfdJ\x80z\xd2\xd1\x95\xe3\xff$\x22\xee\
\xab\xdc\x86\xa4\xdf\xf5\x1d\xca\x9d\xee5\x1cV)\xae\xfa\
\x80\x05\xc0\x08\xc8\xccm)\xd3\x17k\xfa^\xe5\xf8\x92\
\xd6#\x22\xee\xa6\xac^W\xc3!\x95\xe2\xaa\x0fX\x00\
\x8c\x86\x97\x01\x9bVn\xe3\xa2\xca\xf1%mX\xad\xf7\
\xdf\x01\x95\xe2\xaa\x0fX\x00\x8c\x86\x97W\x8e??\x22\
\xe6VnC\xd2\x86\xfdO\xa5\xb8\x16\x00C\xcc\x02`\
4\xd4.\x00<\xfb\x97\xbau\x05\xd0\xeb]C\x01\xb6\
\xcb\xcc\xe7U\x88\xab>`\x010\xe423\xa8\x7f\x1d\
\xaf\xd6\xd9\x87\xa4\x09h\x96\xec\xfdI\xa5\xf0\x8e\x02\x0c\
)\x0b\x80\xe1\xb7\x13\xf5v\x0c\x1bsY\xe5\xf8\x926\
\xee\xf2Jq\x0f\xaa\x14W\x1d\xb3\x00\x18~\xbbW\x8e\
\xbf \x22\xe6WnC\xd2\xc6Me\xdd\xfe\xa7b\x01\
0\xa4,\x00\x86\xdf\xf3+\xc7\xbf\xb2r|I\x13\xf3\
\x0b\xca~\x1c\xbd\xe6%\x80!e\x010\xfc\xb6\xa9\x1c\
\xbf\xd6Y\x87\xa4\xa7!\x22\x1e\xa3\xac\x93\xdfk3\x9b\
{\x894d,\x00\x86\xdf\xb3*\xc7\xaf\xb5\x00\x89\xa4\
\xa7\xef\xaa\x0a1\xb7\x04\x5c\xe6{\x08Y\x00\x0c\xbf\xf1\
\xdb\x10\xf7Z\x8d3\x0eI\x93s]\xa5\xb8\xb5O$\
\xd4\x01\x0b\x80\xe1\xb7\xaar\xfc\x07+\xc7\x974q\xcb\
*\xc5\x9d\xcc\x16\xbe\xeas\x16\x00\xc3oy\xe5\xf8\xb5\
\xb7\x18\x964q;U\x8a[{)qu\xc0\x02`\
\xf8\xdd_9\xfe~\x95\xe3K\x9a\xb8Z\xab~\xd6X\
eP\x1d\xb3\x00\x18~\xb5\xb7\xe8=\xb6r|I\x13\
\x90\x99\xcf\x06\x8e\xa9\x14~Q\xa5\xb8\xea\x90\x05\xc0\xf0\
\xbb\xabr\xfcwg\xe6V\x95\xdb\x90\xb4q\x7fN\xb9\
c\xbf\xd7\x96\x00\x8fT\x88\xab\x8eY\x00\x0c\xbf;\xa9\
wc\x10\xc0\x0c\xe0\xb4\x8a\xf1%mDf\xee\x09|\
\xb0R\xf8[#\x22+\xc5V\x87,\x00\x86\x5cD\xac\
\x04\xe6Un\xe6\xc3\x99yB\xe56$\xadG3\x02\
w.Pk$\xee\xe6Jq\xd51\x0b\x80\xd1Pk\
\x93\x901\x01\x9c\x93\x99o\xa9\xdc\x8e\xa4\xb5d\xe63\
\x80\xefRw\xbd\xfe+*\xc6V\x87,\x00F\xc3O\
[hc\x0b\xe0\xdc\xcc\xfc\xbc\xf7\x04H\xf5e\xe6^\
\x94\x9d8\x7f\xbfrSm|~H\xaa!3\xb7\xcf\
\xcc\x15\xd9\x9e\xfb3\xf33\x99\xb9s\xd7\xaf]\x1a6\
\x99\xf9\x92\xcc\xfcZK\xef\xe9\xdf\xa4\xfb\x00H\x83-\
3/m\xe1\xc3b\xbc'\xb2|P\xed\xd5\xf5\xeb\x97\
\x06]f\xce\xce\xcc\x1fd\xe6\xea\x16\xdf\xc3\x9f\xef\xfa\
uK\x9a\xa2\xcc<\xb5\xc5\x0f\x8d\xf1Vd\xe6\xb9\x99\
yTfz\xd9I\x9a\xa0\xcc\xdc&3\xdf\x9d\x99\xbf\
\xec\xe8\xbd{p\xd7?\x03\xd5\xe3\xd0\xce\x88\xc8\xcc\xe9\
\xc0\xdd\xc0\xf4\x8eS\xb9\x1b8\x0f8+\x22\xae\xef8\
\x17\xa9\xef4E\xf2\x91\xc0;\x807\x03\xcf\xec(\x95\
+#\xe2e\x1d\xb5-\xa9\x972\xf3\xcc\x8e\xce\x226\
\xe4g\x99\xf9\xfe\xcct\xabQ\x8d\xbc,\xd7\xf6?\x97\
\x99\x0b:}W\xae\xf1\xf6\xae\x7f&\xaa\xcb\x11\x80\x11\
\x92\x99{\x00\xb7\x00\x9bu\x9d\xcb8\xab)\xdb\x98\x9e\
\x0f\xfc\x00\xb8\xd6\x85G4\xec2s\x1a0\x1b8\x1e\
x#\xb0K\xb7\x19\xad\xe3V`\xbff\x1d\x11\x0d)\
\x0b\x80\x11\x93\x99g\x03\xef\xec:\x8f\x8d\xb8\x0b\xb8\x80\
R\x0c\xfc4\x22\x1e\xeb8\x1f\xa9'2s&e\xbd\
\xfe\xe3\x80\xa3\xe9nx\x7fcN\x8c\x88\xeft\x9d\x84\
\xea\xb2\x00\x181\xcd\x07\xd0\xcd\xc0\xd6]\xe72A\xab\
\x80_R\x163\xba\x0c\xb8$\x22\x1e\xea6%ib\
2s\x06\xf0JJg?\x1b\xd8\xb7\xdb\x8c&\xe4\xc7\
\xc0\x11\x8e\xc2\x0d?\x0b\x80\x11\x94\x99\x1f\x05>\xddu\
\x1e\x93\xb4\x0a\xb8\x81\xf2!u\x15p\x0dp[D\xac\
\xee4+\x8d\xbc,\x0b`\xbd\x98\xb2*\xdf+\x80\xc3\
){e\x0c\x92'\x80Y\x11q[\xd7\x89\xa8>\x0b\
\x80\x11\x94\x99[P\x96\xf7\xac\xb9|h\x9b\x1e\xa5\x8c\
\x12\x5c\x03\x5c\xdb\x1c\xb7D\xc4\xaaN\xb3\xd2\xd0\xca2\
\xab\xe6%\xc0\x81\x94\xf7\xd1\x81\xc0>\xc0\xa6]\xe6\xd5\
\x03s\x22\xe2\x0b]'\xa1vX\x00\x8c\xa8,\xbb\x87\
]K\xf7\xd3\x02kY\x01\xfc\x96r\xb9\xe3\xa6\xb5\x1e\
\xe7F\xc4\xe3]&\xa6\xc1\x91\x99\xdb\x02{\x00\xfbQ\
\x86\xefwo\xbe\xde\x87\xe1[J\xfd\xfb\xc0\x1b\x1d\xfa\
\x1f\x1d\x16\x00#,3O\x06\xcea\xb4\xfe\x0eVR\
\xb6H\xbe\xady\x5c\xe7\x88\x88E\x1d\xe6\xa6\x96e\x99\
s?\x03x\xc1z\x8e\xbd\x81\x9d\xba\xcb\xaeU7\x00\
\xb3#bq\xd7\x89\xa8=\xa3\xf4\xc1\xaf\xf5\xc8\xcc\xd3\
\x80\xd3\xbb\xce\xa3\x8f<\x0c\xfc\x1a\x98OY\xb4\xe8\x9e\
\xe6\xeb'\x1f#\xe2\x81\xce\xb2\xd3\x84e\xe6f\x94\x0e\
|&\xf0\xdc\xe6qg\xe0y\x94N\x7f\x17`W`\
\xcb\xaer\xec\x13\xf3\x81\x97G\xc4\xfc\xae\x13Q\xbb,\
\x00F\x5c\x96\x8d>\xbe\x08\x9c\xdau.\x03d\x19\xf0\
@s\xdc\x0f\xdc\xd7|\xfd\xe0Z\xdf_\xb4\xd6\xf1\x08\
\xb0(\x22\x96u\x92\xed\x10h\xae\xb9o\x0bl\xd3<\
\x8e\x1d;4\xc7\x8e\xcd\xb1\xc3\xb8\xc3\xcf\xb8\xa7\xb6\x00\
8:\x22\xe6v\x9d\x88\xda\xe7\x9bCcE\xc0\x19\xc0\
\xfb\xbb\xcee\xc8-\xa5\x14\x04K\x81\xc5\x94\xfb\x14\x1e\
\xa1\x14\x14\x8f\x03K\x80\xe5\xcd\xff\xb3\x1cx\xac9\xc6\
\xbe\x97\x94K\x18\x8f\xae\x15su\x13cm\x0fO \
\x97\xf5=o\xccfL\xec\xde\x90-Xw\x1e\xfb\xf8\
\xe7mB\xe9\xb0\xa1\x9ceoE\x99~\xba9\xb0]\
\xf3\xb8u\x13c\x0bJ\x87\xbey\x13\xe3\x19\xc04\xd6\
t\xfa\x83~s]?\xfa\x0dpTD\xdc\xdeu\x22\
\xea\x86\x05\x80\x80'\x8b\x80\xbf\x02\xfe\x81\xe1\xbb\xb9I\
\xd2\xba\xae\x03\xde\x10\x11\xbf\xed:\x11u\xc7\x02@\xeb\
\xc8\xcc\x93\x80\xaf08\x0b\x05Izz\xbe\x0e\xbc7\
\x22\x96v\x9d\x88\xba\xe5\x99\x9e\xd6\x11\x11\xe7\x02\xb3(\
\xeb\x04H\x1a\x1e\x8b)\x1d\xff;\xec\xfc\x05\x16\x00Z\
\x8f\x88\xb8\x13x\x0d\xf0q\xca\xb5iI\x83\xed<`\
\xff\x88\xf8r\xd7\x89\xa8\x7fx\x09@O)3w\x01\
>\x03\xbc\x15\x0bFi\xd0\x5c\x0f|8\x22.\xea:\
\x11\xf5\x1f\x0b\x00MHf\xee\x0e|\x04\xf8\x13\xfao\
;aI\xeb\xba\x09\xf8,\xf0\x0d\xf7\xc9\xd0\x86X\x00\
\xe8i\xc9\xcc]\x81\xbf\x04\xdeC\x99\xa6%\xa9\x7f\x8c\
u\xfc\xe7\xb8\x17\x866\xc6\x02@\x93\xd2l+\xfc!\
\xe0]\xc0\xb3\xba\xcdF\x1ayWS.\xd5\xfd\xa7k\
\xf9k\xa2,\x004%\x999\x0d8\x1e\x98C\xd9\xf7\
\x5cR;\x96Q6\xf0\xf9rD\x5c\xdcu2\x1a<\
\x16\x00\xea\x99\xcc<\x88ri\xe0m\xb8\x8e\x80T\xcb\
\x1d\x94\xb5:\xcer_\x0aM\x85\x05\x80z.3\xb7\
\x01N\xa6\xcc\x1cx5\xce\x1e\x90\xa6j1\xf0=\xe0\
\x1b\xc0\xc5\xde\xd8\xa7^\xb0\x00PU\x99\xb9=\xf0:\
\xe0D\xe0\xb58\x83@\x9a\xa8\xa5\xc0%\xc0\xb7\x81\xf3\
\x22\xe2\xb1\x8e\xf3\xd1\x90\xb1\x00Pk2s\x06pB\
s\xbc\x1c\x8b\x01i\xbc%\xc0E\xc0\x7f\x00\xe7\xdb\xe9\
\xab&\x0b\x00u\x223\x9f\x09\x1c\x09\x1c\x07\x1cC\xd9\
\x97]\x1aE\xff\x07\x5c\x0c\x9c\x0f\x5c\xe4\xb6\xd1j\x8b\
\x05\x80\xfaBf\xeeG\xb9Dp\x0ce6\xc1V\xdd\
f$U\xf3\x10p)p!paD\xcc\xef8\x1f\
\x8d(\x0b\x00\xf5\x9d\xcc\xdc\x14\xd8\x87R\x08\xcc\x06\x0e\
\x07v\xe94)i\xf2\xee\x01.\x03.o\x1e\xaf\xf3\
&>\xf5\x03\x0b\x00\x0d\x84\xcc|!\xf0\x0aJQp\
 p\x00\xb0E\xa7II\xbfk\x09\xf0+\xca\xc2<\
\x97\x03\x97G\xc4\x82nS\x92\xd6\xcf\x02@\x03)3\
7\x03\xf6\x06\x0ej\x8e})\x85\xc1\xb3\xbb\xccK#\
\xe5\x11\xe0F\xe0\x9a\xb5\x8e\xb9\x9e\xddkPX\x00h\
hd\xe6&\xc0\x1e\xc0\x8b(\x97\x10\xf6\xa6\x14\x06\xfb\
\x00\xdbv\x98\x9a\x06\xdb\xbd\xc0\x5c`\x1epK\xf3\xf5\
-\x11\xf1\x9bN\xb3\x92\xa6\xc8\x02@#!3\x9fK\
)\x0c\xf6\x02^0\xee\xd8\xa1\xc3\xd4\xd4\xbd\x04\x16\x00\
w\x8e;\xe6\x02\xf3\x22bQ\x87\xb9I\xd5X\x00h\
\xe4e\xe6\xd6\xac)\x06v\x03f4\xc7\xf3\x80\x9d\x9b\
G7<\x1a\x5c\x0b)g\xf1\xf3\x9b\xc7\xbb)\x1d\xfe\
\xaf)\x1d\xfd]N\xbd\xd3(\xb2\x00\x90& 3\xb7\
\x02f\x02;\x01;\x02\xcf\xa1\x8c\x1c\x8c\x1dc\xdf\xdb\
\x9e\xb2\x0f\x82\x97\x1c\xeaX\x01<J\x99J\xf7\xc0\xb8\
\xe3\xbeq\xff\xfe-\xb00\x22Vt\x93\xaa\xd4\xdf,\
\x00\xa4J2\xf3Y\xc0tJA0\x9dR\x14L\x1f\
\xf7\xbd\xed\xc6\xfd{:e\xef\x84m\x9a0[\xb2f\
M\x84\xad\x81\xcd\x9b\xaf\xb7\xab\xff\x0a&\xe5q\xca.\
uPn\x92[\x0d\xac\xa2\xaceO\xf3\xdf\x1e\xa7t\
\xe4K\x80\x87)\x1d\xfa\x92\xe6\xf1Q`\xd1Z\xff^\
\xd2\xc4Y\x0c<\xea\x99\xba\xd4;\x16\x00\xd2\x00\xcb\xcc\
\xcdY\xb3\xf3\xe2\xda_o\xccV\x94\xe2bm\xab)\
\x9d\xedD,\x07\xc6\x96\xa9]\xee\x92\xb5\x92$I\x92\
$I\x92$I\x92$I\x92$I\x92$I\x92$\
I\x92$I\x92$I\x92$I\x92$I\x92$I\
\x92$I\x92$I\x92$I\x92$I\x92$I\x92\
$I\x92$I\x92$I\x92$I\x92$I\x92$\
I\x92$I\x92$I\x92$I\x92$I\x92$I\
\x92$I\x92$I\x92$I\x92$I\x92$I\x92\
$I\x92$I\x92$I\x92$I\x92$I\x92$\
I\x92$I\x92$I\x92$I\x92$I\x92$I\
\x92$I\x92$I\x92$I\x92$I\x92$I\x92\
$I\x92$I\x92$I\x92$I\x92$I\x92$\
I\x92$I\x92$I\x92$I\x92$I\x92$I\
\x92$I\x92$I\x92$I\x92$I\x92$I\x92\
$I\x92$I\x92$I\x92$\x0d\x98\xff\x07-\xf9\
-s\xed\xc9uD\x00\x00\x00\x00IEND\xaeB\
`\x82\
"

qt_resource_name = b"\
\x00\x05\
\x00o\xa6S\
\x00i\
\x00c\x00o\x00n\x00s\
\x00\x0d\
\x02\xcc\x0f\xa7\
\x00l\
\x00i\x00n\x00t\x00e\x00r\x00n\x00e\x00t\x00.\x00p\x00n\x00g\
\x00\x0e\
\x01\xca;\xc7\
\x00h\
\x00a\x00r\x00d\x00-\x00d\x00r\x00i\x00v\x00e\x00.\x00p\x00n\x00g\
\x00\x0a\
\x06\x96/\xc7\
\x00m\
\x00e\x00m\x00o\x00r\x00y\x00.\x00p\x00n\x00g\
\x00\x0c\
\x0b\xdf!G\
\x00s\
\x00e\x00t\x00t\x00i\x00n\x00g\x00s\x00.\x00p\x00n\x00g\
\x00\x15\
\x0f\x9av\xe7\
\x00e\
\x00c\x00r\x00a\x00n\x00-\x00d\x00o\x00r\x00d\x00i\x00n\x00a\x00t\x00e\x00u\x00r\
\x00.\x00p\x00n\x00g\
\x00\x0f\
\x02?\xc7\xc7\
\x00a\
\x00p\x00p\x00l\x00i\x00c\x00a\x00t\x00i\x00o\x00n\x00.\x00p\x00n\x00g\
\x00\x0d\
\x05\xf1o\xc7\
\x00p\
\x00r\x00o\x00c\x00e\x00s\x00s\x00u\x00s\x00.\x00p\x00n\x00g\
\x00\x0b\
\x0b\x8d\x9dG\
\x00m\
\x00o\x00n\x00i\x00t\x00o\x00r\x00.\x00p\x00n\x00g\
\x00\x0e\
\x00\xb5\xb6g\
\x00r\
\x00a\x00f\x00r\x00a\x00i\x00c\x00h\x00i\x00r\x00.\x00p\x00n\x00g\
\x00\x13\
\x09\x96\x90'\
\x00b\
\x00a\x00s\x00e\x00-\x00d\x00e\x00-\x00d\x00o\x00n\x00n\x00e\x00e\x00s\x00.\x00p\
\x00n\x00g\
\x00\x08\
\x0cXY'\
\x00m\
\x00e\x00n\x00u\x00.\x00p\x00n\x00g\
\x00\x12\
\x024\x10\x87\
\x00a\
\x00p\x00p\x00l\x00i\x00c\x00a\x00t\x00i\x00o\x00n\x00(\x001\x00)\x00.\x00p\x00n\
\x00g\
\x00\x0a\
\x0d\xc8\xe8\x07\
\x00w\
\x00i\x00d\x00g\x00e\x00t\x00.\x00p\x00n\x00g\
\x00\x18\
\x02KF\x07\
\x00c\
\x00h\x00a\x00r\x00t\x00e\x00-\x00d\x00e\x00-\x00c\x00r\x00o\x00i\x00s\x00s\x00a\
\x00n\x00c\x00e\x00.\x00p\x00n\x00g\
\x00\x08\
\x0f\x03Zg\
\x00c\
\x00h\x00i\x00p\x00.\x00p\x00n\x00g\
\x00\x09\
\x05\xcb\xb1G\
\x00l\
\x00i\x00n\x00u\x00x\x00.\x00p\x00n\x00g\
\x00\x0e\
\x0d\xa5\xdb\xa7\
\x00o\
\x00r\x00d\x00i\x00n\x00a\x00t\x00e\x00u\x00r\x00.\x00p\x00n\x00g\
\x00\x1a\
\x0eB\x04\xa7\
\x00l\
\x00i\x00s\x00t\x00e\x00-\x00d\x00e\x00s\x00-\x00u\x00t\x00i\x00l\x00i\x00s\x00a\
\x00t\x00e\x00u\x00r\x00s\x00.\x00p\x00n\x00g\
"

qt_resource_struct = b"\
\x00\x00\x00\x00\x00\x02\x00\x00\x00\x01\x00\x00\x00\x01\
\x00\x00\x00\x00\x00\x00\x00\x00\
\x00\x00\x00\x00\x00\x02\x00\x00\x00\x01\x00\x00\x00\x02\
\x00\x00\x00\x00\x00\x00\x00\x00\
\x00\x00\x00\x00\x00\x02\x00\x00\x00\x12\x00\x00\x00\x03\
\x00\x00\x00\x00\x00\x00\x00\x00\
\x00\x00\x01\x1a\x00\x00\x00\x00\x00\x01\x00\x01\xbfa\
\x00\x00\x01\x9e\x9c\x9c{_\
\x00\x00\x000\x00\x00\x00\x00\x00\x01\x00\x00\x7f4\
\x00\x00\x01\x9eN\xe8\x9d@\
\x00\x00\x01~\x00\x00\x00\x00\x00\x01\x00\x02~q\
\x00\x00\x01\x9eS\x08\x00\xf0\
\x00\x00\x00\xba\x00\x00\x00\x00\x00\x01\x00\x01+f\
\x00\x00\x01\x9eS\x03:H\
\x00\x00\x01\xc2\x00\x00\x00\x00\x00\x01\x00\x02\xb5\x06\
\x00\x00\x01\x9eO9\xbe\xc8\
\x00\x00\x00\x10\x00\x00\x00\x00\x00\x01\x00\x00\x00\x00\
\x00\x00\x01\x9eO6_\x80\
\x00\x00\x02\x0e\x00\x00\x00\x00\x00\x01\x00\x03\x1e\xb4\
\x00\x00\x01\x9eN\xca\x09 \
\x00\x00\x00\xde\x00\x00\x00\x00\x00\x01\x00\x01A\x98\
\x00\x00\x01\x9eO8 \xb8\
\x00\x00\x00R\x00\x00\x00\x00\x00\x01\x00\x00\xa0\xf0\
\x00\x00\x01\x9eN\xe6\x18\xb8\
\x00\x00\x01<\x00\x00\x00\x00\x00\x01\x00\x01\xfe\xcc\
\x00\x00\x01\x9eO7t\xd8\
\x00\x00\x00\xfe\x00\x00\x00\x00\x00\x01\x00\x01\x9d\xc8\
\x00\x00\x01\x9eN\xea\x14@\
\x00\x00\x00l\x00\x00\x00\x00\x00\x01\x00\x00\xbd!\
\x00\x00\x01\x9eN\xd5\xa1\xe0\
\x00\x00\x01h\x00\x00\x00\x00\x00\x01\x00\x02L\x91\
\x00\x00\x01\x9eN\xdf\xcbp\
\x00\x00\x02&\x00\x00\x00\x00\x00\x01\x00\x03\xe6\x07\
\x00\x00\x01\x9eO=hH\
\x00\x00\x01\xa8\x00\x00\x00\x00\x00\x01\x00\x02\x99'\
\x00\x00\x01\x9eNv\xffP\
\x00\x00\x02H\x00\x00\x00\x00\x00\x01\x00\x04.\x1d\
\x00\x00\x01\x9eO9\x03H\
\x00\x00\x01\xf8\x00\x00\x00\x00\x00\x01\x00\x02\xe9C\
\x00\x00\x01\x9eN\xe3\xb3p\
\x00\x00\x00\x8a\x00\x00\x00\x00\x00\x01\x00\x01\x1d\x14\
\x00\x00\x01\x9eO?)\x80\
"

def qInitResources():
    QtCore.qRegisterResourceData(0x03, qt_resource_struct, qt_resource_name, qt_resource_data)

def qCleanupResources():
    QtCore.qUnregisterResourceData(0x03, qt_resource_struct, qt_resource_name, qt_resource_data)

qInitResources()
